# Max2Obj Version 4.0 Mar 10th, 2001
#
# object Object06 to come ...
#
v  214.373672 102.204079 12.600204
v  213.430817 102.207909 12.919930
v  212.348846 102.212585 13.083948
v  211.258301 102.217545 13.072474
v  210.290695 102.222183 12.886889
v  215.417725 102.199203 11.662004
v  215.063721 102.200111 12.163329
v  214.373672 102.202629 12.600202
v  209.562729 102.224503 12.549580
v  210.290680 102.220734 12.886888
v  209.162231 102.226936 12.101233
v  208.732559 102.415726 12.166755
v  209.188416 102.412949 12.677059
v  209.699753 102.410301 12.918640
v  209.735443 102.411568 12.933129
v  211.118286 102.404831 13.272210
v  212.359543 102.399185 13.285271
v  213.591019 102.393867 13.098588
v  214.931305 102.388527 12.568304
v  214.965317 102.386955 12.548921
v  215.449585 102.385193 12.237432
v  215.852509 102.384155 11.666829
v  209.149857 102.227341 11.848577
v  208.718491 102.416183 11.879186
v  215.405350 102.199608 11.409348
v  214.893906 102.875557 12.584249
v  213.588470 102.880768 13.093938
v  212.361450 102.886070 13.279943
v  211.124695 102.891693 13.266931
v  209.778473 102.898239 12.943428
v  209.652634 102.898880 12.894005
v  214.893906 102.875557 12.584249
v  213.588470 102.880768 13.093938
v  209.778473 102.898239 12.943428
v  209.652634 102.898880 12.894005
v  214.782867 102.879211 10.316371
v  214.821472 102.392136 10.325319
v  215.368500 102.387856 10.581386
v  215.824341 102.385086 11.091690
v  214.857147 102.390511 10.339804
v  209.625626 102.415176 10.690145
v  209.547272 102.902344 10.742248
v  209.107330 102.415619 11.021013
v  209.591583 102.413857 10.709525
v  208.704407 102.416649 11.591617
v  209.137482 102.227753 11.595922
v  209.491486 102.226845 11.094598
v  210.181534 102.224319 10.657724
v  210.181549 102.225769 10.657727
v  211.124420 102.221939 10.338000
v  210.965897 102.409836 10.159862
v  212.206375 102.217270 10.173983
v  212.197372 102.404518 9.973178
v  213.296921 102.212311 10.185457
v  213.438629 102.398872 9.986238
v  214.264526 102.207664 10.371040
v  214.264526 102.206223 10.371038
v  214.992477 102.202454 10.708346
v  215.392990 102.200020 11.156693
v  215.838425 102.384621 11.379260
v  213.436630 102.885757 9.992869
v  212.199875 102.891380 9.979856
v  210.972870 102.896683 10.165863
v  209.667419 102.901886 10.675551
v  213.436630 102.885757 9.992869
v  214.782867 102.879211 10.316371
v  209.547272 102.902344 10.742248
v  209.667419 102.901886 10.675551
v  209.429718 104.210533 12.788696
v  209.196564 104.211739 12.679554
v  214.793274 104.186455 12.627168
v  213.581604 104.191315 13.081420
v  214.678940 104.190208 10.292286
v  209.115479 104.214401 11.023509
v  209.751740 106.006248 12.938116
v  209.664505 105.519814 12.897640
v  209.204712 106.010529 12.682050
v  209.716049 106.007874 12.923632
v  209.180222 106.198372 12.106742
v  209.580734 106.195930 12.555090
v  208.748871 106.013306 12.171745
v  210.308685 106.192162 12.892397
v  210.308670 106.190720 12.892395
v  211.276291 106.186073 13.077978
v  211.134583 105.999512 13.277197
v  212.366837 106.181114 13.089454
v  212.375839 105.993866 13.290257
v  213.448792 106.176445 12.925436
v  213.607300 105.988548 13.103575
v  214.391663 106.172615 12.605709
v  214.947586 105.983208 12.573291
v  214.391663 106.174065 12.605711
v  214.981613 105.984528 12.553911
v  215.081711 106.171539 12.168839
v  215.465881 105.982765 12.242423
v  215.435715 106.170631 11.667514
v  215.868805 105.981735 11.671821
v  215.423355 106.171043 11.414858
v  215.854721 105.982201 11.384251
v  209.167847 106.198776 11.854087
v  208.734787 106.013763 11.884176
v  213.600342 105.501701 13.097573
v  214.905777 105.496498 12.587885
v  212.373337 105.507004 13.283580
v  211.136581 105.512627 13.270566
v  209.790344 105.519173 12.947064
v  209.641907 106.009857 10.695132
v  209.607895 106.011429 10.714516
v  209.123627 106.013191 11.026004
v  209.336380 104.213600 10.882484
v  209.559143 105.523277 10.745883
v  209.155487 106.199181 11.601432
v  208.720703 106.014229 11.596607
v  209.509491 106.198273 11.100107
v  210.199539 106.195755 10.663235
v  210.199524 106.194305 10.663232
v  210.982193 106.004517 10.164848
v  211.142395 106.190475 10.343505
v  212.213669 105.999199 9.978166
v  212.224350 106.185799 10.179488
v  213.454910 105.993553 9.991225
v  213.314911 106.180840 10.190963
v  214.837769 105.986816 10.330306
v  214.282516 106.176201 10.376546
v  214.873459 105.988083 10.344795
v  214.282516 106.177650 10.376548
v  215.384796 105.985435 10.586376
v  215.010483 106.173882 10.713856
v  215.840637 105.982658 11.096681
v  215.410980 106.171448 11.162203
v  213.448502 105.506691 9.996506
v  214.794739 105.500145 10.320007
v  212.211746 105.512314 9.983492
v  210.984741 105.517616 10.169498
v  209.679306 105.522827 10.679188
v  215.236816 104.184784 12.380952
v  215.457733 104.183983 12.239928
v  215.860657 104.182945 11.669325
v  208.740723 104.214516 12.169250
v  208.726639 104.214973 11.881680
v  215.846573 104.183411 11.381755
v  213.600342 105.501701 13.097573
v  214.905777 105.496498 12.587885
v  209.664505 105.519814 12.897640
v  209.790344 105.519173 12.947064
v  209.805649 104.208565 12.977871
v  215.143494 104.187851 10.474739
v  215.832489 104.183868 11.094186
v  215.376648 104.186646 10.583881
v  208.712555 104.215439 11.594111
v  214.794739 105.500145 10.320007
v  213.448502 105.506691 9.996506
v  213.431244 104.196251 10.010716
v  209.779938 104.211929 10.636269
v  209.679306 105.522827 10.679188
v  209.559143 105.523277 10.745883
# 156 vertices

vt  0.138889 0.166667 1.000000
vt  0.194444 0.166667 1.000000
vt  0.250000 0.166667 1.000000
vt  0.305556 0.166667 1.000000
vt  0.361111 0.166667 1.000000
vt  1.027778 0.333333 1.000000
vt  0.083333 0.333333 1.000000
vt  0.027778 0.333333 1.000000
vt  0.138889 0.333333 1.000000
vt  0.416667 0.333333 1.000000
vt  0.361111 0.333333 1.000000
vt  0.472222 0.333333 1.000000
vt  0.472222 0.333333 1.000000
vt  0.416667 0.333333 1.000000
vt  0.361111 0.333333 1.000000
vt  0.361111 0.166667 1.000000
vt  0.305556 0.166667 1.000000
vt  0.250000 0.166667 1.000000
vt  0.194444 0.166667 1.000000
vt  0.138889 0.166667 1.000000
vt  0.138889 0.333333 1.000000
vt  0.083333 0.333333 1.000000
vt  1.027778 0.333333 1.000000
vt  0.027778 0.333333 1.000000
vt  1.000000 0.333333 1.000000
vt  0.500000 0.333333 1.000000
vt  0.500000 0.333333 1.000000
vt  1.000000 0.333333 1.000000
vt  0.138889 0.147356 1.000000
vt  0.138889 0.147356 1.000000
vt  0.194445 0.147356 1.000000
vt  0.250000 0.147356 1.000000
vt  0.305556 0.147356 1.000000
vt  0.361111 0.147356 1.000000
vt  0.361111 0.147356 1.000000
vt  0.369746 0.166667 1.000000
vt  0.369746 0.166667 1.000000
vt  0.138889 0.147356 1.000000
vt  0.194445 0.147356 1.000000
vt  0.361111 0.147356 1.000000
vt  0.369746 0.166667 1.000000
vt  0.138889 0.147356 1.000000
vt  0.138889 0.166667 1.000000
vt  0.083333 0.333333 1.000000
vt  0.027778 0.333333 1.000000
vt  0.138889 0.166667 1.000000
vt  0.138889 0.333333 1.000000
vt  0.361111 0.166667 1.000000
vt  0.369746 0.166667 1.000000
vt  0.416667 0.333333 1.000000
vt  0.361111 0.333333 1.000000
vt  0.472222 0.333333 1.000000
vt  0.500000 0.333333 1.000000
vt  0.472222 0.333333 1.000000
vt  0.416667 0.333333 1.000000
vt  0.361111 0.333333 1.000000
vt  0.361111 0.166667 1.000000
vt  0.305556 0.166667 1.000000
vt  0.305556 0.166667 1.000000
vt  0.250000 0.166667 1.000000
vt  0.250000 0.166667 1.000000
vt  0.194444 0.166667 1.000000
vt  0.194444 0.166667 1.000000
vt  0.138889 0.333333 1.000000
vt  0.083333 0.333333 1.000000
vt  0.027778 0.333333 1.000000
vt  1.027778 0.333333 1.000000
vt  1.000000 0.333333 1.000000
vt  1.000000 0.333333 1.000000
vt  1.027778 0.333333 1.000000
vt  0.500000 0.333333 1.000000
vt  0.194445 0.147356 1.000000
vt  0.138889 0.147356 1.000000
vt  0.250000 0.147356 1.000000
vt  0.305556 0.147356 1.000000
vt  0.361111 0.147356 1.000000
vt  0.369746 0.166667 1.000000
vt  0.361111 0.147356 1.000000
vt  0.194445 0.147356 1.000000
vt  0.138889 0.147356 1.000000
vt  0.369746 0.166667 1.000000
vt  0.361111 0.147356 1.000000
vt  0.138889 0.095380 1.000000
vt  0.107012 0.166667 1.000000
vt  0.107012 0.166667 1.000000
vt  0.392988 0.166667 1.000000
vt  1.027778 0.237671 1.000000
vt  0.027778 0.237671 1.000000
vt  0.083333 0.237671 1.000000
vt  0.416667 0.237671 1.000000
vt  0.472222 0.237671 1.000000
vt  0.500000 0.237671 1.000000
vt  0.500000 0.237671 1.000000
vt  0.138889 0.095380 1.000000
vt  0.194445 0.095380 1.000000
vt  0.361111 0.095380 1.000000
vt  0.392988 0.166667 1.000000
vt  0.138889 0.095380 1.000000
vt  0.107012 0.166667 1.000000
vt  0.107012 0.166667 1.000000
vt  0.083333 0.237671 1.000000
vt  1.027778 0.237671 1.000000
vt  0.027778 0.237671 1.000000
vt  0.392988 0.166667 1.000000
vt  0.416667 0.237671 1.000000
vt  0.472222 0.237671 1.000000
vt  1.000000 0.237671 1.000000
vt  1.000000 0.237671 1.000000
vt  0.194445 0.095380 1.000000
vt  0.138889 0.095380 1.000000
vt  0.392988 0.166667 1.000000
vt  0.361111 0.095380 1.000000
vt  0.361111 0.166667 1.000000
vt  0.369746 0.166667 1.000000
vt  0.392988 0.166667 1.000000
vt  0.416667 0.237671 1.000000
vt  0.416667 0.333333 1.000000
vt  0.361111 0.333333 1.000000
vt  0.472222 0.333333 1.000000
vt  0.416667 0.333333 1.000000
vt  0.472222 0.333333 1.000000
vt  0.361111 0.333333 1.000000
vt  0.361111 0.166667 1.000000
vt  0.305556 0.166667 1.000000
vt  0.305556 0.166667 1.000000
vt  0.250000 0.166667 1.000000
vt  0.250000 0.166667 1.000000
vt  0.194444 0.166667 1.000000
vt  0.194444 0.166667 1.000000
vt  0.138889 0.166667 1.000000
vt  0.138889 0.166667 1.000000
vt  0.138889 0.333333 1.000000
vt  0.138889 0.333333 1.000000
vt  0.083333 0.333333 1.000000
vt  0.083333 0.333333 1.000000
vt  0.027778 0.333333 1.000000
vt  0.027778 0.333333 1.000000
vt  1.027778 0.333333 1.000000
vt  1.000000 0.333333 1.000000
vt  1.000000 0.333333 1.000000
vt  1.027778 0.333333 1.000000
vt  0.500000 0.333333 1.000000
vt  0.500000 0.333333 1.000000
vt  0.194445 0.147356 1.000000
vt  0.138889 0.147356 1.000000
vt  0.250000 0.147356 1.000000
vt  0.305556 0.147356 1.000000
vt  0.361111 0.147356 1.000000
vt  0.369746 0.166667 1.000000
vt  0.361111 0.147356 1.000000
vt  0.361111 0.166667 1.000000
vt  0.361111 0.333333 1.000000
vt  0.416667 0.333333 1.000000
vt  0.416667 0.237671 1.000000
vt  0.392988 0.166667 1.000000
vt  0.369746 0.166667 1.000000
vt  0.472222 0.333333 1.000000
vt  0.472222 0.333333 1.000000
vt  0.416667 0.333333 1.000000
vt  0.361111 0.333333 1.000000
vt  0.361111 0.166667 1.000000
vt  0.305556 0.166667 1.000000
vt  0.305556 0.166667 1.000000
vt  0.250000 0.166667 1.000000
vt  0.250000 0.166667 1.000000
vt  0.194444 0.166667 1.000000
vt  0.194444 0.166667 1.000000
vt  0.138889 0.166667 1.000000
vt  0.138889 0.166667 1.000000
vt  0.138889 0.333333 1.000000
vt  0.138889 0.333333 1.000000
vt  0.083333 0.333333 1.000000
vt  0.083333 0.333333 1.000000
vt  0.027778 0.333333 1.000000
vt  0.027778 0.333333 1.000000
vt  1.027778 0.333333 1.000000
vt  1.027778 0.333333 1.000000
vt  1.000000 0.333333 1.000000
vt  1.000000 0.333333 1.000000
vt  0.500000 0.333333 1.000000
vt  0.500000 0.333333 1.000000
vt  0.194445 0.147356 1.000000
vt  0.138889 0.147356 1.000000
vt  0.250000 0.147356 1.000000
vt  0.305556 0.147356 1.000000
vt  0.361111 0.147356 1.000000
vt  0.369746 0.166667 1.000000
vt  0.361111 0.147356 1.000000
vt  0.138889 0.095380 1.000000
vt  0.138889 0.147356 1.000000
vt  0.107012 0.166667 1.000000
vt  0.083333 0.237671 1.000000
vt  0.027778 0.237671 1.000000
vt  0.107012 0.166667 1.000000
vt  0.472222 0.237671 1.000000
vt  0.500000 0.237671 1.000000
vt  1.027778 0.237671 1.000000
vt  1.000000 0.237671 1.000000
vt  0.194445 0.095380 1.000000
vt  0.194445 0.147356 1.000000
vt  0.138889 0.147356 1.000000
vt  0.138889 0.095380 1.000000
vt  0.392988 0.166667 1.000000
vt  0.369746 0.166667 1.000000
vt  0.361111 0.147356 1.000000
vt  0.361111 0.095380 1.000000
vt  0.107012 0.166667 1.000000
vt  0.138889 0.147356 1.000000
vt  0.138889 0.095380 1.000000
vt  0.027778 0.237671 1.000000
vt  0.083333 0.237671 1.000000
vt  0.107012 0.166667 1.000000
vt  0.472222 0.237671 1.000000
vt  0.500000 0.237671 1.000000
vt  1.000000 0.237671 1.000000
vt  1.027778 0.237671 1.000000
vt  0.138889 0.095380 1.000000
vt  0.138889 0.147356 1.000000
vt  0.194445 0.147356 1.000000
vt  0.194445 0.095380 1.000000
vt  0.361111 0.095380 1.000000
vt  0.361111 0.147356 1.000000
vt  0.369746 0.166667 1.000000
vt  0.392988 0.166667 1.000000
# 224 texture vertices

vn  0.416416 -0.280317 0.290409
vn  0.130477 -0.347112 0.295647
vn  -0.103810 -0.346074 0.312098
vn  -0.325764 -0.345039 0.290846
vn  0.049397 -0.000854 0.454896
vn  0.637525 -0.349084 0.060710
vn  0.524933 -0.348715 0.161886
vn  0.059244 -0.000898 0.454059
vn  -0.630311 -0.343463 0.149731
vn  -0.504403 -0.346560 0.232496
vn  -0.630311 -0.343463 0.149731
vn  -0.908677 -0.495148 0.215857
vn  -0.853807 0.004083 0.288326
vn  -0.507441 0.349118 0.232826
vn  -0.659864 0.012076 0.383243
vn  -0.319223 -0.338110 0.285006
vn  -0.101725 -0.339124 0.305831
vn  0.127857 -0.340142 0.289710
vn  0.208804 -0.140560 0.145620
vn  0.000213 -0.000003 0.001631
vn  0.514392 -0.341712 0.158636
vn  0.624723 -0.342075 0.059491
vn  -0.676169 -0.343113 0.046887
vn  -0.552001 -0.280105 0.038277
vn  0.673033 -0.349095 -0.047847
vn  0.685046 0.000247 0.292236
vn  0.398020 0.003598 0.396491
vn  0.022399 0.005220 0.456933
vn  -0.356546 0.006943 0.449473
vn  -0.625685 0.005646 0.394544
vn  -0.736591 0.004272 0.353329
vn  0.582644 -0.002955 0.337226
vn  0.576959 -0.001185 0.339433
vn  -0.700186 -0.003695 0.368464
vn  -0.709790 -0.003086 0.364642
vn  0.651833 0.001339 -0.386092
vn  0.134890 -0.123724 -0.102001
vn  0.235347 -0.164593 -0.107992
vn  0.289575 -0.161020 -0.069576
vn  0.462646 -0.324811 -0.265367
vn  -0.692742 0.013156 -0.288237
vn  -0.766025 0.005239 -0.247819
vn  -0.876095 0.004816 -0.166859
vn  -0.526628 0.349748 -0.159035
vn  -0.923599 -0.494658 -0.088906
vn  -0.640661 -0.343123 -0.061670
vn  -0.640661 -0.343123 -0.061670
vn  -0.523695 -0.345926 -0.161497
vn  0.004665 0.000616 -0.458692
vn  -0.351974 -0.344177 -0.244440
vn  -0.182793 -0.120183 -0.103839
vn  -0.133614 -0.345094 -0.296607
vn  -0.061691 -0.159335 -0.136948
vn  0.100673 -0.346133 -0.313058
vn  0.046482 -0.159814 -0.144543
vn  0.385175 -0.279290 -0.347640
vn  0.014526 0.000571 -0.459239
vn  0.505479 -0.348075 -0.235417
vn  0.627174 -0.348744 -0.150691
vn  0.507758 -0.263369 -0.036097
vn  0.356600 0.004959 -0.449456
vn  -0.022346 0.006691 -0.456917
vn  -0.397967 0.008305 -0.396474
vn  -0.659901 0.006771 -0.304265
vn  0.539881 0.000033 -0.417845
vn  0.545741 -0.001742 -0.416455
vn  -0.731332 0.008200 -0.267967
vn  -0.731332 0.008200 -0.267967
vn  -0.762148 0.002980 0.341500
vn  -0.853808 0.003469 0.288328
vn  0.652203 -0.003382 0.307841
vn  0.564158 -0.003034 0.344299
vn  0.617692 -0.002248 -0.397006
vn  -0.876096 0.004201 -0.166862
vn  -0.659951 -0.007159 0.383217
vn  -0.736603 0.001423 0.353326
vn  -0.853813 0.002854 0.288325
vn  -0.510587 -0.345150 0.231863
vn  -0.627174 0.348744 0.150691
vn  -0.627174 0.348744 0.150691
vn  -0.904155 0.502761 0.217241
vn  -0.501245 0.350471 0.233463
vn  0.049397 -0.000856 0.454896
vn  -0.322628 0.347168 0.291807
vn  -0.170329 0.121749 0.128634
vn  -0.100673 0.346133 0.313058
vn  -0.046482 0.159815 0.144543
vn  0.133614 0.345094 0.296607
vn  0.061691 0.159335 0.136948
vn  0.418935 0.275725 0.291180
vn  0.145016 0.122483 0.082347
vn  0.059244 -0.000898 0.454059
vn  0.488247 0.320595 0.198601
vn  0.528069 0.343493 0.162847
vn  0.245729 0.162460 0.074213
vn  0.640661 0.343123 0.061670
vn  0.295802 0.158425 0.028474
vn  0.676169 0.343113 -0.046887
vn  0.552000 0.280105 -0.038277
vn  -0.673033 0.349095 0.047847
vn  -0.507757 0.263368 0.036097
vn  0.397966 -0.008305 0.396475
vn  0.685012 -0.007266 0.292225
vn  0.022345 -0.006691 0.456917
vn  -0.356600 -0.004959 0.449456
vn  -0.625715 -0.001071 0.394535
vn  -0.692829 -0.006079 -0.288264
vn  -0.529774 -0.344519 -0.159998
vn  -0.876100 0.003586 -0.166861
vn  -0.758863 0.003788 -0.252155
vn  -0.766038 0.002391 -0.247823
vn  -0.637525 0.349084 -0.060710
vn  -0.919077 0.503252 -0.087521
vn  -0.637525 0.349084 -0.060710
vn  -0.520536 0.351105 -0.160530
vn  0.004665 0.000614 -0.458692
vn  -0.341833 0.341041 -0.238590
vn  -0.348837 0.348030 -0.243479
vn  -0.127857 0.340142 -0.289710
vn  -0.130477 0.347112 -0.295647
vn  0.101725 0.339124 -0.305831
vn  0.103809 0.346074 -0.312098
vn  0.194402 0.138772 -0.173931
vn  0.387694 0.276752 -0.346869
vn  0.000052 0.000002 -0.001649
vn  0.014526 0.000571 -0.459239
vn  0.498403 0.337222 -0.229749
vn  0.508616 0.344132 -0.234457
vn  0.617654 0.336566 -0.146724
vn  0.630310 0.343463 -0.149731
vn  0.356546 -0.006943 -0.449473
vn  0.651799 -0.006174 -0.386102
vn  -0.022400 -0.005220 -0.456933
vn  -0.398021 -0.003598 -0.396491
vn  -0.659932 0.000054 -0.304274
vn  0.758863 -0.003788 0.252156
vn  0.876096 -0.004201 0.166863
vn  0.986206 -0.004483 0.010377
vn  -0.978436 0.004228 0.148324
vn  -0.997475 0.004422 0.070038
vn  0.997475 -0.004422 -0.070037
vn  0.576942 -0.004985 0.339428
vn  0.582642 -0.003260 0.337226
vn  -0.709737 0.008507 0.364658
vn  -0.700129 0.009017 0.368481
vn  -0.770255 0.003022 0.337520
vn  0.729055 -0.002809 -0.356630
vn  0.978436 -0.004228 -0.148324
vn  0.853808 -0.003469 -0.288328
vn  -0.986206 0.004483 -0.010377
vn  0.545739 -0.002048 -0.416456
vn  0.539863 -0.003766 -0.417850
vn  0.526692 -0.001803 -0.420893
vn  -0.731386 0.003686 -0.267986
vn  -0.731373 -0.000828 -0.267980
vn  -0.731373 -0.000828 -0.267980
# 156 vertex normals

g Object06
s 8
f 69/86/69 70/90/70 13/14/13
f 31/37/31 69/86/69 13/14/13
f 15/16/15 31/37/31 13/14/13
f 15/16/15 13/14/13 14/15/14
s 0
f 11/12/11 9/10/9 13/14/13
f 13/14/13 12/13/12 11/12/11
f 9/10/9 10/11/10 14/15/14
f 14/15/14 13/14/13 9/10/9
f 10/11/10 5/5/5 15/16/15
f 15/16/15 14/15/14 10/11/10
f 5/5/5 4/4/4 16/17/16
f 16/17/16 15/16/15 5/5/5
f 4/4/4 3/3/3 17/18/17
f 17/18/17 16/17/16 4/4/4
f 3/3/3 2/2/2 18/19/18
f 18/19/18 17/18/17 3/3/3
f 2/2/2 1/1/1 19/20/19
f 19/20/19 18/19/18 2/2/2
f 1/1/1 8/9/8 20/21/20
f 20/21/20 19/20/19 1/1/1
f 8/9/8 7/7/7 21/22/21
f 21/22/21 20/21/20 8/9/8
f 7/7/7 6/8/6 22/24/22
f 22/24/22 21/22/21 7/7/7
f 6/6/6 25/25/25 60/28/60
f 60/28/60 22/23/22 6/6/6
f 11/12/11 12/13/12 24/27/24
f 24/27/24 23/26/23 11/12/11
s 8
f 18/19/18 19/20/19 26/30/26
f 26/30/26 27/31/27 18/19/18
f 17/18/17 18/19/18 27/31/27
f 27/31/27 28/32/28 17/18/17
f 16/17/16 17/18/17 28/32/28
f 28/32/28 29/33/29 16/17/16
f 30/34/30 15/16/15 16/17/16
f 16/17/16 29/33/29 30/34/30
f 31/36/31 15/5/15 30/35/30
f 41/48/41 44/51/44 43/50/43
f 43/50/43 74/105/74 110/104/110
f 43/50/43 110/104/110 42/49/42
f 41/48/41 43/50/43 42/49/42
s 0
f 46/54/46 45/52/45 43/50/43
f 43/50/43 47/55/47 46/54/46
f 47/55/47 43/50/43 44/51/44
f 44/51/44 48/56/48 47/55/47
f 48/56/48 44/51/44 41/48/41
f 41/48/41 49/57/49 48/56/48
f 49/57/49 41/48/41 51/59/51
f 51/59/51 50/58/50 49/57/49
f 50/58/50 51/59/51 53/61/53
f 53/61/53 52/60/52 50/58/50
f 52/60/52 53/61/53 55/63/55
f 55/63/55 54/62/54 52/60/52
f 54/62/54 55/63/55 37/46/37
f 37/46/37 56/43/56 54/62/54
f 56/43/56 37/46/37 40/47/40
f 40/47/40 57/64/57 56/43/56
f 57/64/57 40/47/40 38/44/38
f 38/44/38 58/65/58 57/64/57
f 58/65/58 38/44/38 39/45/39
f 39/45/39 59/66/59 58/65/58
f 59/67/59 39/70/39 60/69/60
f 60/69/60 25/68/25 59/67/59
f 46/54/46 23/71/23 24/53/24
f 24/53/24 45/52/45 46/54/46
s 8
f 55/63/55 61/72/61 36/73/36
f 36/73/36 37/46/37 55/63/55
f 53/61/53 62/74/62 61/72/61
f 61/72/61 55/63/55 53/61/53
f 51/59/51 63/75/63 62/74/62
f 62/74/62 53/61/53 51/59/51
f 64/76/64 63/75/63 51/59/51
f 51/59/51 41/48/41 64/76/64
f 42/77/42 64/78/64 41/57/41
f 136/84/136 71/83/71 26/29/26
f 26/29/26 19/1/19 136/84/136
f 21/22/21 22/24/22 138/88/138
f 138/88/138 137/89/137 21/22/21
f 19/20/19 20/21/20 21/22/21
f 19/20/19 21/22/21 137/89/137
f 136/85/136 19/20/19 137/89/137
f 12/13/12 13/14/13 70/90/70
f 70/90/70 139/91/139 12/13/12
f 24/27/24 12/13/12 139/91/139
f 139/91/139 140/92/140 24/27/24
f 22/23/22 60/28/60 141/108/141
f 141/108/141 138/87/138 22/23/22
f 33/39/33 32/38/32 71/94/71
f 71/94/71 72/95/72 33/39/33
f 35/41/35 34/40/34 146/96/146
f 146/96/146 69/97/69 35/41/35
f 36/42/36 73/98/73 147/99/147
f 147/99/147 37/43/37 36/42/36
f 39/45/39 38/44/38 149/101/149
f 149/101/149 148/103/148 39/45/39
f 38/44/38 40/47/40 37/46/37
f 38/44/38 37/46/37 147/100/147
f 149/101/149 38/44/38 147/100/147
f 43/50/43 45/52/45 150/106/150
f 150/106/150 74/105/74 43/50/43
f 45/52/45 24/53/24 140/93/140
f 140/93/140 150/106/150 45/52/45
f 60/69/60 39/70/39 148/102/148
f 148/102/148 141/107/141 60/69/60
f 73/110/73 66/80/66 65/79/65
f 65/79/65 153/109/153 73/110/73
f 154/112/154 68/82/68 67/81/67
f 67/81/67 110/111/110 154/112/154
f 75/113/75 78/118/78 77/117/77
f 77/117/77 70/116/70 69/115/69
f 77/117/77 69/115/69 76/114/76
f 75/113/75 77/117/77 76/114/76
s 0
f 79/119/79 81/121/81 77/117/77
f 77/117/77 80/120/80 79/119/79
f 80/120/80 77/117/77 78/118/78
f 78/118/78 82/122/82 80/120/80
f 82/122/82 78/118/78 75/113/75
f 75/113/75 83/123/83 82/122/82
f 83/123/83 75/113/75 85/125/85
f 85/125/85 84/124/84 83/123/83
f 84/124/84 85/125/85 87/127/87
f 87/127/87 86/126/86 84/124/84
f 86/126/86 87/127/87 89/129/89
f 89/129/89 88/128/88 86/126/86
f 88/128/88 89/129/89 91/131/91
f 91/131/91 90/130/90 88/128/88
f 90/130/90 91/131/91 93/133/93
f 93/133/93 92/132/92 90/130/90
f 92/132/92 93/133/93 95/135/95
f 95/135/95 94/134/94 92/132/92
f 94/134/94 95/135/95 97/137/97
f 97/137/97 96/136/96 94/134/94
f 96/138/96 97/141/97 99/140/99
f 99/140/99 98/139/98 96/138/96
f 79/119/79 100/142/100 101/143/101
f 101/143/101 81/121/81 79/119/79
s 8
f 89/129/89 102/144/102 103/145/103
f 103/145/103 91/131/91 89/129/89
f 87/127/87 104/146/104 102/144/102
f 102/144/102 89/129/89 87/127/87
f 85/125/85 105/147/105 104/146/104
f 104/146/104 87/127/87 85/125/85
f 106/148/106 105/147/105 85/125/85
f 85/125/85 75/113/75 106/148/106
f 76/149/76 106/150/106 75/123/75
f 110/155/110 74/154/74 109/153/109
f 111/156/111 110/155/110 109/153/109
f 107/151/107 111/156/111 109/153/109
f 107/151/107 109/153/109 108/152/108
s 0
f 112/157/112 114/159/114 109/153/109
f 109/153/109 113/158/113 112/157/112
f 114/159/114 115/160/115 108/152/108
f 108/152/108 109/153/109 114/159/114
f 115/160/115 116/161/116 107/151/107
f 107/151/107 108/152/108 115/160/115
f 116/161/116 118/163/118 117/162/117
f 117/162/117 107/151/107 116/161/116
f 118/163/118 120/165/120 119/164/119
f 119/164/119 117/162/117 118/163/118
f 120/165/120 122/167/122 121/166/121
f 121/166/121 119/164/119 120/165/120
f 122/167/122 124/169/124 123/168/123
f 123/168/123 121/166/121 122/167/122
f 124/169/124 126/171/126 125/170/125
f 125/170/125 123/168/123 124/169/124
f 126/171/126 128/173/128 127/172/127
f 127/172/127 125/170/125 126/171/126
f 128/173/128 130/175/130 129/174/129
f 129/174/129 127/172/127 128/173/128
f 130/176/130 98/179/98 99/178/99
f 99/178/99 129/177/129 130/176/130
f 112/157/112 113/158/113 101/181/101
f 101/181/101 100/180/100 112/157/112
s 8
f 121/166/121 123/168/123 132/183/132
f 132/183/132 131/182/131 121/166/121
f 119/164/119 121/166/121 131/182/131
f 131/182/131 133/184/133 119/164/119
f 117/162/117 119/164/119 133/184/133
f 133/184/133 134/185/134 117/162/117
f 135/186/135 107/151/107 117/162/117
f 117/162/117 134/185/134 135/186/135
f 111/187/111 107/161/107 135/188/135
f 136/191/136 91/130/91 103/190/103
f 103/190/103 71/189/71 136/191/136
f 95/135/95 137/192/137 138/193/138
f 138/193/138 97/137/97 95/135/95
f 95/135/95 93/133/93 91/131/91
f 137/192/137 95/135/95 91/131/91
f 136/194/136 137/192/137 91/131/91
f 81/121/81 139/195/139 70/116/70
f 70/116/70 77/117/77 81/121/81
f 101/143/101 140/196/140 139/195/139
f 139/195/139 81/121/81 101/143/101
f 97/141/97 138/197/138 141/198/141
f 141/198/141 99/140/99 97/141/97
f 142/200/142 72/199/72 71/202/71
f 71/202/71 143/201/143 142/200/142
f 144/204/144 69/203/69 146/206/146
f 146/206/146 145/205/145 144/204/144
f 132/208/132 123/169/123 147/207/147
f 147/207/147 73/209/73 132/208/132
f 129/174/129 148/210/148 149/211/149
f 149/211/149 127/172/127 129/174/129
f 123/168/123 125/170/125 127/172/127
f 147/212/147 123/168/123 127/172/127
f 149/211/149 147/212/147 127/172/127
f 109/153/109 74/154/74 150/213/150
f 150/213/150 113/158/113 109/153/109
f 113/158/113 150/213/150 140/214/140
f 140/214/140 101/181/101 113/158/113
f 99/178/99 141/215/141 148/216/148
f 148/216/148 129/177/129 99/178/99
f 73/217/73 153/220/153 152/219/152
f 152/219/152 151/218/151 73/217/73
f 154/221/154 110/224/110 156/223/156
f 156/223/156 155/222/155 154/221/154
# 216 faces

g
# object Cylinder04 to come ...
#
v  212.651123 102.151520 13.483150
v  211.391830 102.157257 13.465126
v  210.267303 102.162682 13.223504
v  209.413177 102.167160 12.787425
v  208.932465 102.170143 12.209487
v  208.883163 102.171265 11.559399
v  209.271210 102.170403 10.915569
v  210.049805 102.167648 10.355655
v  211.125031 102.163345 9.947188
v  212.367203 102.158005 9.739438
v  213.626495 102.152275 9.757461
v  214.751022 102.146843 9.999084
v  215.605148 102.142365 10.435163
v  216.085861 102.139389 11.013101
v  216.135162 102.138260 11.663189
v  215.747116 102.139130 12.307018
v  214.968521 102.141876 12.866933
v  213.893295 102.146179 13.275399
v  212.650894 102.101112 13.483079
v  211.391602 102.106842 13.465056
v  210.266800 102.051796 13.223350
v  209.412949 102.116753 12.787355
v  208.932236 102.119728 12.209417
v  208.882935 102.120857 11.559329
v  209.270981 102.119987 10.915499
v  210.049576 102.117241 10.355584
v  211.124802 102.112930 9.947118
v  212.366974 102.107590 9.739367
v  213.626266 102.101860 9.757391
v  214.750793 102.096428 9.999013
v  215.604935 102.091957 10.435092
v  216.085632 102.088974 11.013030
v  216.134933 102.087852 11.663119
v  215.746887 102.088715 12.306949
v  214.968292 102.091469 12.866863
v  213.893066 102.095772 13.275329
v  212.650085 101.921326 13.482830
v  211.390778 101.927055 13.464808
v  210.266251 101.932487 13.223185
v  209.412125 101.936966 12.787106
v  208.931427 101.939941 12.209167
v  208.882126 101.941071 11.559079
v  209.270172 101.940201 10.915250
v  210.048767 101.937454 10.355335
v  211.123993 101.933144 9.946869
v  212.366165 101.927803 9.739119
v  213.625458 101.922073 9.757141
v  214.749985 101.916641 9.998764
v  215.604111 101.912170 10.434843
v  216.084824 101.909187 11.012781
v  216.134125 101.908066 11.662869
v  215.746063 101.908928 12.306699
v  214.967484 101.911682 12.866613
v  213.892258 101.915985 13.275080
v  212.649536 101.802017 13.482664
v  211.390244 101.807755 13.464642
v  210.265717 101.813179 13.223019
v  209.411591 101.817657 12.786941
v  208.930878 101.820641 12.209002
v  208.881577 101.821762 11.558913
v  209.269623 101.820900 10.915084
v  210.048218 101.818146 10.355169
v  211.123444 101.813843 9.946703
v  212.365616 101.808502 9.738953
v  213.624924 101.802773 9.756976
v  214.749451 101.797340 9.998598
v  215.603577 101.792862 10.434677
v  216.084274 101.789886 11.012615
v  216.133575 101.788757 11.662704
v  215.745529 101.789627 12.306534
v  214.966934 101.792374 12.866448
v  213.891708 101.796677 13.274914
v  212.649002 101.682716 13.482499
v  211.389709 101.688446 13.464476
v  210.265167 101.693878 13.222854
v  209.411041 101.698349 12.786775
v  208.930344 101.701332 12.208837
v  208.881042 101.702454 11.558748
v  209.269089 101.701591 10.914919
v  210.047684 101.698837 10.355004
v  211.122910 101.694534 9.946538
v  212.365082 101.689194 9.738788
v  213.624374 101.683464 9.756810
v  214.748901 101.678032 9.998433
v  215.603027 101.673561 10.434512
v  216.083740 101.670578 11.012449
v  216.133041 101.669456 11.662539
v  215.744995 101.670319 12.306368
v  214.966400 101.673073 12.866282
v  213.891174 101.677376 13.274749
v  212.648453 101.563408 13.482333
v  211.389160 101.569138 13.464311
v  210.264633 101.574570 13.222688
v  209.410507 101.579048 12.786609
v  208.929794 101.582024 12.208672
v  208.880493 101.583153 11.558582
v  209.268539 101.582283 10.914753
v  210.047134 101.579536 10.354838
v  211.122360 101.575233 9.946372
v  212.364532 101.569893 9.738622
v  213.623840 101.564156 9.756645
v  214.748367 101.558731 9.998267
v  215.602493 101.554253 10.434346
v  216.083191 101.551270 11.012284
v  216.132492 101.550148 11.662373
v  215.744446 101.551010 12.306202
v  214.965851 101.553764 12.866117
v  213.890625 101.558067 13.274583
v  212.647919 101.444107 13.482168
v  211.388626 101.449837 13.464145
v  210.264099 101.455269 13.222523
v  209.409958 101.459740 12.786444
v  208.929260 101.462723 12.208506
v  208.879959 101.463844 11.558417
v  209.268005 101.462982 10.914588
v  210.046600 101.460228 10.354672
v  211.121826 101.455925 9.946207
v  212.363998 101.450584 9.738456
v  213.623291 101.444855 9.756479
v  214.747818 101.439423 9.998102
v  215.601944 101.434944 10.434181
v  216.082657 101.431969 11.012118
v  216.131958 101.430840 11.662208
v  215.743912 101.431709 12.306037
v  214.965317 101.434456 12.865952
v  213.890091 101.438766 13.274418
v  212.603806 102.152603 12.859198
v  211.764267 102.156425 12.847182
v  211.014587 102.160042 12.686100
v  210.445175 102.163025 12.395381
v  210.124695 102.165016 12.010089
v  210.091827 102.165764 11.576697
v  210.350525 102.165184 11.147477
v  210.869583 102.163353 10.774200
v  211.586411 102.160484 10.501890
v  212.414520 102.156921 10.363390
v  213.254059 102.153099 10.375405
v  214.003738 102.149483 10.536487
v  214.573151 102.146500 10.827207
v  214.893631 102.144508 11.212498
v  214.926498 102.143761 11.645890
v  214.667801 102.144341 12.075110
v  214.148743 102.146172 12.448386
v  213.431915 102.149040 12.720697
v  212.556488 102.153679 12.235246
v  212.136719 102.155594 12.229238
v  211.761871 102.157402 12.148697
v  211.477173 102.158897 12.003337
v  211.316925 102.159889 11.810692
v  211.300491 102.160263 11.593995
v  211.429840 102.159973 11.379385
v  211.689377 102.159058 11.192747
v  212.047791 102.157623 11.056592
v  212.461838 102.155846 10.987342
v  212.881607 102.153931 10.993349
v  213.256454 102.152122 11.073890
v  213.541153 102.150627 11.219250
v  213.701401 102.149635 11.411896
v  213.717834 102.149261 11.628592
v  213.588486 102.149551 11.843202
v  213.328949 102.150467 12.029840
v  212.970535 102.151901 12.165996
v  212.509171 102.154762 11.611294
v  212.600601 101.445183 12.858216
v  211.761063 101.449005 12.846201
v  211.011383 101.452621 12.685119
v  210.441956 101.455605 12.394400
v  210.121490 101.457596 12.009108
v  210.088623 101.458344 11.575715
v  210.347321 101.457771 11.146496
v  210.866379 101.455933 10.773219
v  211.583206 101.453064 10.500909
v  212.411316 101.449501 10.362409
v  213.250854 101.445686 10.374424
v  214.000534 101.442062 10.535505
v  214.569946 101.439079 10.826224
v  214.890427 101.437096 11.211516
v  214.923294 101.436340 11.644909
v  214.664597 101.436920 12.074128
v  214.145523 101.438751 12.447405
v  213.428711 101.441620 12.719716
v  212.553284 101.446266 12.234264
v  212.133514 101.448174 12.228256
v  211.758667 101.449982 12.147716
v  211.473953 101.451477 12.002356
v  211.313721 101.452469 11.809710
v  211.297287 101.452843 11.593014
v  211.426636 101.452553 11.378404
v  211.686172 101.451637 11.191766
v  212.044586 101.450203 11.055611
v  212.458633 101.448425 10.986361
v  212.878403 101.446510 10.992368
v  213.253250 101.444702 11.072908
v  213.537949 101.443214 11.218268
v  213.698196 101.442215 11.410914
v  213.714630 101.441841 11.627610
v  213.585281 101.442131 11.842220
v  213.325745 101.443047 12.028858
v  212.967331 101.444481 12.165014
v  212.505951 101.447342 11.610312
# 200 vertices

vt  0.750000 0.000000 1.000000
vt  0.805556 0.000000 1.000000
vt  0.861111 0.000000 1.000000
vt  0.916667 0.000000 1.000000
vt  0.972222 0.000000 1.000000
vt  0.027778 0.000000 1.000000
vt  0.083333 0.000000 1.000000
vt  0.138889 0.000000 1.000000
vt  0.194444 0.000000 1.000000
vt  0.250000 0.000000 1.000000
vt  0.305556 0.000000 1.000000
vt  0.361111 0.000000 1.000000
vt  0.416667 0.000000 1.000000
vt  0.472222 0.000000 1.000000
vt  0.527778 0.000000 1.000000
vt  0.583333 0.000000 1.000000
vt  0.638889 0.000000 1.000000
vt  0.694444 0.000000 1.000000
vt  0.750000 0.166667 1.000000
vt  0.805556 0.166667 1.000000
vt  0.861111 0.166667 1.000000
vt  0.916667 0.166667 1.000000
vt  0.972222 0.166667 1.000000
vt  0.027778 0.166667 1.000000
vt  0.083333 0.166667 1.000000
vt  0.138889 0.166667 1.000000
vt  0.194444 0.166667 1.000000
vt  0.250000 0.166667 1.000000
vt  0.305556 0.166667 1.000000
vt  0.361111 0.166667 1.000000
vt  0.416667 0.166667 1.000000
vt  0.472222 0.166667 1.000000
vt  0.527778 0.166667 1.000000
vt  0.583333 0.166667 1.000000
vt  0.638889 0.166667 1.000000
vt  0.694444 0.166667 1.000000
vt  0.750000 0.333333 1.000000
vt  0.805556 0.333333 1.000000
vt  0.861111 0.333333 1.000000
vt  0.916667 0.333333 1.000000
vt  0.972222 0.333333 1.000000
vt  0.027778 0.333333 1.000000
vt  0.083333 0.333333 1.000000
vt  0.138889 0.333333 1.000000
vt  0.194444 0.333333 1.000000
vt  0.250000 0.333333 1.000000
vt  0.305556 0.333333 1.000000
vt  0.361111 0.333333 1.000000
vt  0.416667 0.333333 1.000000
vt  0.472222 0.333333 1.000000
vt  0.527778 0.333333 1.000000
vt  0.583333 0.333333 1.000000
vt  0.638889 0.333333 1.000000
vt  0.694444 0.333333 1.000000
vt  0.750000 0.500000 1.000000
vt  0.805556 0.500000 1.000000
vt  0.861111 0.500000 1.000000
vt  0.916667 0.500000 1.000000
vt  0.972222 0.500000 1.000000
vt  0.027778 0.500000 1.000000
vt  0.083333 0.500000 1.000000
vt  0.138889 0.500000 1.000000
vt  0.194444 0.500000 1.000000
vt  0.250000 0.500000 1.000000
vt  0.305556 0.500000 1.000000
vt  0.361111 0.500000 1.000000
vt  0.416667 0.500000 1.000000
vt  0.472222 0.500000 1.000000
vt  0.527778 0.500000 1.000000
vt  0.583333 0.500000 1.000000
vt  0.638889 0.500000 1.000000
vt  0.694444 0.500000 1.000000
vt  0.750000 0.666667 1.000000
vt  0.805556 0.666667 1.000000
vt  0.861111 0.666667 1.000000
vt  0.916667 0.666667 1.000000
vt  0.972222 0.666667 1.000000
vt  0.027778 0.666667 1.000000
vt  0.083333 0.666667 1.000000
vt  0.138889 0.666667 1.000000
vt  0.194444 0.666667 1.000000
vt  0.250000 0.666667 1.000000
vt  0.305556 0.666667 1.000000
vt  0.361111 0.666667 1.000000
vt  0.416667 0.666667 1.000000
vt  0.472222 0.666667 1.000000
vt  0.527778 0.666667 1.000000
vt  0.583333 0.666667 1.000000
vt  0.638889 0.666667 1.000000
vt  0.694444 0.666667 1.000000
vt  0.750000 0.833333 1.000000
vt  0.805556 0.833333 1.000000
vt  0.861111 0.833333 1.000000
vt  0.916667 0.833333 1.000000
vt  0.972222 0.833333 1.000000
vt  0.027778 0.833333 1.000000
vt  0.083333 0.833333 1.000000
vt  0.138889 0.833333 1.000000
vt  0.194444 0.833333 1.000000
vt  0.250000 0.833333 1.000000
vt  0.305556 0.833333 1.000000
vt  0.361111 0.833333 1.000000
vt  0.416667 0.833333 1.000000
vt  0.472222 0.833333 1.000000
vt  0.527778 0.833333 1.000000
vt  0.583333 0.833333 1.000000
vt  0.638889 0.833333 1.000000
vt  0.694444 0.833333 1.000000
vt  0.750000 1.000000 1.000000
vt  0.805556 1.000000 1.000000
vt  0.861111 1.000000 1.000000
vt  0.916667 1.000000 1.000000
vt  0.972222 1.000000 1.000000
vt  0.027778 1.000000 1.000000
vt  0.083333 1.000000 1.000000
vt  0.138889 1.000000 1.000000
vt  0.194444 1.000000 1.000000
vt  0.250000 1.000000 1.000000
vt  0.305556 1.000000 1.000000
vt  0.361111 1.000000 1.000000
vt  0.416667 1.000000 1.000000
vt  0.472222 1.000000 1.000000
vt  0.527778 1.000000 1.000000
vt  0.583333 1.000000 1.000000
vt  0.638889 1.000000 1.000000
vt  0.694444 1.000000 1.000000
vt  0.500000 0.833333 -0.250000
vt  0.385993 0.813231 -0.250000
vt  0.285737 0.755348 -0.250000
vt  0.211325 0.666667 -0.250000
vt  0.171731 0.557883 -0.250000
vt  0.171731 0.442117 -0.250000
vt  0.211325 0.333333 -0.250000
vt  0.285738 0.244652 -0.250000
vt  0.385993 0.186769 -0.250000
vt  0.500000 0.166667 -0.250000
vt  0.614007 0.186769 -0.250000
vt  0.714263 0.244652 -0.250000
vt  0.788675 0.333333 -0.250000
vt  0.828269 0.442117 -0.250000
vt  0.828269 0.557883 -0.250000
vt  0.788675 0.666667 -0.250000
vt  0.714262 0.755348 -0.250000
vt  0.614007 0.813231 -0.250000
vt  0.500000 0.666667 -0.250000
vt  0.442997 0.656615 -0.250000
vt  0.392869 0.627674 -0.250000
vt  0.355662 0.583333 -0.250000
vt  0.335865 0.528941 -0.250000
vt  0.335865 0.471059 -0.250000
vt  0.355662 0.416667 -0.250000
vt  0.392869 0.372326 -0.250000
vt  0.442997 0.343385 -0.250000
vt  0.500000 0.333333 -0.250000
vt  0.557003 0.343385 -0.250000
vt  0.607131 0.372326 -0.250000
vt  0.644338 0.416667 -0.250000
vt  0.664135 0.471059 -0.250000
vt  0.664135 0.528941 -0.250000
vt  0.644338 0.583333 -0.250000
vt  0.607131 0.627674 -0.250000
vt  0.557003 0.656615 -0.250000
vt  0.500000 0.500000 -0.250000
vt  0.500000 0.833333 0.250000
vt  0.385993 0.813231 0.250000
vt  0.285737 0.755348 0.250000
vt  0.211325 0.666667 0.250000
vt  0.171731 0.557883 0.250000
vt  0.171731 0.442117 0.250000
vt  0.211325 0.333333 0.250000
vt  0.285738 0.244652 0.250000
vt  0.385993 0.186769 0.250000
vt  0.500000 0.166667 0.250000
vt  0.614007 0.186769 0.250000
vt  0.714263 0.244652 0.250000
vt  0.788675 0.333333 0.250000
vt  0.828269 0.442117 0.250000
vt  0.828269 0.557883 0.250000
vt  0.788675 0.666667 0.250000
vt  0.714262 0.755348 0.250000
vt  0.614007 0.813231 0.250000
vt  0.500000 0.666667 0.250000
vt  0.442997 0.656615 0.250000
vt  0.392869 0.627674 0.250000
vt  0.355662 0.583333 0.250000
vt  0.335865 0.528941 0.250000
vt  0.335865 0.471059 0.250000
vt  0.355662 0.416667 0.250000
vt  0.392869 0.372326 0.250000
vt  0.442997 0.343385 0.250000
vt  0.500000 0.333333 0.250000
vt  0.557003 0.343385 0.250000
vt  0.607131 0.372326 0.250000
vt  0.644338 0.416667 0.250000
vt  0.664135 0.471059 0.250000
vt  0.664135 0.528941 0.250000
vt  0.644338 0.583333 0.250000
vt  0.607131 0.627674 0.250000
vt  0.557003 0.656615 0.250000
vt  0.500000 0.500000 0.250000
vt  1.027778 0.000000 1.000000
vt  1.027778 0.166667 1.000000
vt  1.027778 0.333333 1.000000
vt  1.027778 0.500000 1.000000
vt  1.027778 0.666667 1.000000
vt  1.027778 0.833333 1.000000
vt  1.027778 1.000000 1.000000
vt  0.328990 0.969846 -0.250000
vt  0.500000 1.000000 -0.250000
vt  0.178606 0.883022 -0.250000
vt  0.328990 0.969846 -0.250000
vt  0.066987 0.750000 -0.250000
vt  0.178606 0.883022 -0.250000
vt  0.007596 0.586824 -0.250000
vt  0.066987 0.750000 -0.250000
vt  0.007596 0.413176 -0.250000
vt  0.007596 0.586824 -0.250000
vt  0.066987 0.250000 -0.250000
vt  0.007596 0.413176 -0.250000
vt  0.178606 0.116978 -0.250000
vt  0.066987 0.250000 -0.250000
vt  0.328990 0.030154 -0.250000
vt  0.178606 0.116978 -0.250000
vt  0.500000 0.000000 -0.250000
vt  0.328990 0.030154 -0.250000
vt  0.671010 0.030154 -0.250000
vt  0.500000 0.000000 -0.250000
vt  0.821394 0.116978 -0.250000
vt  0.671010 0.030154 -0.250000
vt  0.933013 0.250000 -0.250000
vt  0.821394 0.116978 -0.250000
vt  0.992404 0.413176 -0.250000
vt  0.933013 0.250000 -0.250000
vt  0.992404 0.586824 -0.250000
vt  0.992404 0.413176 -0.250000
vt  0.933013 0.750000 -0.250000
vt  0.992404 0.586824 -0.250000
vt  0.821394 0.883022 -0.250000
vt  0.933013 0.750000 -0.250000
vt  0.671010 0.969846 -0.250000
vt  0.821394 0.883022 -0.250000
vt  0.500000 1.000000 -0.250000
vt  0.671010 0.969846 -0.250000
vt  0.500000 1.000000 0.250000
vt  0.328990 0.969846 0.250000
vt  0.328990 0.969846 0.250000
vt  0.178606 0.883022 0.250000
vt  0.178606 0.883022 0.250000
vt  0.066987 0.750000 0.250000
vt  0.066987 0.750000 0.250000
vt  0.007596 0.586824 0.250000
vt  0.007596 0.586824 0.250000
vt  0.007596 0.413176 0.250000
vt  0.007596 0.413176 0.250000
vt  0.066987 0.250000 0.250000
vt  0.066987 0.250000 0.250000
vt  0.178606 0.116978 0.250000
vt  0.178606 0.116978 0.250000
vt  0.328990 0.030154 0.250000
vt  0.328990 0.030154 0.250000
vt  0.500000 0.000000 0.250000
vt  0.500000 0.000000 0.250000
vt  0.671010 0.030154 0.250000
vt  0.671010 0.030154 0.250000
vt  0.821394 0.116978 0.250000
vt  0.821394 0.116978 0.250000
vt  0.933013 0.250000 0.250000
vt  0.933013 0.250000 0.250000
vt  0.992404 0.413176 0.250000
vt  0.992404 0.413176 0.250000
vt  0.992404 0.586824 0.250000
vt  0.992404 0.586824 0.250000
vt  0.933013 0.750000 0.250000
vt  0.933013 0.750000 0.250000
vt  0.821394 0.883022 0.250000
vt  0.821394 0.883022 0.250000
vt  0.671010 0.969846 0.250000
vt  0.671010 0.969846 0.250000
vt  0.500000 1.000000 0.250000
# 279 texture vertices

vn  0.137939 -0.003149 1.818845
vn  -1.085694 0.002420 1.801332
vn  -2.178375 0.007697 1.566552
vn  -3.008313 0.012045 1.142823
vn  -3.475404 0.014941 0.581253
vn  -3.523310 0.016035 -0.050425
vn  -3.146252 0.015194 -0.676021
vn  -2.389710 0.012521 -1.220079
vn  -1.344934 0.008338 -1.616978
vn  -0.137938 0.003149 -1.818845
vn  1.085694 -0.002420 -1.801332
vn  2.178376 -0.007697 -1.566552
vn  3.008314 -0.012045 -1.142823
vn  3.475405 -0.014941 -0.581252
vn  3.523310 -0.016035 0.050426
vn  3.146252 -0.015194 0.676022
vn  2.389710 -0.012521 1.220079
vn  1.344934 -0.008338 1.616978
vn  0.044585 -0.001018 0.587888
vn  -0.350918 0.000782 0.582227
vn  -0.704095 0.002488 0.506342
vn  -0.972348 0.003893 0.369384
vn  -1.123321 0.004829 0.187873
vn  -1.138805 0.005183 -0.016298
vn  -1.016933 0.004911 -0.218504
vn  -0.772403 0.004047 -0.394354
vn  -0.434710 0.002695 -0.522640
vn  -0.044584 0.001018 -0.587888
vn  0.350918 -0.000782 -0.582227
vn  0.704095 -0.002488 -0.506342
vn  0.972348 -0.003893 -0.369384
vn  1.123321 -0.004829 -0.187873
vn  1.138805 -0.005183 0.016299
vn  1.016933 -0.004911 0.218504
vn  0.772403 -0.004047 0.394354
vn  0.434710 -0.002695 0.522640
vn  0.044585 -0.001018 0.587888
vn  -0.350918 0.000782 0.582227
vn  -0.704095 0.002488 0.506342
vn  -0.972348 0.003893 0.369384
vn  -1.123321 0.004829 0.187873
vn  -1.138805 0.005183 -0.016298
vn  -1.016933 0.004911 -0.218504
vn  -0.772403 0.004047 -0.394354
vn  -0.434710 0.002695 -0.522640
vn  -0.044584 0.001018 -0.587888
vn  0.350918 -0.000782 -0.582227
vn  0.704095 -0.002488 -0.506342
vn  0.972348 -0.003893 -0.369384
vn  1.123321 -0.004829 -0.187873
vn  1.138805 -0.005183 0.016299
vn  1.016932 -0.004911 0.218504
vn  0.772403 -0.004047 0.394354
vn  0.434710 -0.002695 0.522640
vn  0.044585 -0.001018 0.587888
vn  -0.350918 0.000782 0.582227
vn  -0.704095 0.002488 0.506342
vn  -0.972348 0.003893 0.369384
vn  -1.123321 0.004829 0.187873
vn  -1.138805 0.005183 -0.016298
vn  -1.016933 0.004911 -0.218504
vn  -0.772403 0.004047 -0.394354
vn  -0.434710 0.002695 -0.522640
vn  -0.044584 0.001018 -0.587888
vn  0.350918 -0.000782 -0.582227
vn  0.704095 -0.002488 -0.506342
vn  0.972348 -0.003893 -0.369384
vn  1.123321 -0.004829 -0.187873
vn  1.138805 -0.005183 0.016299
vn  1.016932 -0.004911 0.218504
vn  0.772403 -0.004047 0.394354
vn  0.434710 -0.002695 0.522640
vn  0.044585 -0.001018 0.587888
vn  -0.350918 0.000782 0.582227
vn  -0.704095 0.002488 0.506342
vn  -0.972348 0.003893 0.369384
vn  -1.123321 0.004829 0.187873
vn  -1.138805 0.005183 -0.016298
vn  -1.016933 0.004911 -0.218504
vn  -0.772403 0.004047 -0.394354
vn  -0.434710 0.002695 -0.522640
vn  -0.044584 0.001018 -0.587888
vn  0.350918 -0.000782 -0.582227
vn  0.704095 -0.002488 -0.506342
vn  0.972348 -0.003893 -0.369384
vn  1.123321 -0.004829 -0.187873
vn  1.138805 -0.005183 0.016299
vn  1.016932 -0.004911 0.218504
vn  0.772403 -0.004047 0.394354
vn  0.434710 -0.002695 0.522640
vn  0.044585 -0.001018 0.587888
vn  -0.350918 0.000782 0.582227
vn  -0.704095 0.002488 0.506342
vn  -0.972348 0.003893 0.369384
vn  -1.123321 0.004829 0.187873
vn  -1.138805 0.005183 -0.016298
vn  -1.016933 0.004911 -0.218504
vn  -0.772403 0.004047 -0.394354
vn  -0.434710 0.002695 -0.522640
vn  -0.044584 0.001018 -0.587888
vn  0.350918 -0.000782 -0.582227
vn  0.704095 -0.002488 -0.506342
vn  0.972348 -0.003893 -0.369384
vn  1.123321 -0.004829 -0.187873
vn  1.138805 -0.005183 0.016299
vn  1.016933 -0.004911 0.218504
vn  0.772403 -0.004047 0.394354
vn  0.434710 -0.002695 0.522640
vn  0.137939 -0.003149 1.818845
vn  -1.085694 0.002420 1.801332
vn  -2.178376 0.007697 1.566552
vn  -3.008313 0.012045 1.142823
vn  -3.475404 0.014941 0.581253
vn  -3.523310 0.016035 -0.050425
vn  -3.146252 0.015194 -0.676021
vn  -2.389710 0.012521 -1.220079
vn  -1.344934 0.008338 -1.616978
vn  -0.137938 0.003149 -1.818845
vn  1.085694 -0.002420 -1.801332
vn  2.178376 -0.007697 -1.566552
vn  3.008314 -0.012045 -1.142823
vn  3.475404 -0.014941 -0.581252
vn  3.523310 -0.016035 0.050426
vn  3.146252 -0.015194 0.676022
vn  2.389709 -0.012521 1.220080
vn  1.344933 -0.008338 1.616978
vn  0.000115 0.025437 0.000035
vn  0.000115 0.025437 0.000035
vn  0.000115 0.025437 0.000035
vn  0.000115 0.025437 0.000035
vn  0.000115 0.025437 0.000035
vn  0.000115 0.025437 0.000035
vn  0.000115 0.025437 0.000035
vn  0.000115 0.025437 0.000035
vn  0.000115 0.025437 0.000035
vn  0.000115 0.025437 0.000035
vn  0.000115 0.025437 0.000035
vn  0.000115 0.025437 0.000035
vn  0.000115 0.025437 0.000035
vn  0.000115 0.025437 0.000035
vn  0.000115 0.025437 0.000035
vn  0.000115 0.025437 0.000035
vn  0.000115 0.025437 0.000035
vn  0.000115 0.025437 0.000035
vn  0.000115 0.025437 0.000035
vn  0.000115 0.025437 0.000035
vn  0.000115 0.025437 0.000035
vn  0.000115 0.025437 0.000035
vn  0.000115 0.025437 0.000035
vn  0.000115 0.025437 0.000035
vn  0.000115 0.025437 0.000035
vn  0.000115 0.025437 0.000035
vn  0.000115 0.025437 0.000035
vn  0.000115 0.025437 0.000035
vn  0.000115 0.025437 0.000035
vn  0.000115 0.025437 0.000035
vn  0.000115 0.025437 0.000035
vn  0.000115 0.025437 0.000035
vn  0.000115 0.025437 0.000035
vn  0.000115 0.025437 0.000035
vn  0.000115 0.025437 0.000035
vn  0.000115 0.025437 0.000035
vn  0.000115 0.025437 0.000035
vn  -0.000115 -0.025437 -0.000035
vn  -0.000115 -0.025437 -0.000035
vn  -0.000115 -0.025437 -0.000035
vn  -0.000115 -0.025437 -0.000035
vn  -0.000115 -0.025437 -0.000035
vn  -0.000115 -0.025437 -0.000035
vn  -0.000115 -0.025437 -0.000035
vn  -0.000115 -0.025437 -0.000035
vn  -0.000115 -0.025437 -0.000035
vn  -0.000115 -0.025437 -0.000035
vn  -0.000115 -0.025437 -0.000035
vn  -0.000115 -0.025437 -0.000035
vn  -0.000115 -0.025437 -0.000035
vn  -0.000115 -0.025437 -0.000035
vn  -0.000115 -0.025437 -0.000035
vn  -0.000115 -0.025437 -0.000035
vn  -0.000115 -0.025437 -0.000035
vn  -0.000115 -0.025437 -0.000035
vn  -0.000115 -0.025437 -0.000035
vn  -0.000115 -0.025437 -0.000035
vn  -0.000115 -0.025437 -0.000035
vn  -0.000115 -0.025437 -0.000035
vn  -0.000115 -0.025437 -0.000035
vn  -0.000115 -0.025437 -0.000035
vn  -0.000115 -0.025437 -0.000035
vn  -0.000115 -0.025437 -0.000035
vn  -0.000115 -0.025437 -0.000035
vn  -0.000115 -0.025437 -0.000035
vn  -0.000115 -0.025437 -0.000035
vn  -0.000115 -0.025437 -0.000035
vn  -0.000115 -0.025437 -0.000035
vn  -0.000115 -0.025437 -0.000035
vn  -0.000115 -0.025437 -0.000035
vn  -0.000115 -0.025437 -0.000035
vn  -0.000115 -0.025437 -0.000035
vn  -0.000115 -0.025437 -0.000035
vn  -0.000115 -0.025437 -0.000035
# 200 vertex normals

g Cylinder04
s 8
f 157/225/157 158/226/158 176/244/176
f 176/244/176 175/243/175 157/225/157
f 158/226/158 159/227/159 177/245/177
f 177/245/177 176/244/176 158/226/158
f 159/227/159 160/228/160 178/246/178
f 178/246/178 177/245/177 159/227/159
f 160/228/160 161/229/161 179/247/179
f 179/247/179 178/246/178 160/228/160
f 161/229/161 162/425/162 180/426/180
f 180/426/180 179/247/179 161/229/161
f 162/230/162 163/231/163 181/249/181
f 181/249/181 180/248/180 162/230/162
f 163/231/163 164/232/164 182/250/182
f 182/250/182 181/249/181 163/231/163
f 164/232/164 165/233/165 183/251/183
f 183/251/183 182/250/182 164/232/164
f 165/233/165 166/234/166 184/252/184
f 184/252/184 183/251/183 165/233/165
f 166/234/166 167/235/167 185/253/185
f 185/253/185 184/252/184 166/234/166
f 167/235/167 168/236/168 186/254/186
f 186/254/186 185/253/185 167/235/167
f 168/236/168 169/237/169 187/255/187
f 187/255/187 186/254/186 168/236/168
f 169/237/169 170/238/170 188/256/188
f 188/256/188 187/255/187 169/237/169
f 170/238/170 171/239/171 189/257/189
f 189/257/189 188/256/188 170/238/170
f 171/239/171 172/240/172 190/258/190
f 190/258/190 189/257/189 171/239/171
f 172/240/172 173/241/173 191/259/191
f 191/259/191 190/258/190 172/240/172
f 173/241/173 174/242/174 192/260/192
f 192/260/192 191/259/191 173/241/173
f 174/242/174 157/225/157 175/243/175
f 175/243/175 192/260/192 174/242/174
f 175/243/175 176/244/176 194/262/194
f 194/262/194 193/261/193 175/243/175
f 176/244/176 177/245/177 195/263/195
f 195/263/195 194/262/194 176/244/176
f 177/245/177 178/246/178 196/264/196
f 196/264/196 195/263/195 177/245/177
f 178/246/178 179/247/179 197/265/197
f 197/265/197 196/264/196 178/246/178
f 179/247/179 180/426/180 198/427/198
f 198/427/198 197/265/197 179/247/179
f 180/248/180 181/249/181 199/267/199
f 199/267/199 198/266/198 180/248/180
f 181/249/181 182/250/182 200/268/200
f 200/268/200 199/267/199 181/249/181
f 182/250/182 183/251/183 201/269/201
f 201/269/201 200/268/200 182/250/182
f 183/251/183 184/252/184 202/270/202
f 202/270/202 201/269/201 183/251/183
f 184/252/184 185/253/185 203/271/203
f 203/271/203 202/270/202 184/252/184
f 185/253/185 186/254/186 204/272/204
f 204/272/204 203/271/203 185/253/185
f 186/254/186 187/255/187 205/273/205
f 205/273/205 204/272/204 186/254/186
f 187/255/187 188/256/188 206/274/206
f 206/274/206 205/273/205 187/255/187
f 188/256/188 189/257/189 207/275/207
f 207/275/207 206/274/206 188/256/188
f 189/257/189 190/258/190 208/276/208
f 208/276/208 207/275/207 189/257/189
f 190/258/190 191/259/191 209/277/209
f 209/277/209 208/276/208 190/258/190
f 191/259/191 192/260/192 210/278/210
f 210/278/210 209/277/209 191/259/191
f 192/260/192 175/243/175 193/261/193
f 193/261/193 210/278/210 192/260/192
f 193/261/193 194/262/194 212/280/212
f 212/280/212 211/279/211 193/261/193
f 194/262/194 195/263/195 213/281/213
f 213/281/213 212/280/212 194/262/194
f 195/263/195 196/264/196 214/282/214
f 214/282/214 213/281/213 195/263/195
f 196/264/196 197/265/197 215/283/215
f 215/283/215 214/282/214 196/264/196
f 197/265/197 198/427/198 216/428/216
f 216/428/216 215/283/215 197/265/197
f 198/266/198 199/267/199 217/285/217
f 217/285/217 216/284/216 198/266/198
f 199/267/199 200/268/200 218/286/218
f 218/286/218 217/285/217 199/267/199
f 200/268/200 201/269/201 219/287/219
f 219/287/219 218/286/218 200/268/200
f 201/269/201 202/270/202 220/288/220
f 220/288/220 219/287/219 201/269/201
f 202/270/202 203/271/203 221/289/221
f 221/289/221 220/288/220 202/270/202
f 203/271/203 204/272/204 222/290/222
f 222/290/222 221/289/221 203/271/203
f 204/272/204 205/273/205 223/291/223
f 223/291/223 222/290/222 204/272/204
f 205/273/205 206/274/206 224/292/224
f 224/292/224 223/291/223 205/273/205
f 206/274/206 207/275/207 225/293/225
f 225/293/225 224/292/224 206/274/206
f 207/275/207 208/276/208 226/294/226
f 226/294/226 225/293/225 207/275/207
f 208/276/208 209/277/209 227/295/227
f 227/295/227 226/294/226 208/276/208
f 209/277/209 210/278/210 228/296/228
f 228/296/228 227/295/227 209/277/209
f 210/278/210 193/261/193 211/279/211
f 211/279/211 228/296/228 210/278/210
f 211/279/211 212/280/212 230/298/230
f 230/298/230 229/297/229 211/279/211
f 212/280/212 213/281/213 231/299/231
f 231/299/231 230/298/230 212/280/212
f 213/281/213 214/282/214 232/300/232
f 232/300/232 231/299/231 213/281/213
f 214/282/214 215/283/215 233/301/233
f 233/301/233 232/300/232 214/282/214
f 215/283/215 216/428/216 234/429/234
f 234/429/234 233/301/233 215/283/215
f 216/284/216 217/285/217 235/303/235
f 235/303/235 234/302/234 216/284/216
f 217/285/217 218/286/218 236/304/236
f 236/304/236 235/303/235 217/285/217
f 218/286/218 219/287/219 237/305/237
f 237/305/237 236/304/236 218/286/218
f 219/287/219 220/288/220 238/306/238
f 238/306/238 237/305/237 219/287/219
f 220/288/220 221/289/221 239/307/239
f 239/307/239 238/306/238 220/288/220
f 221/289/221 222/290/222 240/308/240
f 240/308/240 239/307/239 221/289/221
f 222/290/222 223/291/223 241/309/241
f 241/309/241 240/308/240 222/290/222
f 223/291/223 224/292/224 242/310/242
f 242/310/242 241/309/241 223/291/223
f 224/292/224 225/293/225 243/311/243
f 243/311/243 242/310/242 224/292/224
f 225/293/225 226/294/226 244/312/244
f 244/312/244 243/311/243 225/293/225
f 226/294/226 227/295/227 245/313/245
f 245/313/245 244/312/244 226/294/226
f 227/295/227 228/296/228 246/314/246
f 246/314/246 245/313/245 227/295/227
f 228/296/228 211/279/211 229/297/229
f 229/297/229 246/314/246 228/296/228
f 229/297/229 230/298/230 248/316/248
f 248/316/248 247/315/247 229/297/229
f 230/298/230 231/299/231 249/317/249
f 249/317/249 248/316/248 230/298/230
f 231/299/231 232/300/232 250/318/250
f 250/318/250 249/317/249 231/299/231
f 232/300/232 233/301/233 251/319/251
f 251/319/251 250/318/250 232/300/232
f 233/301/233 234/429/234 252/430/252
f 252/430/252 251/319/251 233/301/233
f 234/302/234 235/303/235 253/321/253
f 253/321/253 252/320/252 234/302/234
f 235/303/235 236/304/236 254/322/254
f 254/322/254 253/321/253 235/303/235
f 236/304/236 237/305/237 255/323/255
f 255/323/255 254/322/254 236/304/236
f 237/305/237 238/306/238 256/324/256
f 256/324/256 255/323/255 237/305/237
f 238/306/238 239/307/239 257/325/257
f 257/325/257 256/324/256 238/306/238
f 239/307/239 240/308/240 258/326/258
f 258/326/258 257/325/257 239/307/239
f 240/308/240 241/309/241 259/327/259
f 259/327/259 258/326/258 240/308/240
f 241/309/241 242/310/242 260/328/260
f 260/328/260 259/327/259 241/309/241
f 242/310/242 243/311/243 261/329/261
f 261/329/261 260/328/260 242/310/242
f 243/311/243 244/312/244 262/330/262
f 262/330/262 261/329/261 243/311/243
f 244/312/244 245/313/245 263/331/263
f 263/331/263 262/330/262 244/312/244
f 245/313/245 246/314/246 264/332/264
f 264/332/264 263/331/263 245/313/245
f 246/314/246 229/297/229 247/315/247
f 247/315/247 264/332/264 246/314/246
f 247/315/247 248/316/248 266/334/266
f 266/334/266 265/333/265 247/315/247
f 248/316/248 249/317/249 267/335/267
f 267/335/267 266/334/266 248/316/248
f 249/317/249 250/318/250 268/336/268
f 268/336/268 267/335/267 249/317/249
f 250/318/250 251/319/251 269/337/269
f 269/337/269 268/336/268 250/318/250
f 251/319/251 252/430/252 270/431/270
f 270/431/270 269/337/269 251/319/251
f 252/320/252 253/321/253 271/339/271
f 271/339/271 270/338/270 252/320/252
f 253/321/253 254/322/254 272/340/272
f 272/340/272 271/339/271 253/321/253
f 254/322/254 255/323/255 273/341/273
f 273/341/273 272/340/272 254/322/254
f 255/323/255 256/324/256 274/342/274
f 274/342/274 273/341/273 255/323/255
f 256/324/256 257/325/257 275/343/275
f 275/343/275 274/342/274 256/324/256
f 257/325/257 258/326/258 276/344/276
f 276/344/276 275/343/275 257/325/257
f 258/326/258 259/327/259 277/345/277
f 277/345/277 276/344/276 258/326/258
f 259/327/259 260/328/260 278/346/278
f 278/346/278 277/345/277 259/327/259
f 260/328/260 261/329/261 279/347/279
f 279/347/279 278/346/278 260/328/260
f 261/329/261 262/330/262 280/348/280
f 280/348/280 279/347/279 261/329/261
f 262/330/262 263/331/263 281/349/281
f 281/349/281 280/348/280 262/330/262
f 263/331/263 264/332/264 282/350/282
f 282/350/282 281/349/281 263/331/263
f 264/332/264 247/315/247 265/333/265
f 265/333/265 282/350/282 264/332/264
s 1
f 158/432/158 157/433/157 283/351/283
f 283/351/283 284/352/284 158/432/158
f 159/434/159 158/435/158 284/352/284
f 284/352/284 285/353/285 159/434/159
f 160/436/160 159/437/159 285/353/285
f 285/353/285 286/354/286 160/436/160
f 161/438/161 160/439/160 286/354/286
f 286/354/286 287/355/287 161/438/161
f 162/440/162 161/441/161 287/355/287
f 287/355/287 288/356/288 162/440/162
f 163/442/163 162/443/162 288/356/288
f 288/356/288 289/357/289 163/442/163
f 164/444/164 163/445/163 289/357/289
f 289/357/289 290/358/290 164/444/164
f 165/446/165 164/447/164 290/358/290
f 290/358/290 291/359/291 165/446/165
f 166/448/166 165/449/165 291/359/291
f 291/359/291 292/360/292 166/448/166
f 167/450/167 166/451/166 292/360/292
f 292/360/292 293/361/293 167/450/167
f 168/452/168 167/453/167 293/361/293
f 293/361/293 294/362/294 168/452/168
f 169/454/169 168/455/168 294/362/294
f 294/362/294 295/363/295 169/454/169
f 170/456/170 169/457/169 295/363/295
f 295/363/295 296/364/296 170/456/170
f 171/458/171 170/459/170 296/364/296
f 296/364/296 297/365/297 171/458/171
f 172/460/172 171/461/171 297/365/297
f 297/365/297 298/366/298 172/460/172
f 173/462/173 172/463/172 298/366/298
f 298/366/298 299/367/299 173/462/173
f 174/464/174 173/465/173 299/367/299
f 299/367/299 300/368/300 174/464/174
f 157/466/157 174/467/174 300/368/300
f 300/368/300 283/351/283 157/466/157
f 284/352/284 283/351/283 301/369/301
f 301/369/301 302/370/302 284/352/284
f 285/353/285 284/352/284 302/370/302
f 302/370/302 303/371/303 285/353/285
f 286/354/286 285/353/285 303/371/303
f 303/371/303 304/372/304 286/354/286
f 287/355/287 286/354/286 304/372/304
f 304/372/304 305/373/305 287/355/287
f 288/356/288 287/355/287 305/373/305
f 305/373/305 306/374/306 288/356/288
f 289/357/289 288/356/288 306/374/306
f 306/374/306 307/375/307 289/357/289
f 290/358/290 289/357/289 307/375/307
f 307/375/307 308/376/308 290/358/290
f 291/359/291 290/358/290 308/376/308
f 308/376/308 309/377/309 291/359/291
f 292/360/292 291/359/291 309/377/309
f 309/377/309 310/378/310 292/360/292
f 293/361/293 292/360/292 310/378/310
f 310/378/310 311/379/311 293/361/293
f 294/362/294 293/361/293 311/379/311
f 311/379/311 312/380/312 294/362/294
f 295/363/295 294/362/294 312/380/312
f 312/380/312 313/381/313 295/363/295
f 296/364/296 295/363/295 313/381/313
f 313/381/313 314/382/314 296/364/296
f 297/365/297 296/364/296 314/382/314
f 314/382/314 315/383/315 297/365/297
f 298/366/298 297/365/297 315/383/315
f 315/383/315 316/384/316 298/366/298
f 299/367/299 298/366/298 316/384/316
f 316/384/316 317/385/317 299/367/299
f 300/368/300 299/367/299 317/385/317
f 317/385/317 318/386/318 300/368/300
f 283/351/283 300/368/300 318/386/318
f 318/386/318 301/369/301 283/351/283
f 302/370/302 301/369/301 319/387/319
f 303/371/303 302/370/302 319/387/319
f 304/372/304 303/371/303 319/387/319
f 305/373/305 304/372/304 319/387/319
f 306/374/306 305/373/305 319/387/319
f 307/375/307 306/374/306 319/387/319
f 308/376/308 307/375/307 319/387/319
f 309/377/309 308/376/308 319/387/319
f 310/378/310 309/377/309 319/387/319
f 311/379/311 310/378/310 319/387/319
f 312/380/312 311/379/311 319/387/319
f 313/381/313 312/380/312 319/387/319
f 314/382/314 313/381/313 319/387/319
f 315/383/315 314/382/314 319/387/319
f 316/384/316 315/383/315 319/387/319
f 317/385/317 316/384/316 319/387/319
f 318/386/318 317/385/317 319/387/319
f 301/369/301 318/386/318 319/387/319
f 265/468/265 266/469/266 321/389/321
f 321/389/321 320/388/320 265/468/265
f 266/470/266 267/471/267 322/390/322
f 322/390/322 321/389/321 266/470/266
f 267/472/267 268/473/268 323/391/323
f 323/391/323 322/390/322 267/472/267
f 268/474/268 269/475/269 324/392/324
f 324/392/324 323/391/323 268/474/268
f 269/476/269 270/477/270 325/393/325
f 325/393/325 324/392/324 269/476/269
f 270/478/270 271/479/271 326/394/326
f 326/394/326 325/393/325 270/478/270
f 271/480/271 272/481/272 327/395/327
f 327/395/327 326/394/326 271/480/271
f 272/482/272 273/483/273 328/396/328
f 328/396/328 327/395/327 272/482/272
f 273/484/273 274/485/274 329/397/329
f 329/397/329 328/396/328 273/484/273
f 274/486/274 275/487/275 330/398/330
f 330/398/330 329/397/329 274/486/274
f 275/488/275 276/489/276 331/399/331
f 331/399/331 330/398/330 275/488/275
f 276/490/276 277/491/277 332/400/332
f 332/400/332 331/399/331 276/490/276
f 277/492/277 278/493/278 333/401/333
f 333/401/333 332/400/332 277/492/277
f 278/494/278 279/495/279 334/402/334
f 334/402/334 333/401/333 278/494/278
f 279/496/279 280/497/280 335/403/335
f 335/403/335 334/402/334 279/496/279
f 280/498/280 281/499/281 336/404/336
f 336/404/336 335/403/335 280/498/280
f 281/500/281 282/501/282 337/405/337
f 337/405/337 336/404/336 281/500/281
f 282/502/282 265/503/265 320/388/320
f 320/388/320 337/405/337 282/502/282
f 320/388/320 321/389/321 339/407/339
f 339/407/339 338/406/338 320/388/320
f 321/389/321 322/390/322 340/408/340
f 340/408/340 339/407/339 321/389/321
f 322/390/322 323/391/323 341/409/341
f 341/409/341 340/408/340 322/390/322
f 323/391/323 324/392/324 342/410/342
f 342/410/342 341/409/341 323/391/323
f 324/392/324 325/393/325 343/411/343
f 343/411/343 342/410/342 324/392/324
f 325/393/325 326/394/326 344/412/344
f 344/412/344 343/411/343 325/393/325
f 326/394/326 327/395/327 345/413/345
f 345/413/345 344/412/344 326/394/326
f 327/395/327 328/396/328 346/414/346
f 346/414/346 345/413/345 327/395/327
f 328/396/328 329/397/329 347/415/347
f 347/415/347 346/414/346 328/396/328
f 329/397/329 330/398/330 348/416/348
f 348/416/348 347/415/347 329/397/329
f 330/398/330 331/399/331 349/417/349
f 349/417/349 348/416/348 330/398/330
f 331/399/331 332/400/332 350/418/350
f 350/418/350 349/417/349 331/399/331
f 332/400/332 333/401/333 351/419/351
f 351/419/351 350/418/350 332/400/332
f 333/401/333 334/402/334 352/420/352
f 352/420/352 351/419/351 333/401/333
f 334/402/334 335/403/335 353/421/353
f 353/421/353 352/420/352 334/402/334
f 335/403/335 336/404/336 354/422/354
f 354/422/354 353/421/353 335/403/335
f 336/404/336 337/405/337 355/423/355
f 355/423/355 354/422/354 336/404/336
f 337/405/337 320/388/320 338/406/338
f 338/406/338 355/423/355 337/405/337
f 338/406/338 339/407/339 356/424/356
f 339/407/339 340/408/340 356/424/356
f 340/408/340 341/409/341 356/424/356
f 341/409/341 342/410/342 356/424/356
f 342/410/342 343/411/343 356/424/356
f 343/411/343 344/412/344 356/424/356
f 344/412/344 345/413/345 356/424/356
f 345/413/345 346/414/346 356/424/356
f 346/414/346 347/415/347 356/424/356
f 347/415/347 348/416/348 356/424/356
f 348/416/348 349/417/349 356/424/356
f 349/417/349 350/418/350 356/424/356
f 350/418/350 351/419/351 356/424/356
f 351/419/351 352/420/352 356/424/356
f 352/420/352 353/421/353 356/424/356
f 353/421/353 354/422/354 356/424/356
f 354/422/354 355/423/355 356/424/356
f 355/423/355 338/406/338 356/424/356
# 396 faces

g
# object Cylinder03 to come ...
#
v  212.619019 102.113853 13.062011
v  211.643005 102.118294 13.048042
v  210.771439 102.122505 12.860774
v  210.109467 102.125977 12.522794
v  209.736893 102.128281 12.074866
v  209.698685 102.129158 11.571019
v  209.999435 102.128487 11.072023
v  210.602875 102.126350 10.638065
v  211.436218 102.123016 10.321486
v  212.398972 102.118874 10.160470
v  213.374969 102.114433 10.174438
v  214.246536 102.110229 10.361707
v  214.908524 102.106758 10.699687
v  215.281082 102.104446 11.147614
v  215.319290 102.103577 11.651462
v  215.018539 102.104248 12.150457
v  214.415100 102.106377 12.584415
v  213.581757 102.109718 12.900995
v  212.617737 101.833420 13.061622
v  211.641739 101.837860 13.047653
v  210.768646 101.505615 12.859918
v  210.108185 101.845535 12.522405
v  209.735626 101.847847 12.074477
v  209.697418 101.848717 11.570630
v  209.998169 101.848053 11.071634
v  210.601608 101.845917 10.637676
v  211.434952 101.842583 10.321096
v  212.397690 101.838440 10.160081
v  213.373703 101.834000 10.174049
v  214.245270 101.829796 10.361318
v  214.907242 101.826324 10.699298
v  215.279816 101.824013 11.147225
v  215.318024 101.823143 11.651073
v  215.017273 101.823814 12.150068
v  214.413834 101.825943 12.584026
v  213.580475 101.829285 12.900606
v  212.613205 100.833260 13.060233
v  211.637207 100.837700 13.046265
v  210.765640 100.841904 12.858997
v  210.103653 100.845375 12.521017
v  209.731094 100.847687 12.073090
v  209.692886 100.848557 11.569242
v  209.993637 100.847885 11.070247
v  210.597076 100.845757 10.636288
v  211.430420 100.842415 10.319709
v  212.393158 100.838280 10.158693
v  213.369171 100.833839 10.172662
v  214.240738 100.829628 10.359930
v  214.902710 100.826164 10.697910
v  215.275284 100.823853 11.145838
v  215.313492 100.822975 11.649685
v  215.012741 100.823647 12.148681
v  214.409302 100.825783 12.582639
v  213.575943 100.829117 12.899218
v  212.610199 100.169548 13.059313
v  211.634201 100.173996 13.045344
v  210.762634 100.178200 12.858076
v  210.100647 100.181671 12.520096
v  209.728088 100.183983 12.072169
v  209.689865 100.184853 11.568321
v  209.990631 100.184181 11.069325
v  210.594070 100.182053 10.635367
v  211.427414 100.178711 10.318789
v  212.390152 100.174576 10.157772
v  213.366165 100.170135 10.171741
v  214.237717 100.165924 10.359009
v  214.899704 100.162453 10.696989
v  215.272278 100.160149 11.144917
v  215.310486 100.159271 11.648764
v  215.009735 100.159943 12.147759
v  214.406296 100.162079 12.581718
v  213.572937 100.165413 12.898297
v  212.607193 99.505844 13.058392
v  211.631195 99.510284 13.044423
v  210.759628 99.514496 12.857155
v  210.097641 99.517967 12.519175
v  209.725082 99.520271 12.071248
v  209.686859 99.521149 11.567401
v  209.987625 99.520477 11.068405
v  210.591064 99.518341 10.634446
v  211.424408 99.515007 10.317867
v  212.387146 99.510872 10.156852
v  213.363159 99.506432 10.170820
v  214.234711 99.502220 10.358088
v  214.896698 99.498749 10.696069
v  215.269272 99.496445 11.143995
v  215.307480 99.495567 11.647842
v  215.006729 99.496239 12.146839
v  214.403290 99.498375 12.580797
v  213.569931 99.501709 12.897376
v  212.604187 98.842140 13.057471
v  211.628174 98.846581 13.043503
v  210.756622 98.850792 12.856235
v  210.094635 98.854263 12.518254
v  209.722076 98.856567 12.070327
v  209.683853 98.857445 11.566480
v  209.984604 98.856773 11.067484
v  210.588058 98.854637 10.633526
v  211.421402 98.851303 10.316946
v  212.384140 98.847168 10.155931
v  213.360153 98.842720 10.169899
v  214.231705 98.838516 10.357167
v  214.893692 98.835045 10.695148
v  215.266266 98.832733 11.143075
v  215.304474 98.831863 11.646922
v  215.003723 98.832535 12.145918
v  214.400269 98.834663 12.579876
v  213.566925 98.838005 12.896456
v  212.601181 98.178436 13.056550
v  211.625168 98.182877 13.042582
v  210.753616 98.187088 12.855313
v  210.091629 98.190559 12.517333
v  209.719055 98.192863 12.069407
v  209.680847 98.193741 11.565559
v  209.981598 98.193069 11.066563
v  210.585052 98.190933 10.632605
v  211.418396 98.187599 10.316026
v  212.381134 98.183456 10.155010
v  213.357147 98.179016 10.168979
v  214.228699 98.174812 10.356247
v  214.890686 98.171341 10.694227
v  215.263260 98.169029 11.142154
v  215.301468 98.168159 11.646001
v  215.000717 98.168831 12.144997
v  214.397263 98.170959 12.578956
v  213.563919 98.174301 12.895535
v  212.582336 102.114693 12.578421
v  211.931671 102.117653 12.569108
v  211.350632 102.120461 12.444263
v  210.909302 102.122772 12.218943
v  210.660919 102.124313 11.920324
v  210.635452 102.124893 11.584426
v  210.835953 102.124443 11.251762
v  211.238251 102.123024 10.962457
v  211.793808 102.120796 10.751404
v  212.435638 102.118042 10.644060
v  213.086319 102.115082 10.653373
v  213.667358 102.112274 10.778218
v  214.108673 102.109962 11.003538
v  214.357056 102.108421 11.302156
v  214.382523 102.107841 11.638055
v  214.182022 102.108284 11.970718
v  213.779724 102.109711 12.260024
v  213.224167 102.111931 12.471077
v  212.545670 102.115532 12.094831
v  212.220322 102.117012 12.090174
v  211.929810 102.118416 12.027751
v  211.709152 102.119568 11.915092
v  211.584961 102.120338 11.765782
v  211.572220 102.120628 11.597834
v  211.672470 102.120407 11.431501
v  211.873611 102.119698 11.286848
v  212.151398 102.118584 11.181322
v  212.472321 102.117203 11.127650
v  212.797653 102.115723 11.132306
v  213.088165 102.114319 11.194729
v  213.308838 102.113167 11.307389
v  213.433014 102.112396 11.456698
v  213.445755 102.112106 11.624647
v  213.345505 102.112328 11.790979
v  213.144363 102.113037 11.935632
v  212.866577 102.114151 12.041159
v  212.508987 102.116364 11.611240
v  212.564514 98.179276 12.572960
v  211.913834 98.182236 12.563647
v  211.332794 98.185043 12.438803
v  210.891464 98.187355 12.213482
v  210.643097 98.188896 11.914865
v  210.617615 98.189476 11.578966
v  210.818115 98.189026 11.246302
v  211.220413 98.187607 10.956996
v  211.775986 98.185379 10.745944
v  212.417801 98.182625 10.638599
v  213.068481 98.179665 10.647912
v  213.649521 98.176857 10.772758
v  214.090851 98.174545 10.998078
v  214.339218 98.173004 11.296696
v  214.364700 98.172424 11.632594
v  214.164200 98.172867 11.965258
v  213.761902 98.174294 12.254563
v  213.206329 98.176514 12.465616
v  212.527832 98.180115 12.089370
v  212.202499 98.181595 12.084714
v  211.911972 98.182991 12.022291
v  211.691315 98.184151 11.909631
v  211.567123 98.184921 11.760322
v  211.554382 98.185211 11.592373
v  211.654633 98.184990 11.426041
v  211.855789 98.184280 11.281388
v  212.133575 98.183167 11.175861
v  212.454483 98.181786 11.122190
v  212.779816 98.180305 11.126846
v  213.070343 98.178902 11.189269
v  213.291000 98.177750 11.301929
v  213.415192 98.176979 11.451238
v  213.427933 98.176689 11.619187
v  213.327682 98.176910 11.785519
v  213.126526 98.177620 11.930172
v  212.848740 98.178734 12.035698
v  212.491165 98.180946 11.605780
# 200 vertices

vt  0.750000 0.000000 1.000000
vt  0.805556 0.000000 1.000000
vt  0.861111 0.000000 1.000000
vt  0.916667 0.000000 1.000000
vt  0.972222 0.000000 1.000000
vt  0.027778 0.000000 1.000000
vt  0.083333 0.000000 1.000000
vt  0.138889 0.000000 1.000000
vt  0.194444 0.000000 1.000000
vt  0.250000 0.000000 1.000000
vt  0.305556 0.000000 1.000000
vt  0.361111 0.000000 1.000000
vt  0.416667 0.000000 1.000000
vt  0.472222 0.000000 1.000000
vt  0.527778 0.000000 1.000000
vt  0.583333 0.000000 1.000000
vt  0.638889 0.000000 1.000000
vt  0.694444 0.000000 1.000000
vt  0.750000 0.166667 1.000000
vt  0.805556 0.166667 1.000000
vt  0.861111 0.166667 1.000000
vt  0.916667 0.166667 1.000000
vt  0.972222 0.166667 1.000000
vt  0.027778 0.166667 1.000000
vt  0.083333 0.166667 1.000000
vt  0.138889 0.166667 1.000000
vt  0.194444 0.166667 1.000000
vt  0.250000 0.166667 1.000000
vt  0.305556 0.166667 1.000000
vt  0.361111 0.166667 1.000000
vt  0.416667 0.166667 1.000000
vt  0.472222 0.166667 1.000000
vt  0.527778 0.166667 1.000000
vt  0.583333 0.166667 1.000000
vt  0.638889 0.166667 1.000000
vt  0.694444 0.166667 1.000000
vt  0.750000 0.333333 1.000000
vt  0.805556 0.333333 1.000000
vt  0.861111 0.333333 1.000000
vt  0.916667 0.333333 1.000000
vt  0.972222 0.333333 1.000000
vt  0.027778 0.333333 1.000000
vt  0.083333 0.333333 1.000000
vt  0.138889 0.333333 1.000000
vt  0.194444 0.333333 1.000000
vt  0.250000 0.333333 1.000000
vt  0.305556 0.333333 1.000000
vt  0.361111 0.333333 1.000000
vt  0.416667 0.333333 1.000000
vt  0.472222 0.333333 1.000000
vt  0.527778 0.333333 1.000000
vt  0.583333 0.333333 1.000000
vt  0.638889 0.333333 1.000000
vt  0.694444 0.333333 1.000000
vt  0.750000 0.500000 1.000000
vt  0.805556 0.500000 1.000000
vt  0.861111 0.500000 1.000000
vt  0.916667 0.500000 1.000000
vt  0.972222 0.500000 1.000000
vt  0.027778 0.500000 1.000000
vt  0.083333 0.500000 1.000000
vt  0.138889 0.500000 1.000000
vt  0.194444 0.500000 1.000000
vt  0.250000 0.500000 1.000000
vt  0.305556 0.500000 1.000000
vt  0.361111 0.500000 1.000000
vt  0.416667 0.500000 1.000000
vt  0.472222 0.500000 1.000000
vt  0.527778 0.500000 1.000000
vt  0.583333 0.500000 1.000000
vt  0.638889 0.500000 1.000000
vt  0.694444 0.500000 1.000000
vt  0.750000 0.666667 1.000000
vt  0.805556 0.666667 1.000000
vt  0.861111 0.666667 1.000000
vt  0.916667 0.666667 1.000000
vt  0.972222 0.666667 1.000000
vt  0.027778 0.666667 1.000000
vt  0.083333 0.666667 1.000000
vt  0.138889 0.666667 1.000000
vt  0.194444 0.666667 1.000000
vt  0.250000 0.666667 1.000000
vt  0.305556 0.666667 1.000000
vt  0.361111 0.666667 1.000000
vt  0.416667 0.666667 1.000000
vt  0.472222 0.666667 1.000000
vt  0.527778 0.666667 1.000000
vt  0.583333 0.666667 1.000000
vt  0.638889 0.666667 1.000000
vt  0.694444 0.666667 1.000000
vt  0.750000 0.833333 1.000000
vt  0.805556 0.833333 1.000000
vt  0.861111 0.833333 1.000000
vt  0.916667 0.833333 1.000000
vt  0.972222 0.833333 1.000000
vt  0.027778 0.833333 1.000000
vt  0.083333 0.833333 1.000000
vt  0.138889 0.833333 1.000000
vt  0.194444 0.833333 1.000000
vt  0.250000 0.833333 1.000000
vt  0.305556 0.833333 1.000000
vt  0.361111 0.833333 1.000000
vt  0.416667 0.833333 1.000000
vt  0.472222 0.833333 1.000000
vt  0.527778 0.833333 1.000000
vt  0.583333 0.833333 1.000000
vt  0.638889 0.833333 1.000000
vt  0.694444 0.833333 1.000000
vt  0.750000 1.000000 1.000000
vt  0.805556 1.000000 1.000000
vt  0.861111 1.000000 1.000000
vt  0.916667 1.000000 1.000000
vt  0.972222 1.000000 1.000000
vt  0.027778 1.000000 1.000000
vt  0.083333 1.000000 1.000000
vt  0.138889 1.000000 1.000000
vt  0.194444 1.000000 1.000000
vt  0.250000 1.000000 1.000000
vt  0.305556 1.000000 1.000000
vt  0.361111 1.000000 1.000000
vt  0.416667 1.000000 1.000000
vt  0.472222 1.000000 1.000000
vt  0.527778 1.000000 1.000000
vt  0.583333 1.000000 1.000000
vt  0.638889 1.000000 1.000000
vt  0.694444 1.000000 1.000000
vt  0.500000 0.833333 -0.250000
vt  0.385993 0.813231 -0.250000
vt  0.285737 0.755348 -0.250000
vt  0.211325 0.666667 -0.250000
vt  0.171731 0.557883 -0.250000
vt  0.171731 0.442117 -0.250000
vt  0.211325 0.333333 -0.250000
vt  0.285738 0.244652 -0.250000
vt  0.385993 0.186769 -0.250000
vt  0.500000 0.166667 -0.250000
vt  0.614007 0.186769 -0.250000
vt  0.714263 0.244652 -0.250000
vt  0.788675 0.333333 -0.250000
vt  0.828269 0.442117 -0.250000
vt  0.828269 0.557883 -0.250000
vt  0.788675 0.666667 -0.250000
vt  0.714262 0.755348 -0.250000
vt  0.614007 0.813231 -0.250000
vt  0.500000 0.666667 -0.250000
vt  0.442997 0.656615 -0.250000
vt  0.392869 0.627674 -0.250000
vt  0.355662 0.583333 -0.250000
vt  0.335865 0.528941 -0.250000
vt  0.335865 0.471059 -0.250000
vt  0.355662 0.416667 -0.250000
vt  0.392869 0.372326 -0.250000
vt  0.442997 0.343385 -0.250000
vt  0.500000 0.333333 -0.250000
vt  0.557003 0.343385 -0.250000
vt  0.607131 0.372326 -0.250000
vt  0.644338 0.416667 -0.250000
vt  0.664135 0.471059 -0.250000
vt  0.664135 0.528941 -0.250000
vt  0.644338 0.583333 -0.250000
vt  0.607131 0.627674 -0.250000
vt  0.557003 0.656615 -0.250000
vt  0.500000 0.500000 -0.250000
vt  0.500000 0.833333 0.250000
vt  0.385993 0.813231 0.250000
vt  0.285737 0.755348 0.250000
vt  0.211325 0.666667 0.250000
vt  0.171731 0.557883 0.250000
vt  0.171731 0.442117 0.250000
vt  0.211325 0.333333 0.250000
vt  0.285738 0.244652 0.250000
vt  0.385993 0.186769 0.250000
vt  0.500000 0.166667 0.250000
vt  0.614007 0.186769 0.250000
vt  0.714263 0.244652 0.250000
vt  0.788675 0.333333 0.250000
vt  0.828269 0.442117 0.250000
vt  0.828269 0.557883 0.250000
vt  0.788675 0.666667 0.250000
vt  0.714262 0.755348 0.250000
vt  0.614007 0.813231 0.250000
vt  0.500000 0.666667 0.250000
vt  0.442997 0.656615 0.250000
vt  0.392869 0.627674 0.250000
vt  0.355662 0.583333 0.250000
vt  0.335865 0.528941 0.250000
vt  0.335865 0.471059 0.250000
vt  0.355662 0.416667 0.250000
vt  0.392869 0.372326 0.250000
vt  0.442997 0.343385 0.250000
vt  0.500000 0.333333 0.250000
vt  0.557003 0.343385 0.250000
vt  0.607131 0.372326 0.250000
vt  0.644338 0.416667 0.250000
vt  0.664135 0.471059 0.250000
vt  0.664135 0.528941 0.250000
vt  0.644338 0.583333 0.250000
vt  0.607131 0.627674 0.250000
vt  0.557003 0.656615 0.250000
vt  0.500000 0.500000 0.250000
vt  1.027778 0.000000 1.000000
vt  1.027778 0.166667 1.000000
vt  1.027778 0.333333 1.000000
vt  1.027778 0.500000 1.000000
vt  1.027778 0.666667 1.000000
vt  1.027778 0.833333 1.000000
vt  1.027778 1.000000 1.000000
vt  0.328990 0.969846 -0.250000
vt  0.500000 1.000000 -0.250000
vt  0.178606 0.883022 -0.250000
vt  0.328990 0.969846 -0.250000
vt  0.066987 0.750000 -0.250000
vt  0.178606 0.883022 -0.250000
vt  0.007596 0.586824 -0.250000
vt  0.066987 0.750000 -0.250000
vt  0.007596 0.413176 -0.250000
vt  0.007596 0.586824 -0.250000
vt  0.066987 0.250000 -0.250000
vt  0.007596 0.413176 -0.250000
vt  0.178606 0.116978 -0.250000
vt  0.066987 0.250000 -0.250000
vt  0.328990 0.030154 -0.250000
vt  0.178606 0.116978 -0.250000
vt  0.500000 0.000000 -0.250000
vt  0.328990 0.030154 -0.250000
vt  0.671010 0.030154 -0.250000
vt  0.500000 0.000000 -0.250000
vt  0.821394 0.116978 -0.250000
vt  0.671010 0.030154 -0.250000
vt  0.933013 0.250000 -0.250000
vt  0.821394 0.116978 -0.250000
vt  0.992404 0.413176 -0.250000
vt  0.933013 0.250000 -0.250000
vt  0.992404 0.586824 -0.250000
vt  0.992404 0.413176 -0.250000
vt  0.933013 0.750000 -0.250000
vt  0.992404 0.586824 -0.250000
vt  0.821394 0.883022 -0.250000
vt  0.933013 0.750000 -0.250000
vt  0.671010 0.969846 -0.250000
vt  0.821394 0.883022 -0.250000
vt  0.500000 1.000000 -0.250000
vt  0.671010 0.969846 -0.250000
vt  0.500000 1.000000 0.250000
vt  0.328990 0.969846 0.250000
vt  0.328990 0.969846 0.250000
vt  0.178606 0.883022 0.250000
vt  0.178606 0.883022 0.250000
vt  0.066987 0.750000 0.250000
vt  0.066987 0.750000 0.250000
vt  0.007596 0.586824 0.250000
vt  0.007596 0.586824 0.250000
vt  0.007596 0.413176 0.250000
vt  0.007596 0.413176 0.250000
vt  0.066987 0.250000 0.250000
vt  0.066987 0.250000 0.250000
vt  0.178606 0.116978 0.250000
vt  0.178606 0.116978 0.250000
vt  0.328990 0.030154 0.250000
vt  0.328990 0.030154 0.250000
vt  0.500000 0.000000 0.250000
vt  0.500000 0.000000 0.250000
vt  0.671010 0.030154 0.250000
vt  0.671010 0.030154 0.250000
vt  0.821394 0.116978 0.250000
vt  0.821394 0.116978 0.250000
vt  0.933013 0.250000 0.250000
vt  0.933013 0.250000 0.250000
vt  0.992404 0.413176 0.250000
vt  0.992404 0.413176 0.250000
vt  0.992404 0.586824 0.250000
vt  0.992404 0.586824 0.250000
vt  0.933013 0.750000 0.250000
vt  0.933013 0.750000 0.250000
vt  0.821394 0.883022 0.250000
vt  0.821394 0.883022 0.250000
vt  0.671010 0.969846 0.250000
vt  0.671010 0.969846 0.250000
vt  0.500000 1.000000 0.250000
# 279 texture vertices

vn  0.106909 -0.002440 1.409684
vn  -0.841460 0.001875 1.396111
vn  -1.688336 0.005965 1.214147
vn  -2.331574 0.009335 0.885738
vn  -2.693590 0.011579 0.450496
vn  -2.730719 0.012427 -0.039082
vn  -2.438483 0.011776 -0.523946
vn  -1.852130 0.009704 -0.945615
vn  -1.042382 0.006462 -1.253228
vn  -0.106908 0.002440 -1.409684
vn  0.841460 -0.001875 -1.396111
vn  1.688337 -0.005965 -1.214146
vn  2.331575 -0.009335 -0.885738
vn  2.693590 -0.011579 -0.450496
vn  2.730719 -0.012427 0.039082
vn  2.438483 -0.011776 0.523946
vn  1.852129 -0.009704 0.945615
vn  1.042382 -0.006462 1.253228
vn  0.034555 -0.000789 0.455639
vn  -0.271977 0.000606 0.451251
vn  -0.545705 0.001928 0.392437
vn  -0.753612 0.003017 0.286289
vn  -0.870623 0.003743 0.145609
vn  -0.882624 0.004017 -0.012632
vn  -0.788167 0.003806 -0.169350
vn  -0.598646 0.003136 -0.305642
vn  -0.336919 0.002089 -0.405069
vn  -0.034555 0.000789 -0.455639
vn  0.271977 -0.000606 -0.451251
vn  0.545705 -0.001928 -0.392437
vn  0.753612 -0.003017 -0.286288
vn  0.870623 -0.003743 -0.145609
vn  0.882624 -0.004017 0.012632
vn  0.788167 -0.003806 0.169350
vn  0.598646 -0.003136 0.305642
vn  0.336919 -0.002089 0.405069
vn  0.034555 -0.000789 0.455639
vn  -0.271977 0.000606 0.451252
vn  -0.545705 0.001928 0.392437
vn  -0.753612 0.003017 0.286289
vn  -0.870623 0.003743 0.145610
vn  -0.882624 0.004017 -0.012632
vn  -0.788167 0.003806 -0.169350
vn  -0.598646 0.003136 -0.305642
vn  -0.336919 0.002089 -0.405069
vn  -0.034555 0.000789 -0.455639
vn  0.271977 -0.000606 -0.451251
vn  0.545705 -0.001928 -0.392437
vn  0.753612 -0.003017 -0.286288
vn  0.870623 -0.003743 -0.145609
vn  0.882624 -0.004017 0.012632
vn  0.788167 -0.003806 0.169350
vn  0.598646 -0.003136 0.305642
vn  0.336919 -0.002089 0.405069
vn  0.034555 -0.000789 0.455639
vn  -0.271977 0.000606 0.451252
vn  -0.545705 0.001928 0.392437
vn  -0.753612 0.003017 0.286289
vn  -0.870623 0.003743 0.145610
vn  -0.882624 0.004017 -0.012632
vn  -0.788167 0.003806 -0.169350
vn  -0.598646 0.003136 -0.305642
vn  -0.336919 0.002089 -0.405069
vn  -0.034555 0.000789 -0.455639
vn  0.271977 -0.000606 -0.451251
vn  0.545705 -0.001928 -0.392437
vn  0.753612 -0.003017 -0.286288
vn  0.870623 -0.003743 -0.145609
vn  0.882624 -0.004017 0.012632
vn  0.788167 -0.003806 0.169350
vn  0.598646 -0.003136 0.305642
vn  0.336919 -0.002089 0.405069
vn  0.034555 -0.000789 0.455639
vn  -0.271977 0.000606 0.451252
vn  -0.545705 0.001928 0.392437
vn  -0.753612 0.003017 0.286289
vn  -0.870623 0.003743 0.145610
vn  -0.882624 0.004017 -0.012632
vn  -0.788167 0.003806 -0.169350
vn  -0.598646 0.003136 -0.305642
vn  -0.336919 0.002089 -0.405069
vn  -0.034555 0.000789 -0.455639
vn  0.271977 -0.000606 -0.451251
vn  0.545705 -0.001928 -0.392437
vn  0.753612 -0.003017 -0.286288
vn  0.870623 -0.003743 -0.145609
vn  0.882624 -0.004017 0.012632
vn  0.788167 -0.003806 0.169350
vn  0.598646 -0.003136 0.305642
vn  0.336919 -0.002089 0.405069
vn  0.034555 -0.000789 0.455639
vn  -0.271977 0.000606 0.451252
vn  -0.545705 0.001928 0.392437
vn  -0.753612 0.003017 0.286289
vn  -0.870623 0.003743 0.145610
vn  -0.882624 0.004017 -0.012632
vn  -0.788167 0.003806 -0.169350
vn  -0.598646 0.003136 -0.305642
vn  -0.336919 0.002089 -0.405069
vn  -0.034555 0.000789 -0.455639
vn  0.271977 -0.000606 -0.451251
vn  0.545705 -0.001928 -0.392437
vn  0.753612 -0.003017 -0.286288
vn  0.870623 -0.003743 -0.145609
vn  0.882624 -0.004017 0.012632
vn  0.788167 -0.003806 0.169350
vn  0.598646 -0.003136 0.305642
vn  0.336919 -0.002089 0.405069
vn  0.106909 -0.002440 1.409684
vn  -0.841460 0.001875 1.396111
vn  -1.688336 0.005965 1.214146
vn  -2.331574 0.009335 0.885738
vn  -2.693590 0.011579 0.450496
vn  -2.730719 0.012427 -0.039082
vn  -2.438483 0.011776 -0.523946
vn  -1.852130 0.009704 -0.945615
vn  -1.042382 0.006462 -1.253228
vn  -0.106908 0.002440 -1.409684
vn  0.841460 -0.001875 -1.396111
vn  1.688337 -0.005965 -1.214146
vn  2.331575 -0.009335 -0.885738
vn  2.693590 -0.011579 -0.450496
vn  2.730719 -0.012427 0.039082
vn  2.438483 -0.011776 0.523947
vn  1.852129 -0.009704 0.945615
vn  1.042382 -0.006462 1.253228
vn  0.000641 0.141509 0.000196
vn  0.000641 0.141509 0.000196
vn  0.000641 0.141509 0.000196
vn  0.000641 0.141509 0.000196
vn  0.000641 0.141509 0.000196
vn  0.000641 0.141509 0.000196
vn  0.000641 0.141509 0.000196
vn  0.000641 0.141509 0.000196
vn  0.000641 0.141509 0.000196
vn  0.000641 0.141509 0.000196
vn  0.000641 0.141509 0.000196
vn  0.000641 0.141509 0.000196
vn  0.000641 0.141509 0.000196
vn  0.000641 0.141509 0.000196
vn  0.000641 0.141509 0.000196
vn  0.000641 0.141509 0.000196
vn  0.000641 0.141509 0.000196
vn  0.000641 0.141509 0.000196
vn  0.000641 0.141509 0.000196
vn  0.000641 0.141509 0.000196
vn  0.000641 0.141509 0.000196
vn  0.000641 0.141509 0.000196
vn  0.000641 0.141509 0.000196
vn  0.000641 0.141509 0.000196
vn  0.000641 0.141509 0.000196
vn  0.000641 0.141509 0.000196
vn  0.000641 0.141509 0.000196
vn  0.000641 0.141509 0.000196
vn  0.000641 0.141509 0.000196
vn  0.000641 0.141509 0.000196
vn  0.000641 0.141509 0.000196
vn  0.000641 0.141509 0.000196
vn  0.000641 0.141509 0.000196
vn  0.000641 0.141509 0.000196
vn  0.000641 0.141509 0.000196
vn  0.000641 0.141509 0.000196
vn  0.000641 0.141509 0.000196
vn  -0.000641 -0.141509 -0.000196
vn  -0.000641 -0.141509 -0.000196
vn  -0.000641 -0.141509 -0.000196
vn  -0.000641 -0.141509 -0.000196
vn  -0.000641 -0.141509 -0.000196
vn  -0.000641 -0.141509 -0.000196
vn  -0.000641 -0.141509 -0.000196
vn  -0.000641 -0.141509 -0.000196
vn  -0.000641 -0.141509 -0.000196
vn  -0.000641 -0.141509 -0.000196
vn  -0.000641 -0.141509 -0.000196
vn  -0.000641 -0.141509 -0.000196
vn  -0.000641 -0.141509 -0.000196
vn  -0.000641 -0.141509 -0.000196
vn  -0.000641 -0.141509 -0.000196
vn  -0.000641 -0.141509 -0.000196
vn  -0.000641 -0.141509 -0.000196
vn  -0.000641 -0.141509 -0.000196
vn  -0.000641 -0.141509 -0.000196
vn  -0.000641 -0.141509 -0.000196
vn  -0.000641 -0.141509 -0.000196
vn  -0.000641 -0.141509 -0.000196
vn  -0.000641 -0.141509 -0.000196
vn  -0.000641 -0.141509 -0.000196
vn  -0.000641 -0.141509 -0.000196
vn  -0.000641 -0.141509 -0.000196
vn  -0.000641 -0.141509 -0.000196
vn  -0.000641 -0.141509 -0.000196
vn  -0.000641 -0.141509 -0.000196
vn  -0.000641 -0.141509 -0.000196
vn  -0.000641 -0.141509 -0.000196
vn  -0.000641 -0.141509 -0.000196
vn  -0.000641 -0.141509 -0.000196
vn  -0.000641 -0.141509 -0.000196
vn  -0.000641 -0.141509 -0.000196
vn  -0.000641 -0.141509 -0.000196
vn  -0.000641 -0.141509 -0.000196
# 200 vertex normals

g Cylinder03
s 8
f 357/504/357 358/505/358 376/523/376
f 376/523/376 375/522/375 357/504/357
f 358/505/358 359/506/359 377/524/377
f 377/524/377 376/523/376 358/505/358
f 359/506/359 360/507/360 378/525/378
f 378/525/378 377/524/377 359/506/359
f 360/507/360 361/508/361 379/526/379
f 379/526/379 378/525/378 360/507/360
f 361/508/361 362/704/362 380/705/380
f 380/705/380 379/526/379 361/508/361
f 362/509/362 363/510/363 381/528/381
f 381/528/381 380/527/380 362/509/362
f 363/510/363 364/511/364 382/529/382
f 382/529/382 381/528/381 363/510/363
f 364/511/364 365/512/365 383/530/383
f 383/530/383 382/529/382 364/511/364
f 365/512/365 366/513/366 384/531/384
f 384/531/384 383/530/383 365/512/365
f 366/513/366 367/514/367 385/532/385
f 385/532/385 384/531/384 366/513/366
f 367/514/367 368/515/368 386/533/386
f 386/533/386 385/532/385 367/514/367
f 368/515/368 369/516/369 387/534/387
f 387/534/387 386/533/386 368/515/368
f 369/516/369 370/517/370 388/535/388
f 388/535/388 387/534/387 369/516/369
f 370/517/370 371/518/371 389/536/389
f 389/536/389 388/535/388 370/517/370
f 371/518/371 372/519/372 390/537/390
f 390/537/390 389/536/389 371/518/371
f 372/519/372 373/520/373 391/538/391
f 391/538/391 390/537/390 372/519/372
f 373/520/373 374/521/374 392/539/392
f 392/539/392 391/538/391 373/520/373
f 374/521/374 357/504/357 375/522/375
f 375/522/375 392/539/392 374/521/374
f 375/522/375 376/523/376 394/541/394
f 394/541/394 393/540/393 375/522/375
f 376/523/376 377/524/377 395/542/395
f 395/542/395 394/541/394 376/523/376
f 377/524/377 378/525/378 396/543/396
f 396/543/396 395/542/395 377/524/377
f 378/525/378 379/526/379 397/544/397
f 397/544/397 396/543/396 378/525/378
f 379/526/379 380/705/380 398/706/398
f 398/706/398 397/544/397 379/526/379
f 380/527/380 381/528/381 399/546/399
f 399/546/399 398/545/398 380/527/380
f 381/528/381 382/529/382 400/547/400
f 400/547/400 399/546/399 381/528/381
f 382/529/382 383/530/383 401/548/401
f 401/548/401 400/547/400 382/529/382
f 383/530/383 384/531/384 402/549/402
f 402/549/402 401/548/401 383/530/383
f 384/531/384 385/532/385 403/550/403
f 403/550/403 402/549/402 384/531/384
f 385/532/385 386/533/386 404/551/404
f 404/551/404 403/550/403 385/532/385
f 386/533/386 387/534/387 405/552/405
f 405/552/405 404/551/404 386/533/386
f 387/534/387 388/535/388 406/553/406
f 406/553/406 405/552/405 387/534/387
f 388/535/388 389/536/389 407/554/407
f 407/554/407 406/553/406 388/535/388
f 389/536/389 390/537/390 408/555/408
f 408/555/408 407/554/407 389/536/389
f 390/537/390 391/538/391 409/556/409
f 409/556/409 408/555/408 390/537/390
f 391/538/391 392/539/392 410/557/410
f 410/557/410 409/556/409 391/538/391
f 392/539/392 375/522/375 393/540/393
f 393/540/393 410/557/410 392/539/392
f 393/540/393 394/541/394 412/559/412
f 412/559/412 411/558/411 393/540/393
f 394/541/394 395/542/395 413/560/413
f 413/560/413 412/559/412 394/541/394
f 395/542/395 396/543/396 414/561/414
f 414/561/414 413/560/413 395/542/395
f 396/543/396 397/544/397 415/562/415
f 415/562/415 414/561/414 396/543/396
f 397/544/397 398/706/398 416/707/416
f 416/707/416 415/562/415 397/544/397
f 398/545/398 399/546/399 417/564/417
f 417/564/417 416/563/416 398/545/398
f 399/546/399 400/547/400 418/565/418
f 418/565/418 417/564/417 399/546/399
f 400/547/400 401/548/401 419/566/419
f 419/566/419 418/565/418 400/547/400
f 401/548/401 402/549/402 420/567/420
f 420/567/420 419/566/419 401/548/401
f 402/549/402 403/550/403 421/568/421
f 421/568/421 420/567/420 402/549/402
f 403/550/403 404/551/404 422/569/422
f 422/569/422 421/568/421 403/550/403
f 404/551/404 405/552/405 423/570/423
f 423/570/423 422/569/422 404/551/404
f 405/552/405 406/553/406 424/571/424
f 424/571/424 423/570/423 405/552/405
f 406/553/406 407/554/407 425/572/425
f 425/572/425 424/571/424 406/553/406
f 407/554/407 408/555/408 426/573/426
f 426/573/426 425/572/425 407/554/407
f 408/555/408 409/556/409 427/574/427
f 427/574/427 426/573/426 408/555/408
f 409/556/409 410/557/410 428/575/428
f 428/575/428 427/574/427 409/556/409
f 410/557/410 393/540/393 411/558/411
f 411/558/411 428/575/428 410/557/410
f 411/558/411 412/559/412 430/577/430
f 430/577/430 429/576/429 411/558/411
f 412/559/412 413/560/413 431/578/431
f 431/578/431 430/577/430 412/559/412
f 413/560/413 414/561/414 432/579/432
f 432/579/432 431/578/431 413/560/413
f 414/561/414 415/562/415 433/580/433
f 433/580/433 432/579/432 414/561/414
f 415/562/415 416/707/416 434/708/434
f 434/708/434 433/580/433 415/562/415
f 416/563/416 417/564/417 435/582/435
f 435/582/435 434/581/434 416/563/416
f 417/564/417 418/565/418 436/583/436
f 436/583/436 435/582/435 417/564/417
f 418/565/418 419/566/419 437/584/437
f 437/584/437 436/583/436 418/565/418
f 419/566/419 420/567/420 438/585/438
f 438/585/438 437/584/437 419/566/419
f 420/567/420 421/568/421 439/586/439
f 439/586/439 438/585/438 420/567/420
f 421/568/421 422/569/422 440/587/440
f 440/587/440 439/586/439 421/568/421
f 422/569/422 423/570/423 441/588/441
f 441/588/441 440/587/440 422/569/422
f 423/570/423 424/571/424 442/589/442
f 442/589/442 441/588/441 423/570/423
f 424/571/424 425/572/425 443/590/443
f 443/590/443 442/589/442 424/571/424
f 425/572/425 426/573/426 444/591/444
f 444/591/444 443/590/443 425/572/425
f 426/573/426 427/574/427 445/592/445
f 445/592/445 444/591/444 426/573/426
f 427/574/427 428/575/428 446/593/446
f 446/593/446 445/592/445 427/574/427
f 428/575/428 411/558/411 429/576/429
f 429/576/429 446/593/446 428/575/428
f 429/576/429 430/577/430 448/595/448
f 448/595/448 447/594/447 429/576/429
f 430/577/430 431/578/431 449/596/449
f 449/596/449 448/595/448 430/577/430
f 431/578/431 432/579/432 450/597/450
f 450/597/450 449/596/449 431/578/431
f 432/579/432 433/580/433 451/598/451
f 451/598/451 450/597/450 432/579/432
f 433/580/433 434/708/434 452/709/452
f 452/709/452 451/598/451 433/580/433
f 434/581/434 435/582/435 453/600/453
f 453/600/453 452/599/452 434/581/434
f 435/582/435 436/583/436 454/601/454
f 454/601/454 453/600/453 435/582/435
f 436/583/436 437/584/437 455/602/455
f 455/602/455 454/601/454 436/583/436
f 437/584/437 438/585/438 456/603/456
f 456/603/456 455/602/455 437/584/437
f 438/585/438 439/586/439 457/604/457
f 457/604/457 456/603/456 438/585/438
f 439/586/439 440/587/440 458/605/458
f 458/605/458 457/604/457 439/586/439
f 440/587/440 441/588/441 459/606/459
f 459/606/459 458/605/458 440/587/440
f 441/588/441 442/589/442 460/607/460
f 460/607/460 459/606/459 441/588/441
f 442/589/442 443/590/443 461/608/461
f 461/608/461 460/607/460 442/589/442
f 443/590/443 444/591/444 462/609/462
f 462/609/462 461/608/461 443/590/443
f 444/591/444 445/592/445 463/610/463
f 463/610/463 462/609/462 444/591/444
f 445/592/445 446/593/446 464/611/464
f 464/611/464 463/610/463 445/592/445
f 446/593/446 429/576/429 447/594/447
f 447/594/447 464/611/464 446/593/446
f 447/594/447 448/595/448 466/613/466
f 466/613/466 465/612/465 447/594/447
f 448/595/448 449/596/449 467/614/467
f 467/614/467 466/613/466 448/595/448
f 449/596/449 450/597/450 468/615/468
f 468/615/468 467/614/467 449/596/449
f 450/597/450 451/598/451 469/616/469
f 469/616/469 468/615/468 450/597/450
f 451/598/451 452/709/452 470/710/470
f 470/710/470 469/616/469 451/598/451
f 452/599/452 453/600/453 471/618/471
f 471/618/471 470/617/470 452/599/452
f 453/600/453 454/601/454 472/619/472
f 472/619/472 471/618/471 453/600/453
f 454/601/454 455/602/455 473/620/473
f 473/620/473 472/619/472 454/601/454
f 455/602/455 456/603/456 474/621/474
f 474/621/474 473/620/473 455/602/455
f 456/603/456 457/604/457 475/622/475
f 475/622/475 474/621/474 456/603/456
f 457/604/457 458/605/458 476/623/476
f 476/623/476 475/622/475 457/604/457
f 458/605/458 459/606/459 477/624/477
f 477/624/477 476/623/476 458/605/458
f 459/606/459 460/607/460 478/625/478
f 478/625/478 477/624/477 459/606/459
f 460/607/460 461/608/461 479/626/479
f 479/626/479 478/625/478 460/607/460
f 461/608/461 462/609/462 480/627/480
f 480/627/480 479/626/479 461/608/461
f 462/609/462 463/610/463 481/628/481
f 481/628/481 480/627/480 462/609/462
f 463/610/463 464/611/464 482/629/482
f 482/629/482 481/628/481 463/610/463
f 464/611/464 447/594/447 465/612/465
f 465/612/465 482/629/482 464/611/464
s 1
f 358/711/358 357/712/357 483/630/483
f 483/630/483 484/631/484 358/711/358
f 359/713/359 358/714/358 484/631/484
f 484/631/484 485/632/485 359/713/359
f 360/715/360 359/716/359 485/632/485
f 485/632/485 486/633/486 360/715/360
f 361/717/361 360/718/360 486/633/486
f 486/633/486 487/634/487 361/717/361
f 362/719/362 361/720/361 487/634/487
f 487/634/487 488/635/488 362/719/362
f 363/721/363 362/722/362 488/635/488
f 488/635/488 489/636/489 363/721/363
f 364/723/364 363/724/363 489/636/489
f 489/636/489 490/637/490 364/723/364
f 365/725/365 364/726/364 490/637/490
f 490/637/490 491/638/491 365/725/365
f 366/727/366 365/728/365 491/638/491
f 491/638/491 492/639/492 366/727/366
f 367/729/367 366/730/366 492/639/492
f 492/639/492 493/640/493 367/729/367
f 368/731/368 367/732/367 493/640/493
f 493/640/493 494/641/494 368/731/368
f 369/733/369 368/734/368 494/641/494
f 494/641/494 495/642/495 369/733/369
f 370/735/370 369/736/369 495/642/495
f 495/642/495 496/643/496 370/735/370
f 371/737/371 370/738/370 496/643/496
f 496/643/496 497/644/497 371/737/371
f 372/739/372 371/740/371 497/644/497
f 497/644/497 498/645/498 372/739/372
f 373/741/373 372/742/372 498/645/498
f 498/645/498 499/646/499 373/741/373
f 374/743/374 373/744/373 499/646/499
f 499/646/499 500/647/500 374/743/374
f 357/745/357 374/746/374 500/647/500
f 500/647/500 483/630/483 357/745/357
f 484/631/484 483/630/483 501/648/501
f 501/648/501 502/649/502 484/631/484
f 485/632/485 484/631/484 502/649/502
f 502/649/502 503/650/503 485/632/485
f 486/633/486 485/632/485 503/650/503
f 503/650/503 504/651/504 486/633/486
f 487/634/487 486/633/486 504/651/504
f 504/651/504 505/652/505 487/634/487
f 488/635/488 487/634/487 505/652/505
f 505/652/505 506/653/506 488/635/488
f 489/636/489 488/635/488 506/653/506
f 506/653/506 507/654/507 489/636/489
f 490/637/490 489/636/489 507/654/507
f 507/654/507 508/655/508 490/637/490
f 491/638/491 490/637/490 508/655/508
f 508/655/508 509/656/509 491/638/491
f 492/639/492 491/638/491 509/656/509
f 509/656/509 510/657/510 492/639/492
f 493/640/493 492/639/492 510/657/510
f 510/657/510 511/658/511 493/640/493
f 494/641/494 493/640/493 511/658/511
f 511/658/511 512/659/512 494/641/494
f 495/642/495 494/641/494 512/659/512
f 512/659/512 513/660/513 495/642/495
f 496/643/496 495/642/495 513/660/513
f 513/660/513 514/661/514 496/643/496
f 497/644/497 496/643/496 514/661/514
f 514/661/514 515/662/515 497/644/497
f 498/645/498 497/644/497 515/662/515
f 515/662/515 516/663/516 498/645/498
f 499/646/499 498/645/498 516/663/516
f 516/663/516 517/664/517 499/646/499
f 500/647/500 499/646/499 517/664/517
f 517/664/517 518/665/518 500/647/500
f 483/630/483 500/647/500 518/665/518
f 518/665/518 501/648/501 483/630/483
f 502/649/502 501/648/501 519/666/519
f 503/650/503 502/649/502 519/666/519
f 504/651/504 503/650/503 519/666/519
f 505/652/505 504/651/504 519/666/519
f 506/653/506 505/652/505 519/666/519
f 507/654/507 506/653/506 519/666/519
f 508/655/508 507/654/507 519/666/519
f 509/656/509 508/655/508 519/666/519
f 510/657/510 509/656/509 519/666/519
f 511/658/511 510/657/510 519/666/519
f 512/659/512 511/658/511 519/666/519
f 513/660/513 512/659/512 519/666/519
f 514/661/514 513/660/513 519/666/519
f 515/662/515 514/661/514 519/666/519
f 516/663/516 515/662/515 519/666/519
f 517/664/517 516/663/516 519/666/519
f 518/665/518 517/664/517 519/666/519
f 501/648/501 518/665/518 519/666/519
f 465/747/465 466/748/466 521/668/521
f 521/668/521 520/667/520 465/747/465
f 466/749/466 467/750/467 522/669/522
f 522/669/522 521/668/521 466/749/466
f 467/751/467 468/752/468 523/670/523
f 523/670/523 522/669/522 467/751/467
f 468/753/468 469/754/469 524/671/524
f 524/671/524 523/670/523 468/753/468
f 469/755/469 470/756/470 525/672/525
f 525/672/525 524/671/524 469/755/469
f 470/757/470 471/758/471 526/673/526
f 526/673/526 525/672/525 470/757/470
f 471/759/471 472/760/472 527/674/527
f 527/674/527 526/673/526 471/759/471
f 472/761/472 473/762/473 528/675/528
f 528/675/528 527/674/527 472/761/472
f 473/763/473 474/764/474 529/676/529
f 529/676/529 528/675/528 473/763/473
f 474/765/474 475/766/475 530/677/530
f 530/677/530 529/676/529 474/765/474
f 475/767/475 476/768/476 531/678/531
f 531/678/531 530/677/530 475/767/475
f 476/769/476 477/770/477 532/679/532
f 532/679/532 531/678/531 476/769/476
f 477/771/477 478/772/478 533/680/533
f 533/680/533 532/679/532 477/771/477
f 478/773/478 479/774/479 534/681/534
f 534/681/534 533/680/533 478/773/478
f 479/775/479 480/776/480 535/682/535
f 535/682/535 534/681/534 479/775/479
f 480/777/480 481/778/481 536/683/536
f 536/683/536 535/682/535 480/777/480
f 481/779/481 482/780/482 537/684/537
f 537/684/537 536/683/536 481/779/481
f 482/781/482 465/782/465 520/667/520
f 520/667/520 537/684/537 482/781/482
f 520/667/520 521/668/521 539/686/539
f 539/686/539 538/685/538 520/667/520
f 521/668/521 522/669/522 540/687/540
f 540/687/540 539/686/539 521/668/521
f 522/669/522 523/670/523 541/688/541
f 541/688/541 540/687/540 522/669/522
f 523/670/523 524/671/524 542/689/542
f 542/689/542 541/688/541 523/670/523
f 524/671/524 525/672/525 543/690/543
f 543/690/543 542/689/542 524/671/524
f 525/672/525 526/673/526 544/691/544
f 544/691/544 543/690/543 525/672/525
f 526/673/526 527/674/527 545/692/545
f 545/692/545 544/691/544 526/673/526
f 527/674/527 528/675/528 546/693/546
f 546/693/546 545/692/545 527/674/527
f 528/675/528 529/676/529 547/694/547
f 547/694/547 546/693/546 528/675/528
f 529/676/529 530/677/530 548/695/548
f 548/695/548 547/694/547 529/676/529
f 530/677/530 531/678/531 549/696/549
f 549/696/549 548/695/548 530/677/530
f 531/678/531 532/679/532 550/697/550
f 550/697/550 549/696/549 531/678/531
f 532/679/532 533/680/533 551/698/551
f 551/698/551 550/697/550 532/679/532
f 533/680/533 534/681/534 552/699/552
f 552/699/552 551/698/551 533/680/533
f 534/681/534 535/682/535 553/700/553
f 553/700/553 552/699/552 534/681/534
f 535/682/535 536/683/536 554/701/554
f 554/701/554 553/700/553 535/682/535
f 536/683/536 537/684/537 555/702/555
f 555/702/555 554/701/554 536/683/536
f 537/684/537 520/667/520 538/685/538
f 538/685/538 555/702/555 537/684/537
f 538/685/538 539/686/539 556/703/556
f 539/686/539 540/687/540 556/703/556
f 540/687/540 541/688/541 556/703/556
f 541/688/541 542/689/542 556/703/556
f 542/689/542 543/690/543 556/703/556
f 543/690/543 544/691/544 556/703/556
f 544/691/544 545/692/545 556/703/556
f 545/692/545 546/693/546 556/703/556
f 546/693/546 547/694/547 556/703/556
f 547/694/547 548/695/548 556/703/556
f 548/695/548 549/696/549 556/703/556
f 549/696/549 550/697/550 556/703/556
f 550/697/550 551/698/551 556/703/556
f 551/698/551 552/699/552 556/703/556
f 552/699/552 553/700/553 556/703/556
f 553/700/553 554/701/554 556/703/556
f 554/701/554 555/702/555 556/703/556
f 555/702/555 538/685/538 556/703/556
# 396 faces

g
# object Cylinder01 to come ...
#
v  212.277878 102.278259 11.629044
v  212.483673 102.273560 14.342647
v  211.543167 102.277954 14.249389
v  210.691269 102.282379 13.840079
v  210.030746 102.286308 13.164086
v  209.641266 102.289268 12.302944
v  209.569794 102.290901 11.360519
v  209.824951 102.291008 10.450483
v  210.375977 102.289581 9.682598
v  211.156387 102.286781 9.149484
v  212.072083 102.282959 8.915441
v  213.012589 102.278564 9.008698
v  213.864487 102.274139 9.418008
v  214.525009 102.270210 10.094002
v  214.914490 102.267250 10.955144
v  214.985962 102.265617 11.897568
v  214.730804 102.265511 12.807604
v  214.179779 102.266937 13.575489
v  213.399368 102.269737 14.108603
v  212.689468 102.268867 17.056250
v  210.808456 102.277649 16.869734
v  209.104660 102.286499 16.051115
v  207.783615 102.294365 14.699129
v  207.004639 102.300285 12.976845
v  206.861694 102.303543 11.091996
v  207.372025 102.303757 9.271923
v  208.474075 102.300896 7.736154
v  210.034912 102.295303 6.669924
v  211.866287 102.287651 6.201838
v  213.747299 102.278870 6.388353
v  215.451096 102.270020 7.206973
v  216.772141 102.262154 8.558959
v  217.551117 102.256233 10.281243
v  217.694061 102.252975 12.166092
v  217.183731 102.252762 13.986165
v  216.081680 102.255623 15.521935
v  214.520844 102.261215 16.588163
v  212.895264 102.264168 19.769852
v  210.073730 102.277336 19.490080
v  207.518066 102.290627 18.262152
v  205.536484 102.302414 16.234171
v  204.368027 102.311295 13.650745
v  204.153610 102.316193 10.823472
v  204.919098 102.316505 8.093363
v  206.572159 102.312218 5.789709
v  208.913422 102.303825 4.190365
v  211.660492 102.292351 3.488236
v  214.482025 102.279182 3.768008
v  217.037689 102.265892 4.995937
v  219.019272 102.254105 7.023917
v  220.187729 102.245224 9.607344
v  220.402145 102.240326 12.434616
v  219.636658 102.240013 15.164725
v  217.983582 102.244301 17.468378
v  215.642334 102.252693 19.067722
v  212.894745 102.150604 19.769693
v  210.073227 102.163773 19.489922
v  207.517548 102.177055 18.261993
v  205.535965 102.188850 16.234015
v  204.367508 102.197731 13.650588
v  204.153091 102.202621 10.823315
v  204.918579 102.202942 8.093205
v  206.571655 102.198647 5.789552
v  208.912918 102.190262 4.190207
v  211.659973 102.178787 3.488078
v  214.481506 102.165611 3.767850
v  217.037186 102.152328 4.995780
v  219.018753 102.140533 7.023759
v  220.187210 102.131660 9.607185
v  220.401627 102.126762 12.434459
v  219.636139 102.126442 15.164568
v  217.983078 102.130737 17.468222
v  215.641815 102.139130 19.067566
v  212.894241 102.037033 19.769537
v  210.072708 102.050209 19.489765
v  207.517029 102.063492 18.261835
v  205.535461 102.075287 16.233856
v  204.366989 102.084167 13.650430
v  204.152573 102.089058 10.823157
v  204.918076 102.089378 8.093048
v  206.571136 102.085083 5.789394
v  208.912399 102.076691 4.190050
v  211.659454 102.065224 3.487921
v  214.480988 102.052048 3.767693
v  217.036667 102.038765 4.995622
v  219.018234 102.026970 7.023602
v  220.186707 102.018089 9.607028
v  220.401123 102.013199 12.434301
v  219.635620 102.012878 15.164411
v  217.982559 102.017174 17.468063
v  215.641296 102.025558 19.067408
v  212.893723 101.923470 19.769379
v  210.072189 101.936646 19.489607
v  207.516510 101.949928 18.261679
v  205.534943 101.961716 16.233698
v  204.366486 101.970596 13.650272
v  204.152069 101.975494 10.823000
v  204.917557 101.975815 8.092890
v  206.570618 101.971519 5.789237
v  208.911880 101.963127 4.189892
v  211.658951 101.951653 3.487763
v  214.480469 101.938484 3.767535
v  217.036148 101.925201 4.995464
v  219.017731 101.913406 7.023444
v  220.186188 101.904526 9.606871
v  220.400604 101.899635 12.434144
v  219.635117 101.899315 15.164252
v  217.982040 101.903610 17.467907
v  215.640778 101.911995 19.067249
v  212.893204 101.809906 19.769220
v  210.071686 101.823074 19.489449
v  207.516006 101.836365 18.261520
v  205.534424 101.848152 16.233541
v  204.365967 101.857033 13.650115
v  204.151550 101.861923 10.822842
v  204.917038 101.862244 8.092732
v  206.570114 101.857956 5.789079
v  208.911362 101.849564 4.189735
v  211.658432 101.838089 3.487605
v  214.479965 101.824913 3.767378
v  217.035645 101.811630 4.995306
v  219.017212 101.799843 7.023287
v  220.185669 101.790962 9.606713
v  220.400085 101.786064 12.433986
v  219.634598 101.785744 15.164095
v  217.981537 101.790039 17.467749
v  215.640274 101.798431 19.067093
v  212.892700 101.696335 19.769064
v  210.071167 101.709511 19.489292
v  207.515488 101.722794 18.261364
v  205.533920 101.734589 16.233383
v  204.365448 101.743469 13.649958
v  204.151031 101.748360 10.822684
v  204.916519 101.748680 8.092575
v  206.569595 101.744385 5.788921
v  208.910858 101.736000 4.189577
v  211.657913 101.724525 3.487448
v  214.479446 101.711349 3.767220
v  217.035126 101.698067 4.995149
v  219.016693 101.686272 7.023129
v  220.185165 101.677399 9.606556
v  220.399582 101.672501 12.433828
v  219.634079 101.672180 15.163938
v  217.981018 101.676476 17.467590
v  215.639755 101.684868 19.066935
v  212.892181 101.582771 19.768906
v  210.070648 101.595947 19.489134
v  207.514969 101.609230 18.261206
v  205.533401 101.621025 16.233225
v  204.364944 101.629898 13.649800
v  204.150528 101.634796 10.822527
v  204.916016 101.635117 8.092418
v  206.569077 101.630821 5.788764
v  208.910339 101.622429 4.189420
v  211.657410 101.610962 3.487290
v  214.478928 101.597786 3.767063
v  217.034607 101.584503 4.994992
v  219.016174 101.572708 7.022972
v  220.184647 101.563828 9.606398
v  220.399063 101.558937 12.433671
v  219.633575 101.558617 15.163780
v  217.980499 101.562912 17.467434
v  215.639236 101.571297 19.066776
v  212.686386 101.587471 17.055304
v  210.805359 101.596252 16.868790
v  209.101578 101.605110 16.050169
v  207.780533 101.612968 14.698183
v  207.001556 101.618889 12.975900
v  206.858612 101.622154 11.091050
v  207.368942 101.622368 9.270978
v  208.470978 101.619499 7.735208
v  210.031830 101.613907 6.668979
v  211.863205 101.606262 6.200893
v  213.744217 101.597481 6.387408
v  215.447998 101.588623 7.206027
v  216.769058 101.580765 8.558014
v  217.548019 101.574844 10.280298
v  217.690964 101.571579 12.165147
v  217.180649 101.571365 13.985220
v  216.078598 101.574226 15.520988
v  214.517761 101.579819 16.587217
v  212.480591 101.592171 14.341701
v  211.540070 101.596558 14.248444
v  210.688187 101.600990 13.839134
v  210.027664 101.604919 13.163140
v  209.638168 101.607880 12.301999
v  209.566696 101.609512 11.359574
v  209.821869 101.609619 10.449538
v  210.372879 101.608185 9.681653
v  211.153305 101.605385 9.148539
v  212.069000 101.601563 8.914495
v  213.009506 101.597176 9.007753
v  213.861389 101.592743 9.417063
v  214.521927 101.588814 10.093056
v  214.911407 101.585854 10.954198
v  214.982880 101.584221 11.896623
v  214.727722 101.584114 12.806659
v  214.176697 101.585548 13.574543
v  213.396271 101.588341 14.107658
v  212.274796 101.596863 11.628098
# 200 vertices

vt  0.500000 0.000000 0.000000
vt  0.750000 0.000000 0.333333
vt  0.805556 0.000000 0.333333
vt  0.861111 0.000000 0.333333
vt  0.916667 0.000000 0.333333
vt  0.972222 0.000000 0.333333
vt  0.027778 0.000000 0.333333
vt  0.083333 0.000000 0.333333
vt  0.138889 0.000000 0.333333
vt  0.194444 0.000000 0.333333
vt  0.250000 0.000000 0.333333
vt  0.305556 0.000000 0.333333
vt  0.361111 0.000000 0.333333
vt  0.416667 0.000000 0.333333
vt  0.472222 0.000000 0.333333
vt  0.527778 0.000000 0.333333
vt  0.583333 0.000000 0.333333
vt  0.638889 0.000000 0.333333
vt  0.694444 0.000000 0.333333
vt  0.750000 0.000000 0.666667
vt  0.805556 0.000000 0.666667
vt  0.861111 0.000000 0.666667
vt  0.916667 0.000000 0.666667
vt  0.972222 0.000000 0.666667
vt  0.027778 0.000000 0.666667
vt  0.083333 0.000000 0.666667
vt  0.138889 0.000000 0.666667
vt  0.194444 0.000000 0.666667
vt  0.250000 0.000000 0.666667
vt  0.305556 0.000000 0.666667
vt  0.361111 0.000000 0.666667
vt  0.416667 0.000000 0.666667
vt  0.472222 0.000000 0.666667
vt  0.527778 0.000000 0.666667
vt  0.583333 0.000000 0.666667
vt  0.638889 0.000000 0.666667
vt  0.694444 0.000000 0.666667
vt  0.750000 0.000000 1.000000
vt  0.805556 0.000000 1.000000
vt  0.861111 0.000000 1.000000
vt  0.916667 0.000000 1.000000
vt  0.972222 0.000000 1.000000
vt  0.027778 0.000000 1.000000
vt  0.083333 0.000000 1.000000
vt  0.138889 0.000000 1.000000
vt  0.194444 0.000000 1.000000
vt  0.250000 0.000000 1.000000
vt  0.305556 0.000000 1.000000
vt  0.361111 0.000000 1.000000
vt  0.416667 0.000000 1.000000
vt  0.472222 0.000000 1.000000
vt  0.527778 0.000000 1.000000
vt  0.583333 0.000000 1.000000
vt  0.638889 0.000000 1.000000
vt  0.694444 0.000000 1.000000
vt  0.750000 0.166667 1.000000
vt  0.805556 0.166667 1.000000
vt  0.861111 0.166667 1.000000
vt  0.916667 0.166667 1.000000
vt  0.972222 0.166667 1.000000
vt  0.027778 0.166667 1.000000
vt  0.083333 0.166667 1.000000
vt  0.138889 0.166667 1.000000
vt  0.194444 0.166667 1.000000
vt  0.250000 0.166667 1.000000
vt  0.305556 0.166667 1.000000
vt  0.361111 0.166667 1.000000
vt  0.416667 0.166667 1.000000
vt  0.472222 0.166667 1.000000
vt  0.527778 0.166667 1.000000
vt  0.583333 0.166667 1.000000
vt  0.638889 0.166667 1.000000
vt  0.694444 0.166667 1.000000
vt  0.750000 0.333333 1.000000
vt  0.805556 0.333333 1.000000
vt  0.861111 0.333333 1.000000
vt  0.916667 0.333333 1.000000
vt  0.972222 0.333333 1.000000
vt  0.027778 0.333333 1.000000
vt  0.083333 0.333333 1.000000
vt  0.138889 0.333333 1.000000
vt  0.194444 0.333333 1.000000
vt  0.250000 0.333333 1.000000
vt  0.305556 0.333333 1.000000
vt  0.361111 0.333333 1.000000
vt  0.416667 0.333333 1.000000
vt  0.472222 0.333333 1.000000
vt  0.527778 0.333333 1.000000
vt  0.583333 0.333333 1.000000
vt  0.638889 0.333333 1.000000
vt  0.694444 0.333333 1.000000
vt  0.750000 0.500000 1.000000
vt  0.805556 0.500000 1.000000
vt  0.861111 0.500000 1.000000
vt  0.916667 0.500000 1.000000
vt  0.972222 0.500000 1.000000
vt  0.027778 0.500000 1.000000
vt  0.083333 0.500000 1.000000
vt  0.138889 0.500000 1.000000
vt  0.194444 0.500000 1.000000
vt  0.250000 0.500000 1.000000
vt  0.305556 0.500000 1.000000
vt  0.361111 0.500000 1.000000
vt  0.416667 0.500000 1.000000
vt  0.472222 0.500000 1.000000
vt  0.527778 0.500000 1.000000
vt  0.583333 0.500000 1.000000
vt  0.638889 0.500000 1.000000
vt  0.694444 0.500000 1.000000
vt  0.750000 0.666667 1.000000
vt  0.805556 0.666667 1.000000
vt  0.861111 0.666667 1.000000
vt  0.916667 0.666667 1.000000
vt  0.972222 0.666667 1.000000
vt  0.027778 0.666667 1.000000
vt  0.083333 0.666667 1.000000
vt  0.138889 0.666667 1.000000
vt  0.194444 0.666667 1.000000
vt  0.250000 0.666667 1.000000
vt  0.305556 0.666667 1.000000
vt  0.361111 0.666667 1.000000
vt  0.416667 0.666667 1.000000
vt  0.472222 0.666667 1.000000
vt  0.527778 0.666667 1.000000
vt  0.583333 0.666667 1.000000
vt  0.638889 0.666667 1.000000
vt  0.694444 0.666667 1.000000
vt  0.750000 0.833333 1.000000
vt  0.805556 0.833333 1.000000
vt  0.861111 0.833333 1.000000
vt  0.916667 0.833333 1.000000
vt  0.972222 0.833333 1.000000
vt  0.027778 0.833333 1.000000
vt  0.083333 0.833333 1.000000
vt  0.138889 0.833333 1.000000
vt  0.194444 0.833333 1.000000
vt  0.250000 0.833333 1.000000
vt  0.305556 0.833333 1.000000
vt  0.361111 0.833333 1.000000
vt  0.416667 0.833333 1.000000
vt  0.472222 0.833333 1.000000
vt  0.527778 0.833333 1.000000
vt  0.583333 0.833333 1.000000
vt  0.638889 0.833333 1.000000
vt  0.694444 0.833333 1.000000
vt  0.750000 1.000000 1.000000
vt  0.805556 1.000000 1.000000
vt  0.861111 1.000000 1.000000
vt  0.916667 1.000000 1.000000
vt  0.972222 1.000000 1.000000
vt  0.027778 1.000000 1.000000
vt  0.083333 1.000000 1.000000
vt  0.138889 1.000000 1.000000
vt  0.194444 1.000000 1.000000
vt  0.250000 1.000000 1.000000
vt  0.305556 1.000000 1.000000
vt  0.361111 1.000000 1.000000
vt  0.416667 1.000000 1.000000
vt  0.472222 1.000000 1.000000
vt  0.527778 1.000000 1.000000
vt  0.583333 1.000000 1.000000
vt  0.638889 1.000000 1.000000
vt  0.694444 1.000000 1.000000
vt  0.750000 1.000000 0.666667
vt  0.805556 1.000000 0.666667
vt  0.861111 1.000000 0.666667
vt  0.916667 1.000000 0.666667
vt  0.972222 1.000000 0.666667
vt  0.027778 1.000000 0.666667
vt  0.083333 1.000000 0.666667
vt  0.138889 1.000000 0.666667
vt  0.194444 1.000000 0.666667
vt  0.250000 1.000000 0.666667
vt  0.305556 1.000000 0.666667
vt  0.361111 1.000000 0.666667
vt  0.416667 1.000000 0.666667
vt  0.472222 1.000000 0.666667
vt  0.527778 1.000000 0.666667
vt  0.583333 1.000000 0.666667
vt  0.638889 1.000000 0.666667
vt  0.694444 1.000000 0.666667
vt  0.750000 1.000000 0.333333
vt  0.805556 1.000000 0.333333
vt  0.861111 1.000000 0.333333
vt  0.916667 1.000000 0.333333
vt  0.972222 1.000000 0.333333
vt  0.027778 1.000000 0.333333
vt  0.083333 1.000000 0.333333
vt  0.138889 1.000000 0.333333
vt  0.194444 1.000000 0.333333
vt  0.250000 1.000000 0.333333
vt  0.305556 1.000000 0.333333
vt  0.361111 1.000000 0.333333
vt  0.416667 1.000000 0.333333
vt  0.472222 1.000000 0.333333
vt  0.527778 1.000000 0.333333
vt  0.583333 1.000000 0.333333
vt  0.638889 1.000000 0.333333
vt  0.694444 1.000000 0.333333
vt  0.500000 1.000000 0.000000
vt  -0.027778 0.000000 0.333333
vt  -0.027778 0.000000 0.333333
vt  -0.027778 0.000000 0.666667
vt  -0.027778 0.000000 0.333333
vt  -0.027778 0.000000 0.666667
vt  -0.027778 0.000000 1.000000
vt  -0.027778 0.000000 0.666667
vt  -0.027778 0.000000 1.000000
vt  -0.027778 0.166667 1.000000
vt  -0.027778 0.000000 1.000000
vt  -0.027778 0.166667 1.000000
vt  -0.027778 0.333333 1.000000
vt  -0.027778 0.166667 1.000000
vt  -0.027778 0.333333 1.000000
vt  -0.027778 0.500000 1.000000
vt  -0.027778 0.333333 1.000000
vt  -0.027778 0.500000 1.000000
vt  -0.027778 0.666667 1.000000
vt  -0.027778 0.500000 1.000000
vt  -0.027778 0.666667 1.000000
vt  -0.027778 0.833333 1.000000
vt  -0.027778 0.666667 1.000000
vt  -0.027778 0.833333 1.000000
vt  -0.027778 1.000000 1.000000
vt  -0.027778 0.833333 1.000000
vt  -0.027778 1.000000 1.000000
vt  -0.027778 1.000000 0.666667
vt  -0.027778 1.000000 1.000000
vt  -0.027778 1.000000 0.666667
vt  -0.027778 1.000000 0.333333
vt  -0.027778 1.000000 0.666667
vt  -0.027778 1.000000 0.333333
# 232 texture vertices

vn  0.004531 0.999989 0.001387
vn  0.015649 3.453584 0.004792
vn  0.020561 4.537805 0.006296
vn  0.020561 4.537805 0.006296
vn  0.020561 4.537805 0.006296
vn  0.020561 4.537805 0.006296
vn  0.020561 4.537805 0.006296
vn  0.020561 4.537805 0.006296
vn  0.020561 4.537805 0.006296
vn  0.020561 4.537805 0.006296
vn  0.020561 4.537805 0.006296
vn  0.020561 4.537805 0.006296
vn  0.020561 4.537805 0.006296
vn  0.020561 4.537805 0.006296
vn  0.020561 4.537805 0.006296
vn  0.020561 4.537805 0.006296
vn  0.020561 4.537805 0.006296
vn  0.020561 4.537805 0.006296
vn  0.020561 4.537805 0.006296
vn  0.004531 0.999989 0.001387
vn  0.004531 0.999989 0.001387
vn  0.004531 0.999989 0.001387
vn  0.004531 0.999989 0.001387
vn  0.004531 0.999989 0.001387
vn  0.004531 0.999989 0.001387
vn  0.004531 0.999989 0.001387
vn  0.004531 0.999989 0.001387
vn  0.004531 0.999989 0.001387
vn  0.004531 0.999989 0.001387
vn  0.004531 0.999989 0.001387
vn  0.004531 0.999989 0.001387
vn  0.004531 0.999989 0.001387
vn  0.004531 0.999989 0.001387
vn  0.004531 0.999989 0.001387
vn  0.004531 0.999989 0.001387
vn  0.004531 0.999989 0.001387
vn  0.004531 0.999989 0.001387
vn  0.012653 2.792495 0.003875
vn  0.012653 2.792495 0.003875
vn  0.012653 2.792495 0.003875
vn  0.012653 2.792495 0.003875
vn  0.012653 2.792495 0.003875
vn  0.012653 2.792495 0.003875
vn  0.012653 2.792495 0.003875
vn  0.012653 2.792495 0.003875
vn  0.012653 2.792495 0.003875
vn  0.012653 2.792495 0.003875
vn  0.012653 2.792495 0.003875
vn  0.012653 2.792495 0.003875
vn  0.012653 2.792495 0.003875
vn  0.012653 2.792495 0.003875
vn  0.012653 2.792495 0.003875
vn  0.012653 2.792495 0.003875
vn  0.012653 2.792495 0.003875
vn  0.012653 2.792495 0.003875
vn  0.075621 -0.001726 0.997135
vn  -0.269976 -0.000113 0.962867
vn  -0.583011 0.001514 0.812463
vn  -0.825726 0.002959 0.564064
vn  -0.968846 0.004046 0.247630
vn  -0.995109 0.004646 -0.098671
vn  -0.901348 0.004685 -0.433071
vn  -0.698870 0.004159 -0.715237
vn  -0.412098 0.003131 -0.911134
vn  -0.075621 0.001726 -0.997135
vn  0.269976 0.000113 -0.962867
vn  0.583011 -0.001514 -0.812463
vn  0.825726 -0.002959 -0.564064
vn  0.968846 -0.004046 -0.247630
vn  0.995109 -0.004646 0.098671
vn  0.901347 -0.004685 0.433072
vn  0.698870 -0.004159 0.715237
vn  0.412098 -0.003131 0.911134
vn  0.075621 -0.001726 0.997135
vn  -0.269976 -0.000113 0.962867
vn  -0.583011 0.001514 0.812463
vn  -0.825726 0.002959 0.564064
vn  -0.968846 0.004046 0.247630
vn  -0.995109 0.004646 -0.098671
vn  -0.901348 0.004685 -0.433071
vn  -0.698870 0.004159 -0.715237
vn  -0.412098 0.003131 -0.911134
vn  -0.075621 0.001726 -0.997135
vn  0.269976 0.000113 -0.962867
vn  0.583011 -0.001514 -0.812463
vn  0.825726 -0.002959 -0.564064
vn  0.968846 -0.004046 -0.247630
vn  0.995109 -0.004646 0.098671
vn  0.901347 -0.004685 0.433072
vn  0.698870 -0.004159 0.715237
vn  0.412098 -0.003131 0.911134
vn  0.075621 -0.001726 0.997135
vn  -0.269976 -0.000113 0.962867
vn  -0.583011 0.001514 0.812463
vn  -0.825726 0.002959 0.564064
vn  -0.968846 0.004046 0.247630
vn  -0.995109 0.004646 -0.098671
vn  -0.901348 0.004685 -0.433071
vn  -0.698870 0.004159 -0.715237
vn  -0.412098 0.003131 -0.911134
vn  -0.075621 0.001726 -0.997135
vn  0.269976 0.000113 -0.962867
vn  0.583011 -0.001514 -0.812463
vn  0.825726 -0.002959 -0.564064
vn  0.968846 -0.004046 -0.247630
vn  0.995109 -0.004646 0.098671
vn  0.901347 -0.004685 0.433072
vn  0.698870 -0.004159 0.715237
vn  0.412098 -0.003131 0.911134
vn  0.075621 -0.001726 0.997135
vn  -0.269976 -0.000113 0.962867
vn  -0.583011 0.001514 0.812463
vn  -0.825726 0.002959 0.564064
vn  -0.968846 0.004046 0.247630
vn  -0.995109 0.004646 -0.098671
vn  -0.901348 0.004685 -0.433071
vn  -0.698870 0.004159 -0.715237
vn  -0.412098 0.003131 -0.911134
vn  -0.075621 0.001726 -0.997135
vn  0.269976 0.000113 -0.962867
vn  0.583011 -0.001514 -0.812463
vn  0.825726 -0.002959 -0.564064
vn  0.968846 -0.004046 -0.247630
vn  0.995109 -0.004646 0.098671
vn  0.901347 -0.004685 0.433072
vn  0.698870 -0.004159 0.715237
vn  0.412098 -0.003131 0.911134
vn  0.075621 -0.001726 0.997135
vn  -0.269976 -0.000113 0.962867
vn  -0.583011 0.001514 0.812463
vn  -0.825726 0.002959 0.564064
vn  -0.968846 0.004046 0.247630
vn  -0.995109 0.004646 -0.098671
vn  -0.901348 0.004685 -0.433071
vn  -0.698870 0.004159 -0.715237
vn  -0.412098 0.003131 -0.911134
vn  -0.075621 0.001726 -0.997135
vn  0.269976 0.000113 -0.962867
vn  0.583011 -0.001514 -0.812463
vn  0.825726 -0.002959 -0.564064
vn  0.968846 -0.004046 -0.247630
vn  0.995109 -0.004646 0.098671
vn  0.901347 -0.004685 0.433072
vn  0.698870 -0.004159 0.715237
vn  0.412098 -0.003131 0.911134
vn  0.233962 -0.005340 3.085000
vn  -0.835270 -0.000349 2.978981
vn  -1.803757 0.004685 2.513649
vn  -2.554684 0.009154 1.745136
vn  -2.997479 0.012519 0.766134
vn  -3.078733 0.014374 -0.305276
vn  -2.788647 0.014495 -1.339864
vn  -2.162209 0.012868 -2.212846
vn  -1.274976 0.009688 -2.818925
vn  -0.233962 0.005340 -3.085000
vn  0.835271 0.000349 -2.978979
vn  1.803758 -0.004685 -2.513650
vn  2.554686 -0.009154 -1.745137
vn  2.997480 -0.012519 -0.766134
vn  3.078733 -0.014374 0.305276
vn  2.788646 -0.014495 1.339865
vn  2.162209 -0.012868 2.212847
vn  1.274976 -0.009688 2.818925
vn  -0.004531 -0.999989 -0.001387
vn  -0.004531 -0.999989 -0.001387
vn  -0.004531 -0.999989 -0.001387
vn  -0.004531 -0.999989 -0.001387
vn  -0.004531 -0.999989 -0.001387
vn  -0.004531 -0.999989 -0.001387
vn  -0.004531 -0.999989 -0.001387
vn  -0.004531 -0.999989 -0.001387
vn  -0.004531 -0.999989 -0.001387
vn  -0.004531 -0.999989 -0.001387
vn  -0.004531 -0.999989 -0.001387
vn  -0.004531 -0.999989 -0.001387
vn  -0.004531 -0.999989 -0.001387
vn  -0.004531 -0.999989 -0.001387
vn  -0.004531 -0.999989 -0.001387
vn  -0.004531 -0.999989 -0.001387
vn  -0.004531 -0.999989 -0.001387
vn  -0.004531 -0.999989 -0.001387
vn  -0.022143 -4.886866 -0.006780
vn  -0.022143 -4.886867 -0.006780
vn  -0.022143 -4.886867 -0.006780
vn  -0.022143 -4.886867 -0.006780
vn  -0.022143 -4.886867 -0.006780
vn  -0.022143 -4.886867 -0.006780
vn  -0.022143 -4.886867 -0.006780
vn  -0.022143 -4.886867 -0.006780
vn  -0.022143 -4.886867 -0.006780
vn  -0.022143 -4.886867 -0.006780
vn  -0.022143 -4.886867 -0.006780
vn  -0.022143 -4.886867 -0.006780
vn  -0.022143 -4.886867 -0.006780
vn  -0.022143 -4.886867 -0.006780
vn  -0.022143 -4.886867 -0.006780
vn  -0.022143 -4.886867 -0.006780
vn  -0.022143 -4.886867 -0.006780
vn  -0.022143 -4.886867 -0.006780
vn  -0.004531 -0.999989 -0.001387
# 200 vertex normals

g Cylinder01
s 1
f 557/783/557 559/785/559 558/784/558
f 557/783/557 560/786/560 559/785/559
f 557/783/557 561/787/561 560/786/560
f 557/783/557 562/788/562 561/787/561
f 557/783/557 563/789/563 562/983/562
f 557/783/557 564/790/564 563/789/563
f 557/783/557 565/791/565 564/790/564
f 557/783/557 566/792/566 565/791/565
f 557/783/557 567/793/567 566/792/566
f 557/783/557 568/794/568 567/793/567
f 557/783/557 569/795/569 568/794/568
f 557/783/557 570/796/570 569/795/569
f 557/783/557 571/797/571 570/796/570
f 557/783/557 572/798/572 571/797/571
f 557/783/557 573/799/573 572/798/572
f 557/783/557 574/800/574 573/799/573
f 557/783/557 575/801/575 574/800/574
f 557/783/557 558/784/558 575/801/575
f 558/784/558 577/803/577 576/802/576
f 558/784/558 559/785/559 577/803/577
f 559/785/559 578/804/578 577/803/577
f 559/785/559 560/786/560 578/804/578
f 560/786/560 579/805/579 578/804/578
f 560/786/560 561/787/561 579/805/579
f 561/787/561 580/806/580 579/805/579
f 561/787/561 562/788/562 580/806/580
f 562/984/562 581/807/581 580/985/580
f 562/986/562 563/789/563 581/807/581
f 563/789/563 582/808/582 581/807/581
f 563/789/563 564/790/564 582/808/582
f 564/790/564 583/809/583 582/808/582
f 564/790/564 565/791/565 583/809/583
f 565/791/565 584/810/584 583/809/583
f 565/791/565 566/792/566 584/810/584
f 566/792/566 585/811/585 584/810/584
f 566/792/566 567/793/567 585/811/585
f 567/793/567 586/812/586 585/811/585
f 567/793/567 568/794/568 586/812/586
f 568/794/568 587/813/587 586/812/586
f 568/794/568 569/795/569 587/813/587
f 569/795/569 588/814/588 587/813/587
f 569/795/569 570/796/570 588/814/588
f 570/796/570 589/815/589 588/814/588
f 570/796/570 571/797/571 589/815/589
f 571/797/571 590/816/590 589/815/589
f 571/797/571 572/798/572 590/816/590
f 572/798/572 591/817/591 590/816/590
f 572/798/572 573/799/573 591/817/591
f 573/799/573 592/818/592 591/817/591
f 573/799/573 574/800/574 592/818/592
f 574/800/574 593/819/593 592/818/592
f 574/800/574 575/801/575 593/819/593
f 575/801/575 576/802/576 593/819/593
f 575/801/575 558/784/558 576/802/576
f 576/802/576 595/821/595 594/820/594
f 576/802/576 577/803/577 595/821/595
f 577/803/577 596/822/596 595/821/595
f 577/803/577 578/804/578 596/822/596
f 578/804/578 597/823/597 596/822/596
f 578/804/578 579/805/579 597/823/597
f 579/805/579 598/824/598 597/823/597
f 579/805/579 580/806/580 598/824/598
f 580/987/580 599/825/599 598/988/598
f 580/989/580 581/807/581 599/825/599
f 581/807/581 600/826/600 599/825/599
f 581/807/581 582/808/582 600/826/600
f 582/808/582 601/827/601 600/826/600
f 582/808/582 583/809/583 601/827/601
f 583/809/583 602/828/602 601/827/601
f 583/809/583 584/810/584 602/828/602
f 584/810/584 603/829/603 602/828/602
f 584/810/584 585/811/585 603/829/603
f 585/811/585 604/830/604 603/829/603
f 585/811/585 586/812/586 604/830/604
f 586/812/586 605/831/605 604/830/604
f 586/812/586 587/813/587 605/831/605
f 587/813/587 606/832/606 605/831/605
f 587/813/587 588/814/588 606/832/606
f 588/814/588 607/833/607 606/832/606
f 588/814/588 589/815/589 607/833/607
f 589/815/589 608/834/608 607/833/607
f 589/815/589 590/816/590 608/834/608
f 590/816/590 609/835/609 608/834/608
f 590/816/590 591/817/591 609/835/609
f 591/817/591 610/836/610 609/835/609
f 591/817/591 592/818/592 610/836/610
f 592/818/592 611/837/611 610/836/610
f 592/818/592 593/819/593 611/837/611
f 593/819/593 594/820/594 611/837/611
f 593/819/593 576/802/576 594/820/594
s 8
f 594/820/594 613/839/613 612/838/612
f 594/820/594 595/821/595 613/839/613
f 595/821/595 614/840/614 613/839/613
f 595/821/595 596/822/596 614/840/614
f 596/822/596 615/841/615 614/840/614
f 596/822/596 597/823/597 615/841/615
f 597/823/597 616/842/616 615/841/615
f 597/823/597 598/824/598 616/842/616
f 598/990/598 617/843/617 616/991/616
f 598/992/598 599/825/599 617/843/617
f 599/825/599 618/844/618 617/843/617
f 599/825/599 600/826/600 618/844/618
f 600/826/600 619/845/619 618/844/618
f 600/826/600 601/827/601 619/845/619
f 601/827/601 620/846/620 619/845/619
f 601/827/601 602/828/602 620/846/620
f 602/828/602 621/847/621 620/846/620
f 602/828/602 603/829/603 621/847/621
f 603/829/603 622/848/622 621/847/621
f 603/829/603 604/830/604 622/848/622
f 604/830/604 623/849/623 622/848/622
f 604/830/604 605/831/605 623/849/623
f 605/831/605 624/850/624 623/849/623
f 605/831/605 606/832/606 624/850/624
f 606/832/606 625/851/625 624/850/624
f 606/832/606 607/833/607 625/851/625
f 607/833/607 626/852/626 625/851/625
f 607/833/607 608/834/608 626/852/626
f 608/834/608 627/853/627 626/852/626
f 608/834/608 609/835/609 627/853/627
f 609/835/609 628/854/628 627/853/627
f 609/835/609 610/836/610 628/854/628
f 610/836/610 629/855/629 628/854/628
f 610/836/610 611/837/611 629/855/629
f 611/837/611 612/838/612 629/855/629
f 611/837/611 594/820/594 612/838/612
f 612/838/612 631/857/631 630/856/630
f 612/838/612 613/839/613 631/857/631
f 613/839/613 632/858/632 631/857/631
f 613/839/613 614/840/614 632/858/632
f 614/840/614 633/859/633 632/858/632
f 614/840/614 615/841/615 633/859/633
f 615/841/615 634/860/634 633/859/633
f 615/841/615 616/842/616 634/860/634
f 616/993/616 635/861/635 634/994/634
f 616/995/616 617/843/617 635/861/635
f 617/843/617 636/862/636 635/861/635
f 617/843/617 618/844/618 636/862/636
f 618/844/618 637/863/637 636/862/636
f 618/844/618 619/845/619 637/863/637
f 619/845/619 638/864/638 637/863/637
f 619/845/619 620/846/620 638/864/638
f 620/846/620 639/865/639 638/864/638
f 620/846/620 621/847/621 639/865/639
f 621/847/621 640/866/640 639/865/639
f 621/847/621 622/848/622 640/866/640
f 622/848/622 641/867/641 640/866/640
f 622/848/622 623/849/623 641/867/641
f 623/849/623 642/868/642 641/867/641
f 623/849/623 624/850/624 642/868/642
f 624/850/624 643/869/643 642/868/642
f 624/850/624 625/851/625 643/869/643
f 625/851/625 644/870/644 643/869/643
f 625/851/625 626/852/626 644/870/644
f 626/852/626 645/871/645 644/870/644
f 626/852/626 627/853/627 645/871/645
f 627/853/627 646/872/646 645/871/645
f 627/853/627 628/854/628 646/872/646
f 628/854/628 647/873/647 646/872/646
f 628/854/628 629/855/629 647/873/647
f 629/855/629 630/856/630 647/873/647
f 629/855/629 612/838/612 630/856/630
f 630/856/630 649/875/649 648/874/648
f 630/856/630 631/857/631 649/875/649
f 631/857/631 650/876/650 649/875/649
f 631/857/631 632/858/632 650/876/650
f 632/858/632 651/877/651 650/876/650
f 632/858/632 633/859/633 651/877/651
f 633/859/633 652/878/652 651/877/651
f 633/859/633 634/860/634 652/878/652
f 634/996/634 653/879/653 652/997/652
f 634/998/634 635/861/635 653/879/653
f 635/861/635 654/880/654 653/879/653
f 635/861/635 636/862/636 654/880/654
f 636/862/636 655/881/655 654/880/654
f 636/862/636 637/863/637 655/881/655
f 637/863/637 656/882/656 655/881/655
f 637/863/637 638/864/638 656/882/656
f 638/864/638 657/883/657 656/882/656
f 638/864/638 639/865/639 657/883/657
f 639/865/639 658/884/658 657/883/657
f 639/865/639 640/866/640 658/884/658
f 640/866/640 659/885/659 658/884/658
f 640/866/640 641/867/641 659/885/659
f 641/867/641 660/886/660 659/885/659
f 641/867/641 642/868/642 660/886/660
f 642/868/642 661/887/661 660/886/660
f 642/868/642 643/869/643 661/887/661
f 643/869/643 662/888/662 661/887/661
f 643/869/643 644/870/644 662/888/662
f 644/870/644 663/889/663 662/888/662
f 644/870/644 645/871/645 663/889/663
f 645/871/645 664/890/664 663/889/663
f 645/871/645 646/872/646 664/890/664
f 646/872/646 665/891/665 664/890/664
f 646/872/646 647/873/647 665/891/665
f 647/873/647 648/874/648 665/891/665
f 647/873/647 630/856/630 648/874/648
f 648/874/648 667/893/667 666/892/666
f 648/874/648 649/875/649 667/893/667
f 649/875/649 668/894/668 667/893/667
f 649/875/649 650/876/650 668/894/668
f 650/876/650 669/895/669 668/894/668
f 650/876/650 651/877/651 669/895/669
f 651/877/651 670/896/670 669/895/669
f 651/877/651 652/878/652 670/896/670
f 652/999/652 671/897/671 670/1000/670
f 652/1001/652 653/879/653 671/897/671
f 653/879/653 672/898/672 671/897/671
f 653/879/653 654/880/654 672/898/672
f 654/880/654 673/899/673 672/898/672
f 654/880/654 655/881/655 673/899/673
f 655/881/655 674/900/674 673/899/673
f 655/881/655 656/882/656 674/900/674
f 656/882/656 675/901/675 674/900/674
f 656/882/656 657/883/657 675/901/675
f 657/883/657 676/902/676 675/901/675
f 657/883/657 658/884/658 676/902/676
f 658/884/658 677/903/677 676/902/676
f 658/884/658 659/885/659 677/903/677
f 659/885/659 678/904/678 677/903/677
f 659/885/659 660/886/660 678/904/678
f 660/886/660 679/905/679 678/904/678
f 660/886/660 661/887/661 679/905/679
f 661/887/661 680/906/680 679/905/679
f 661/887/661 662/888/662 680/906/680
f 662/888/662 681/907/681 680/906/680
f 662/888/662 663/889/663 681/907/681
f 663/889/663 682/908/682 681/907/681
f 663/889/663 664/890/664 682/908/682
f 664/890/664 683/909/683 682/908/682
f 664/890/664 665/891/665 683/909/683
f 665/891/665 666/892/666 683/909/683
f 665/891/665 648/874/648 666/892/666
f 666/892/666 685/911/685 684/910/684
f 666/892/666 667/893/667 685/911/685
f 667/893/667 686/912/686 685/911/685
f 667/893/667 668/894/668 686/912/686
f 668/894/668 687/913/687 686/912/686
f 668/894/668 669/895/669 687/913/687
f 669/895/669 688/914/688 687/913/687
f 669/895/669 670/896/670 688/914/688
f 670/1002/670 689/915/689 688/1003/688
f 670/1004/670 671/897/671 689/915/689
f 671/897/671 690/916/690 689/915/689
f 671/897/671 672/898/672 690/916/690
f 672/898/672 691/917/691 690/916/690
f 672/898/672 673/899/673 691/917/691
f 673/899/673 692/918/692 691/917/691
f 673/899/673 674/900/674 692/918/692
f 674/900/674 693/919/693 692/918/692
f 674/900/674 675/901/675 693/919/693
f 675/901/675 694/920/694 693/919/693
f 675/901/675 676/902/676 694/920/694
f 676/902/676 695/921/695 694/920/694
f 676/902/676 677/903/677 695/921/695
f 677/903/677 696/922/696 695/921/695
f 677/903/677 678/904/678 696/922/696
f 678/904/678 697/923/697 696/922/696
f 678/904/678 679/905/679 697/923/697
f 679/905/679 698/924/698 697/923/697
f 679/905/679 680/906/680 698/924/698
f 680/906/680 699/925/699 698/924/698
f 680/906/680 681/907/681 699/925/699
f 681/907/681 700/926/700 699/925/699
f 681/907/681 682/908/682 700/926/700
f 682/908/682 701/927/701 700/926/700
f 682/908/682 683/909/683 701/927/701
f 683/909/683 684/910/684 701/927/701
f 683/909/683 666/892/666 684/910/684
f 684/910/684 703/929/703 702/928/702
f 684/910/684 685/911/685 703/929/703
f 685/911/685 704/930/704 703/929/703
f 685/911/685 686/912/686 704/930/704
f 686/912/686 705/931/705 704/930/704
f 686/912/686 687/913/687 705/931/705
f 687/913/687 706/932/706 705/931/705
f 687/913/687 688/914/688 706/932/706
f 688/1005/688 707/933/707 706/1006/706
f 688/1007/688 689/915/689 707/933/707
f 689/915/689 708/934/708 707/933/707
f 689/915/689 690/916/690 708/934/708
f 690/916/690 709/935/709 708/934/708
f 690/916/690 691/917/691 709/935/709
f 691/917/691 710/936/710 709/935/709
f 691/917/691 692/918/692 710/936/710
f 692/918/692 711/937/711 710/936/710
f 692/918/692 693/919/693 711/937/711
f 693/919/693 712/938/712 711/937/711
f 693/919/693 694/920/694 712/938/712
f 694/920/694 713/939/713 712/938/712
f 694/920/694 695/921/695 713/939/713
f 695/921/695 714/940/714 713/939/713
f 695/921/695 696/922/696 714/940/714
f 696/922/696 715/941/715 714/940/714
f 696/922/696 697/923/697 715/941/715
f 697/923/697 716/942/716 715/941/715
f 697/923/697 698/924/698 716/942/716
f 698/924/698 717/943/717 716/942/716
f 698/924/698 699/925/699 717/943/717
f 699/925/699 718/944/718 717/943/717
f 699/925/699 700/926/700 718/944/718
f 700/926/700 719/945/719 718/944/718
f 700/926/700 701/927/701 719/945/719
f 701/927/701 702/928/702 719/945/719
f 701/927/701 684/910/684 702/928/702
s 1
f 702/928/702 721/947/721 720/946/720
f 702/928/702 703/929/703 721/947/721
f 703/929/703 722/948/722 721/947/721
f 703/929/703 704/930/704 722/948/722
f 704/930/704 723/949/723 722/948/722
f 704/930/704 705/931/705 723/949/723
f 705/931/705 724/950/724 723/949/723
f 705/931/705 706/932/706 724/950/724
f 706/1008/706 725/951/725 724/1009/724
f 706/1010/706 707/933/707 725/951/725
f 707/933/707 726/952/726 725/951/725
f 707/933/707 708/934/708 726/952/726
f 708/934/708 727/953/727 726/952/726
f 708/934/708 709/935/709 727/953/727
f 709/935/709 728/954/728 727/953/727
f 709/935/709 710/936/710 728/954/728
f 710/936/710 729/955/729 728/954/728
f 710/936/710 711/937/711 729/955/729
f 711/937/711 730/956/730 729/955/729
f 711/937/711 712/938/712 730/956/730
f 712/938/712 731/957/731 730/956/730
f 712/938/712 713/939/713 731/957/731
f 713/939/713 732/958/732 731/957/731
f 713/939/713 714/940/714 732/958/732
f 714/940/714 733/959/733 732/958/732
f 714/940/714 715/941/715 733/959/733
f 715/941/715 734/960/734 733/959/733
f 715/941/715 716/942/716 734/960/734
f 716/942/716 735/961/735 734/960/734
f 716/942/716 717/943/717 735/961/735
f 717/943/717 736/962/736 735/961/735
f 717/943/717 718/944/718 736/962/736
f 718/944/718 737/963/737 736/962/736
f 718/944/718 719/945/719 737/963/737
f 719/945/719 720/946/720 737/963/737
f 719/945/719 702/928/702 720/946/720
f 720/946/720 739/965/739 738/964/738
f 720/946/720 721/947/721 739/965/739
f 721/947/721 740/966/740 739/965/739
f 721/947/721 722/948/722 740/966/740
f 722/948/722 741/967/741 740/966/740
f 722/948/722 723/949/723 741/967/741
f 723/949/723 742/968/742 741/967/741
f 723/949/723 724/950/724 742/968/742
f 724/1011/724 743/969/743 742/1012/742
f 724/1013/724 725/951/725 743/969/743
f 725/951/725 744/970/744 743/969/743
f 725/951/725 726/952/726 744/970/744
f 726/952/726 745/971/745 744/970/744
f 726/952/726 727/953/727 745/971/745
f 727/953/727 746/972/746 745/971/745
f 727/953/727 728/954/728 746/972/746
f 728/954/728 747/973/747 746/972/746
f 728/954/728 729/955/729 747/973/747
f 729/955/729 748/974/748 747/973/747
f 729/955/729 730/956/730 748/974/748
f 730/956/730 749/975/749 748/974/748
f 730/956/730 731/957/731 749/975/749
f 731/957/731 750/976/750 749/975/749
f 731/957/731 732/958/732 750/976/750
f 732/958/732 751/977/751 750/976/750
f 732/958/732 733/959/733 751/977/751
f 733/959/733 752/978/752 751/977/751
f 733/959/733 734/960/734 752/978/752
f 734/960/734 753/979/753 752/978/752
f 734/960/734 735/961/735 753/979/753
f 735/961/735 754/980/754 753/979/753
f 735/961/735 736/962/736 754/980/754
f 736/962/736 755/981/755 754/980/754
f 736/962/736 737/963/737 755/981/755
f 737/963/737 738/964/738 755/981/755
f 737/963/737 720/946/720 738/964/738
f 756/982/756 738/964/738 739/965/739
f 756/982/756 739/965/739 740/966/740
f 756/982/756 740/966/740 741/967/741
f 756/982/756 741/967/741 742/968/742
f 756/982/756 742/1014/742 743/969/743
f 756/982/756 743/969/743 744/970/744
f 756/982/756 744/970/744 745/971/745
f 756/982/756 745/971/745 746/972/746
f 756/982/756 746/972/746 747/973/747
f 756/982/756 747/973/747 748/974/748
f 756/982/756 748/974/748 749/975/749
f 756/982/756 749/975/749 750/976/750
f 756/982/756 750/976/750 751/977/751
f 756/982/756 751/977/751 752/978/752
f 756/982/756 752/978/752 753/979/753
f 756/982/756 753/979/753 754/980/754
f 756/982/756 754/980/754 755/981/755
f 756/982/756 755/981/755 738/964/738
# 396 faces

g
# object Box02 to come ...
#
v  213.153076 104.062386 10.587090
v  213.202286 104.061264 11.235806
v  213.251480 104.060143 11.884522
v  213.300674 104.059013 12.533237
v  211.689514 104.068863 10.698097
v  210.093140 100.957916 11.512350
v  210.135391 100.956955 12.069348
v  211.837097 104.065491 12.644244
v  213.613129 -33.508915 10.905495
v  213.671539 -33.510250 11.675520
v  212.600571 -20.614799 10.577779
v  211.790314 -26.791506 11.059406
v  211.848099 -26.792841 11.821394
v  212.726028 -20.619867 12.232186
v  211.136993 -20.608320 10.688786
v  210.716660 -21.456982 11.184491
v  210.769257 -21.458183 11.878019
v  211.262451 -20.613390 12.343193
v  213.187683 79.123192 12.498640
v  211.724121 79.129669 12.609647
v  209.593384 79.140083 12.066096
v  209.552139 79.141022 11.522201
v  211.576523 79.133041 10.663500
v  213.040100 79.126564 10.552493
v  213.074692 54.187374 12.464042
v  211.611130 54.193851 12.575048
v  209.480392 54.204262 12.031499
v  209.439148 54.205204 11.487603
v  211.463531 54.197220 10.628902
v  212.927109 54.190742 10.517896
v  212.961716 29.251554 12.429444
v  211.498138 29.258032 12.540451
v  209.426178 28.716822 11.991489
v  209.384933 28.717764 11.447594
v  211.350540 29.261400 10.594304
v  212.814117 29.254923 10.483297
v  212.848724 4.315732 12.394847
v  211.385147 4.322210 12.505854
v  209.812515 0.565331 11.923629
v  209.769730 0.566308 11.359505
v  211.237564 4.325579 10.559707
v  212.701126 4.319101 10.448700
v  211.853897 104.067650 11.032938
v  211.307922 104.069191 11.705710
v  211.949112 104.065483 12.288441
v  212.935959 -25.997204 10.707351
v  212.576172 -31.375008 11.375058
v  213.033951 -25.999441 11.999380
v  211.472717 -23.199835 10.764465
v  211.122162 -25.778177 11.495018
v  211.574173 -23.197771 12.102001
v  210.565659 91.603470 12.350703
v  209.332458 91.609779 11.833959
v  210.473618 91.605576 11.137128
v  210.452667 66.667648 12.316105
v  209.219467 66.673950 11.799360
v  210.360626 66.669746 11.102530
v  210.339676 41.731827 12.281507
v  209.106476 41.738132 11.764763
v  210.247635 41.733929 11.067932
v  210.361008 15.535161 12.234540
v  209.262131 14.280614 11.705426
v  210.268982 15.537262 11.020965
v  210.716507 -10.446484 12.169394
v  210.085083 -12.746808 11.596228
v  210.623444 -10.444352 10.942315
v  210.846939 100.955048 11.119730
v  211.433701 104.069054 11.396302
v  209.854568 100.958588 11.810546
v  211.478928 104.068024 11.992608
v  210.939758 100.952927 12.343787
v  213.800415 -27.986444 10.638348
v  213.573303 -35.350250 11.292556
v  213.898407 -27.988682 11.930377
v  212.649170 -30.030178 10.984623
v  212.131622 -24.145166 10.774790
v  212.707565 -30.031511 11.754648
v  211.698807 -27.674149 11.448004
v  212.229126 -24.147392 12.060389
v  211.195190 -25.132151 11.119539
v  210.975433 -19.758587 10.891169
v  211.251144 -25.133429 11.857411
v  210.649750 -22.023558 11.537345
v  211.069748 -19.760740 12.134807
v  209.649872 91.607994 12.083395
v  210.509155 79.135559 12.333404
v  209.608627 91.608932 11.539500
v  209.275970 79.141869 11.816660
v  210.417130 79.137665 11.119829
v  209.536896 66.672165 12.048798
v  210.396179 54.199734 12.298806
v  209.495636 66.673111 11.504902
v  209.162979 54.206039 11.782062
v  210.304138 54.201836 11.085231
v  209.423904 41.736347 12.014200
v  210.316757 28.948706 12.261116
v  209.382660 41.737289 11.470304
v  209.117157 28.639795 11.741280
v  210.224731 28.950806 11.047541
v  209.545975 14.594045 11.957955
v  210.488800 2.175369 12.203420
v  209.504730 14.594986 11.414060
v  209.573944 0.028957 11.657107
v  210.396500 2.177475 10.986468
v  210.255005 -12.172003 11.898538
v  210.207611 -12.170921 11.273731
v  214.511627 104.055466 11.136497
v  214.462433 104.056587 10.487781
v  214.610031 104.053223 12.433928
v  214.560837 104.054344 11.785212
v  214.464493 71.934189 12.389363
v  214.497040 79.117401 12.399330
v  214.349442 79.120773 10.453183
v  214.316895 71.937553 10.443216
v  214.314285 38.785088 12.343369
v  214.384048 54.181580 12.364732
v  214.236465 54.184948 10.418586
v  214.166702 38.788456 10.397223
v  214.164093 5.635987 12.297377
v  214.271072 29.245758 12.330134
v  214.123474 29.249128 10.383987
v  214.016495 5.639356 10.351230
v  214.158081 4.309937 12.295537
v  214.010483 4.313306 10.349390
v  213.907501 -20.622507 10.446607
v  213.895599 -25.301346 10.562791
v  213.889893 -27.510283 10.616398
v  213.905930 -21.365871 10.469317
v  213.888290 -28.129887 10.631435
v  213.880539 -34.207859 10.884005
v  213.902206 -35.871563 11.266710
v  213.939896 -33.999096 11.654322
v  213.986267 -28.132122 11.923465
v  214.462433 104.056587 10.487781
v  214.511627 104.055466 11.136497
v  214.560837 104.054344 11.785212
v  214.610031 104.053223 12.433928
v  214.497040 79.117401 12.399330
v  214.464493 71.934189 12.389363
v  214.384048 54.181580 12.364732
v  214.314285 38.785088 12.343369
v  214.271072 29.245758 12.330134
v  214.164093 5.635987 12.297377
v  214.035385 -20.625669 12.132876
v  214.349442 79.120766 10.453183
v  214.236465 54.184948 10.418586
v  214.316895 71.937553 10.443216
v  214.166702 38.788456 10.397223
v  214.123474 29.249128 10.383987
v  214.016495 5.639356 10.351230
v  214.010483 4.313306 10.349390
v  213.908035 -20.622496 10.453636
v  213.880264 -34.208008 10.880413
v  213.888565 -28.123224 10.634711
v  213.889893 -27.510283 10.616398
v  213.895599 -25.301346 10.562791
v  213.880188 -34.353252 10.887771
v  213.904266 -35.718002 11.284862
v  213.990280 -27.512573 11.940221
v  213.989487 -27.634775 11.936915
v  214.004593 -25.303835 11.999958
v  213.940552 -34.000927 11.663084
v  213.986130 -28.132044 11.921641
v  213.905930 -21.365871 10.469316
v  214.029922 -21.368702 12.104352
v  214.016495 5.639356 10.351230
# 166 vertices

vt  1.000000 0.666667 0.000000
vt  0.666667 0.666667 0.000000
vt  0.333333 0.666667 0.000000
vt  -0.000000 0.666667 0.000000
vt  1.000000 1.000000 0.000000
vt  0.666667 1.000000 0.000000
vt  0.333333 1.000000 0.000000
vt  -0.000000 1.000000 0.000000
vt  0.333333 0.333333 0.000000
vt  0.666667 0.333333 0.000000
vt  0.000000 0.666667 0.000000
vt  0.333333 0.666667 0.000000
vt  0.666667 0.666667 0.000000
vt  1.000000 0.666667 0.000000
vt  0.000000 1.000000 0.000000
vt  0.333333 1.000000 0.000000
vt  0.666667 1.000000 0.000000
vt  1.000000 1.000000 0.000000
vt  0.666667 0.000000 0.000000
vt  1.000000 0.000000 0.000000
vt  0.666667 0.200000 0.000000
vt  1.000000 0.200000 0.000000
vt  0.666667 0.400000 0.000000
vt  1.000000 0.400000 0.000000
vt  0.666667 0.600000 0.000000
vt  1.000000 0.600000 0.000000
vt  0.666667 0.800000 0.000000
vt  1.000000 0.800000 0.000000
vt  0.666667 1.000000 0.000000
vt  1.000000 1.000000 0.000000
vt  0.000000 0.000000 0.000000
vt  0.333333 0.000000 0.000000
vt  0.666667 0.000000 0.000000
vt  1.000000 0.000000 0.000000
vt  0.000000 0.200000 0.000000
vt  0.333333 0.200000 0.000000
vt  0.666667 0.200000 0.000000
vt  1.000000 0.200000 0.000000
vt  0.000000 0.400000 0.000000
vt  0.333333 0.400000 0.000000
vt  0.666667 0.400000 0.000000
vt  1.000000 0.400000 0.000000
vt  0.000000 0.600000 0.000000
vt  0.333333 0.600000 0.000000
vt  0.666667 0.600000 0.000000
vt  1.000000 0.600000 0.000000
vt  0.000000 0.800000 0.000000
vt  0.333333 0.800000 0.000000
vt  0.666667 0.800000 0.000000
vt  1.000000 0.800000 0.000000
vt  0.000000 1.000000 0.000000
vt  0.333333 1.000000 0.000000
vt  0.666667 1.000000 0.000000
vt  1.000000 1.000000 0.000000
vt  0.000000 0.000000 0.000000
vt  0.333333 0.000000 0.000000
vt  0.000000 0.200000 0.000000
vt  0.333333 0.200000 0.000000
vt  0.000000 0.400000 0.000000
vt  0.333333 0.400000 0.000000
vt  0.000000 0.600000 0.000000
vt  0.333333 0.600000 0.000000
vt  0.000000 0.800000 0.000000
vt  0.333333 0.800000 0.000000
vt  0.000000 1.000000 0.000000
vt  0.333333 1.000000 0.000000
vt  0.833333 0.833333 0.000000
vt  0.500000 0.833333 0.000000
vt  0.166667 0.833333 0.000000
vt  0.166667 0.500000 0.000000
vt  0.500000 0.500000 0.000000
vt  0.833333 0.500000 0.000000
vt  0.166667 0.833333 0.000000
vt  0.500000 0.833333 0.000000
vt  0.833333 0.833333 0.000000
vt  0.166667 0.100000 0.000000
vt  0.500000 0.100000 0.000000
vt  0.833333 0.100000 0.000000
vt  0.166667 0.300000 0.000000
vt  0.500000 0.300000 0.000000
vt  0.833333 0.300000 0.000000
vt  0.166667 0.500000 0.000000
vt  0.500000 0.500000 0.000000
vt  0.833333 0.500000 0.000000
vt  0.166667 0.700000 0.000000
vt  0.500000 0.700000 0.000000
vt  0.833333 0.700000 0.000000
vt  0.166667 0.900000 0.000000
vt  0.500000 0.900000 0.000000
vt  0.833333 0.900000 0.000000
vt  0.833333 1.000000 0.000000
vt  0.833333 0.000000 0.000000
vt  0.666667 0.833333 0.000000
vt  0.500000 1.000000 0.000000
vt  0.500000 0.000000 0.000000
vt  0.333333 0.833333 0.000000
vt  0.166667 1.000000 0.000000
vt  0.166667 0.000000 0.000000
vt  0.166667 0.333333 0.000000
vt  0.500000 0.333333 0.000000
vt  0.833333 0.333333 0.000000
vt  0.333333 0.500000 0.000000
vt  0.166667 0.666667 0.000000
vt  0.666667 0.500000 0.000000
vt  0.500000 0.666667 0.000000
vt  0.833333 0.666667 0.000000
vt  0.333333 0.833333 0.000000
vt  0.166667 1.000000 0.000000
vt  0.833333 1.000000 0.000000
vt  0.666667 0.833333 0.000000
vt  0.500000 1.000000 0.000000
vt  0.500000 1.000000 0.000000
vt  0.833333 1.000000 0.000000
vt  0.166667 1.000000 0.000000
vt  0.333333 0.100000 0.000000
vt  0.166667 0.200000 0.000000
vt  0.666667 0.100000 0.000000
vt  0.500000 0.200000 0.000000
vt  0.833333 0.200000 0.000000
vt  0.333333 0.300000 0.000000
vt  0.166667 0.400000 0.000000
vt  0.666667 0.300000 0.000000
vt  0.500000 0.400000 0.000000
vt  0.833333 0.400000 0.000000
vt  0.333333 0.500000 0.000000
vt  0.166667 0.600000 0.000000
vt  0.666667 0.500000 0.000000
vt  0.500000 0.600000 0.000000
vt  0.833333 0.600000 0.000000
vt  0.333333 0.700000 0.000000
vt  0.166667 0.800000 0.000000
vt  0.666667 0.700000 0.000000
vt  0.500000 0.800000 0.000000
vt  0.833333 0.800000 0.000000
vt  0.333333 0.900000 0.000000
vt  0.666667 0.900000 0.000000
vt  0.666667 0.368457 0.000000
vt  1.000000 0.368457 0.000000
vt  0.631543 0.000000 0.000000
vt  -0.000000 0.368457 0.000000
vt  0.368457 0.000000 0.000000
vt  0.333333 0.368457 0.000000
vt  0.368457 0.257614 0.000000
vt  0.368457 0.200000 0.000000
vt  0.631543 0.200000 0.000000
vt  0.631543 0.257614 0.000000
vt  0.368457 0.523489 0.000000
vt  0.368457 0.400000 0.000000
vt  0.631543 0.400000 0.000000
vt  0.631544 0.523489 0.000000
vt  0.368457 0.789364 0.000000
vt  0.368457 0.600000 0.000000
vt  0.631543 0.600000 0.000000
vt  0.631544 0.789364 0.000000
vt  0.368457 1.000000 0.000000
vt  1.000000 0.368457 0.000000
vt  0.368457 0.800000 0.000000
vt  0.631543 0.800000 0.000000
vt  0.631543 1.000000 0.000000
vt  0.000000 0.368457 0.000000
vt  0.105888 0.333333 0.000000
vt  0.153353 0.319618 0.000000
vt  0.846647 0.319618 0.000000
vt  0.894112 0.333333 0.000000
vt  0.023027 0.356360 0.000000
vt  0.976973 0.356360 0.000000
vt  0.166667 0.315770 0.000000
vt  0.333333 0.284380 0.000000
vt  0.500000 0.306053 0.000000
vt  0.666667 0.307373 0.000000
vt  0.833333 0.315770 0.000000
vt  0.664133 0.006215 0.000000
vt  0.554711 0.006215 0.000000
vt  0.445289 0.006215 0.000000
vt  0.335867 0.006215 0.000000
vt  0.335867 0.156661 0.000000
vt  0.335867 0.200000 0.000000
vt  0.335867 0.307108 0.000000
vt  0.335867 0.400000 0.000000
vt  0.335867 0.457554 0.000000
vt  0.335867 0.600000 0.000000
vt  0.335867 0.608001 0.000000
vt  0.357468 0.758447 0.000000
vt  0.664133 0.156661 0.000000
vt  0.664133 0.307108 0.000000
vt  0.664133 0.200000 0.000000
vt  0.664133 0.400000 0.000000
vt  0.664133 0.457554 0.000000
vt  0.664133 0.600000 0.000000
vt  0.664133 0.608001 0.000000
vt  0.640713 0.758445 0.000000
vt  0.565548 0.840407 0.000000
vt  0.607808 0.803736 0.000000
vt  0.611647 0.800000 0.000000
vt  0.621207 0.786673 0.000000
vt  0.564273 0.841283 0.000000
vt  0.496974 0.849513 0.000000
vt  0.388353 0.800000 0.000000
vt  0.388881 0.800737 0.000000
vt  0.378793 0.786673 0.000000
vt  0.434790 0.839139 0.000000
vt  0.391341 0.803738 0.000000
vt  0.637894 0.762930 0.000000
vt  0.362106 0.762930 0.000000
# 204 texture vertices

vn  0.007117 1.570778 0.002179
vn  0.004531 0.999989 0.001387
vn  0.004531 0.999989 0.001387
vn  0.007117 1.570779 0.002179
vn  -0.118786 0.002711 -1.566296
vn  -1.955029 0.771252 -2.108240
vn  -1.614525 0.763479 2.381607
vn  0.118786 -0.002711 1.566296
vn  -0.426138 -0.100343 -0.899076
vn  -0.270297 -0.108587 0.956634
vn  -0.274589 -0.013152 -3.130668
vn  -0.522586 -0.139822 -0.841043
vn  -0.389979 -0.141287 0.909920
vn  0.237496 -0.021603 3.132534
vn  -0.118830 -0.007629 -1.566276
vn  -2.192915 -0.222099 -2.506919
vn  -1.646436 -0.255506 2.873677
vn  0.118748 -0.010801 1.566264
vn  0.075622 -0.001726 0.997135
vn  0.237572 -0.005423 3.132592
vn  -0.457354 0.000838 0.889284
vn  -0.586236 0.003780 -0.810132
vn  -0.237572 0.005423 -3.132592
vn  -0.075622 0.001726 -0.997135
vn  0.075622 -0.001726 0.997135
vn  0.237572 -0.005423 3.132592
vn  -0.457354 0.000838 0.889284
vn  -0.586236 0.003780 -0.810132
vn  -0.237572 0.005423 -3.132592
vn  -0.075622 0.001726 -0.997135
vn  0.075622 -0.001726 0.997135
vn  0.237572 -0.005423 3.132592
vn  -0.468242 -0.003483 0.883594
vn  -0.596142 -0.000563 -0.802879
vn  -0.237572 0.005423 -3.132592
vn  -0.075622 0.001726 -0.997135
vn  0.075610 -0.004301 0.997128
vn  0.237534 -0.013513 3.132560
vn  -0.558813 -0.015189 0.829154
vn  -0.677471 -0.012481 -0.735444
vn  -0.237616 -0.004918 -3.132573
vn  -0.075636 -0.001565 -0.997134
vn  -0.365146 0.928410 -0.068733
vn  -0.639386 0.767270 0.049818
vn  -0.350361 0.928072 0.126210
vn  -0.189022 -0.042905 -0.981035
vn  -0.961985 -0.263304 0.072500
vn  -0.038866 -0.046985 0.998139
vn  -0.335869 -0.063107 -0.939792
vn  -0.956042 -0.284250 0.072012
vn  -0.193312 -0.061798 0.979189
vn  -0.253512 0.004027 0.967324
vn  -0.996754 0.027561 0.075640
vn  -0.396493 0.007291 -0.918009
vn  -0.251070 -0.000205 0.967969
vn  -0.997126 0.004413 0.075629
vn  -0.394178 0.003061 -0.919029
vn  -0.251327 -0.000626 0.967902
vn  -0.997134 0.002050 0.075625
vn  -0.394422 0.002641 -0.918926
vn  -0.287270 -0.003017 0.957845
vn  -0.997016 -0.015687 0.075585
vn  -0.428437 0.000206 -0.903571
vn  -0.415481 -0.011457 0.909530
vn  -0.995904 -0.049838 0.075442
vn  -0.535303 -0.009130 -0.844611
vn  -0.948496 0.262622 -1.586076
vn  -0.504529 0.767272 -0.395909
vn  -1.764744 0.829087 0.135271
vn  -0.438851 0.765773 0.470108
vn  -0.698384 0.256913 1.711872
vn  -0.145608 -0.033206 -0.988785
vn  -0.875845 -0.475038 0.085057
vn  0.005161 -0.036612 0.999316
vn  -0.489133 -0.111888 -0.865003
vn  -0.138645 -0.060977 -0.988463
vn  -0.353116 -0.114993 0.928486
vn  -0.967535 -0.241979 0.072955
vn  -0.041845 -0.062022 0.997197
vn  -0.710717 -0.133688 -0.690658
vn  -0.398090 -0.045163 -0.335792
vn  -0.572494 -0.127416 0.809948
vn  -4.532397 -0.574138 0.342738
vn  -0.380358 -0.059579 0.393588
vn  -0.459442 0.013051 0.888112
vn  -0.251070 -0.000205 0.967969
vn  -0.588120 0.015988 -0.808616
vn  -0.997126 0.004413 0.075629
vn  -0.394178 0.003061 -0.919029
vn  -0.457354 0.000838 0.889284
vn  -0.251070 -0.000205 0.967969
vn  -0.586236 0.003780 -0.810132
vn  -0.997126 0.004413 0.075629
vn  -0.394178 0.003061 -0.919029
vn  -0.457575 -0.000396 0.889171
vn  -0.259637 -0.001912 0.965704
vn  -0.586438 0.002545 -0.809990
vn  -0.997119 -0.006159 0.075610
vn  -0.402306 0.001345 -0.915504
vn  -0.496652 -0.008583 0.867907
vn  -0.336743 -0.006912 0.941571
vn  -0.621863 -0.005725 -0.783105
vn  -0.996470 -0.036692 0.075508
vn  -0.474892 -0.003759 -0.880036
vn  -0.664947 -0.030426 0.746271
vn  -0.769894 -0.028030 -0.637556
vn  0.004531 0.999989 0.001387
vn  0.007117 1.570779 0.002179
vn  0.007117 1.570778 0.002179
vn  0.004531 0.999989 0.001387
vn  0.075622 -0.001726 0.997135
vn  0.075622 -0.001726 0.997135
vn  -0.075622 0.001726 -0.997135
vn  -0.075622 0.001726 -0.997135
vn  0.075622 -0.001726 0.997135
vn  0.075622 -0.001726 0.997135
vn  -0.075622 0.001726 -0.997135
vn  -0.075622 0.001726 -0.997135
vn  0.075622 -0.001726 0.997135
vn  0.075622 -0.001726 0.997135
vn  -0.075622 0.001726 -0.997135
vn  -0.075622 0.001726 -0.997135
vn  0.237534 -0.013513 3.132560
vn  -0.076042 -0.001542 -0.997103
vn  -0.156761 -0.005441 -1.561568
vn  -0.132294 -0.023195 -0.990939
vn  -0.116943 -0.023793 -0.992854
vn  -0.102121 -0.029717 -0.994328
vn  -0.142783 -0.039400 -0.988970
vn  -0.460173 -0.156956 -0.873845
vn  -0.842292 -0.534759 0.067655
vn  -0.216605 -0.162628 0.962618
vn  0.009108 -0.042564 0.999052
vn  0.997126 -0.004413 -0.075629
vn  0.997126 -0.004413 -0.075629
vn  0.997126 -0.004413 -0.075629
vn  0.997126 -0.004413 -0.075629
vn  0.997126 -0.004413 -0.075629
vn  0.997126 -0.004413 -0.075629
vn  0.997126 -0.004413 -0.075629
vn  0.997126 -0.004413 -0.075629
vn  0.997126 -0.004413 -0.075629
vn  0.997126 -0.004413 -0.075629
vn  0.118747 -0.010801 1.566258
vn  0.997126 -0.004413 -0.075629
vn  0.997126 -0.004413 -0.075629
vn  0.997126 -0.004413 -0.075629
vn  0.997126 -0.004413 -0.075629
vn  0.997126 -0.004413 -0.075629
vn  0.997126 -0.004413 -0.075629
vn  -0.997126 0.004413 0.075629
vn  0.997126 -0.004413 -0.075629
vn  0.997126 -0.004413 -0.075629
vn  0.997126 -0.004413 -0.075629
vn  0.997126 -0.004413 -0.075629
vn  0.997126 -0.004413 -0.075629
vn  0.997126 -0.004413 -0.075629
vn  0.997126 -0.004413 -0.075629
vn  0.107199 -0.085580 3.138597
vn  0.997126 -0.004413 -0.075629
vn  0.058611 -0.083692 3.139902
vn  0.997126 -0.004413 -0.075629
vn  0.997126 -0.004413 -0.075629
vn  0.997126 -0.004413 -0.075629
vn  0.225222 -0.119422 3.131246
vn  -0.997126 0.004413 0.075629
# 166 vertex normals

g Box02
s 2
f 757/1015/757 758/1016/758 863/1151/863
f 863/1151/863 864/1152/864 757/1015/757
f 759/1017/759 760/1018/760 865/1154/865
f 865/1154/865 866/1156/866 759/1017/759
s 16
f 760/1033/760 764/1034/764 776/1036/776
f 776/1036/776 775/1035/775 760/1033/760
f 781/1037/781 872/1162/872 867/1157/867
f 775/1035/775 781/1037/781 867/1157/867
f 868/1158/868 775/1035/775 867/1157/867
f 775/1035/775 776/1036/776 782/1038/782
f 782/1038/782 781/1037/781 775/1035/775
f 787/1039/787 876/1166/876 871/1161/871
f 781/1037/781 787/1039/787 871/1161/871
f 872/1162/872 781/1037/781 871/1161/871
f 781/1037/781 782/1038/782 788/1040/788
f 788/1040/788 787/1039/787 781/1037/781
f 793/1041/793 879/1171/879 875/1165/875
f 787/1039/787 793/1041/793 875/1165/875
f 876/1166/876 787/1039/787 875/1165/875
f 787/1039/787 788/1040/788 794/1042/794
f 794/1042/794 793/1041/793 787/1039/787
f 793/1041/793 770/1043/770 900/1169/900
f 900/1169/900 879/1171/879 793/1041/793
f 793/1041/793 794/1042/794 774/1044/774
f 774/1044/774 770/1043/770 793/1041/793
s 64
f 761/1069/761 757/1070/757 780/1072/780
f 780/1072/780 779/1071/779 761/1069/761
f 864/1153/864 869/1159/869 780/1072/780
f 780/1072/780 757/1070/757 864/1153/864
f 779/1071/779 780/1072/780 786/1074/786
f 786/1074/786 785/1073/785 779/1071/779
f 780/1072/780 869/1159/869 870/1160/870
f 870/1160/870 873/1163/873 786/1074/786
f 780/1072/780 870/1160/870 786/1074/786
f 785/1073/785 786/1074/786 792/1076/792
f 792/1076/792 791/1075/791 785/1073/785
f 786/1074/786 873/1163/873 874/1164/874
f 874/1164/874 877/1167/877 792/1076/792
f 786/1074/786 874/1164/874 792/1076/792
f 791/1075/791 792/1076/792 798/1078/798
f 798/1078/798 797/1077/797 791/1075/791
f 792/1076/792 877/1167/877 878/1168/878
f 878/1168/878 880/1172/880 798/1078/798
f 792/1076/792 878/1168/878 798/1078/798
f 797/1077/797 798/1078/798 767/1080/767
f 767/1080/767 771/1079/771 797/1077/797
f 880/1172/880 881/1173/881 767/1080/767
f 767/1080/767 798/1078/798 880/1172/880
s 2
f 757/1015/757 761/1019/761 799/1081/799
f 761/1019/761 823/1105/823 799/1081/799
f 762/1020/762 824/1107/824 799/1081/799
f 799/1081/799 823/1105/823 762/1020/762
f 758/1016/758 757/1015/757 799/1081/799
f 824/1107/824 758/1016/758 799/1081/799
f 758/1016/758 824/1107/824 800/1082/800
f 762/1020/762 825/1108/825 800/1082/800
f 800/1082/800 824/1107/824 762/1020/762
f 763/1021/763 826/1110/826 800/1082/800
f 800/1082/800 825/1108/825 763/1021/763
f 759/1017/759 758/1016/758 800/1082/800
f 826/1110/826 759/1017/759 800/1082/800
f 759/1017/759 826/1110/826 801/1083/801
f 763/1021/763 827/1111/827 801/1083/801
f 801/1083/801 826/1110/826 763/1021/763
f 764/1022/764 760/1018/760 801/1083/801
f 827/1111/827 764/1022/764 801/1083/801
f 760/1018/760 759/1017/759 801/1083/801
s 4
f 765/1023/765 828/1113/828 885/1181/885
f 885/1181/885 886/1182/886 765/1023/765
f 883/1176/883 885/1181/885 828/1113/828
f 828/1113/828 882/1175/882 883/1176/883
f 829/1114/829 887/1183/887 888/1184/888
f 888/1184/888 766/1024/766 829/1114/829
f 886/1182/886 887/1183/887 829/1114/829
f 829/1114/829 765/1023/765 886/1182/886
f 830/1115/830 889/1185/889 915/1177/915
f 915/1177/915 917/1178/917 830/1115/830
f 888/1184/888 889/1185/889 830/1115/830
f 830/1115/830 766/1024/766 888/1184/888
f 882/1175/882 828/1113/828 802/1084/802
f 802/1084/802 884/1179/884 882/1175/882
f 765/1023/765 831/1116/831 802/1084/802
f 802/1084/802 828/1113/828 765/1023/765
f 768/1026/768 832/1117/832 802/1084/802
f 802/1084/802 831/1116/831 768/1026/768
f 881/1174/881 884/1179/884 802/1084/802
f 802/1084/802 767/1025/767 881/1174/881
f 832/1117/832 767/1025/767 802/1084/802
f 765/1023/765 829/1114/829 803/1085/803
f 803/1085/803 831/1116/831 765/1023/765
f 766/1024/766 833/1118/833 803/1085/803
f 803/1085/803 829/1114/829 766/1024/766
f 769/1027/769 834/1119/834 803/1085/803
f 803/1085/803 833/1118/833 769/1027/769
f 768/1026/768 831/1116/831 803/1085/803
f 803/1085/803 834/1119/834 768/1026/768
f 766/1024/766 830/1115/830 804/1086/804
f 804/1086/804 833/1118/833 766/1024/766
f 900/1170/900 770/1028/770 804/1086/804
f 804/1086/804 921/1180/921 900/1170/900
f 917/1178/917 921/1180/921 804/1086/804
f 804/1086/804 830/1115/830 917/1178/917
f 770/1028/770 835/1120/835 804/1086/804
f 769/1027/769 833/1118/833 804/1086/804
f 804/1086/804 835/1120/835 769/1027/769
f 767/1025/767 832/1117/832 805/1087/805
f 768/1026/768 836/1121/836 805/1087/805
f 805/1087/805 832/1117/832 768/1026/768
f 772/1030/772 837/1122/837 805/1087/805
f 805/1087/805 836/1121/836 772/1030/772
f 771/1029/771 767/1025/767 805/1087/805
f 837/1122/837 771/1029/771 805/1087/805
f 768/1026/768 834/1119/834 806/1088/806
f 806/1088/806 836/1121/836 768/1026/768
f 769/1027/769 838/1124/838 806/1088/806
f 806/1088/806 834/1119/834 769/1027/769
f 773/1031/773 839/1125/839 806/1088/806
f 806/1088/806 838/1124/838 773/1031/773
f 772/1030/772 836/1121/836 806/1088/806
f 806/1088/806 839/1125/839 772/1030/772
f 769/1027/769 835/1120/835 807/1089/807
f 807/1089/807 838/1124/838 769/1027/769
f 770/1028/770 774/1032/774 807/1089/807
f 835/1120/835 770/1028/770 807/1089/807
f 774/1032/774 840/1127/840 807/1089/807
f 773/1031/773 838/1124/838 807/1089/807
f 807/1089/807 840/1127/840 773/1031/773
s 32
f 764/1045/764 827/1112/827 808/1090/808
f 763/1046/763 841/1129/841 808/1090/808
f 808/1090/808 827/1112/827 763/1046/763
f 777/1050/777 842/1130/842 808/1090/808
f 808/1090/808 841/1129/841 777/1050/777
f 776/1049/776 764/1045/764 808/1090/808
f 842/1130/842 776/1049/776 808/1090/808
f 763/1046/763 825/1109/825 809/1091/809
f 809/1091/809 841/1129/841 763/1046/763
f 762/1047/762 843/1131/843 809/1091/809
f 809/1091/809 825/1109/825 762/1047/762
f 778/1051/778 844/1132/844 809/1091/809
f 809/1091/809 843/1131/843 778/1051/778
f 777/1050/777 841/1129/841 809/1091/809
f 809/1091/809 844/1132/844 777/1050/777
f 762/1047/762 823/1106/823 810/1092/810
f 810/1092/810 843/1131/843 762/1047/762
f 761/1048/761 779/1052/779 810/1092/810
f 823/1106/823 761/1048/761 810/1092/810
f 779/1052/779 845/1133/845 810/1092/810
f 778/1051/778 843/1131/843 810/1092/810
f 810/1092/810 845/1133/845 778/1051/778
f 776/1049/776 842/1130/842 811/1093/811
f 777/1050/777 846/1134/846 811/1093/811
f 811/1093/811 842/1130/842 777/1050/777
f 783/1054/783 847/1135/847 811/1093/811
f 811/1093/811 846/1134/846 783/1054/783
f 782/1053/782 776/1049/776 811/1093/811
f 847/1135/847 782/1053/782 811/1093/811
f 777/1050/777 844/1132/844 812/1094/812
f 812/1094/812 846/1134/846 777/1050/777
f 778/1051/778 848/1136/848 812/1094/812
f 812/1094/812 844/1132/844 778/1051/778
f 784/1055/784 849/1137/849 812/1094/812
f 812/1094/812 848/1136/848 784/1055/784
f 783/1054/783 846/1134/846 812/1094/812
f 812/1094/812 849/1137/849 783/1054/783
f 778/1051/778 845/1133/845 813/1095/813
f 813/1095/813 848/1136/848 778/1051/778
f 779/1052/779 785/1056/785 813/1095/813
f 845/1133/845 779/1052/779 813/1095/813
f 785/1056/785 850/1138/850 813/1095/813
f 784/1055/784 848/1136/848 813/1095/813
f 813/1095/813 850/1138/850 784/1055/784
f 782/1053/782 847/1135/847 814/1096/814
f 783/1054/783 851/1139/851 814/1096/814
f 814/1096/814 847/1135/847 783/1054/783
f 789/1058/789 852/1140/852 814/1096/814
f 814/1096/814 851/1139/851 789/1058/789
f 788/1057/788 782/1053/782 814/1096/814
f 852/1140/852 788/1057/788 814/1096/814
f 783/1054/783 849/1137/849 815/1097/815
f 815/1097/815 851/1139/851 783/1054/783
f 784/1055/784 853/1141/853 815/1097/815
f 815/1097/815 849/1137/849 784/1055/784
f 790/1059/790 854/1142/854 815/1097/815
f 815/1097/815 853/1141/853 790/1059/790
f 789/1058/789 851/1139/851 815/1097/815
f 815/1097/815 854/1142/854 789/1058/789
f 784/1055/784 850/1138/850 816/1098/816
f 816/1098/816 853/1141/853 784/1055/784
f 785/1056/785 791/1060/791 816/1098/816
f 850/1138/850 785/1056/785 816/1098/816
f 791/1060/791 855/1143/855 816/1098/816
f 790/1059/790 853/1141/853 816/1098/816
f 816/1098/816 855/1143/855 790/1059/790
f 788/1057/788 852/1140/852 817/1099/817
f 789/1058/789 856/1144/856 817/1099/817
f 817/1099/817 852/1140/852 789/1058/789
f 795/1062/795 857/1145/857 817/1099/817
f 817/1099/817 856/1144/856 795/1062/795
f 794/1061/794 788/1057/788 817/1099/817
f 857/1145/857 794/1061/794 817/1099/817
f 789/1058/789 854/1142/854 818/1100/818
f 818/1100/818 856/1144/856 789/1058/789
f 790/1059/790 858/1146/858 818/1100/818
f 818/1100/818 854/1142/854 790/1059/790
f 796/1063/796 859/1147/859 818/1100/818
f 818/1100/818 858/1146/858 796/1063/796
f 795/1062/795 856/1144/856 818/1100/818
f 818/1100/818 859/1147/859 795/1062/795
f 790/1059/790 855/1143/855 819/1101/819
f 819/1101/819 858/1146/858 790/1059/790
f 791/1060/791 797/1064/797 819/1101/819
f 855/1143/855 791/1060/791 819/1101/819
f 797/1064/797 860/1148/860 819/1101/819
f 796/1063/796 858/1146/858 819/1101/819
f 819/1101/819 860/1148/860 796/1063/796
f 794/1061/794 857/1145/857 820/1102/820
f 795/1062/795 861/1149/861 820/1102/820
f 820/1102/820 857/1145/857 795/1062/795
f 773/1066/773 840/1128/840 820/1102/820
f 820/1102/820 861/1149/861 773/1066/773
f 774/1065/774 794/1061/794 820/1102/820
f 840/1128/840 774/1065/774 820/1102/820
f 795/1062/795 859/1147/859 821/1103/821
f 821/1103/821 861/1149/861 795/1062/795
f 796/1063/796 862/1150/862 821/1103/821
f 821/1103/821 859/1147/859 796/1063/796
f 772/1067/772 839/1126/839 821/1103/821
f 821/1103/821 862/1150/862 772/1067/772
f 773/1066/773 861/1149/861 821/1103/821
f 821/1103/821 839/1126/839 773/1066/773
f 796/1063/796 860/1148/860 822/1104/822
f 822/1104/822 862/1150/862 796/1063/796
f 797/1064/797 771/1068/771 822/1104/822
f 860/1148/860 797/1064/797 822/1104/822
f 771/1068/771 837/1123/837 822/1104/822
f 772/1067/772 862/1150/862 822/1104/822
f 822/1104/822 837/1123/837 772/1067/772
s 2
f 863/1151/863 758/1016/758 759/1017/759
f 759/1017/759 866/1156/866 863/1151/863
s 16
f 760/1033/760 775/1035/775 868/1158/868
f 868/1158/868 865/1155/865 760/1033/760
s 32
f 901/1198/901 890/1186/890 891/1187/891
f 892/1188/892 893/1189/893 894/1190/894
f 891/1187/891 892/1188/892 894/1190/894
f 891/1187/891 894/1190/894 895/1191/895
f 901/1198/901 891/1187/891 895/1191/895
f 901/1198/901 895/1191/895 903/1200/903
f 903/1200/903 895/1191/895 896/1192/896
f 902/1199/902 903/1200/903 896/1192/896
f 896/1192/896 897/1193/897 904/1201/904
f 902/1199/902 896/1192/896 904/1201/904
f 898/1194/898 899/1195/899 906/1203/906
f 906/1203/906 905/1202/905 898/1194/898
f 912/1209/912 920/1217/920 908/1205/908
f 908/1205/908 922/1203/922 879/1196/879
f 912/1209/912 908/1205/908 879/1196/879
f 912/1209/912 879/1196/879 900/1197/900
f 912/1209/912 900/1197/900 921/1218/921
f 916/1213/916 919/1216/919 918/1215/918
f 910/1207/910 916/1213/916 918/1215/918
f 909/1206/909 910/1207/910 918/1215/918
f 909/1206/909 918/1215/918 914/1211/914
f 909/1206/909 914/1211/914 913/1210/913
f 922/1203/922 907/1204/907 879/1196/879
f 921/1218/921 917/1214/917 915/1212/915
f 915/1212/915 911/1208/911 912/1209/912
f 921/1218/921 915/1212/915 912/1209/912
s 0
f 866/1156/866 865/1154/865 868/1158/868
f 863/1151/863 866/1156/866 868/1158/868
f 863/1151/863 868/1158/868 867/1157/867
f 863/1151/863 867/1157/867 872/1162/872
f 863/1151/863 872/1162/872 871/1161/871
f 879/1171/879 907/1204/907 922/1203/922
f 879/1171/879 922/1203/922 908/1205/908
f 879/1171/879 908/1205/908 920/1217/920
f 879/1171/879 920/1217/920 912/1209/912
f 915/1212/915 889/1185/889 888/1184/888
f 888/1184/888 887/1183/887 886/1182/886
f 915/1212/915 888/1184/888 886/1182/886
f 915/1212/915 886/1182/886 885/1181/885
f 911/1208/911 915/1212/915 885/1181/885
f 912/1209/912 911/1208/911 885/1181/885
f 879/1171/879 912/1209/912 885/1181/885
f 885/1181/885 883/1176/883 882/1175/882
f 885/1181/885 882/1175/882 884/1179/884
f 879/1171/879 885/1181/885 884/1179/884
f 879/1171/879 884/1179/884 881/1174/881
f 881/1174/881 880/1172/880 878/1168/878
f 879/1171/879 881/1174/881 878/1168/878
f 879/1171/879 878/1168/878 877/1167/877
f 875/1165/875 879/1171/879 877/1167/877
f 876/1166/876 875/1165/875 877/1167/877
f 871/1161/871 876/1166/876 877/1167/877
f 863/1151/863 871/1161/871 877/1167/877
f 863/1151/863 877/1167/877 874/1164/874
f 863/1151/863 874/1164/874 873/1163/873
f 863/1151/863 873/1163/873 870/1160/870
f 863/1151/863 870/1160/870 869/1159/869
f 863/1151/863 869/1159/869 864/1153/864
f 905/1202/905 906/1203/906 899/1195/899
f 899/1195/899 898/1194/898 905/1202/905
# 301 faces

g
# object Object05 to come ...
#
v  215.916885 141.273239 11.719604
v  216.023849 140.203094 11.719296
v  215.526566 141.274246 12.272356
v  215.620926 140.204117 12.289900
v  214.765732 141.277023 12.754045
v  214.545868 140.208496 12.652928
v  213.726151 141.281250 13.106570
v  213.602997 140.212311 12.972655
v  212.533203 141.286407 13.287413
v  212.521042 140.216995 13.136673
v  211.330780 141.291870 13.274760
v  211.430496 140.221954 13.125197
v  210.263901 141.296982 13.070139
v  210.462891 140.226593 12.939614
v  209.461273 141.301132 12.698230
v  209.359756 140.231888 12.729527
v  209.019684 141.303818 12.203889
v  208.903915 140.234650 12.219221
v  215.574875 136.884201 11.710124
v  215.220871 136.885117 12.211449
v  214.530823 136.887634 12.648321
v  209.719879 136.909500 12.597699
v  210.447830 136.905746 12.935007
v  209.319382 136.911942 12.149352
v  214.548370 141.347687 11.705296
v  214.312363 141.348297 12.039513
v  213.852341 141.349976 12.330761
v  213.223755 141.352524 12.543912
v  212.502457 141.355637 12.653256
v  211.775421 141.358948 12.645607
v  211.130341 141.362045 12.521885
v  210.645050 141.364548 12.297012
v  210.378036 141.366180 11.998115
v  213.501663 141.352448 11.694282
v  213.383667 141.352737 11.861390
v  213.153641 141.353592 12.007014
v  212.839355 141.354858 12.113590
v  212.478714 141.356415 12.168262
v  212.115189 141.358078 12.164437
v  211.792648 141.359619 12.102576
v  211.550003 141.360870 11.990141
v  211.416504 141.361694 11.840692
v  208.889709 137.100723 12.214874
v  209.345566 137.097961 12.725179
v  209.856903 137.095306 12.966760
v  209.907639 140.415970 12.985853
v  211.290482 140.409241 13.324935
v  212.531738 140.403595 13.337996
v  213.763214 140.398270 13.151313
v  215.103485 140.392944 12.621028
v  215.122467 137.071960 12.597040
v  215.606735 137.070190 12.285552
v  216.009659 137.069168 11.714949
v  215.903244 141.273697 11.441031
v  209.006058 141.304276 11.925317
v  209.307007 136.912354 11.896697
v  214.540131 141.347961 11.536859
v  213.497543 141.352585 11.610064
v  211.412384 141.361816 11.756473
v  208.875641 137.101196 11.927305
v  215.995575 137.069626 11.427380
v  215.889603 141.274139 11.162457
v  215.448029 141.276825 10.668117
v  215.539841 140.206787 10.633853
v  215.995697 140.204010 11.144157
v  214.645386 141.280975 10.296207
v  214.993668 140.396545 10.378044
v  213.578522 141.286102 10.091586
v  213.610825 140.403290 10.038963
v  212.376099 141.291565 10.078935
v  212.369568 140.408920 10.025903
v  211.183151 141.296722 10.259777
v  211.138092 140.414246 10.212585
v  210.143570 141.300934 10.612303
v  209.797806 140.419586 10.742870
v  209.382721 141.303726 11.093991
v  209.278671 140.234543 11.073481
v  208.992416 141.304718 11.646744
v  208.875748 140.235580 11.644083
v  208.889832 140.235123 11.931652
v  215.525650 137.072861 10.629505
v  215.981491 137.070084 11.139810
v  215.014297 137.075516 10.387923
v  209.264481 137.100616 11.069133
v  209.748734 137.098862 10.757645
v  208.861557 137.101654 11.639736
v  214.531876 141.348221 11.368422
v  214.264877 141.349854 11.069524
v  213.779572 141.352356 10.844651
v  213.134506 141.355453 10.720929
v  212.407471 141.358765 10.713280
v  211.686157 141.361877 10.822624
v  211.057587 141.364426 11.035776
v  210.597549 141.366104 11.327024
v  210.361542 141.366714 11.661242
v  213.493423 141.352707 11.525845
v  213.359924 141.353531 11.376396
v  213.117264 141.354782 11.263960
v  212.794724 141.356323 11.202099
v  212.431213 141.357986 11.198274
v  212.070557 141.359543 11.252947
v  211.756271 141.360809 11.359522
v  211.526260 141.361649 11.505146
v  211.408249 141.361954 11.672255
v  212.454956 141.357193 11.683269
v  209.294632 136.912750 11.644042
v  209.648636 136.911850 11.142717
v  210.338684 136.909332 10.705844
v  210.353745 140.230179 10.710451
v  211.296600 140.226349 10.390724
v  212.378555 140.221680 10.226707
v  213.469116 140.216721 10.238181
v  214.436722 140.212082 10.423765
v  214.421677 136.891220 10.419158
v  215.149628 136.887451 10.756466
v  215.550140 136.885025 11.204813
v  215.562500 136.884613 11.457468
v  216.009766 140.203552 11.431727
v  210.369797 141.366440 11.829678
# 119 vertices

vt  1.027778 0.000000 1.000000
vt  1.027778 0.166667 1.000000
vt  0.027778 0.000000 1.000000
vt  0.083333 0.000000 1.000000
vt  0.083333 0.166667 1.000000
vt  0.027778 0.166667 1.000000
vt  0.138889 0.000000 1.000000
vt  0.138889 0.166667 1.000000
vt  0.194444 0.000000 1.000000
vt  0.194444 0.166667 1.000000
vt  0.250000 0.000000 1.000000
vt  0.250000 0.166667 1.000000
vt  0.305556 0.000000 1.000000
vt  0.305556 0.166667 1.000000
vt  0.361111 0.000000 1.000000
vt  0.361111 0.166667 1.000000
vt  0.416667 0.000000 1.000000
vt  0.416667 0.166667 1.000000
vt  0.472222 0.000000 1.000000
vt  0.472222 0.166667 1.000000
vt  1.027778 0.333333 1.000000
vt  0.083333 0.333333 1.000000
vt  0.027778 0.333333 1.000000
vt  0.138889 0.333333 1.000000
vt  0.416667 0.333333 1.000000
vt  0.361111 0.333333 1.000000
vt  0.472222 0.333333 1.000000
vt  0.007596 0.413176 -0.250000
vt  0.171731 0.442117 -0.250000
vt  0.066987 0.250000 -0.250000
vt  0.007596 0.413176 -0.250000
vt  0.211325 0.333333 -0.250000
vt  0.178606 0.116978 -0.250000
vt  0.066987 0.250000 -0.250000
vt  0.285738 0.244652 -0.250000
vt  0.328990 0.030154 -0.250000
vt  0.178606 0.116978 -0.250000
vt  0.385993 0.186769 -0.250000
vt  0.500000 0.000000 -0.250000
vt  0.328990 0.030154 -0.250000
vt  0.500000 0.166667 -0.250000
vt  0.671010 0.030154 -0.250000
vt  0.500000 0.000000 -0.250000
vt  0.614007 0.186769 -0.250000
vt  0.821394 0.116978 -0.250000
vt  0.671010 0.030154 -0.250000
vt  0.714263 0.244652 -0.250000
vt  0.933013 0.250000 -0.250000
vt  0.821394 0.116978 -0.250000
vt  0.788675 0.333333 -0.250000
vt  0.992404 0.413176 -0.250000
vt  0.933013 0.250000 -0.250000
vt  0.828269 0.442117 -0.250000
vt  0.992404 0.413176 -0.250000
vt  0.335865 0.471059 -0.250000
vt  0.355662 0.416667 -0.250000
vt  0.392869 0.372326 -0.250000
vt  0.442997 0.343385 -0.250000
vt  0.500000 0.333333 -0.250000
vt  0.557003 0.343385 -0.250000
vt  0.607131 0.372326 -0.250000
vt  0.644338 0.416667 -0.250000
vt  0.664135 0.471059 -0.250000
vt  0.500000 0.500000 -0.250000
vt  0.472222 0.333333 1.000000
vt  0.416667 0.333333 1.000000
vt  0.361111 0.333333 1.000000
vt  0.361111 0.166667 1.000000
vt  0.305556 0.166667 1.000000
vt  0.250000 0.166667 1.000000
vt  0.194444 0.166667 1.000000
vt  0.138889 0.166667 1.000000
vt  0.138889 0.333333 1.000000
vt  0.083333 0.333333 1.000000
vt  1.027778 0.333333 1.000000
vt  0.027778 0.333333 1.000000
vt  1.000000 0.000000 1.000000
vt  0.007596 0.500000 -0.250000
vt  1.000000 0.166667 1.000000
vt  0.500000 0.000000 1.000000
vt  0.992404 0.500000 -0.250000
vt  0.500000 0.166667 1.000000
vt  1.000000 0.333333 1.000000
vt  0.500000 0.333333 1.000000
vt  0.171731 0.500000 -0.250000
vt  0.828269 0.500000 -0.250000
vt  0.335865 0.500000 -0.250000
vt  0.664135 0.500000 -0.250000
vt  0.500000 0.333333 1.000000
vt  1.000000 0.333333 1.000000
vt  0.027778 0.000000 1.000000
vt  0.083333 0.000000 1.000000
vt  0.083333 0.166667 1.000000
vt  0.027778 0.166667 1.000000
vt  0.138889 0.000000 1.000000
vt  0.138889 0.166667 1.000000
vt  0.194444 0.000000 1.000000
vt  0.194444 0.166667 1.000000
vt  0.138889 0.166667 1.000000
vt  0.250000 0.000000 1.000000
vt  0.250000 0.166667 1.000000
vt  0.305556 0.000000 1.000000
vt  0.305556 0.166667 1.000000
vt  0.361111 0.000000 1.000000
vt  0.361111 0.166667 1.000000
vt  0.416667 0.000000 1.000000
vt  0.416667 0.166667 1.000000
vt  0.361111 0.166667 1.000000
vt  0.472222 0.000000 1.000000
vt  0.472222 0.166667 1.000000
vt  0.500000 0.000000 1.000000
vt  0.500000 0.166667 1.000000
vt  0.083333 0.333333 1.000000
vt  0.027778 0.333333 1.000000
vt  0.138889 0.333333 1.000000
vt  0.416667 0.333333 1.000000
vt  0.361111 0.333333 1.000000
vt  0.472222 0.333333 1.000000
vt  0.500000 0.333333 1.000000
vt  0.007596 0.413176 -0.250000
vt  0.007596 0.500000 -0.250000
vt  0.171731 0.500000 -0.250000
vt  0.171731 0.442117 -0.250000
vt  0.066987 0.250000 -0.250000
vt  0.007596 0.413176 -0.250000
vt  0.211325 0.333333 -0.250000
vt  0.178606 0.116978 -0.250000
vt  0.066987 0.250000 -0.250000
vt  0.285738 0.244652 -0.250000
vt  0.328990 0.030154 -0.250000
vt  0.178606 0.116978 -0.250000
vt  0.385993 0.186769 -0.250000
vt  0.500000 0.000000 -0.250000
vt  0.328990 0.030154 -0.250000
vt  0.500000 0.166667 -0.250000
vt  0.671010 0.030154 -0.250000
vt  0.500000 0.000000 -0.250000
vt  0.614007 0.186769 -0.250000
vt  0.821394 0.116978 -0.250000
vt  0.671010 0.030154 -0.250000
vt  0.714263 0.244652 -0.250000
vt  0.933013 0.250000 -0.250000
vt  0.821394 0.116978 -0.250000
vt  0.788675 0.333333 -0.250000
vt  0.992404 0.413176 -0.250000
vt  0.933013 0.250000 -0.250000
vt  0.828269 0.442117 -0.250000
vt  0.335865 0.500000 -0.250000
vt  0.335865 0.471059 -0.250000
vt  0.355662 0.416667 -0.250000
vt  0.392869 0.372326 -0.250000
vt  0.442997 0.343385 -0.250000
vt  0.500000 0.333333 -0.250000
vt  0.557003 0.343385 -0.250000
vt  0.607131 0.372326 -0.250000
vt  0.644338 0.416667 -0.250000
vt  0.664135 0.471059 -0.250000
vt  0.500000 0.500000 -0.250000
vt  0.472222 0.333333 1.000000
vt  0.416667 0.333333 1.000000
vt  0.361111 0.333333 1.000000
vt  0.305556 0.166667 1.000000
vt  0.250000 0.166667 1.000000
vt  0.194444 0.166667 1.000000
vt  0.138889 0.333333 1.000000
vt  0.083333 0.333333 1.000000
vt  0.027778 0.333333 1.000000
vt  1.027778 0.333333 1.000000
vt  1.000000 0.333333 1.000000
vt  1.000000 0.333333 1.000000
vt  1.027778 0.333333 1.000000
vt  1.000000 0.000000 1.000000
vt  1.027778 0.000000 1.000000
vt  1.027778 0.166667 1.000000
vt  1.000000 0.166667 1.000000
vt  0.992404 0.500000 -0.250000
vt  0.992404 0.413176 -0.250000
vt  0.828269 0.500000 -0.250000
vt  0.664135 0.500000 -0.250000
vt  0.500000 0.333333 1.000000
# 180 texture vertices

vn  1.490894 0.029399 0.142780
vn  0.985956 0.007175 0.010390
vn  2.725851 0.066410 0.516778
vn  0.877982 0.005866 0.164985
vn  2.041691 0.057360 0.951319
vn  0.416416 -0.280317 0.290408
vn  1.126415 0.081301 1.260657
vn  0.130477 -0.347113 0.295647
vn  0.069960 0.085866 1.420808
vn  -0.103810 -0.346074 0.312097
vn  -1.050185 0.060553 1.400025
vn  -0.325764 -0.345039 0.290846
vn  -1.882792 0.027571 1.239358
vn  0.049396 -0.000855 0.454896
vn  -2.648980 0.083462 0.898485
vn  -0.855046 0.014441 0.287196
vn  -3.039810 0.085840 0.460964
vn  -0.978082 0.015883 0.148294
vn  0.637525 -0.349084 0.060710
vn  0.524933 -0.348715 0.161886
vn  0.059244 -0.000898 0.454059
vn  -0.630311 -0.343463 0.149731
vn  -0.504403 -0.346560 0.232496
vn  -0.630311 -0.343463 0.149731
vn  0.059184 0.468809 0.001251
vn  0.052752 0.468825 0.010361
vn  0.040213 0.468871 0.018299
vn  0.023080 0.468940 0.024109
vn  0.003420 0.469025 0.027089
vn  -0.016396 0.469115 0.026881
vn  -0.033979 0.469200 0.023508
vn  -0.047206 0.469268 0.017379
vn  -0.054484 0.469312 0.009232
vn  0.002129 0.469855 0.000652
vn  0.002129 0.469855 0.000652
vn  0.002129 0.469855 0.000652
vn  0.002129 0.469855 0.000652
vn  0.002129 0.469855 0.000652
vn  0.002129 0.469855 0.000652
vn  0.002129 0.469855 0.000652
vn  0.002129 0.469855 0.000652
vn  0.002129 0.469855 0.000652
vn  -0.978436 0.004228 0.148324
vn  -0.854773 0.003579 0.287650
vn  -0.755310 0.003169 0.344769
vn  -0.704218 0.022533 0.366340
vn  -0.358903 0.029282 0.448366
vn  0.022462 0.027569 0.456171
vn  0.386690 0.017649 0.399023
vn  0.736095 0.008593 0.265171
vn  0.783595 -0.003862 0.236822
vn  0.877060 -0.004204 0.165990
vn  0.986206 -0.004483 0.010377
vn  0.168818 0.733184 -0.010602
vn  -1.564785 0.043092 0.109933
vn  -0.676169 -0.343113 0.046887
vn  0.054878 0.468964 -0.003053
vn  0.002129 0.469855 0.000652
vn  0.002129 0.469855 0.000652
vn  -0.997475 0.004422 0.070038
vn  0.507758 -0.263369 -0.036097
vn  1.466750 0.030193 -0.350327
vn  2.656753 0.068681 -0.894446
vn  0.855866 0.006593 -0.286693
vn  0.978188 0.007430 -0.148262
vn  1.934871 0.060870 -1.230301
vn  0.705175 0.009609 -0.366328
vn  0.995682 0.085598 -1.409359
vn  0.345103 0.019016 -0.450338
vn  -0.069163 0.090438 -1.420563
vn  -0.022206 0.029037 -0.456093
vn  -1.179609 0.064807 -1.243263
vn  -0.400195 0.030639 -0.394969
vn  -1.990837 0.031122 -0.967301
vn  -0.735140 0.023549 -0.265208
vn  -2.718501 0.085747 -0.521360
vn  -0.877213 0.015169 -0.165529
vn  -3.063954 0.086633 -0.032142
vn  -0.985850 0.016138 -0.010357
vn  -0.997124 0.015933 0.070033
vn  0.854851 -0.003474 -0.287596
vn  0.978436 -0.004228 -0.148324
vn  0.755114 -0.002926 -0.344862
vn  -0.876988 0.004310 -0.166055
vn  -0.783781 0.004105 -0.236702
vn  -0.986206 0.004483 -0.010377
vn  0.058735 0.468823 -0.007931
vn  0.051457 0.468868 -0.016078
vn  0.038229 0.468936 -0.022207
vn  0.020647 0.469020 -0.025579
vn  0.000831 0.469110 -0.025788
vn  -0.018829 0.469195 -0.022807
vn  -0.035962 0.469265 -0.016998
vn  -0.048501 0.469311 -0.009059
vn  -0.054933 0.469327 0.000050
vn  0.002129 0.469855 0.000652
vn  0.002129 0.469855 0.000652
vn  0.002129 0.469855 0.000652
vn  0.002129 0.469855 0.000652
vn  0.002129 0.469855 0.000652
vn  0.002129 0.469855 0.000652
vn  0.002129 0.469855 0.000652
vn  0.002129 0.469855 0.000652
vn  0.002129 0.469855 0.000652
vn  0.002129 0.469855 0.000652
vn  -0.640661 -0.343123 -0.061670
vn  -0.640661 -0.343123 -0.061670
vn  -0.523695 -0.345926 -0.161497
vn  0.004663 0.000615 -0.458692
vn  -0.351974 -0.344177 -0.244439
vn  -0.133614 -0.345094 -0.296607
vn  0.100673 -0.346133 -0.313058
vn  0.385175 -0.279291 -0.347640
vn  0.014526 0.000571 -0.459239
vn  0.505479 -0.348075 -0.235417
vn  0.627174 -0.348744 -0.150691
vn  0.673033 -0.349095 -0.047847
vn  0.997228 0.007090 -0.070001
vn  -0.050626 0.469431 0.004355
# 119 vertex normals

g Object05
s 8
f 923/1221/923 925/1222/925 926/1223/926
f 926/1223/926 924/1224/924 923/1221/923
f 925/1222/925 927/1225/927 972/1226/972
f 972/1226/972 926/1223/926 925/1222/925
f 927/1225/927 929/1227/929 971/1289/971
f 971/1289/971 972/1290/972 927/1225/927
f 929/1227/929 931/1229/931 970/1288/970
f 970/1288/970 971/1289/971 929/1227/929
f 931/1229/931 933/1231/933 969/1287/969
f 969/1287/969 970/1288/970 931/1229/931
f 933/1231/933 935/1233/935 968/1286/968
f 968/1286/968 969/1287/969 933/1231/933
f 935/1233/935 937/1235/937 938/1236/938
f 938/1236/938 968/1234/968 935/1233/935
f 937/1235/937 939/1237/939 940/1238/940
f 940/1238/940 938/1236/938 937/1235/937
f 977/1298/977 1002/1300/1002 940/1238/940
f 940/1238/940 939/1237/939 977/1298/977
f 924/1224/924 926/1223/926 974/1292/974
f 974/1292/974 975/1294/975 924/1224/924
f 926/1223/926 972/1290/972 973/1291/973
f 973/1291/973 974/1292/974 926/1223/926
f 968/1286/968 938/1236/938 966/1284/966
f 966/1284/966 967/1285/967 968/1286/968
f 938/1236/938 940/1238/940 965/1283/965
f 965/1283/965 966/1284/966 938/1236/938
f 1002/1300/1002 982/1307/982 965/1283/965
f 965/1283/965 940/1238/940 1002/1300/1002
s 1
f 976/1296/976 979/1303/979 947/1247/947
f 947/1247/947 923/1246/923 976/1296/976
f 925/1248/925 923/1249/923 947/1247/947
f 947/1247/947 948/1250/948 925/1248/925
f 927/1251/927 925/1252/925 948/1250/948
f 948/1250/948 949/1253/949 927/1251/927
f 929/1254/929 927/1255/927 949/1253/949
f 949/1253/949 950/1256/950 929/1254/929
f 931/1257/931 929/1258/929 950/1256/950
f 950/1256/950 951/1259/951 931/1257/931
f 933/1260/933 931/1261/931 951/1259/951
f 951/1259/951 952/1262/952 933/1260/933
f 935/1263/935 933/1264/933 952/1262/952
f 952/1262/952 953/1265/953 935/1263/935
f 937/1266/937 935/1267/935 953/1265/953
f 953/1265/953 954/1268/954 937/1266/937
f 939/1269/939 937/1270/937 954/1268/954
f 954/1268/954 955/1271/955 939/1269/939
f 979/1303/979 980/1305/980 956/1273/956
f 956/1273/956 947/1247/947 979/1303/979
f 948/1250/948 947/1247/947 956/1273/956
f 956/1273/956 957/1274/957 948/1250/948
f 949/1253/949 948/1250/948 957/1274/957
f 957/1274/957 958/1275/958 949/1253/949
f 950/1256/950 949/1253/949 958/1275/958
f 958/1275/958 959/1276/959 950/1256/950
f 951/1259/951 950/1256/950 959/1276/959
f 959/1276/959 960/1277/960 951/1259/951
f 952/1262/952 951/1259/951 960/1277/960
f 960/1277/960 961/1278/961 952/1262/952
f 953/1265/953 952/1262/952 961/1278/961
f 961/1278/961 962/1279/962 953/1265/953
f 954/1268/954 953/1265/953 962/1279/962
f 962/1279/962 963/1280/963 954/1268/954
f 955/1271/955 954/1268/954 963/1280/963
f 963/1280/963 964/1281/964 955/1271/955
f 956/1273/956 980/1305/980 1027/1282/1027
f 957/1274/957 956/1273/956 1027/1282/1027
f 958/1275/958 957/1274/957 1027/1282/1027
f 959/1276/959 958/1275/958 1027/1282/1027
f 960/1277/960 959/1276/959 1027/1282/1027
f 961/1278/961 960/1277/960 1027/1282/1027
f 962/1279/962 961/1278/961 1027/1282/1027
f 963/1280/963 962/1279/962 1027/1282/1027
f 964/1281/964 963/1280/963 1027/1282/1027
s 0
f 946/1245/946 944/1243/944 966/1284/966
f 966/1284/966 965/1283/965 946/1245/946
f 944/1243/944 945/1244/945 967/1285/967
f 967/1285/967 966/1284/966 944/1243/944
f 945/1244/945 936/1234/936 968/1286/968
f 968/1286/968 967/1285/967 945/1244/945
f 936/1234/936 934/1232/934 969/1287/969
f 969/1287/969 968/1286/968 936/1234/936
f 934/1232/934 932/1230/932 970/1288/970
f 970/1288/970 969/1287/969 934/1232/934
f 932/1230/932 930/1228/930 971/1289/971
f 971/1289/971 970/1288/970 932/1230/932
f 930/1228/930 928/1226/928 972/1290/972
f 972/1290/972 971/1289/971 930/1228/930
f 928/1226/928 943/1242/943 973/1291/973
f 973/1291/973 972/1290/972 928/1226/928
f 943/1242/943 942/1240/942 974/1292/974
f 974/1292/974 973/1291/973 943/1242/943
f 942/1240/942 941/1241/941 975/1294/975
f 975/1294/975 974/1292/974 942/1240/942
f 941/1239/941 1039/1301/1039 983/1308/983
f 983/1308/983 975/1293/975 941/1239/941
s 8
f 923/1219/923 924/1220/924 1040/1297/1040
f 1040/1297/1040 976/1295/976 923/1219/923
f 924/1220/924 975/1293/975 983/1308/983
f 983/1308/983 1040/1297/1040 924/1220/924
s 1
f 977/1299/977 939/1272/939 955/1271/955
f 955/1271/955 1041/1304/1041 977/1299/977
f 1041/1304/1041 955/1271/955 964/1281/964
f 964/1281/964 981/1306/981 1041/1304/1041
f 981/1306/981 964/1281/964 1027/1282/1027
s 0
f 946/1245/946 965/1283/965 982/1307/982
f 982/1307/982 978/1302/978 946/1245/946
s 8
f 984/1309/984 987/1312/987 986/1311/986
f 986/1311/986 985/1310/985 984/1309/984
f 985/1310/985 986/1311/986 989/1314/989
f 989/1314/989 988/1313/988 985/1310/985
f 988/1313/988 989/1317/989 991/1316/991
f 991/1316/991 990/1315/990 988/1313/988
f 990/1315/990 991/1316/991 993/1319/993
f 993/1319/993 992/1318/992 990/1315/990
f 992/1318/992 993/1319/993 995/1321/995
f 995/1321/995 994/1320/994 992/1318/992
f 994/1320/994 995/1321/995 997/1323/997
f 997/1323/997 996/1322/996 994/1320/994
f 996/1322/996 997/1326/997 999/1325/999
f 999/1325/999 998/1324/998 996/1322/996
f 998/1324/998 999/1325/999 1001/1328/1001
f 1001/1328/1001 1000/1327/1000 998/1324/998
f 977/1329/977 1000/1327/1000 1001/1328/1001
f 1001/1328/1001 1002/1330/1002 977/1329/977
f 987/1312/987 1004/1332/1004 1003/1331/1003
f 1003/1331/1003 986/1311/986 987/1312/987
f 986/1311/986 1003/1331/1003 1005/1333/1005
f 1005/1333/1005 989/1317/989 986/1311/986
f 997/1323/997 1007/1335/1007 1006/1334/1006
f 1006/1334/1006 999/1325/999 997/1323/997
f 999/1325/999 1006/1334/1006 1008/1336/1008
f 1008/1336/1008 1001/1328/1001 999/1325/999
f 1002/1330/1002 1001/1328/1001 1008/1336/1008
f 1008/1336/1008 982/1337/982 1002/1330/1002
s 1
f 976/1339/976 984/1338/984 1009/1341/1009
f 1009/1341/1009 979/1340/979 976/1339/976
f 985/1342/985 1010/1344/1010 1009/1341/1009
f 1009/1341/1009 984/1343/984 985/1342/985
f 988/1345/988 1011/1347/1011 1010/1344/1010
f 1010/1344/1010 985/1346/985 988/1345/988
f 990/1348/990 1012/1350/1012 1011/1347/1011
f 1011/1347/1011 988/1349/988 990/1348/990
f 992/1351/992 1013/1353/1013 1012/1350/1012
f 1012/1350/1012 990/1352/990 992/1351/992
f 994/1354/994 1014/1356/1014 1013/1353/1013
f 1013/1353/1013 992/1355/992 994/1354/994
f 996/1357/996 1015/1359/1015 1014/1356/1014
f 1014/1356/1014 994/1358/994 996/1357/996
f 998/1360/998 1016/1362/1016 1015/1359/1015
f 1015/1359/1015 996/1361/996 998/1360/998
f 1000/1363/1000 1017/1365/1017 1016/1362/1016
f 1016/1362/1016 998/1364/998 1000/1363/1000
f 979/1340/979 1009/1341/1009 1018/1367/1018
f 1018/1367/1018 980/1366/980 979/1340/979
f 1010/1344/1010 1019/1368/1019 1018/1367/1018
f 1018/1367/1018 1009/1341/1009 1010/1344/1010
f 1011/1347/1011 1020/1369/1020 1019/1368/1019
f 1019/1368/1019 1010/1344/1010 1011/1347/1011
f 1012/1350/1012 1021/1370/1021 1020/1369/1020
f 1020/1369/1020 1011/1347/1011 1012/1350/1012
f 1013/1353/1013 1022/1371/1022 1021/1370/1021
f 1021/1370/1021 1012/1350/1012 1013/1353/1013
f 1014/1356/1014 1023/1372/1023 1022/1371/1022
f 1022/1371/1022 1013/1353/1013 1014/1356/1014
f 1015/1359/1015 1024/1373/1024 1023/1372/1023
f 1023/1372/1023 1014/1356/1014 1015/1359/1015
f 1016/1362/1016 1025/1374/1025 1024/1373/1024
f 1024/1373/1024 1015/1359/1015 1016/1362/1016
f 1017/1365/1017 1026/1375/1026 1025/1374/1025
f 1025/1374/1025 1016/1362/1016 1017/1365/1017
f 1018/1367/1018 1027/1376/1027 980/1366/980
f 1019/1368/1019 1027/1376/1027 1018/1367/1018
f 1020/1369/1020 1027/1376/1027 1019/1368/1019
f 1021/1370/1021 1027/1376/1027 1020/1369/1020
f 1022/1371/1022 1027/1376/1027 1021/1370/1021
f 1023/1372/1023 1027/1376/1027 1022/1371/1022
f 1024/1373/1024 1027/1376/1027 1023/1372/1023
f 1025/1374/1025 1027/1376/1027 1024/1373/1024
f 1026/1375/1026 1027/1376/1027 1025/1374/1025
s 0
f 1028/1377/1028 1008/1336/1008 1006/1334/1006
f 1006/1334/1006 1029/1378/1029 1028/1377/1028
f 1029/1378/1029 1006/1334/1006 1007/1335/1007
f 1007/1335/1007 1030/1379/1030 1029/1378/1029
f 1030/1379/1030 1007/1335/1007 997/1323/997
f 997/1323/997 1031/1326/1031 1030/1379/1030
f 1031/1326/1031 997/1323/997 995/1321/995
f 995/1321/995 1032/1380/1032 1031/1326/1031
f 1032/1380/1032 995/1321/995 993/1319/993
f 993/1319/993 1033/1381/1033 1032/1380/1032
f 1033/1381/1033 993/1319/993 991/1316/991
f 991/1316/991 1034/1382/1034 1033/1381/1033
f 1034/1382/1034 991/1316/991 989/1317/989
f 989/1317/989 1035/1314/1035 1034/1382/1034
f 1035/1314/1035 989/1317/989 1005/1333/1005
f 1005/1333/1005 1036/1383/1036 1035/1314/1035
f 1036/1383/1036 1005/1333/1005 1003/1331/1003
f 1003/1331/1003 1037/1384/1037 1036/1383/1036
f 1037/1384/1037 1003/1331/1003 1004/1332/1004
f 1004/1332/1004 1038/1385/1038 1037/1384/1037
f 1038/1386/1038 1004/1389/1004 983/1388/983
f 983/1388/983 1039/1387/1039 1038/1386/1038
s 8
f 984/1391/984 976/1390/976 1040/1393/1040
f 1040/1393/1040 987/1392/987 984/1391/984
f 987/1392/987 1040/1393/1040 983/1388/983
f 983/1388/983 1004/1389/1004 987/1392/987
s 1
f 977/1394/977 1041/1396/1041 1017/1365/1017
f 1017/1365/1017 1000/1395/1000 977/1394/977
f 1041/1396/1041 981/1397/981 1026/1375/1026
f 1026/1375/1026 1017/1365/1017 1041/1396/1041
f 981/1397/981 1027/1376/1027 1026/1375/1026
s 0
f 1028/1377/1028 978/1398/978 982/1337/982
f 982/1337/982 1008/1336/1008 1028/1377/1028
# 212 faces

g
# object Cylinder02 to come ...
#
v  212.562927 140.880096 13.134751
v  211.470413 140.885056 13.129536
v  210.496384 140.889709 12.949800
v  209.758331 140.893524 12.617222
v  209.345261 140.896011 12.171916
v  209.307022 140.896881 11.667592
v  209.648193 140.896042 11.165080
v  210.327652 140.893570 10.724989
v  211.263428 140.889786 10.400401
v  212.342667 140.885117 10.230466
v  213.435181 140.880173 10.235682
v  214.409210 140.875504 10.415418
v  215.147263 140.871704 10.747995
v  215.560333 140.869202 11.193301
v  215.598572 140.868332 11.697625
v  215.257385 140.869186 12.200138
v  214.577942 140.871658 12.640229
v  213.642151 140.875443 12.964816
v  212.550446 138.125778 13.130930
v  211.457932 138.130722 13.125714
v  210.468933 134.830826 12.941394
v  209.745850 138.139191 12.613400
v  209.332794 138.141693 12.168095
v  209.294540 138.142563 11.663771
v  209.635727 138.141708 11.161258
v  210.315170 138.139236 10.721168
v  211.250961 138.135452 10.396580
v  212.330185 138.130798 10.226645
v  213.422699 138.125839 10.231860
v  214.396729 138.121185 10.411596
v  215.134781 138.117371 10.744174
v  215.547852 138.114883 11.189480
v  215.586090 138.114014 11.693804
v  215.244919 138.114853 12.196317
v  214.565460 138.117325 12.636407
v  213.629684 138.121124 12.960995
v  212.505936 128.302551 13.117300
v  211.413422 128.307510 13.112085
v  210.439392 128.312164 12.932349
v  209.701340 128.315979 12.599771
v  209.288269 128.318466 12.154465
v  209.250031 128.319336 11.650142
v  209.591202 128.318481 11.147629
v  210.270660 128.316010 10.707538
v  211.206451 128.312225 10.382950
v  212.285675 128.307571 10.213016
v  213.378189 128.302612 10.218230
v  214.352219 128.297958 10.397966
v  215.090271 128.294144 10.730544
v  215.503342 128.291656 11.175851
v  215.541580 128.290787 11.680174
v  215.200409 128.291626 12.182687
v  214.520950 128.294098 12.622778
v  213.585175 128.297897 12.947366
v  212.476395 121.783890 13.108255
v  211.383881 121.788841 13.103041
v  210.409851 121.793510 12.923305
v  209.671799 121.797310 12.590727
v  209.258743 121.799805 12.145421
v  209.220490 121.800674 11.641097
v  209.561676 121.799828 11.138584
v  210.241135 121.797356 10.698493
v  211.176910 121.793571 10.373905
v  212.256134 121.788918 10.203971
v  213.348663 121.783958 10.209186
v  214.322678 121.779297 10.388922
v  215.060730 121.775490 10.721500
v  215.473801 121.773003 11.166806
v  215.512039 121.772125 11.671130
v  215.170868 121.772972 12.173642
v  214.491409 121.775444 12.613733
v  213.555634 121.779236 12.938321
v  212.446854 115.265228 13.099211
v  211.354340 115.270187 13.093996
v  210.380310 115.274849 12.914260
v  209.642258 115.278656 12.581682
v  209.229202 115.281143 12.136376
v  209.190948 115.282013 11.632052
v  209.532135 115.281166 11.129539
v  210.211594 115.278702 10.689448
v  211.147369 115.274910 10.364861
v  212.226608 115.270256 10.194926
v  213.319122 115.265297 10.200142
v  214.293152 115.260635 10.379877
v  215.031204 115.256828 10.712456
v  215.444260 115.254341 11.157762
v  215.482513 115.253464 11.662086
v  215.141327 115.254318 12.164598
v  214.461868 115.256783 12.604689
v  213.526093 115.260574 12.929276
v  212.417328 108.746567 13.090167
v  211.324814 108.751526 13.084951
v  210.350784 108.756187 12.905215
v  209.612732 108.759995 12.572638
v  209.199661 108.762482 12.127332
v  209.161423 108.763359 11.623008
v  209.502594 108.762512 11.120496
v  210.182053 108.760040 10.680405
v  211.117828 108.756248 10.355817
v  212.197067 108.751595 10.185882
v  213.289581 108.746643 10.191097
v  214.263611 108.741974 10.370833
v  215.001663 108.738174 10.703411
v  215.414719 108.735680 11.148717
v  215.452972 108.734810 11.653041
v  215.111786 108.735657 12.155554
v  214.432343 108.738129 12.595644
v  213.496552 108.741913 12.920232
v  212.387787 102.227913 13.081122
v  211.295273 102.232872 13.075907
v  210.321243 102.237534 12.896172
v  209.583191 102.241341 12.563593
v  209.170135 102.243828 12.118287
v  209.131882 102.244698 11.613963
v  209.473068 102.243851 11.111451
v  210.152512 102.241386 10.671360
v  211.088303 102.237595 10.346772
v  212.167526 102.232941 10.176838
v  213.260040 102.227982 10.182053
v  214.234070 102.223320 10.361789
v  214.972122 102.219513 10.694366
v  215.385193 102.217026 11.139672
v  215.423431 102.216148 11.643996
v  215.082260 102.217003 12.146509
v  214.402802 102.219467 12.586600
v  213.467026 102.223259 12.911188
v  212.526215 140.880936 12.650703
v  211.797867 140.884247 12.647227
v  211.148514 140.887344 12.527403
v  210.656479 140.889893 12.305684
v  210.381104 140.891541 12.008814
v  210.355606 140.892120 11.672598
v  210.583069 140.891556 11.337589
v  211.036041 140.889923 11.044195
v  211.659882 140.887390 10.827804
v  212.379379 140.884293 10.714514
v  213.107727 140.880981 10.717991
v  213.757080 140.877869 10.837814
v  214.249115 140.875336 11.059533
v  214.524490 140.873672 11.356404
v  214.549988 140.873093 11.692620
v  214.322525 140.873657 12.027628
v  213.869553 140.875305 12.321022
v  213.245697 140.877838 12.537414
v  212.489502 140.881775 12.166656
v  212.125336 140.883423 12.164918
v  211.800659 140.884979 12.105006
v  211.554642 140.886246 11.994146
v  211.416946 140.887085 11.845711
v  211.404205 140.887375 11.677603
v  211.517929 140.887085 11.510099
v  211.744415 140.886261 11.363402
v  212.056335 140.884995 11.255206
v  212.416092 140.883453 11.198562
v  212.780258 140.881790 11.200299
v  213.104935 140.880234 11.260212
v  213.350952 140.878967 11.371071
v  213.488632 140.878143 11.519506
v  213.501389 140.877853 11.687614
v  213.387665 140.878128 11.855119
v  213.161179 140.878952 12.001816
v  212.849243 140.880219 12.110011
v  212.452789 140.882614 11.682609
v  212.351074 102.228752 12.597075
v  211.622726 102.232056 12.593598
v  210.973389 102.235161 12.473774
v  210.481339 102.237701 12.252055
v  210.205978 102.239357 11.955185
v  210.180481 102.239944 11.618969
v  210.407928 102.239372 11.283960
v  210.860901 102.237732 10.990566
v  211.484756 102.235207 10.774175
v  212.204239 102.232101 10.660885
v  212.932587 102.228798 10.664362
v  213.581940 102.225685 10.784185
v  214.073975 102.223152 11.005904
v  214.349350 102.221489 11.302775
v  214.374847 102.220909 11.638991
v  214.147385 102.221474 11.973999
v  213.694412 102.223122 12.267393
v  213.070572 102.225647 12.483785
v  212.314362 102.229584 12.113028
v  211.950195 102.231239 12.111289
v  211.625519 102.232796 12.051377
v  211.379501 102.234062 11.940517
v  211.241821 102.234894 11.792082
v  211.229065 102.235184 11.623975
v  211.342789 102.234901 11.456470
v  211.569275 102.234077 11.309773
v  211.881210 102.232811 11.201577
v  212.240952 102.231262 11.144933
v  212.605118 102.229614 11.146670
v  212.929794 102.228058 11.206583
v  213.175812 102.226791 11.317442
v  213.313507 102.225960 11.465878
v  213.326248 102.225670 11.633986
v  213.212524 102.225952 11.801490
v  212.986038 102.226776 11.948187
v  212.674118 102.228035 12.056382
v  212.277664 102.230423 11.628980
v  211.309586 105.392776 13.080292
v  212.402100 105.387817 13.085506
v  210.335556 105.397438 12.900556
v  209.597504 105.401245 12.567978
v  209.184448 105.403732 12.122671
v  209.146194 105.404610 11.618348
v  209.487381 105.403763 11.115835
v  210.166840 105.401291 10.675744
v  211.102615 105.397499 10.351156
v  212.181854 105.392845 10.181222
v  213.274368 105.387894 10.186437
v  214.248398 105.383224 10.366173
v  214.986450 105.379425 10.698750
v  215.399506 105.376930 11.144057
v  215.437759 105.376060 11.648381
v  215.096573 105.376907 12.150893
v  214.417114 105.379379 12.590984
v  213.481339 105.383163 12.915572
v  210.481262 137.552322 12.945169
v  211.283432 137.548492 13.093192
v  209.873428 137.555466 12.671272
v  211.455292 137.547668 13.124906
v  212.547806 137.542709 13.130120
v  209.743210 137.556137 12.612592
v  209.330139 137.558624 12.167286
v  209.291901 137.559494 11.662962
v  209.633072 137.558655 11.160449
v  210.312531 137.556183 10.720358
v  211.248306 137.552383 10.395770
v  212.327545 137.547729 10.225836
v  213.420059 137.542770 10.231050
v  214.394089 137.538116 10.410787
v  215.132141 137.534302 10.743365
v  215.545197 137.531815 11.188671
v  215.583450 137.530945 11.692995
v  215.242264 137.531799 12.195507
v  214.562820 137.534256 12.635598
v  213.627029 137.538055 12.960186
# 238 vertices

vt  0.750000 0.000000 1.000000
vt  0.805556 0.000000 1.000000
vt  0.861111 0.000000 1.000000
vt  0.916667 0.000000 1.000000
vt  0.972222 0.000000 1.000000
vt  0.027778 0.000000 1.000000
vt  0.083333 0.000000 1.000000
vt  0.138889 0.000000 1.000000
vt  0.194444 0.000000 1.000000
vt  0.250000 0.000000 1.000000
vt  0.305556 0.000000 1.000000
vt  0.361111 0.000000 1.000000
vt  0.416667 0.000000 1.000000
vt  0.472222 0.000000 1.000000
vt  0.527778 0.000000 1.000000
vt  0.583333 0.000000 1.000000
vt  0.638889 0.000000 1.000000
vt  0.694444 0.000000 1.000000
vt  0.750000 0.166667 1.000000
vt  0.805556 0.166667 1.000000
vt  0.861111 0.166667 1.000000
vt  0.916667 0.166667 1.000000
vt  0.972222 0.166667 1.000000
vt  0.027778 0.166667 1.000000
vt  0.083333 0.166667 1.000000
vt  0.138889 0.166667 1.000000
vt  0.194444 0.166667 1.000000
vt  0.250000 0.166667 1.000000
vt  0.305556 0.166667 1.000000
vt  0.361111 0.166667 1.000000
vt  0.416667 0.166667 1.000000
vt  0.472222 0.166667 1.000000
vt  0.527778 0.166667 1.000000
vt  0.583333 0.166667 1.000000
vt  0.638889 0.166667 1.000000
vt  0.694444 0.166667 1.000000
vt  0.750000 0.333333 1.000000
vt  0.805556 0.333333 1.000000
vt  0.861111 0.333333 1.000000
vt  0.916667 0.333333 1.000000
vt  0.972222 0.333333 1.000000
vt  0.027778 0.333333 1.000000
vt  0.083333 0.333333 1.000000
vt  0.138889 0.333333 1.000000
vt  0.194444 0.333333 1.000000
vt  0.250000 0.333333 1.000000
vt  0.305556 0.333333 1.000000
vt  0.361111 0.333333 1.000000
vt  0.416667 0.333333 1.000000
vt  0.472222 0.333333 1.000000
vt  0.527778 0.333333 1.000000
vt  0.583333 0.333333 1.000000
vt  0.638889 0.333333 1.000000
vt  0.694444 0.333333 1.000000
vt  0.750000 0.500000 1.000000
vt  0.805556 0.500000 1.000000
vt  0.861111 0.500000 1.000000
vt  0.916667 0.500000 1.000000
vt  0.972222 0.500000 1.000000
vt  0.027778 0.500000 1.000000
vt  0.083333 0.500000 1.000000
vt  0.138889 0.500000 1.000000
vt  0.194444 0.500000 1.000000
vt  0.250000 0.500000 1.000000
vt  0.305556 0.500000 1.000000
vt  0.361111 0.500000 1.000000
vt  0.416667 0.500000 1.000000
vt  0.472222 0.500000 1.000000
vt  0.527778 0.500000 1.000000
vt  0.583333 0.500000 1.000000
vt  0.638889 0.500000 1.000000
vt  0.694444 0.500000 1.000000
vt  0.750000 0.666667 1.000000
vt  0.805556 0.666667 1.000000
vt  0.861111 0.666667 1.000000
vt  0.916667 0.666667 1.000000
vt  0.972222 0.666667 1.000000
vt  0.027778 0.666667 1.000000
vt  0.083333 0.666667 1.000000
vt  0.138889 0.666667 1.000000
vt  0.194444 0.666667 1.000000
vt  0.250000 0.666667 1.000000
vt  0.305556 0.666667 1.000000
vt  0.361111 0.666667 1.000000
vt  0.416667 0.666667 1.000000
vt  0.472222 0.666667 1.000000
vt  0.527778 0.666667 1.000000
vt  0.583333 0.666667 1.000000
vt  0.638889 0.666667 1.000000
vt  0.694444 0.666667 1.000000
vt  0.750000 0.833333 1.000000
vt  0.805556 0.833333 1.000000
vt  0.861111 0.833333 1.000000
vt  0.916667 0.833333 1.000000
vt  0.972222 0.833333 1.000000
vt  0.027778 0.833333 1.000000
vt  0.083333 0.833333 1.000000
vt  0.138889 0.833333 1.000000
vt  0.194444 0.833333 1.000000
vt  0.250000 0.833333 1.000000
vt  0.305556 0.833333 1.000000
vt  0.361111 0.833333 1.000000
vt  0.416667 0.833333 1.000000
vt  0.472222 0.833333 1.000000
vt  0.527778 0.833333 1.000000
vt  0.583333 0.833333 1.000000
vt  0.638889 0.833333 1.000000
vt  0.694444 0.833333 1.000000
vt  0.750000 1.000000 1.000000
vt  0.805556 1.000000 1.000000
vt  0.861111 1.000000 1.000000
vt  0.916667 1.000000 1.000000
vt  0.972222 1.000000 1.000000
vt  0.027778 1.000000 1.000000
vt  0.083333 1.000000 1.000000
vt  0.138889 1.000000 1.000000
vt  0.194444 1.000000 1.000000
vt  0.250000 1.000000 1.000000
vt  0.305556 1.000000 1.000000
vt  0.361111 1.000000 1.000000
vt  0.416667 1.000000 1.000000
vt  0.472222 1.000000 1.000000
vt  0.527778 1.000000 1.000000
vt  0.583333 1.000000 1.000000
vt  0.638889 1.000000 1.000000
vt  0.694444 1.000000 1.000000
vt  0.500000 0.833333 -0.250000
vt  0.385993 0.813231 -0.250000
vt  0.285737 0.755348 -0.250000
vt  0.211325 0.666667 -0.250000
vt  0.171731 0.557883 -0.250000
vt  0.171731 0.442117 -0.250000
vt  0.211325 0.333333 -0.250000
vt  0.285738 0.244652 -0.250000
vt  0.385993 0.186769 -0.250000
vt  0.500000 0.166667 -0.250000
vt  0.614007 0.186769 -0.250000
vt  0.714263 0.244652 -0.250000
vt  0.788675 0.333333 -0.250000
vt  0.828269 0.442117 -0.250000
vt  0.828269 0.557883 -0.250000
vt  0.788675 0.666667 -0.250000
vt  0.714262 0.755348 -0.250000
vt  0.614007 0.813231 -0.250000
vt  0.500000 0.666667 -0.250000
vt  0.442997 0.656615 -0.250000
vt  0.392869 0.627674 -0.250000
vt  0.355662 0.583333 -0.250000
vt  0.335865 0.528941 -0.250000
vt  0.335865 0.471059 -0.250000
vt  0.355662 0.416667 -0.250000
vt  0.392869 0.372326 -0.250000
vt  0.442997 0.343385 -0.250000
vt  0.500000 0.333333 -0.250000
vt  0.557003 0.343385 -0.250000
vt  0.607131 0.372326 -0.250000
vt  0.644338 0.416667 -0.250000
vt  0.664135 0.471059 -0.250000
vt  0.664135 0.528941 -0.250000
vt  0.644338 0.583333 -0.250000
vt  0.607131 0.627674 -0.250000
vt  0.557003 0.656615 -0.250000
vt  0.500000 0.500000 -0.250000
vt  0.500000 0.833333 0.250000
vt  0.385993 0.813231 0.250000
vt  0.285737 0.755348 0.250000
vt  0.211325 0.666667 0.250000
vt  0.171731 0.557883 0.250000
vt  0.171731 0.442117 0.250000
vt  0.211325 0.333333 0.250000
vt  0.285738 0.244652 0.250000
vt  0.385993 0.186769 0.250000
vt  0.500000 0.166667 0.250000
vt  0.614007 0.186769 0.250000
vt  0.714263 0.244652 0.250000
vt  0.788675 0.333333 0.250000
vt  0.828269 0.442117 0.250000
vt  0.828269 0.557883 0.250000
vt  0.788675 0.666667 0.250000
vt  0.714262 0.755348 0.250000
vt  0.614007 0.813231 0.250000
vt  0.500000 0.666667 0.250000
vt  0.442997 0.656615 0.250000
vt  0.392869 0.627674 0.250000
vt  0.355662 0.583333 0.250000
vt  0.335865 0.528941 0.250000
vt  0.335865 0.471059 0.250000
vt  0.355662 0.416667 0.250000
vt  0.392869 0.372326 0.250000
vt  0.442997 0.343385 0.250000
vt  0.500000 0.333333 0.250000
vt  0.557003 0.343385 0.250000
vt  0.607131 0.372326 0.250000
vt  0.644338 0.416667 0.250000
vt  0.664135 0.471059 0.250000
vt  0.664135 0.528941 0.250000
vt  0.644338 0.583333 0.250000
vt  0.607131 0.627674 0.250000
vt  0.557003 0.656615 0.250000
vt  0.500000 0.500000 0.250000
vt  1.027778 0.000000 1.000000
vt  1.027778 0.166667 1.000000
vt  1.027778 0.333333 1.000000
vt  1.027778 0.500000 1.000000
vt  1.027778 0.666667 1.000000
vt  1.027778 0.833333 1.000000
vt  1.027778 1.000000 1.000000
vt  0.328990 0.969846 -0.250000
vt  0.500000 1.000000 -0.250000
vt  0.178606 0.883022 -0.250000
vt  0.328990 0.969846 -0.250000
vt  0.066987 0.750000 -0.250000
vt  0.178606 0.883022 -0.250000
vt  0.007596 0.586824 -0.250000
vt  0.066987 0.750000 -0.250000
vt  0.007596 0.413176 -0.250000
vt  0.007596 0.586824 -0.250000
vt  0.066987 0.250000 -0.250000
vt  0.007596 0.413176 -0.250000
vt  0.178606 0.116978 -0.250000
vt  0.066987 0.250000 -0.250000
vt  0.328990 0.030154 -0.250000
vt  0.178606 0.116978 -0.250000
vt  0.500000 0.000000 -0.250000
vt  0.328990 0.030154 -0.250000
vt  0.671010 0.030154 -0.250000
vt  0.500000 0.000000 -0.250000
vt  0.821394 0.116978 -0.250000
vt  0.671010 0.030154 -0.250000
vt  0.933013 0.250000 -0.250000
vt  0.821394 0.116978 -0.250000
vt  0.992404 0.413176 -0.250000
vt  0.933013 0.250000 -0.250000
vt  0.992404 0.586824 -0.250000
vt  0.992404 0.413176 -0.250000
vt  0.933013 0.750000 -0.250000
vt  0.992404 0.586824 -0.250000
vt  0.821394 0.883022 -0.250000
vt  0.933013 0.750000 -0.250000
vt  0.671010 0.969846 -0.250000
vt  0.821394 0.883022 -0.250000
vt  0.500000 1.000000 -0.250000
vt  0.671010 0.969846 -0.250000
vt  0.500000 1.000000 0.250000
vt  0.328990 0.969846 0.250000
vt  0.328990 0.969846 0.250000
vt  0.178606 0.883022 0.250000
vt  0.178606 0.883022 0.250000
vt  0.066987 0.750000 0.250000
vt  0.066987 0.750000 0.250000
vt  0.007596 0.586824 0.250000
vt  0.007596 0.586824 0.250000
vt  0.007596 0.413176 0.250000
vt  0.007596 0.413176 0.250000
vt  0.066987 0.250000 0.250000
vt  0.066987 0.250000 0.250000
vt  0.178606 0.116978 0.250000
vt  0.178606 0.116978 0.250000
vt  0.328990 0.030154 0.250000
vt  0.328990 0.030154 0.250000
vt  0.500000 0.000000 0.250000
vt  0.500000 0.000000 0.250000
vt  0.671010 0.030154 0.250000
vt  0.671010 0.030154 0.250000
vt  0.821394 0.116978 0.250000
vt  0.821394 0.116978 0.250000
vt  0.933013 0.250000 0.250000
vt  0.933013 0.250000 0.250000
vt  0.992404 0.413176 0.250000
vt  0.992404 0.413176 0.250000
vt  0.992404 0.586824 0.250000
vt  0.992404 0.586824 0.250000
vt  0.933013 0.750000 0.250000
vt  0.933013 0.750000 0.250000
vt  0.821394 0.883022 0.250000
vt  0.821394 0.883022 0.250000
vt  0.671010 0.969846 0.250000
vt  0.671010 0.969846 0.250000
vt  0.500000 1.000000 0.250000
vt  0.805556 0.919209 1.000000
vt  0.750000 0.919209 1.000000
vt  0.861111 0.919209 1.000000
vt  0.916667 0.919209 1.000000
vt  0.972222 0.919209 1.000000
vt  1.027778 0.919209 1.000000
vt  0.027778 0.919209 1.000000
vt  0.083333 0.919209 1.000000
vt  0.138889 0.919209 1.000000
vt  0.194444 0.919209 1.000000
vt  0.250000 0.919209 1.000000
vt  0.305556 0.919209 1.000000
vt  0.361111 0.919209 1.000000
vt  0.416667 0.919209 1.000000
vt  0.472222 0.919209 1.000000
vt  0.527778 0.919209 1.000000
vt  0.583333 0.919209 1.000000
vt  0.638889 0.919209 1.000000
vt  0.694444 0.919209 1.000000
vt  0.861111 0.091804 1.000000
vt  0.815358 0.166667 1.000000
vt  0.906864 0.166667 1.000000
vt  0.805556 0.176559 1.000000
vt  0.750000 0.176559 1.000000
vt  0.916667 0.176559 1.000000
vt  0.972222 0.176559 1.000000
vt  1.027778 0.176559 1.000000
vt  0.027778 0.176559 1.000000
vt  0.083333 0.176559 1.000000
vt  0.138889 0.176559 1.000000
vt  0.194445 0.176559 1.000000
vt  0.250000 0.176559 1.000000
vt  0.305556 0.176559 1.000000
vt  0.361111 0.176559 1.000000
vt  0.416667 0.176559 1.000000
vt  0.472222 0.176559 1.000000
vt  0.527778 0.176559 1.000000
vt  0.583333 0.176559 1.000000
vt  0.638889 0.176559 1.000000
vt  0.694444 0.176559 1.000000
# 319 texture vertices

vn  0.107010 -0.002443 1.411018
vn  -0.954567 0.002375 1.405950
vn  -1.901008 0.006906 1.231304
vn  -2.618160 0.010604 0.908145
vn  -3.019524 0.013023 0.475450
vn  -3.056688 0.013871 -0.014591
vn  -2.725170 0.013046 -0.502872
vn  -2.064957 0.010648 -0.930500
vn  -1.155679 0.006965 -1.245896
vn  -0.107009 0.002443 -1.411017
vn  0.954567 -0.002375 -1.405950
vn  1.901009 -0.006905 -1.231304
vn  2.618161 -0.010603 -0.908145
vn  3.019524 -0.013022 -0.475450
vn  3.056688 -0.013871 0.014591
vn  2.725170 -0.013046 0.502873
vn  2.064956 -0.010648 0.930500
vn  1.155679 -0.006965 1.245896
vn  0.034588 -0.000790 0.456070
vn  -0.308535 0.000768 0.454432
vn  -0.614445 0.002232 0.397983
vn  -0.846243 0.003427 0.293531
vn  -0.975971 0.004209 0.153675
vn  -0.987984 0.004483 -0.004716
vn  -0.880830 0.004217 -0.162539
vn  -0.667436 0.003442 -0.300757
vn  -0.373539 0.002251 -0.402699
vn  -0.034588 0.000790 -0.456070
vn  0.308535 -0.000768 -0.454432
vn  0.614445 -0.002232 -0.397983
vn  0.846243 -0.003427 -0.293531
vn  0.975972 -0.004209 -0.153675
vn  0.987984 -0.004483 0.004716
vn  0.880830 -0.004217 0.162539
vn  0.667436 -0.003442 0.300757
vn  0.373539 -0.002251 0.402699
vn  0.034588 -0.000790 0.456070
vn  -0.308535 0.000768 0.454432
vn  -0.614445 0.002232 0.397983
vn  -0.846243 0.003427 0.293531
vn  -0.975971 0.004209 0.153675
vn  -0.987984 0.004483 -0.004716
vn  -0.880830 0.004217 -0.162539
vn  -0.667436 0.003442 -0.300756
vn  -0.373539 0.002251 -0.402699
vn  -0.034588 0.000790 -0.456070
vn  0.308535 -0.000768 -0.454432
vn  0.614445 -0.002232 -0.397983
vn  0.846243 -0.003427 -0.293531
vn  0.975971 -0.004209 -0.153675
vn  0.987984 -0.004483 0.004716
vn  0.880830 -0.004217 0.162539
vn  0.667436 -0.003442 0.300757
vn  0.373539 -0.002251 0.402699
vn  0.034588 -0.000790 0.456070
vn  -0.308535 0.000768 0.454432
vn  -0.614445 0.002232 0.397983
vn  -0.846243 0.003427 0.293531
vn  -0.975971 0.004209 0.153675
vn  -0.987984 0.004483 -0.004716
vn  -0.880830 0.004217 -0.162539
vn  -0.667436 0.003442 -0.300757
vn  -0.373539 0.002251 -0.402699
vn  -0.034588 0.000790 -0.456070
vn  0.308535 -0.000768 -0.454432
vn  0.614445 -0.002232 -0.397983
vn  0.846243 -0.003427 -0.293531
vn  0.975971 -0.004209 -0.153675
vn  0.987984 -0.004483 0.004716
vn  0.880830 -0.004217 0.162539
vn  0.667436 -0.003442 0.300757
vn  0.373539 -0.002251 0.402699
vn  0.034588 -0.000790 0.456070
vn  -0.308535 0.000768 0.454432
vn  -0.614445 0.002232 0.397983
vn  -0.846243 0.003427 0.293531
vn  -0.975971 0.004209 0.153675
vn  -0.987984 0.004483 -0.004716
vn  -0.880830 0.004217 -0.162539
vn  -0.667436 0.003442 -0.300757
vn  -0.373539 0.002251 -0.402699
vn  -0.034588 0.000790 -0.456070
vn  0.308535 -0.000768 -0.454432
vn  0.614445 -0.002232 -0.397983
vn  0.846243 -0.003427 -0.293531
vn  0.975971 -0.004209 -0.153675
vn  0.987984 -0.004483 0.004716
vn  0.880830 -0.004217 0.162539
vn  0.667436 -0.003442 0.300757
vn  0.373539 -0.002251 0.402699
vn  0.034588 -0.000790 0.456070
vn  -0.308535 0.000768 0.454432
vn  -0.614445 0.002232 0.397983
vn  -0.846243 0.003427 0.293531
vn  -0.975971 0.004209 0.153675
vn  -0.987984 0.004483 -0.004716
vn  -0.880830 0.004217 -0.162539
vn  -0.667436 0.003442 -0.300757
vn  -0.373539 0.002251 -0.402699
vn  -0.034588 0.000790 -0.456070
vn  0.308536 -0.000768 -0.454432
vn  0.614445 -0.002232 -0.397983
vn  0.846243 -0.003427 -0.293531
vn  0.975971 -0.004209 -0.153675
vn  0.987984 -0.004483 0.004716
vn  0.880830 -0.004217 0.162539
vn  0.667436 -0.003442 0.300757
vn  0.373539 -0.002251 0.402699
vn  -0.017586 -3.881199 -0.005385
vn  -0.017586 -3.881198 -0.005385
vn  -0.017586 -3.881199 -0.005385
vn  -0.017586 -3.881198 -0.005385
vn  -0.017586 -3.881199 -0.005385
vn  -0.017586 -3.881199 -0.005385
vn  -0.017586 -3.881199 -0.005385
vn  -0.017586 -3.881199 -0.005385
vn  -0.017586 -3.881199 -0.005385
vn  -0.017586 -3.881199 -0.005385
vn  -0.017586 -3.881199 -0.005385
vn  -0.017586 -3.881199 -0.005385
vn  -0.017586 -3.881199 -0.005385
vn  -0.017586 -3.881199 -0.005385
vn  -0.017586 -3.881198 -0.005385
vn  -0.017586 -3.881199 -0.005385
vn  -0.017586 -3.881199 -0.005385
vn  -0.017586 -3.881199 -0.005385
vn  0.006298 1.389852 0.001928
vn  0.006298 1.389852 0.001928
vn  0.006298 1.389852 0.001928
vn  0.006298 1.389852 0.001928
vn  0.006298 1.389852 0.001928
vn  0.006298 1.389852 0.001928
vn  0.006298 1.389852 0.001928
vn  0.006298 1.389852 0.001928
vn  0.006298 1.389852 0.001928
vn  0.006298 1.389852 0.001928
vn  0.006298 1.389852 0.001928
vn  0.006298 1.389852 0.001928
vn  0.006298 1.389852 0.001928
vn  0.006298 1.389852 0.001928
vn  0.006298 1.389852 0.001928
vn  0.006298 1.389852 0.001928
vn  0.006298 1.389852 0.001928
vn  0.006298 1.389852 0.001928
vn  0.006298 1.389852 0.001928
vn  0.006298 1.389852 0.001928
vn  0.006298 1.389852 0.001928
vn  0.006298 1.389852 0.001928
vn  0.006298 1.389852 0.001928
vn  0.006298 1.389852 0.001928
vn  0.006298 1.389852 0.001928
vn  0.006298 1.389852 0.001928
vn  0.006298 1.389852 0.001928
vn  0.006298 1.389852 0.001928
vn  0.006298 1.389852 0.001928
vn  0.006298 1.389852 0.001928
vn  0.006298 1.389852 0.001928
vn  0.006298 1.389852 0.001928
vn  0.006298 1.389852 0.001928
vn  0.006298 1.389852 0.001928
vn  0.006298 1.389852 0.001928
vn  0.006298 1.389852 0.001928
vn  0.006298 1.389852 0.001928
vn  -0.006298 -1.389852 -0.001928
vn  -0.006298 -1.389852 -0.001928
vn  -0.006298 -1.389852 -0.001928
vn  -0.006298 -1.389852 -0.001928
vn  -0.006298 -1.389852 -0.001928
vn  -0.006298 -1.389852 -0.001928
vn  -0.006298 -1.389852 -0.001928
vn  -0.006298 -1.389852 -0.001928
vn  -0.006298 -1.389852 -0.001928
vn  -0.006298 -1.389852 -0.001928
vn  -0.006298 -1.389852 -0.001928
vn  -0.006298 -1.389852 -0.001928
vn  -0.006298 -1.389852 -0.001928
vn  -0.006298 -1.389852 -0.001928
vn  -0.006298 -1.389852 -0.001928
vn  -0.006298 -1.389852 -0.001928
vn  -0.006298 -1.389852 -0.001928
vn  -0.006298 -1.389852 -0.001928
vn  -0.006298 -1.389852 -0.001928
vn  -0.006298 -1.389852 -0.001928
vn  -0.006298 -1.389852 -0.001928
vn  -0.006298 -1.389852 -0.001928
vn  -0.006298 -1.389852 -0.001928
vn  -0.006298 -1.389852 -0.001928
vn  -0.006298 -1.389852 -0.001928
vn  -0.006298 -1.389852 -0.001928
vn  -0.006298 -1.389852 -0.001928
vn  -0.006298 -1.389852 -0.001928
vn  -0.006298 -1.389852 -0.001928
vn  -0.006298 -1.389852 -0.001928
vn  -0.006298 -1.389852 -0.001928
vn  -0.006298 -1.389852 -0.001928
vn  -0.006298 -1.389852 -0.001928
vn  -0.006298 -1.389852 -0.001928
vn  -0.006298 -1.389852 -0.001928
vn  -0.006298 -1.389852 -0.001928
vn  -0.006298 -1.389852 -0.001928
vn  -0.308535 0.000768 0.454432
vn  0.034588 -0.000790 0.456070
vn  -0.614445 0.002232 0.397983
vn  -0.846243 0.003427 0.293531
vn  -0.975971 0.004209 0.153675
vn  -0.987984 0.004483 -0.004716
vn  -0.880830 0.004217 -0.162539
vn  -0.667436 0.003442 -0.300757
vn  -0.373539 0.002251 -0.402699
vn  -0.034588 0.000790 -0.456070
vn  0.308536 -0.000768 -0.454432
vn  0.614445 -0.002232 -0.397983
vn  0.846243 -0.003427 -0.293531
vn  0.975971 -0.004209 -0.153675
vn  0.987984 -0.004483 0.004716
vn  0.880830 -0.004217 0.162539
vn  0.667436 -0.003442 0.300757
vn  0.373539 -0.002251 0.402699
vn  -0.614444 0.002232 0.397983
vn  -0.468609 0.001523 0.432782
vn  -0.741610 0.002873 0.351091
vn  -0.308535 0.000768 0.454432
vn  0.034588 -0.000790 0.456070
vn  -0.846242 0.003427 0.293531
vn  -0.975971 0.004209 0.153675
vn  -0.987984 0.004483 -0.004716
vn  -0.880830 0.004217 -0.162539
vn  -0.667436 0.003442 -0.300756
vn  -0.373539 0.002251 -0.402699
vn  -0.034588 0.000790 -0.456070
vn  0.308535 -0.000768 -0.454432
vn  0.614445 -0.002232 -0.397983
vn  0.846243 -0.003427 -0.293531
vn  0.975972 -0.004209 -0.153675
vn  0.987984 -0.004483 0.004716
vn  0.880830 -0.004217 0.162539
vn  0.667436 -0.003442 0.300757
vn  0.373539 -0.002251 0.402699
# 238 vertex normals

g Cylinder02
s 8
f 1042/1399/1042 1043/1400/1043 1061/1418/1061
f 1061/1418/1061 1060/1417/1060 1042/1399/1042
f 1260/1697/1260 1261/1698/1261 1061/1418/1061
f 1044/1401/1044 1260/1697/1260 1061/1418/1061
f 1043/1400/1043 1044/1401/1044 1061/1418/1061
f 1044/1401/1044 1045/1402/1045 1063/1420/1063
f 1063/1420/1063 1262/1699/1262 1260/1697/1260
f 1044/1401/1044 1063/1420/1063 1260/1697/1260
f 1045/1402/1045 1046/1403/1046 1064/1421/1064
f 1064/1421/1064 1063/1420/1063 1045/1402/1045
f 1046/1403/1046 1047/1599/1047 1065/1600/1065
f 1065/1600/1065 1064/1421/1064 1046/1403/1046
f 1047/1404/1047 1048/1405/1048 1066/1423/1066
f 1066/1423/1066 1065/1422/1065 1047/1404/1047
f 1048/1405/1048 1049/1406/1049 1067/1424/1067
f 1067/1424/1067 1066/1423/1066 1048/1405/1048
f 1049/1406/1049 1050/1407/1050 1068/1425/1068
f 1068/1425/1068 1067/1424/1067 1049/1406/1049
f 1050/1407/1050 1051/1408/1051 1069/1426/1069
f 1069/1426/1069 1068/1425/1068 1050/1407/1050
f 1051/1408/1051 1052/1409/1052 1070/1427/1070
f 1070/1427/1070 1069/1426/1069 1051/1408/1051
f 1052/1409/1052 1053/1410/1053 1071/1428/1071
f 1071/1428/1071 1070/1427/1070 1052/1409/1052
f 1053/1410/1053 1054/1411/1054 1072/1429/1072
f 1072/1429/1072 1071/1428/1071 1053/1410/1053
f 1054/1411/1054 1055/1412/1055 1073/1430/1073
f 1073/1430/1073 1072/1429/1072 1054/1411/1054
f 1055/1412/1055 1056/1413/1056 1074/1431/1074
f 1074/1431/1074 1073/1430/1073 1055/1412/1055
f 1056/1413/1056 1057/1414/1057 1075/1432/1075
f 1075/1432/1075 1074/1431/1074 1056/1413/1056
f 1057/1414/1057 1058/1415/1058 1076/1433/1076
f 1076/1433/1076 1075/1432/1075 1057/1414/1057
f 1058/1415/1058 1059/1416/1059 1077/1434/1077
f 1077/1434/1077 1076/1433/1076 1058/1415/1058
f 1059/1416/1059 1042/1399/1042 1060/1417/1060
f 1060/1417/1060 1077/1434/1077 1059/1416/1059
f 1061/1418/1061 1263/1700/1263 1264/1701/1264
f 1264/1701/1264 1060/1417/1060 1061/1418/1061
f 1061/1418/1061 1261/1698/1261 1263/1700/1263
f 1262/1699/1262 1265/1702/1265 1081/1438/1081
f 1062/1419/1062 1262/1699/1262 1081/1438/1081
f 1062/1419/1062 1081/1438/1081 1080/1437/1080
f 1064/1421/1064 1266/1703/1266 1265/1702/1265
f 1265/1702/1265 1063/1420/1063 1064/1421/1064
f 1065/1600/1065 1267/1704/1267 1266/1703/1266
f 1266/1703/1266 1064/1421/1064 1065/1600/1065
f 1066/1423/1066 1268/1706/1268 1267/1705/1267
f 1267/1705/1267 1065/1422/1065 1066/1423/1066
f 1067/1424/1067 1269/1707/1269 1268/1706/1268
f 1268/1706/1268 1066/1423/1066 1067/1424/1067
f 1068/1425/1068 1270/1708/1270 1269/1707/1269
f 1269/1707/1269 1067/1424/1067 1068/1425/1068
f 1069/1426/1069 1271/1709/1271 1270/1708/1270
f 1270/1708/1270 1068/1425/1068 1069/1426/1069
f 1070/1427/1070 1272/1710/1272 1271/1709/1271
f 1271/1709/1271 1069/1426/1069 1070/1427/1070
f 1071/1428/1071 1273/1711/1273 1272/1710/1272
f 1272/1710/1272 1070/1427/1070 1071/1428/1071
f 1072/1429/1072 1274/1712/1274 1273/1711/1273
f 1273/1711/1273 1071/1428/1071 1072/1429/1072
f 1073/1430/1073 1275/1713/1275 1274/1712/1274
f 1274/1712/1274 1072/1429/1072 1073/1430/1073
f 1074/1431/1074 1276/1714/1276 1275/1713/1275
f 1275/1713/1275 1073/1430/1073 1074/1431/1074
f 1075/1432/1075 1277/1715/1277 1276/1714/1276
f 1276/1714/1276 1074/1431/1074 1075/1432/1075
f 1076/1433/1076 1278/1716/1278 1277/1715/1277
f 1277/1715/1277 1075/1432/1075 1076/1433/1076
f 1077/1434/1077 1279/1717/1279 1278/1716/1278
f 1278/1716/1278 1076/1433/1076 1077/1434/1077
f 1060/1417/1060 1264/1701/1264 1279/1717/1279
f 1279/1717/1279 1077/1434/1077 1060/1417/1060
f 1078/1435/1078 1079/1436/1079 1097/1454/1097
f 1097/1454/1097 1096/1453/1096 1078/1435/1078
f 1079/1436/1079 1080/1437/1080 1098/1455/1098
f 1098/1455/1098 1097/1454/1097 1079/1436/1079
f 1080/1437/1080 1081/1438/1081 1099/1456/1099
f 1099/1456/1099 1098/1455/1098 1080/1437/1080
f 1081/1438/1081 1082/1439/1082 1100/1457/1100
f 1100/1457/1100 1099/1456/1099 1081/1438/1081
f 1082/1439/1082 1083/1601/1083 1101/1602/1101
f 1101/1602/1101 1100/1457/1100 1082/1439/1082
f 1083/1440/1083 1084/1441/1084 1102/1459/1102
f 1102/1459/1102 1101/1458/1101 1083/1440/1083
f 1084/1441/1084 1085/1442/1085 1103/1460/1103
f 1103/1460/1103 1102/1459/1102 1084/1441/1084
f 1085/1442/1085 1086/1443/1086 1104/1461/1104
f 1104/1461/1104 1103/1460/1103 1085/1442/1085
f 1086/1443/1086 1087/1444/1087 1105/1462/1105
f 1105/1462/1105 1104/1461/1104 1086/1443/1086
f 1087/1444/1087 1088/1445/1088 1106/1463/1106
f 1106/1463/1106 1105/1462/1105 1087/1444/1087
f 1088/1445/1088 1089/1446/1089 1107/1464/1107
f 1107/1464/1107 1106/1463/1106 1088/1445/1088
f 1089/1446/1089 1090/1447/1090 1108/1465/1108
f 1108/1465/1108 1107/1464/1107 1089/1446/1089
f 1090/1447/1090 1091/1448/1091 1109/1466/1109
f 1109/1466/1109 1108/1465/1108 1090/1447/1090
f 1091/1448/1091 1092/1449/1092 1110/1467/1110
f 1110/1467/1110 1109/1466/1109 1091/1448/1091
f 1092/1449/1092 1093/1450/1093 1111/1468/1111
f 1111/1468/1111 1110/1467/1110 1092/1449/1092
f 1093/1450/1093 1094/1451/1094 1112/1469/1112
f 1112/1469/1112 1111/1468/1111 1093/1450/1093
f 1094/1451/1094 1095/1452/1095 1113/1470/1113
f 1113/1470/1113 1112/1469/1112 1094/1451/1094
f 1095/1452/1095 1078/1435/1078 1096/1453/1096
f 1096/1453/1096 1113/1470/1113 1095/1452/1095
f 1096/1453/1096 1097/1454/1097 1115/1472/1115
f 1115/1472/1115 1114/1471/1114 1096/1453/1096
f 1097/1454/1097 1098/1455/1098 1116/1473/1116
f 1116/1473/1116 1115/1472/1115 1097/1454/1097
f 1098/1455/1098 1099/1456/1099 1117/1474/1117
f 1117/1474/1117 1116/1473/1116 1098/1455/1098
f 1099/1456/1099 1100/1457/1100 1118/1475/1118
f 1118/1475/1118 1117/1474/1117 1099/1456/1099
f 1100/1457/1100 1101/1602/1101 1119/1603/1119
f 1119/1603/1119 1118/1475/1118 1100/1457/1100
f 1101/1458/1101 1102/1459/1102 1120/1477/1120
f 1120/1477/1120 1119/1476/1119 1101/1458/1101
f 1102/1459/1102 1103/1460/1103 1121/1478/1121
f 1121/1478/1121 1120/1477/1120 1102/1459/1102
f 1103/1460/1103 1104/1461/1104 1122/1479/1122
f 1122/1479/1122 1121/1478/1121 1103/1460/1103
f 1104/1461/1104 1105/1462/1105 1123/1480/1123
f 1123/1480/1123 1122/1479/1122 1104/1461/1104
f 1105/1462/1105 1106/1463/1106 1124/1481/1124
f 1124/1481/1124 1123/1480/1123 1105/1462/1105
f 1106/1463/1106 1107/1464/1107 1125/1482/1125
f 1125/1482/1125 1124/1481/1124 1106/1463/1106
f 1107/1464/1107 1108/1465/1108 1126/1483/1126
f 1126/1483/1126 1125/1482/1125 1107/1464/1107
f 1108/1465/1108 1109/1466/1109 1127/1484/1127
f 1127/1484/1127 1126/1483/1126 1108/1465/1108
f 1109/1466/1109 1110/1467/1110 1128/1485/1128
f 1128/1485/1128 1127/1484/1127 1109/1466/1109
f 1110/1467/1110 1111/1468/1111 1129/1486/1129
f 1129/1486/1129 1128/1485/1128 1110/1467/1110
f 1111/1468/1111 1112/1469/1112 1130/1487/1130
f 1130/1487/1130 1129/1486/1129 1111/1468/1111
f 1112/1469/1112 1113/1470/1113 1131/1488/1131
f 1131/1488/1131 1130/1487/1130 1112/1469/1112
f 1113/1470/1113 1096/1453/1096 1114/1471/1114
f 1114/1471/1114 1131/1488/1131 1113/1470/1113
f 1114/1471/1114 1115/1472/1115 1133/1490/1133
f 1133/1490/1133 1132/1489/1132 1114/1471/1114
f 1115/1472/1115 1116/1473/1116 1134/1491/1134
f 1134/1491/1134 1133/1490/1133 1115/1472/1115
f 1116/1473/1116 1117/1474/1117 1135/1492/1135
f 1135/1492/1135 1134/1491/1134 1116/1473/1116
f 1117/1474/1117 1118/1475/1118 1136/1493/1136
f 1136/1493/1136 1135/1492/1135 1117/1474/1117
f 1118/1475/1118 1119/1603/1119 1137/1604/1137
f 1137/1604/1137 1136/1493/1136 1118/1475/1118
f 1119/1476/1119 1120/1477/1120 1138/1495/1138
f 1138/1495/1138 1137/1494/1137 1119/1476/1119
f 1120/1477/1120 1121/1478/1121 1139/1496/1139
f 1139/1496/1139 1138/1495/1138 1120/1477/1120
f 1121/1478/1121 1122/1479/1122 1140/1497/1140
f 1140/1497/1140 1139/1496/1139 1121/1478/1121
f 1122/1479/1122 1123/1480/1123 1141/1498/1141
f 1141/1498/1141 1140/1497/1140 1122/1479/1122
f 1123/1480/1123 1124/1481/1124 1142/1499/1142
f 1142/1499/1142 1141/1498/1141 1123/1480/1123
f 1124/1481/1124 1125/1482/1125 1143/1500/1143
f 1143/1500/1143 1142/1499/1142 1124/1481/1124
f 1125/1482/1125 1126/1483/1126 1144/1501/1144
f 1144/1501/1144 1143/1500/1143 1125/1482/1125
f 1126/1483/1126 1127/1484/1127 1145/1502/1145
f 1145/1502/1145 1144/1501/1144 1126/1483/1126
f 1127/1484/1127 1128/1485/1128 1146/1503/1146
f 1146/1503/1146 1145/1502/1145 1127/1484/1127
f 1128/1485/1128 1129/1486/1129 1147/1504/1147
f 1147/1504/1147 1146/1503/1146 1128/1485/1128
f 1129/1486/1129 1130/1487/1130 1148/1505/1148
f 1148/1505/1148 1147/1504/1147 1129/1486/1129
f 1130/1487/1130 1131/1488/1131 1149/1506/1149
f 1149/1506/1149 1148/1505/1148 1130/1487/1130
f 1131/1488/1131 1114/1471/1114 1132/1489/1132
f 1132/1489/1132 1149/1506/1149 1131/1488/1131
f 1133/1490/1133 1242/1678/1242 1243/1679/1243
f 1243/1679/1243 1132/1489/1132 1133/1490/1133
f 1134/1491/1134 1244/1680/1244 1242/1678/1242
f 1242/1678/1242 1133/1490/1133 1134/1491/1134
f 1135/1492/1135 1245/1681/1245 1244/1680/1244
f 1244/1680/1244 1134/1491/1134 1135/1492/1135
f 1136/1493/1136 1246/1682/1246 1245/1681/1245
f 1245/1681/1245 1135/1492/1135 1136/1493/1136
f 1137/1604/1137 1247/1683/1247 1246/1682/1246
f 1246/1682/1246 1136/1493/1136 1137/1604/1137
f 1138/1495/1138 1248/1685/1248 1247/1684/1247
f 1247/1684/1247 1137/1494/1137 1138/1495/1138
f 1139/1496/1139 1249/1686/1249 1248/1685/1248
f 1248/1685/1248 1138/1495/1138 1139/1496/1139
f 1140/1497/1140 1250/1687/1250 1249/1686/1249
f 1249/1686/1249 1139/1496/1139 1140/1497/1140
f 1141/1498/1141 1251/1688/1251 1250/1687/1250
f 1250/1687/1250 1140/1497/1140 1141/1498/1141
f 1142/1499/1142 1252/1689/1252 1251/1688/1251
f 1251/1688/1251 1141/1498/1141 1142/1499/1142
f 1143/1500/1143 1253/1690/1253 1252/1689/1252
f 1252/1689/1252 1142/1499/1142 1143/1500/1143
f 1144/1501/1144 1254/1691/1254 1253/1690/1253
f 1253/1690/1253 1143/1500/1143 1144/1501/1144
f 1145/1502/1145 1255/1692/1255 1254/1691/1254
f 1254/1691/1254 1144/1501/1144 1145/1502/1145
f 1146/1503/1146 1256/1693/1256 1255/1692/1255
f 1255/1692/1255 1145/1502/1145 1146/1503/1146
f 1147/1504/1147 1257/1694/1257 1256/1693/1256
f 1256/1693/1256 1146/1503/1146 1147/1504/1147
f 1148/1505/1148 1258/1695/1258 1257/1694/1257
f 1257/1694/1257 1147/1504/1147 1148/1505/1148
f 1149/1506/1149 1259/1696/1259 1258/1695/1258
f 1258/1695/1258 1148/1505/1148 1149/1506/1149
f 1132/1489/1132 1243/1679/1243 1259/1696/1259
f 1259/1696/1259 1149/1506/1149 1132/1489/1132
s 1
f 1043/1606/1043 1042/1607/1042 1168/1525/1168
f 1168/1525/1168 1169/1526/1169 1043/1606/1043
f 1044/1608/1044 1043/1609/1043 1169/1526/1169
f 1169/1526/1169 1170/1527/1170 1044/1608/1044
f 1045/1610/1045 1044/1611/1044 1170/1527/1170
f 1170/1527/1170 1171/1528/1171 1045/1610/1045
f 1046/1612/1046 1045/1613/1045 1171/1528/1171
f 1171/1528/1171 1172/1529/1172 1046/1612/1046
f 1047/1614/1047 1046/1615/1046 1172/1529/1172
f 1172/1529/1172 1173/1530/1173 1047/1614/1047
f 1048/1616/1048 1047/1617/1047 1173/1530/1173
f 1173/1530/1173 1174/1531/1174 1048/1616/1048
f 1049/1618/1049 1048/1619/1048 1174/1531/1174
f 1174/1531/1174 1175/1532/1175 1049/1618/1049
f 1050/1620/1050 1049/1621/1049 1175/1532/1175
f 1175/1532/1175 1176/1533/1176 1050/1620/1050
f 1051/1622/1051 1050/1623/1050 1176/1533/1176
f 1176/1533/1176 1177/1534/1177 1051/1622/1051
f 1052/1624/1052 1051/1625/1051 1177/1534/1177
f 1177/1534/1177 1178/1535/1178 1052/1624/1052
f 1053/1626/1053 1052/1627/1052 1178/1535/1178
f 1178/1535/1178 1179/1536/1179 1053/1626/1053
f 1054/1628/1054 1053/1629/1053 1179/1536/1179
f 1179/1536/1179 1180/1537/1180 1054/1628/1054
f 1055/1630/1055 1054/1631/1054 1180/1537/1180
f 1180/1537/1180 1181/1538/1181 1055/1630/1055
f 1056/1632/1056 1055/1633/1055 1181/1538/1181
f 1181/1538/1181 1182/1539/1182 1056/1632/1056
f 1057/1634/1057 1056/1635/1056 1182/1539/1182
f 1182/1539/1182 1183/1540/1183 1057/1634/1057
f 1058/1636/1058 1057/1637/1057 1183/1540/1183
f 1183/1540/1183 1184/1541/1184 1058/1636/1058
f 1059/1638/1059 1058/1639/1058 1184/1541/1184
f 1184/1541/1184 1185/1542/1185 1059/1638/1059
f 1042/1640/1042 1059/1641/1059 1185/1542/1185
f 1185/1542/1185 1168/1525/1168 1042/1640/1042
f 1169/1526/1169 1168/1525/1168 1186/1543/1186
f 1186/1543/1186 1187/1544/1187 1169/1526/1169
f 1170/1527/1170 1169/1526/1169 1187/1544/1187
f 1187/1544/1187 1188/1545/1188 1170/1527/1170
f 1171/1528/1171 1170/1527/1170 1188/1545/1188
f 1188/1545/1188 1189/1546/1189 1171/1528/1171
f 1172/1529/1172 1171/1528/1171 1189/1546/1189
f 1189/1546/1189 1190/1547/1190 1172/1529/1172
f 1173/1530/1173 1172/1529/1172 1190/1547/1190
f 1190/1547/1190 1191/1548/1191 1173/1530/1173
f 1174/1531/1174 1173/1530/1173 1191/1548/1191
f 1191/1548/1191 1192/1549/1192 1174/1531/1174
f 1175/1532/1175 1174/1531/1174 1192/1549/1192
f 1192/1549/1192 1193/1550/1193 1175/1532/1175
f 1176/1533/1176 1175/1532/1175 1193/1550/1193
f 1193/1550/1193 1194/1551/1194 1176/1533/1176
f 1177/1534/1177 1176/1533/1176 1194/1551/1194
f 1194/1551/1194 1195/1552/1195 1177/1534/1177
f 1178/1535/1178 1177/1534/1177 1195/1552/1195
f 1195/1552/1195 1196/1553/1196 1178/1535/1178
f 1179/1536/1179 1178/1535/1178 1196/1553/1196
f 1196/1553/1196 1197/1554/1197 1179/1536/1179
f 1180/1537/1180 1179/1536/1179 1197/1554/1197
f 1197/1554/1197 1198/1555/1198 1180/1537/1180
f 1181/1538/1181 1180/1537/1180 1198/1555/1198
f 1198/1555/1198 1199/1556/1199 1181/1538/1181
f 1182/1539/1182 1181/1538/1181 1199/1556/1199
f 1199/1556/1199 1200/1557/1200 1182/1539/1182
f 1183/1540/1183 1182/1539/1182 1200/1557/1200
f 1200/1557/1200 1201/1558/1201 1183/1540/1183
f 1184/1541/1184 1183/1540/1183 1201/1558/1201
f 1201/1558/1201 1202/1559/1202 1184/1541/1184
f 1185/1542/1185 1184/1541/1184 1202/1559/1202
f 1202/1559/1202 1203/1560/1203 1185/1542/1185
f 1168/1525/1168 1185/1542/1185 1203/1560/1203
f 1203/1560/1203 1186/1543/1186 1168/1525/1168
f 1187/1544/1187 1186/1543/1186 1204/1561/1204
f 1188/1545/1188 1187/1544/1187 1204/1561/1204
f 1189/1546/1189 1188/1545/1188 1204/1561/1204
f 1190/1547/1190 1189/1546/1189 1204/1561/1204
f 1191/1548/1191 1190/1547/1190 1204/1561/1204
f 1192/1549/1192 1191/1548/1191 1204/1561/1204
f 1193/1550/1193 1192/1549/1192 1204/1561/1204
f 1194/1551/1194 1193/1550/1193 1204/1561/1204
f 1195/1552/1195 1194/1551/1194 1204/1561/1204
f 1196/1553/1196 1195/1552/1195 1204/1561/1204
f 1197/1554/1197 1196/1553/1196 1204/1561/1204
f 1198/1555/1198 1197/1554/1197 1204/1561/1204
f 1199/1556/1199 1198/1555/1198 1204/1561/1204
f 1200/1557/1200 1199/1556/1199 1204/1561/1204
f 1201/1558/1201 1200/1557/1200 1204/1561/1204
f 1202/1559/1202 1201/1558/1201 1204/1561/1204
f 1203/1560/1203 1202/1559/1202 1204/1561/1204
f 1186/1543/1186 1203/1560/1203 1204/1561/1204
f 1150/1642/1150 1151/1643/1151 1206/1563/1206
f 1206/1563/1206 1205/1562/1205 1150/1642/1150
f 1151/1644/1151 1152/1645/1152 1207/1564/1207
f 1207/1564/1207 1206/1563/1206 1151/1644/1151
f 1152/1646/1152 1153/1647/1153 1208/1565/1208
f 1208/1565/1208 1207/1564/1207 1152/1646/1152
f 1153/1648/1153 1154/1649/1154 1209/1566/1209
f 1209/1566/1209 1208/1565/1208 1153/1648/1153
f 1154/1650/1154 1155/1651/1155 1210/1567/1210
f 1210/1567/1210 1209/1566/1209 1154/1650/1154
f 1155/1652/1155 1156/1653/1156 1211/1568/1211
f 1211/1568/1211 1210/1567/1210 1155/1652/1155
f 1156/1654/1156 1157/1655/1157 1212/1569/1212
f 1212/1569/1212 1211/1568/1211 1156/1654/1156
f 1157/1656/1157 1158/1657/1158 1213/1570/1213
f 1213/1570/1213 1212/1569/1212 1157/1656/1157
f 1158/1658/1158 1159/1659/1159 1214/1571/1214
f 1214/1571/1214 1213/1570/1213 1158/1658/1158
f 1159/1660/1159 1160/1661/1160 1215/1572/1215
f 1215/1572/1215 1214/1571/1214 1159/1660/1159
f 1160/1662/1160 1161/1663/1161 1216/1573/1216
f 1216/1573/1216 1215/1572/1215 1160/1662/1160
f 1161/1664/1161 1162/1665/1162 1217/1574/1217
f 1217/1574/1217 1216/1573/1216 1161/1664/1161
f 1162/1666/1162 1163/1667/1163 1218/1575/1218
f 1218/1575/1218 1217/1574/1217 1162/1666/1162
f 1163/1668/1163 1164/1669/1164 1219/1576/1219
f 1219/1576/1219 1218/1575/1218 1163/1668/1163
f 1164/1670/1164 1165/1671/1165 1220/1577/1220
f 1220/1577/1220 1219/1576/1219 1164/1670/1164
f 1165/1672/1165 1166/1673/1166 1221/1578/1221
f 1221/1578/1221 1220/1577/1220 1165/1672/1165
f 1166/1674/1166 1167/1675/1167 1222/1579/1222
f 1222/1579/1222 1221/1578/1221 1166/1674/1166
f 1167/1676/1167 1150/1677/1150 1205/1562/1205
f 1205/1562/1205 1222/1579/1222 1167/1676/1167
f 1205/1562/1205 1206/1563/1206 1224/1581/1224
f 1224/1581/1224 1223/1580/1223 1205/1562/1205
f 1206/1563/1206 1207/1564/1207 1225/1582/1225
f 1225/1582/1225 1224/1581/1224 1206/1563/1206
f 1207/1564/1207 1208/1565/1208 1226/1583/1226
f 1226/1583/1226 1225/1582/1225 1207/1564/1207
f 1208/1565/1208 1209/1566/1209 1227/1584/1227
f 1227/1584/1227 1226/1583/1226 1208/1565/1208
f 1209/1566/1209 1210/1567/1210 1228/1585/1228
f 1228/1585/1228 1227/1584/1227 1209/1566/1209
f 1210/1567/1210 1211/1568/1211 1229/1586/1229
f 1229/1586/1229 1228/1585/1228 1210/1567/1210
f 1211/1568/1211 1212/1569/1212 1230/1587/1230
f 1230/1587/1230 1229/1586/1229 1211/1568/1211
f 1212/1569/1212 1213/1570/1213 1231/1588/1231
f 1231/1588/1231 1230/1587/1230 1212/1569/1212
f 1213/1570/1213 1214/1571/1214 1232/1589/1232
f 1232/1589/1232 1231/1588/1231 1213/1570/1213
f 1214/1571/1214 1215/1572/1215 1233/1590/1233
f 1233/1590/1233 1232/1589/1232 1214/1571/1214
f 1215/1572/1215 1216/1573/1216 1234/1591/1234
f 1234/1591/1234 1233/1590/1233 1215/1572/1215
f 1216/1573/1216 1217/1574/1217 1235/1592/1235
f 1235/1592/1235 1234/1591/1234 1216/1573/1216
f 1217/1574/1217 1218/1575/1218 1236/1593/1236
f 1236/1593/1236 1235/1592/1235 1217/1574/1217
f 1218/1575/1218 1219/1576/1219 1237/1594/1237
f 1237/1594/1237 1236/1593/1236 1218/1575/1218
f 1219/1576/1219 1220/1577/1220 1238/1595/1238
f 1238/1595/1238 1237/1594/1237 1219/1576/1219
f 1220/1577/1220 1221/1578/1221 1239/1596/1239
f 1239/1596/1239 1238/1595/1238 1220/1577/1220
f 1221/1578/1221 1222/1579/1222 1240/1597/1240
f 1240/1597/1240 1239/1596/1239 1221/1578/1221
f 1222/1579/1222 1205/1562/1205 1223/1580/1223
f 1223/1580/1223 1240/1597/1240 1222/1579/1222
f 1223/1580/1223 1224/1581/1224 1241/1598/1241
f 1224/1581/1224 1225/1582/1225 1241/1598/1241
f 1225/1582/1225 1226/1583/1226 1241/1598/1241
f 1226/1583/1226 1227/1584/1227 1241/1598/1241
f 1227/1584/1227 1228/1585/1228 1241/1598/1241
f 1228/1585/1228 1229/1586/1229 1241/1598/1241
f 1229/1586/1229 1230/1587/1230 1241/1598/1241
f 1230/1587/1230 1231/1588/1231 1241/1598/1241
f 1231/1588/1231 1232/1589/1232 1241/1598/1241
f 1232/1589/1232 1233/1590/1233 1241/1598/1241
f 1233/1590/1233 1234/1591/1234 1241/1598/1241
f 1234/1591/1234 1235/1592/1235 1241/1598/1241
f 1235/1592/1235 1236/1593/1236 1241/1598/1241
f 1236/1593/1236 1237/1594/1237 1241/1598/1241
f 1237/1594/1237 1238/1595/1238 1241/1598/1241
f 1238/1595/1238 1239/1596/1239 1241/1598/1241
f 1239/1596/1239 1240/1597/1240 1241/1598/1241
f 1240/1597/1240 1223/1580/1223 1241/1598/1241
s 8
f 1151/1508/1151 1150/1507/1150 1243/1679/1243
f 1243/1679/1243 1242/1678/1242 1151/1508/1151
f 1152/1509/1152 1151/1508/1151 1242/1678/1242
f 1242/1678/1242 1244/1680/1244 1152/1509/1152
f 1153/1510/1153 1152/1509/1152 1244/1680/1244
f 1244/1680/1244 1245/1681/1245 1153/1510/1153
f 1154/1511/1154 1153/1510/1153 1245/1681/1245
f 1245/1681/1245 1246/1682/1246 1154/1511/1154
f 1155/1605/1155 1154/1511/1154 1246/1682/1246
f 1246/1682/1246 1247/1683/1247 1155/1605/1155
f 1156/1513/1156 1155/1512/1155 1247/1684/1247
f 1247/1684/1247 1248/1685/1248 1156/1513/1156
f 1157/1514/1157 1156/1513/1156 1248/1685/1248
f 1248/1685/1248 1249/1686/1249 1157/1514/1157
f 1158/1515/1158 1157/1514/1157 1249/1686/1249
f 1249/1686/1249 1250/1687/1250 1158/1515/1158
f 1159/1516/1159 1158/1515/1158 1250/1687/1250
f 1250/1687/1250 1251/1688/1251 1159/1516/1159
f 1160/1517/1160 1159/1516/1159 1251/1688/1251
f 1251/1688/1251 1252/1689/1252 1160/1517/1160
f 1161/1518/1161 1160/1517/1160 1252/1689/1252
f 1252/1689/1252 1253/1690/1253 1161/1518/1161
f 1162/1519/1162 1161/1518/1161 1253/1690/1253
f 1253/1690/1253 1254/1691/1254 1162/1519/1162
f 1163/1520/1163 1162/1519/1162 1254/1691/1254
f 1254/1691/1254 1255/1692/1255 1163/1520/1163
f 1164/1521/1164 1163/1520/1163 1255/1692/1255
f 1255/1692/1255 1256/1693/1256 1164/1521/1164
f 1165/1522/1165 1164/1521/1164 1256/1693/1256
f 1256/1693/1256 1257/1694/1257 1165/1522/1165
f 1166/1523/1166 1165/1522/1165 1257/1694/1257
f 1257/1694/1257 1258/1695/1258 1166/1523/1166
f 1167/1524/1167 1166/1523/1166 1258/1695/1258
f 1258/1695/1258 1259/1696/1259 1167/1524/1167
f 1150/1507/1150 1167/1524/1167 1259/1696/1259
f 1259/1696/1259 1243/1679/1243 1150/1507/1150
f 1260/1697/1260 1062/1419/1062 1261/1698/1261
f 1262/1699/1262 1062/1419/1062 1260/1697/1260
f 1079/1436/1079 1078/1435/1078 1264/1701/1264
f 1264/1701/1264 1263/1700/1263 1079/1436/1079
f 1062/1419/1062 1080/1437/1080 1079/1436/1079
f 1062/1419/1062 1079/1436/1079 1263/1700/1263
f 1261/1698/1261 1062/1419/1062 1263/1700/1263
f 1262/1699/1262 1063/1420/1063 1265/1702/1265
f 1082/1439/1082 1081/1438/1081 1265/1702/1265
f 1265/1702/1265 1266/1703/1266 1082/1439/1082
f 1083/1601/1083 1082/1439/1082 1266/1703/1266
f 1266/1703/1266 1267/1704/1267 1083/1601/1083
f 1084/1441/1084 1083/1440/1083 1267/1705/1267
f 1267/1705/1267 1268/1706/1268 1084/1441/1084
f 1085/1442/1085 1084/1441/1084 1268/1706/1268
f 1268/1706/1268 1269/1707/1269 1085/1442/1085
f 1086/1443/1086 1085/1442/1085 1269/1707/1269
f 1269/1707/1269 1270/1708/1270 1086/1443/1086
f 1087/1444/1087 1086/1443/1086 1270/1708/1270
f 1270/1708/1270 1271/1709/1271 1087/1444/1087
f 1088/1445/1088 1087/1444/1087 1271/1709/1271
f 1271/1709/1271 1272/1710/1272 1088/1445/1088
f 1089/1446/1089 1088/1445/1088 1272/1710/1272
f 1272/1710/1272 1273/1711/1273 1089/1446/1089
f 1090/1447/1090 1089/1446/1089 1273/1711/1273
f 1273/1711/1273 1274/1712/1274 1090/1447/1090
f 1091/1448/1091 1090/1447/1090 1274/1712/1274
f 1274/1712/1274 1275/1713/1275 1091/1448/1091
f 1092/1449/1092 1091/1448/1091 1275/1713/1275
f 1275/1713/1275 1276/1714/1276 1092/1449/1092
f 1093/1450/1093 1092/1449/1092 1276/1714/1276
f 1276/1714/1276 1277/1715/1277 1093/1450/1093
f 1094/1451/1094 1093/1450/1093 1277/1715/1277
f 1277/1715/1277 1278/1716/1278 1094/1451/1094
f 1095/1452/1095 1094/1451/1094 1278/1716/1278
f 1278/1716/1278 1279/1717/1279 1095/1452/1095
f 1078/1435/1078 1095/1452/1095 1279/1717/1279
f 1279/1717/1279 1264/1701/1264 1078/1435/1078
# 472 faces

g
