# Max2Obj Version 4.0 Mar 10th, 2001
#
# object Cylinder05 to come ...
#
v  65.960907 4.677969 -23.703732
v  93.012695 4.677969 -23.703732
v  91.381279 4.677969 -32.955990
v  86.683777 4.677969 -41.092289
v  79.486801 4.677969 -47.131271
v  70.658401 4.677969 -50.344547
v  61.263409 4.677969 -50.344543
v  52.435009 4.677969 -47.131271
v  45.238029 4.677969 -41.092285
v  40.540535 4.677969 -32.955986
v  38.909115 4.677969 -23.703726
v  40.540539 4.677969 -14.451468
v  45.238037 4.677969 -6.315170
v  52.435017 4.677969 -0.276190
v  61.263420 4.677969 2.937084
v  70.658409 4.677969 2.937082
v  79.486809 4.677969 -0.276196
v  86.683792 4.677969 -6.315182
v  91.381279 4.677969 -14.451482
v  93.012695 5.194577 -23.703732
v  91.381279 5.194577 -32.955990
v  86.683777 5.194577 -41.092289
v  79.486801 5.194577 -47.131271
v  70.658401 5.194577 -50.344547
v  61.263409 5.194577 -50.344543
v  52.435009 5.194577 -47.131271
v  45.238029 5.194577 -41.092285
v  40.540535 5.194577 -32.955986
v  38.909115 5.194577 -23.703726
v  40.540539 5.194577 -14.451468
v  45.238037 5.194577 -6.315170
v  52.435017 5.194577 -0.276190
v  61.263420 5.194577 2.937084
v  70.658409 5.194577 2.937082
v  79.486809 5.194577 -0.276196
v  86.683792 5.194577 -6.315182
v  91.381279 5.194577 -14.451482
v  93.012695 5.711185 -23.703732
v  91.381279 5.711185 -32.955990
v  86.683777 5.711185 -41.092289
v  79.486801 5.711185 -47.131271
v  70.658401 5.711185 -50.344547
v  61.263409 5.711185 -50.344543
v  52.435009 5.711185 -47.131271
v  45.238029 5.711185 -41.092285
v  40.540535 5.711185 -32.955986
v  38.909115 5.711185 -23.703726
v  40.540539 5.711185 -14.451468
v  45.238037 5.711185 -6.315170
v  52.435017 5.711185 -0.276190
v  61.263420 5.711185 2.937084
v  70.658409 5.711185 2.937082
v  79.486809 5.711185 -0.276196
v  86.683792 5.711185 -6.315182
v  91.381279 5.711185 -14.451482
v  93.012695 6.227794 -23.703732
v  91.381279 6.227794 -32.955990
v  86.683777 6.227794 -41.092289
v  79.486801 6.227794 -47.131271
v  70.658401 6.227794 -50.344547
v  61.263409 6.227794 -50.344543
v  52.435009 6.227794 -47.131271
v  45.238029 6.227794 -41.092285
v  40.540535 6.227794 -32.955986
v  38.909115 6.227794 -23.703726
v  40.540539 6.227794 -14.451468
v  45.238037 6.227794 -6.315170
v  52.435017 6.227794 -0.276190
v  61.263420 6.227794 2.937084
v  70.658409 6.227794 2.937082
v  79.486809 6.227794 -0.276196
v  86.683792 6.227794 -6.315182
v  91.381279 6.227794 -14.451482
v  93.012695 6.744402 -23.703732
v  91.381279 6.744402 -32.955990
v  86.683777 6.744402 -41.092289
v  79.486801 6.744402 -47.131271
v  70.658401 6.744402 -50.344547
v  61.263409 6.744402 -50.344543
v  52.435009 6.744402 -47.131271
v  45.238029 6.744402 -41.092285
v  40.540535 6.744402 -32.955986
v  38.909115 6.744402 -23.703726
v  40.540539 6.744402 -14.451468
v  45.238037 6.744402 -6.315170
v  52.435017 6.744402 -0.276190
v  61.263420 6.744402 2.937084
v  70.658409 6.744402 2.937082
v  79.486809 6.744402 -0.276196
v  86.683792 6.744402 -6.315182
v  91.381279 6.744402 -14.451482
v  93.012695 7.261010 -23.703732
v  91.381279 7.261010 -32.955990
v  86.683777 7.261010 -41.092289
v  79.486801 7.261010 -47.131271
v  70.658401 7.261010 -50.344547
v  61.263409 7.261010 -50.344543
v  52.435009 7.261010 -47.131271
v  45.238029 7.261010 -41.092285
v  40.540535 7.261010 -32.955986
v  38.909115 7.261010 -23.703726
v  40.540539 7.261010 -14.451468
v  45.238037 7.261010 -6.315170
v  52.435017 7.261010 -0.276190
v  61.263420 7.261010 2.937084
v  70.658409 7.261010 2.937082
v  79.486809 7.261010 -0.276196
v  86.683792 7.261010 -6.315182
v  91.381279 7.261010 -14.451482
v  65.960907 7.261010 -23.703732
# 110 vertices

vt  0.500000 0.000000 0.000000
vt  0.750000 0.000000 1.000000
vt  0.805556 0.000000 1.000000
vt  0.861111 0.000000 1.000000
vt  0.916667 0.000000 1.000000
vt  0.972222 0.000000 1.000000
vt  0.027778 0.000000 1.000000
vt  0.083333 0.000000 1.000000
vt  0.138889 0.000000 1.000000
vt  0.194444 0.000000 1.000000
vt  0.250000 0.000000 1.000000
vt  0.305556 0.000000 1.000000
vt  0.361111 0.000000 1.000000
vt  0.416667 0.000000 1.000000
vt  0.472222 0.000000 1.000000
vt  0.527778 0.000000 1.000000
vt  0.583333 0.000000 1.000000
vt  0.638889 0.000000 1.000000
vt  0.694444 0.000000 1.000000
vt  0.750000 0.200000 1.000000
vt  0.805556 0.200000 1.000000
vt  0.861111 0.200000 1.000000
vt  0.916667 0.200000 1.000000
vt  0.972222 0.200000 1.000000
vt  0.027778 0.200000 1.000000
vt  0.083333 0.200000 1.000000
vt  0.138889 0.200000 1.000000
vt  0.194444 0.200000 1.000000
vt  0.250000 0.200000 1.000000
vt  0.305556 0.200000 1.000000
vt  0.361111 0.200000 1.000000
vt  0.416667 0.200000 1.000000
vt  0.472222 0.200000 1.000000
vt  0.527778 0.200000 1.000000
vt  0.583333 0.200000 1.000000
vt  0.638889 0.200000 1.000000
vt  0.694444 0.200000 1.000000
vt  0.750000 0.400000 1.000000
vt  0.805556 0.400000 1.000000
vt  0.861111 0.400000 1.000000
vt  0.916667 0.400000 1.000000
vt  0.972222 0.400000 1.000000
vt  0.027778 0.400000 1.000000
vt  0.083333 0.400000 1.000000
vt  0.138889 0.400000 1.000000
vt  0.194444 0.400000 1.000000
vt  0.250000 0.400000 1.000000
vt  0.305556 0.400000 1.000000
vt  0.361111 0.400000 1.000000
vt  0.416667 0.400000 1.000000
vt  0.472222 0.400000 1.000000
vt  0.527778 0.400000 1.000000
vt  0.583333 0.400000 1.000000
vt  0.638889 0.400000 1.000000
vt  0.694444 0.400000 1.000000
vt  0.750000 0.600000 1.000000
vt  0.805556 0.600000 1.000000
vt  0.861111 0.600000 1.000000
vt  0.916667 0.600000 1.000000
vt  0.972222 0.600000 1.000000
vt  0.027778 0.600000 1.000000
vt  0.083333 0.600000 1.000000
vt  0.138889 0.600000 1.000000
vt  0.194444 0.600000 1.000000
vt  0.250000 0.600000 1.000000
vt  0.305556 0.600000 1.000000
vt  0.361111 0.600000 1.000000
vt  0.416667 0.600000 1.000000
vt  0.472222 0.600000 1.000000
vt  0.527778 0.600000 1.000000
vt  0.583333 0.600000 1.000000
vt  0.638889 0.600000 1.000000
vt  0.694444 0.600000 1.000000
vt  0.750000 0.800000 1.000000
vt  0.805556 0.800000 1.000000
vt  0.861111 0.800000 1.000000
vt  0.916667 0.800000 1.000000
vt  0.972222 0.800000 1.000000
vt  0.027778 0.800000 1.000000
vt  0.083333 0.800000 1.000000
vt  0.138889 0.800000 1.000000
vt  0.194444 0.800000 1.000000
vt  0.250000 0.800000 1.000000
vt  0.305556 0.800000 1.000000
vt  0.361111 0.800000 1.000000
vt  0.416667 0.800000 1.000000
vt  0.472222 0.800000 1.000000
vt  0.527778 0.800000 1.000000
vt  0.583333 0.800000 1.000000
vt  0.638889 0.800000 1.000000
vt  0.694444 0.800000 1.000000
vt  0.750000 1.000000 1.000000
vt  0.805556 1.000000 1.000000
vt  0.861111 1.000000 1.000000
vt  0.916667 1.000000 1.000000
vt  0.972222 1.000000 1.000000
vt  0.027778 1.000000 1.000000
vt  0.083333 1.000000 1.000000
vt  0.138889 1.000000 1.000000
vt  0.194444 1.000000 1.000000
vt  0.250000 1.000000 1.000000
vt  0.305556 1.000000 1.000000
vt  0.361111 1.000000 1.000000
vt  0.416667 1.000000 1.000000
vt  0.472222 1.000000 1.000000
vt  0.527778 1.000000 1.000000
vt  0.583333 1.000000 1.000000
vt  0.638889 1.000000 1.000000
vt  0.694444 1.000000 1.000000
vt  0.500000 1.000000 0.000000
vt  -0.027778 0.000000 1.000000
vt  -0.027778 0.000000 1.000000
vt  -0.027778 0.200000 1.000000
vt  -0.027778 0.000000 1.000000
vt  -0.027778 0.200000 1.000000
vt  -0.027778 0.400000 1.000000
vt  -0.027778 0.200000 1.000000
vt  -0.027778 0.400000 1.000000
vt  -0.027778 0.600000 1.000000
vt  -0.027778 0.400000 1.000000
vt  -0.027778 0.600000 1.000000
vt  -0.027778 0.800000 1.000000
vt  -0.027778 0.600000 1.000000
vt  -0.027778 0.800000 1.000000
vt  -0.027778 1.000000 1.000000
vt  -0.027778 0.800000 1.000000
vt  -0.027778 1.000000 1.000000
# 127 texture vertices

vn  0.000000 -1.000000 0.000000
vn  0.000000 -2.792527 0.000000
vn  0.000000 -2.792526 0.000000
vn  0.000000 -2.792527 0.000000
vn  0.000000 -2.792527 0.000000
vn  0.000000 -2.792527 0.000000
vn  0.000000 -2.792527 0.000000
vn  0.000000 -2.792527 0.000000
vn  0.000000 -2.792527 0.000000
vn  0.000000 -2.792527 0.000000
vn  0.000000 -2.792527 0.000000
vn  0.000000 -2.792527 0.000000
vn  0.000000 -2.792527 0.000000
vn  0.000000 -2.792527 0.000000
vn  0.000000 -2.792527 0.000000
vn  0.000000 -2.792527 0.000000
vn  0.000000 -2.792527 0.000000
vn  0.000000 -2.792527 0.000000
vn  0.000000 -2.792527 0.000000
vn  1.000000 0.000000 -0.000000
vn  0.939693 0.000000 -0.342020
vn  0.766044 0.000000 -0.642788
vn  0.500000 0.000000 -0.866025
vn  0.173648 0.000000 -0.984808
vn  -0.173648 0.000000 -0.984808
vn  -0.500000 0.000000 -0.866025
vn  -0.766045 0.000000 -0.642787
vn  -0.939693 0.000000 -0.342020
vn  -1.000000 0.000000 0.000000
vn  -0.939693 0.000000 0.342020
vn  -0.766044 0.000000 0.642788
vn  -0.500000 0.000000 0.866026
vn  -0.173648 0.000000 0.984808
vn  0.173648 0.000000 0.984808
vn  0.500000 0.000000 0.866025
vn  0.766045 0.000000 0.642787
vn  0.939693 0.000000 0.342020
vn  1.000000 0.000000 -0.000000
vn  0.939693 0.000000 -0.342020
vn  0.766044 0.000000 -0.642788
vn  0.500000 0.000000 -0.866025
vn  0.173648 0.000000 -0.984808
vn  -0.173648 0.000000 -0.984808
vn  -0.500000 0.000000 -0.866025
vn  -0.766045 0.000000 -0.642787
vn  -0.939693 0.000000 -0.342020
vn  -1.000000 0.000000 0.000000
vn  -0.939693 0.000000 0.342020
vn  -0.766044 0.000000 0.642788
vn  -0.500000 0.000000 0.866026
vn  -0.173648 0.000000 0.984808
vn  0.173648 0.000000 0.984808
vn  0.500000 0.000000 0.866025
vn  0.766045 0.000000 0.642787
vn  0.939693 0.000000 0.342020
vn  1.000000 0.000000 -0.000000
vn  0.939693 0.000000 -0.342020
vn  0.766044 0.000000 -0.642788
vn  0.500000 0.000000 -0.866025
vn  0.173648 0.000000 -0.984808
vn  -0.173648 0.000000 -0.984808
vn  -0.500000 0.000000 -0.866025
vn  -0.766045 0.000000 -0.642787
vn  -0.939693 0.000000 -0.342020
vn  -1.000000 0.000000 0.000000
vn  -0.939693 0.000000 0.342020
vn  -0.766044 0.000000 0.642788
vn  -0.500000 0.000000 0.866026
vn  -0.173648 0.000000 0.984808
vn  0.173648 0.000000 0.984808
vn  0.500000 0.000000 0.866025
vn  0.766045 0.000000 0.642787
vn  0.939693 0.000000 0.342020
vn  1.000000 0.000000 -0.000000
vn  0.939693 0.000000 -0.342020
vn  0.766044 0.000000 -0.642788
vn  0.500000 0.000000 -0.866025
vn  0.173648 0.000000 -0.984808
vn  -0.173648 0.000000 -0.984808
vn  -0.500000 0.000000 -0.866025
vn  -0.766045 0.000000 -0.642787
vn  -0.939693 0.000000 -0.342020
vn  -1.000000 0.000000 0.000000
vn  -0.939693 0.000000 0.342020
vn  -0.766044 0.000000 0.642788
vn  -0.500000 0.000000 0.866026
vn  -0.173648 0.000000 0.984808
vn  0.173648 0.000000 0.984808
vn  0.500000 0.000000 0.866025
vn  0.766045 0.000000 0.642787
vn  0.939693 0.000000 0.342020
vn  3.093865 0.000000 -0.000000
vn  2.907282 0.000000 -1.058164
vn  2.370038 0.000000 -1.988698
vn  1.546932 0.000000 -2.679365
vn  0.537243 0.000000 -3.046860
vn  -0.537244 0.000000 -3.046862
vn  -1.546933 0.000000 -2.679366
vn  -2.370039 0.000000 -1.988698
vn  -2.907282 0.000000 -1.058164
vn  -3.093865 0.000000 0.000000
vn  -2.907281 0.000000 1.058164
vn  -2.370038 0.000000 1.988699
vn  -1.546932 0.000000 2.679366
vn  -0.537244 0.000000 3.046863
vn  0.537245 0.000000 3.046863
vn  1.546933 0.000000 2.679365
vn  2.370039 0.000000 1.988698
vn  2.907282 0.000000 1.058163
vn  0.000000 1.000000 0.000000
# 110 vertex normals

g Cylinder05
s 1
f 1/1/1 3/3/3 2/2/2
f 1/1/1 4/4/4 3/3/3
f 1/1/1 5/5/5 4/4/4
f 1/1/1 6/6/6 5/5/5
f 1/1/1 7/7/7 6/111/6
f 1/1/1 8/8/8 7/7/7
f 1/1/1 9/9/9 8/8/8
f 1/1/1 10/10/10 9/9/9
f 1/1/1 11/11/11 10/10/10
f 1/1/1 12/12/12 11/11/11
f 1/1/1 13/13/13 12/12/12
f 1/1/1 14/14/14 13/13/13
f 1/1/1 15/15/15 14/14/14
f 1/1/1 16/16/16 15/15/15
f 1/1/1 17/17/17 16/16/16
f 1/1/1 18/18/18 17/17/17
f 1/1/1 19/19/19 18/18/18
f 1/1/1 2/2/2 19/19/19
s 8
f 2/2/2 21/21/21 20/20/20
f 2/2/2 3/3/3 21/21/21
f 3/3/3 22/22/22 21/21/21
f 3/3/3 4/4/4 22/22/22
f 4/4/4 23/23/23 22/22/22
f 4/4/4 5/5/5 23/23/23
f 5/5/5 24/24/24 23/23/23
f 5/5/5 6/6/6 24/24/24
f 6/112/6 25/25/25 24/113/24
f 6/114/6 7/7/7 25/25/25
f 7/7/7 26/26/26 25/25/25
f 7/7/7 8/8/8 26/26/26
f 8/8/8 27/27/27 26/26/26
f 8/8/8 9/9/9 27/27/27
f 9/9/9 28/28/28 27/27/27
f 9/9/9 10/10/10 28/28/28
f 10/10/10 29/29/29 28/28/28
f 10/10/10 11/11/11 29/29/29
f 11/11/11 30/30/30 29/29/29
f 11/11/11 12/12/12 30/30/30
f 12/12/12 31/31/31 30/30/30
f 12/12/12 13/13/13 31/31/31
f 13/13/13 32/32/32 31/31/31
f 13/13/13 14/14/14 32/32/32
f 14/14/14 33/33/33 32/32/32
f 14/14/14 15/15/15 33/33/33
f 15/15/15 34/34/34 33/33/33
f 15/15/15 16/16/16 34/34/34
f 16/16/16 35/35/35 34/34/34
f 16/16/16 17/17/17 35/35/35
f 17/17/17 36/36/36 35/35/35
f 17/17/17 18/18/18 36/36/36
f 18/18/18 37/37/37 36/36/36
f 18/18/18 19/19/19 37/37/37
f 19/19/19 20/20/20 37/37/37
f 19/19/19 2/2/2 20/20/20
f 20/20/20 39/39/39 38/38/38
f 20/20/20 21/21/21 39/39/39
f 21/21/21 40/40/40 39/39/39
f 21/21/21 22/22/22 40/40/40
f 22/22/22 41/41/41 40/40/40
f 22/22/22 23/23/23 41/41/41
f 23/23/23 42/42/42 41/41/41
f 23/23/23 24/24/24 42/42/42
f 24/115/24 43/43/43 42/116/42
f 24/117/24 25/25/25 43/43/43
f 25/25/25 44/44/44 43/43/43
f 25/25/25 26/26/26 44/44/44
f 26/26/26 45/45/45 44/44/44
f 26/26/26 27/27/27 45/45/45
f 27/27/27 46/46/46 45/45/45
f 27/27/27 28/28/28 46/46/46
f 28/28/28 47/47/47 46/46/46
f 28/28/28 29/29/29 47/47/47
f 29/29/29 48/48/48 47/47/47
f 29/29/29 30/30/30 48/48/48
f 30/30/30 49/49/49 48/48/48
f 30/30/30 31/31/31 49/49/49
f 31/31/31 50/50/50 49/49/49
f 31/31/31 32/32/32 50/50/50
f 32/32/32 51/51/51 50/50/50
f 32/32/32 33/33/33 51/51/51
f 33/33/33 52/52/52 51/51/51
f 33/33/33 34/34/34 52/52/52
f 34/34/34 53/53/53 52/52/52
f 34/34/34 35/35/35 53/53/53
f 35/35/35 54/54/54 53/53/53
f 35/35/35 36/36/36 54/54/54
f 36/36/36 55/55/55 54/54/54
f 36/36/36 37/37/37 55/55/55
f 37/37/37 38/38/38 55/55/55
f 37/37/37 20/20/20 38/38/38
f 38/38/38 57/57/57 56/56/56
f 38/38/38 39/39/39 57/57/57
f 39/39/39 58/58/58 57/57/57
f 39/39/39 40/40/40 58/58/58
f 40/40/40 59/59/59 58/58/58
f 40/40/40 41/41/41 59/59/59
f 41/41/41 60/60/60 59/59/59
f 41/41/41 42/42/42 60/60/60
f 42/118/42 61/61/61 60/119/60
f 42/120/42 43/43/43 61/61/61
f 43/43/43 62/62/62 61/61/61
f 43/43/43 44/44/44 62/62/62
f 44/44/44 63/63/63 62/62/62
f 44/44/44 45/45/45 63/63/63
f 45/45/45 64/64/64 63/63/63
f 45/45/45 46/46/46 64/64/64
f 46/46/46 65/65/65 64/64/64
f 46/46/46 47/47/47 65/65/65
f 47/47/47 66/66/66 65/65/65
f 47/47/47 48/48/48 66/66/66
f 48/48/48 67/67/67 66/66/66
f 48/48/48 49/49/49 67/67/67
f 49/49/49 68/68/68 67/67/67
f 49/49/49 50/50/50 68/68/68
f 50/50/50 69/69/69 68/68/68
f 50/50/50 51/51/51 69/69/69
f 51/51/51 70/70/70 69/69/69
f 51/51/51 52/52/52 70/70/70
f 52/52/52 71/71/71 70/70/70
f 52/52/52 53/53/53 71/71/71
f 53/53/53 72/72/72 71/71/71
f 53/53/53 54/54/54 72/72/72
f 54/54/54 73/73/73 72/72/72
f 54/54/54 55/55/55 73/73/73
f 55/55/55 56/56/56 73/73/73
f 55/55/55 38/38/38 56/56/56
f 56/56/56 75/75/75 74/74/74
f 56/56/56 57/57/57 75/75/75
f 57/57/57 76/76/76 75/75/75
f 57/57/57 58/58/58 76/76/76
f 58/58/58 77/77/77 76/76/76
f 58/58/58 59/59/59 77/77/77
f 59/59/59 78/78/78 77/77/77
f 59/59/59 60/60/60 78/78/78
f 60/121/60 79/79/79 78/122/78
f 60/123/60 61/61/61 79/79/79
f 61/61/61 80/80/80 79/79/79
f 61/61/61 62/62/62 80/80/80
f 62/62/62 81/81/81 80/80/80
f 62/62/62 63/63/63 81/81/81
f 63/63/63 82/82/82 81/81/81
f 63/63/63 64/64/64 82/82/82
f 64/64/64 83/83/83 82/82/82
f 64/64/64 65/65/65 83/83/83
f 65/65/65 84/84/84 83/83/83
f 65/65/65 66/66/66 84/84/84
f 66/66/66 85/85/85 84/84/84
f 66/66/66 67/67/67 85/85/85
f 67/67/67 86/86/86 85/85/85
f 67/67/67 68/68/68 86/86/86
f 68/68/68 87/87/87 86/86/86
f 68/68/68 69/69/69 87/87/87
f 69/69/69 88/88/88 87/87/87
f 69/69/69 70/70/70 88/88/88
f 70/70/70 89/89/89 88/88/88
f 70/70/70 71/71/71 89/89/89
f 71/71/71 90/90/90 89/89/89
f 71/71/71 72/72/72 90/90/90
f 72/72/72 91/91/91 90/90/90
f 72/72/72 73/73/73 91/91/91
f 73/73/73 74/74/74 91/91/91
f 73/73/73 56/56/56 74/74/74
f 74/74/74 93/93/93 92/92/92
f 74/74/74 75/75/75 93/93/93
f 75/75/75 94/94/94 93/93/93
f 75/75/75 76/76/76 94/94/94
f 76/76/76 95/95/95 94/94/94
f 76/76/76 77/77/77 95/95/95
f 77/77/77 96/96/96 95/95/95
f 77/77/77 78/78/78 96/96/96
f 78/124/78 97/97/97 96/125/96
f 78/126/78 79/79/79 97/97/97
f 79/79/79 98/98/98 97/97/97
f 79/79/79 80/80/80 98/98/98
f 80/80/80 99/99/99 98/98/98
f 80/80/80 81/81/81 99/99/99
f 81/81/81 100/100/100 99/99/99
f 81/81/81 82/82/82 100/100/100
f 82/82/82 101/101/101 100/100/100
f 82/82/82 83/83/83 101/101/101
f 83/83/83 102/102/102 101/101/101
f 83/83/83 84/84/84 102/102/102
f 84/84/84 103/103/103 102/102/102
f 84/84/84 85/85/85 103/103/103
f 85/85/85 104/104/104 103/103/103
f 85/85/85 86/86/86 104/104/104
f 86/86/86 105/105/105 104/104/104
f 86/86/86 87/87/87 105/105/105
f 87/87/87 106/106/106 105/105/105
f 87/87/87 88/88/88 106/106/106
f 88/88/88 107/107/107 106/106/106
f 88/88/88 89/89/89 107/107/107
f 89/89/89 108/108/108 107/107/107
f 89/89/89 90/90/90 108/108/108
f 90/90/90 109/109/109 108/108/108
f 90/90/90 91/91/91 109/109/109
f 91/91/91 92/92/92 109/109/109
f 91/91/91 74/74/74 92/92/92
s 1
f 110/110/110 92/92/92 93/93/93
f 110/110/110 93/93/93 94/94/94
f 110/110/110 94/94/94 95/95/95
f 110/110/110 95/95/95 96/96/96
f 110/110/110 96/127/96 97/97/97
f 110/110/110 97/97/97 98/98/98
f 110/110/110 98/98/98 99/99/99
f 110/110/110 99/99/99 100/100/100
f 110/110/110 100/100/100 101/101/101
f 110/110/110 101/101/101 102/102/102
f 110/110/110 102/102/102 103/103/103
f 110/110/110 103/103/103 104/104/104
f 110/110/110 104/104/104 105/105/105
f 110/110/110 105/105/105 106/106/106
f 110/110/110 106/106/106 107/107/107
f 110/110/110 107/107/107 108/108/108
f 110/110/110 108/108/108 109/109/109
f 110/110/110 109/109/109 92/92/92
# 216 faces

g
# object Object11 to come ...
#
v  64.203575 6.666239 1.204037
v  64.199837 6.652415 1.209203
v  64.555038 6.652415 1.489426
v  64.555038 7.107604 1.204037
v  64.906509 6.652415 1.602501
v  64.906509 7.304338 1.204037
v  65.257980 6.652415 1.681169
v  65.257980 7.419053 1.204037
v  65.609444 6.652415 1.699168
v  65.609444 7.426767 1.204037
v  65.960915 6.652415 1.725342
v  65.960915 7.437330 1.204037
v  66.312386 6.652415 1.692510
v  66.312386 7.380937 1.204037
v  66.663849 6.652415 1.625529
v  66.663849 7.291111 1.204037
v  67.015320 6.652415 1.550603
v  67.015320 7.190127 1.204037
v  67.366791 6.652415 1.447298
v  67.366791 7.038765 1.204037
v  67.671028 6.652415 1.204037
v  64.203575 7.318344 0.585319
v  63.927166 6.652415 0.585319
v  64.555038 7.882598 0.585319
v  64.906509 8.102339 0.585319
v  65.257980 8.203966 0.585319
v  65.609444 8.188215 0.585319
v  65.960915 8.168697 0.585319
v  66.312386 8.104130 0.585319
v  66.663849 8.023903 0.585319
v  67.015320 7.938349 0.585319
v  67.366791 7.802095 0.585319
v  67.718254 6.652415 1.149215
v  67.718254 7.269298 0.585319
v  67.999390 6.652415 0.585319
v  63.852104 6.652415 0.330134
v  63.852104 6.910044 -0.033400
v  63.763340 6.652414 -0.033400
v  64.203575 7.930128 -0.033400
v  64.555038 8.598858 -0.033400
v  64.906509 8.804914 -0.033400
v  65.257980 8.891019 -0.033400
v  65.609444 8.848356 -0.033400
v  65.960915 8.797841 -0.033400
v  66.312386 8.726385 -0.033400
v  66.663849 8.654929 -0.033400
v  67.015320 8.583519 -0.033400
v  67.366791 8.496037 -0.033400
v  67.718254 7.911254 -0.033400
v  68.069725 6.652415 0.389084
v  68.069725 6.984714 -0.033400
v  68.193031 6.652415 -0.033400
v  63.852104 7.110497 -0.652120
v  63.694798 6.652415 -0.652120
v  64.203575 8.133842 -0.652120
v  64.555038 8.786085 -0.652120
v  64.906509 8.985161 -0.652120
v  65.257980 9.075399 -0.652120
v  65.609444 9.023323 -0.652120
v  65.960915 8.964449 -0.652120
v  66.312386 8.887528 -0.652120
v  66.663849 8.810654 -0.652120
v  67.015320 8.733732 -0.652120
v  67.366791 8.656813 -0.652120
v  67.718254 8.102798 -0.652120
v  68.069725 7.189209 -0.652120
v  68.271179 6.652415 -0.652120
v  63.852104 7.192102 -1.270838
v  63.664688 6.652415 -1.270838
v  64.203575 8.204288 -1.270838
v  64.555038 8.848173 -1.270839
v  64.906509 9.047065 -1.270839
v  65.257980 9.135834 -1.270839
v  65.609444 9.080681 -1.270839
v  65.960915 9.019741 -1.270839
v  66.312386 8.943601 -1.270839
v  66.663849 8.867598 -1.270839
v  67.015320 8.791458 -1.270839
v  67.366791 8.715364 -1.270839
v  67.718254 8.167458 -1.270839
v  68.069725 7.273064 -1.270839
v  68.307358 6.652415 -1.270839
v  63.852104 7.284774 -1.889558
v  64.203575 8.277489 -1.889558
v  64.555038 8.908745 -1.889558
v  64.906509 9.107637 -1.889558
v  65.257980 9.194983 -1.889558
v  65.609444 9.136798 -1.889558
v  65.960915 9.073792 -1.889558
v  66.312386 8.998478 -1.889558
v  66.663849 8.923164 -1.889558
v  67.015320 8.847851 -1.889558
v  67.366791 8.772537 -1.889558
v  67.718254 8.233954 -1.889558
v  68.069725 7.366563 -1.889558
v  68.351242 6.652415 -1.889560
v  63.628208 6.652415 -1.889558
v  63.852104 7.329595 -2.508277
v  63.607334 6.652415 -2.508277
v  64.203575 8.302011 -2.508277
v  64.555038 8.923119 -2.508277
v  64.906509 9.124674 -2.508277
v  65.257980 9.213490 -2.508277
v  65.609444 9.154984 -2.508277
v  65.960915 9.091564 -2.508277
v  66.312386 9.015516 -2.508277
v  66.663849 8.939513 -2.508277
v  67.015320 8.863464 -2.508278
v  67.366791 8.787462 -2.508278
v  67.718254 8.253426 -2.508278
v  68.069725 7.403714 -2.508276
v  68.371643 6.652415 -2.508275
v  63.852104 7.301536 -3.126996
v  64.203575 8.300497 -3.126996
v  64.555038 8.937492 -3.126996
v  64.906509 9.141758 -3.126996
v  65.257980 9.231951 -3.126996
v  65.609444 9.173168 -3.126997
v  65.960915 9.109383 -3.126997
v  66.312386 9.032644 -3.126997
v  66.663849 8.955862 -3.126995
v  67.015320 8.879125 -3.126995
v  67.366791 8.802387 -3.126995
v  67.718254 8.252874 -3.126995
v  68.069725 7.373957 -3.126995
v  68.350143 6.652415 -3.126993
v  63.623722 6.652415 -3.126996
v  63.852104 7.273339 -3.745715
v  63.639297 6.652415 -3.745715
v  64.203575 8.298935 -3.745715
v  64.555038 8.951866 -3.745716
v  64.906509 9.158794 -3.745716
v  65.257980 9.250411 -3.745716
v  65.609444 9.191355 -3.745713
v  65.960915 9.127154 -3.745713
v  66.312386 9.049683 -3.745713
v  66.663849 8.972210 -3.745713
v  67.015320 8.894785 -3.745713
v  67.366791 8.817312 -3.745715
v  67.718254 8.252369 -3.745715
v  68.069725 7.344198 -3.745715
v  68.329987 6.652415 -3.745715
v  63.852104 7.233065 -4.364435
v  64.203575 8.293011 -4.364432
v  64.555038 8.966240 -4.364432
v  64.906509 9.175879 -4.364432
v  65.257980 9.268872 -4.364432
v  65.609444 9.209539 -4.364432
v  65.960915 9.144972 -4.364432
v  66.312386 9.066766 -4.364434
v  66.663849 8.988605 -4.364434
v  67.015320 8.910398 -4.364434
v  67.366791 8.832237 -4.364434
v  67.718254 8.248420 -4.364434
v  68.069725 7.303327 -4.364434
v  68.305122 6.652415 -4.364434
v  63.659557 6.652415 -4.364435
v  63.852104 7.210241 -4.983152
v  63.671425 6.652415 -4.983152
v  64.203575 8.295353 -4.983152
v  64.555038 8.983507 -4.983152
v  64.906509 9.195074 -4.983152
v  65.257980 9.288711 -4.983152
v  65.609444 9.228322 -4.983152
v  65.960915 9.162745 -4.983152
v  66.312386 9.083849 -4.983152
v  66.663849 9.004953 -4.983152
v  67.015320 8.926058 -4.983152
v  67.366791 8.847162 -4.983152
v  67.718254 8.255308 -4.983152
v  68.069725 7.288815 -4.983152
v  68.294800 6.652415 -4.983152
v  63.852104 7.250470 -5.601871
v  64.203575 8.321070 -5.601871
v  64.555038 9.001923 -5.601871
v  64.906509 9.215096 -5.601871
v  65.257980 9.309055 -5.601871
v  65.609444 9.247288 -5.601871
v  65.960915 9.180563 -5.601871
v  66.312386 9.100932 -5.601871
v  66.663849 9.021301 -5.601871
v  67.015320 8.941671 -5.601871
v  67.366791 8.862041 -5.601871
v  67.718254 8.281990 -5.601871
v  68.069725 7.336529 -5.601871
v  68.316719 6.652415 -5.601870
v  63.655785 6.652415 -5.601871
v  63.852104 7.336024 -6.220590
v  63.619396 6.652415 -6.220590
v  64.203575 8.368324 -6.220590
v  64.555038 9.025067 -6.220590
v  64.906509 9.231537 -6.220590
v  65.257980 9.322694 -6.220590
v  65.609444 9.262627 -6.220590
v  65.960915 9.197692 -6.220590
v  66.312386 9.120449 -6.220590
v  66.663849 9.043116 -6.220590
v  67.015320 8.965827 -6.220590
v  67.366791 8.888493 -6.220590
v  67.718254 8.329796 -6.220590
v  68.069725 7.424104 -6.220590
v  68.360519 6.652415 -6.220590
v  63.852104 7.439443 -6.839309
v  64.203575 8.426555 -6.839309
v  64.555038 9.052116 -6.839309
v  64.906509 9.245085 -6.839309
v  65.257980 9.330455 -6.839309
v  65.609444 9.274612 -6.839309
v  65.960915 9.214132 -6.839309
v  66.312386 9.141758 -6.839309
v  66.663849 9.069384 -6.839309
v  67.015320 8.996963 -6.839309
v  67.366791 8.924681 -6.839309
v  67.718254 8.390092 -6.839309
v  68.069725 7.526650 -6.839309
v  68.415794 6.652415 -6.839309
v  63.571892 6.652415 -6.839309
v  63.852104 7.531977 -7.458028
v  63.526020 6.652415 -7.458028
v  64.203575 8.480009 -7.458028
v  64.555038 9.078430 -7.458028
v  64.906509 9.257988 -7.458028
v  65.257980 9.337757 -7.458028
v  65.609444 9.286369 -7.458028
v  65.960915 9.230573 -7.458028
v  66.312386 9.163157 -7.458028
v  66.663849 9.095697 -7.458028
v  67.015320 9.028191 -7.458028
v  67.366791 8.960775 -7.458028
v  67.718254 8.444649 -7.458028
v  68.069725 7.613307 -7.458028
v  68.421196 6.652415 -6.908909
v  68.421196 6.760014 -7.458028
v  68.465164 6.652415 -7.458028
v  63.852104 7.565639 -8.076747
v  64.203575 8.511236 -8.076747
v  64.555038 9.102953 -8.076747
v  64.906509 9.269745 -8.076747
v  65.257980 9.344277 -8.076747
v  65.609444 9.297941 -8.076747
v  65.960915 9.247013 -8.076747
v  66.312386 9.184511 -8.076747
v  66.663849 9.121965 -8.076747
v  67.015320 9.059418 -8.076747
v  67.366791 8.996963 -8.076747
v  67.718254 8.478815 -8.076747
v  68.069725 7.636543 -8.076747
v  68.421196 6.774755 -8.076747
v  68.470749 6.652415 -8.076747
v  63.512669 6.652415 -8.076747
v  63.852104 7.574961 -8.695467
v  63.513855 6.652414 -8.695467
v  64.203575 8.533555 -8.695467
v  64.555038 9.127751 -8.695467
v  64.906509 9.281548 -8.695467
v  65.257980 9.350890 -8.695467
v  65.609444 9.309422 -8.695467
v  65.960915 9.263453 -8.695467
v  66.312386 9.205820 -8.695467
v  66.663849 9.148233 -8.695467
v  67.015320 9.090599 -8.695467
v  67.366791 9.033012 -8.695467
v  67.718254 8.506323 -8.695467
v  68.069725 7.637554 -8.695467
v  68.421196 6.751747 -8.695467
v  68.460373 6.652415 -8.695467
v  63.852104 7.596453 -9.314186
v  64.203575 8.560144 -9.314186
v  64.555038 9.152320 -9.314186
v  64.906509 9.293303 -9.314186
v  65.257980 9.357457 -9.314186
v  65.609444 9.320903 -9.314186
v  65.960915 9.279848 -9.314186
v  66.312386 9.227221 -9.314186
v  66.663849 9.174500 -9.314186
v  67.015320 9.121827 -9.314186
v  67.366791 9.069200 -9.314186
v  67.718254 8.537137 -9.314186
v  68.069725 7.649677 -9.314186
v  68.421196 6.747568 -9.314186
v  68.458084 6.652415 -9.314186
v  63.504276 6.652415 -9.338925
v  63.500637 6.882215 -9.932904
v  63.401852 6.652415 -9.932904
v  63.852104 7.760994 -9.932904
v  64.203575 8.639958 -9.932904
v  64.555038 9.177761 -9.932904
v  64.906509 9.305565 -9.932904
v  65.257980 9.364254 -9.932904
v  65.609444 9.332476 -9.932904
v  65.960915 9.296288 -9.932904
v  66.312386 9.248620 -9.932904
v  66.663849 9.200814 -9.932904
v  67.015320 9.153055 -9.932904
v  67.366791 9.105295 -9.932904
v  67.718254 8.611945 -9.932904
v  68.069725 7.795896 -9.932904
v  68.421196 6.968090 -9.932904
v  68.554581 6.652415 -9.932904
v  63.149166 6.652415 -10.405405
v  63.149166 6.834317 -10.551623
v  63.009125 6.652415 -10.551623
v  63.500637 7.447984 -10.551623
v  63.852104 8.122912 -10.551623
v  64.203575 8.798117 -10.551623
v  64.555038 9.216429 -10.551623
v  64.906509 9.327516 -10.551623
v  65.257980 9.377342 -10.551623
v  65.609444 9.346804 -10.551623
v  65.960915 9.312729 -10.551623
v  66.312386 9.269882 -10.551623
v  66.663849 9.227082 -10.551623
v  67.015320 9.184282 -10.551623
v  67.366791 9.141481 -10.551623
v  67.718254 8.762985 -10.551623
v  68.069725 8.143303 -10.551623
v  68.421196 7.513837 -10.551623
v  68.772659 6.652415 -10.361567
v  68.772659 6.881250 -10.551623
v  68.975319 6.652415 -10.551623
v  58.228607 6.652415 -11.048985
v  58.228607 6.832664 -11.170342
v  58.124828 6.652415 -11.170342
v  58.580074 6.652415 -10.901858
v  58.580074 7.047858 -11.170342
v  58.931545 6.652415 -10.777219
v  58.931545 7.218829 -11.170342
v  59.283012 6.652415 -10.780086
v  59.283012 7.225763 -11.170342
v  59.634483 6.652415 -10.811691
v  59.634483 7.192056 -11.170343
v  59.985950 6.652415 -10.853860
v  59.985950 7.144204 -11.170343
v  60.337418 6.652415 -10.894210
v  60.337418 7.095296 -11.170342
v  60.688889 6.652415 -10.872404
v  60.688889 7.122574 -11.170342
v  61.040356 6.652415 -10.839029
v  61.040356 7.162528 -11.170342
v  61.391827 6.652415 -10.793288
v  61.391827 7.214007 -11.170342
v  61.743294 6.652415 -10.747371
v  61.743294 7.262180 -11.170342
v  62.094761 6.652415 -10.756557
v  62.094761 7.254465 -11.170342
v  62.446232 6.652415 -10.744183
v  62.446232 7.286198 -11.170342
v  62.797699 6.652415 -10.732380
v  62.797699 7.317793 -11.170342
v  63.149166 7.636452 -11.170342
v  63.500637 8.053982 -11.170343
v  63.852104 8.509491 -11.170343
v  64.203575 8.965230 -11.170342
v  64.555038 9.254911 -11.170342
v  64.906509 9.349512 -11.170342
v  65.257980 9.390430 -11.170342
v  65.609444 9.360948 -11.170342
v  65.960915 9.329261 -11.170342
v  66.312386 9.291283 -11.170342
v  66.663849 9.253442 -11.170342
v  67.015320 9.215509 -11.170342
v  67.366791 9.177670 -11.170343
v  67.718254 8.920960 -11.170343
v  68.069725 8.512936 -11.170342
v  68.421196 8.097563 -11.170342
v  68.772659 7.680170 -11.170342
v  69.124130 6.652415 -10.663255
v  69.124130 7.415700 -11.170342
v  69.475601 6.652415 -10.653683
v  69.475601 7.413772 -11.170342
v  69.827065 6.652415 -10.635767
v  69.827065 7.419420 -11.170342
v  70.178535 6.652415 -10.630881
v  70.178535 7.412256 -11.170342
v  70.530006 6.652415 -10.644524
v  70.530006 7.387733 -11.170342
v  70.881470 6.652415 -10.747822
v  70.881470 7.274672 -11.170342
v  71.232941 6.652415 -10.829158
v  71.232941 7.175018 -11.170343
v  71.584412 6.652415 -10.908173
v  71.584412 7.068018 -11.170343
v  71.935875 6.652415 -10.963314
v  71.935875 6.986413 -11.170342
v  72.287346 6.652415 -10.939874
v  72.287346 7.008732 -11.170342
v  72.638817 6.652415 -10.923951
v  72.638817 7.019615 -11.170342
v  72.990288 6.652415 -10.895502
v  72.990288 7.043266 -11.170342
v  73.341751 6.652415 -10.889272
v  73.341751 7.040005 -11.170342
v  73.693222 6.652415 -11.012207
v  73.693222 6.871055 -11.170342
v  73.856415 6.652415 -11.170342
v  57.877140 6.652415 -11.640579
v  57.877140 6.788256 -11.789062
v  57.816288 6.652415 -11.789063
v  58.228607 7.505755 -11.789062
v  58.580078 7.706070 -11.789063
v  58.931545 7.852473 -11.789061
v  59.283012 7.869694 -11.789061
v  59.634483 7.852014 -11.789061
v  59.985950 7.826756 -11.789062
v  60.337418 7.800856 -11.789062
v  60.688889 7.815964 -11.789062
v  61.040356 7.837961 -11.789062
v  61.391827 7.866066 -11.789062
v  61.743294 7.892334 -11.789062
v  62.094761 7.892150 -11.789062
v  62.446232 7.948589 -11.789063
v  62.797699 8.004982 -11.789061
v  63.149166 8.220499 -11.789061
v  63.500637 8.490525 -11.789061
v  63.852104 8.780849 -11.789062
v  64.203575 9.071358 -11.789062
v  64.555038 9.269836 -11.789062
v  64.906509 9.360351 -11.789062
v  65.257980 9.397549 -11.789062
v  65.609444 9.365034 -11.789062
v  65.960915 9.331143 -11.789062
v  66.312386 9.293808 -11.789063
v  66.663849 9.256519 -11.789061
v  67.015320 9.219183 -11.789061
v  67.366791 9.181894 -11.789061
v  67.718254 9.023092 -11.789062
v  68.069725 8.780941 -11.789062
v  68.421196 8.530478 -11.789062
v  68.772659 8.277719 -11.789062
v  69.124130 8.109641 -11.789062
v  69.475601 8.086358 -11.789062
v  69.827065 8.067163 -11.789062
v  70.178535 8.041124 -11.789063
v  70.530006 8.005626 -11.789061
v  70.881470 7.922184 -11.789061
v  71.232941 7.846273 -11.789061
v  71.584412 7.768893 -11.789062
v  71.935883 7.705198 -11.789062
v  72.287346 7.698080 -11.789062
v  72.638817 7.684900 -11.789062
v  72.990288 7.678517 -11.789062
v  73.341751 7.657117 -11.789062
v  73.693222 7.488855 -11.789062
v  74.044693 6.652415 -11.451568
v  74.044693 6.955140 -11.789063
v  74.202797 6.652415 -11.789062
v  57.877140 7.460567 -12.407780
v  57.579319 6.652415 -12.407780
v  58.228607 8.294250 -12.407780
v  58.580078 8.465038 -12.407781
v  58.931545 8.576263 -12.407781
v  59.283012 8.605287 -12.407781
v  59.634483 8.606619 -12.407781
v  59.985950 8.607720 -12.407781
v  60.337421 8.608776 -12.407781
v  60.688889 8.609787 -12.407781
v  61.040356 8.610798 -12.407781
v  61.391827 8.611670 -12.407781
v  61.743294 8.612129 -12.407780
v  62.094761 8.620441 -12.407780
v  62.446232 8.707327 -12.407781
v  62.797699 8.794121 -12.407781
v  63.149166 8.892166 -12.407781
v  63.500637 8.990947 -12.407781
v  63.852104 9.089773 -12.407781
v  64.203575 9.188783 -12.407781
v  64.555038 9.281317 -12.407781
v  64.906509 9.369673 -12.407781
v  65.257980 9.403977 -12.407781
v  65.609444 9.367744 -12.407780
v  65.960915 9.331143 -12.407780
v  66.312386 9.293808 -12.407781
v  66.663849 9.256519 -12.407781
v  67.015320 9.219183 -12.407781
v  67.366791 9.181894 -12.407781
v  67.718254 9.133767 -12.407781
v  68.069725 9.084860 -12.407781
v  68.421196 9.026674 -12.407781
v  68.772659 8.965735 -12.407781
v  69.124130 8.911914 -12.407781
v  69.475601 8.862914 -12.407780
v  69.827065 8.813869 -12.407780
v  70.178535 8.764822 -12.407781
v  70.530006 8.715226 -12.407781
v  70.881470 8.664068 -12.407781
v  71.232941 8.613874 -12.407781
v  71.584412 8.570522 -12.407781
v  71.935875 8.527264 -12.407781
v  72.287346 8.487494 -12.407781
v  72.638817 8.447863 -12.407781
v  72.990288 8.408232 -12.407781
v  73.341751 8.368600 -12.407780
v  73.693222 8.214621 -12.407780
v  74.044693 7.614822 -12.407781
v  74.396164 6.652415 -12.210353
v  74.396164 6.825913 -12.407781
v  74.485336 6.652415 -12.407781
v  57.877140 7.549841 -13.026499
v  58.228607 8.377739 -13.026499
v  58.580074 8.506139 -13.026499
v  58.931545 8.616033 -13.026499
v  59.283012 8.644826 -13.026499
v  59.634483 8.646341 -13.026499
v  59.985950 8.647490 -13.026499
v  60.337421 8.648362 -13.026499
v  60.688889 8.649281 -13.026499
v  61.040356 8.650153 -13.026499
v  61.391827 8.651072 -13.026499
v  61.743294 8.651944 -13.026499
v  62.094761 8.660853 -13.026499
v  62.446232 8.749668 -13.026499
v  62.797699 8.838483 -13.026499
v  63.149166 8.927527 -13.026499
v  63.500637 9.016388 -13.026499
v  63.852104 9.105204 -13.026499
v  64.203575 9.194063 -13.026499
v  64.555038 9.282879 -13.026499
v  64.906509 9.371694 -13.026499
v  65.257980 9.405814 -13.026499
v  65.609444 9.368525 -13.026499
v  65.960915 9.331143 -13.026499
v  66.312386 9.293808 -13.026499
v  66.663849 9.256519 -13.026499
v  67.015320 9.219183 -13.026499
v  67.366791 9.181894 -13.026499
v  67.718254 9.144559 -13.026499
v  68.069725 9.107269 -13.026499
v  68.421196 9.059372 -13.026499
v  68.772659 9.008306 -13.026499
v  69.124130 8.957423 -13.026499
v  69.475601 8.906494 -13.026499
v  69.827065 8.855520 -13.026499
v  70.178535 8.804638 -13.026499
v  70.530006 8.753710 -13.026499
v  70.881470 8.702735 -13.026499
v  71.232941 8.653000 -13.026499
v  71.584412 8.611761 -13.026499
v  71.935875 8.570569 -13.026499
v  72.287346 8.529422 -13.026499
v  72.638817 8.488276 -13.026499
v  72.990288 8.447083 -13.026499
v  73.341751 8.405935 -13.026499
v  73.693222 8.268305 -13.026499
v  74.044693 7.698493 -13.026499
v  74.396156 6.885337 -13.026499
v  74.513832 6.652415 -13.026499
v  57.549511 6.652415 -13.026499
v  57.877140 7.526191 -13.645218
v  57.556538 6.652415 -13.645218
v  58.228607 8.364329 -13.645218
v  58.580074 8.491719 -13.645218
v  58.931545 8.600969 -13.645218
v  59.283012 8.630268 -13.645218
v  59.634483 8.632656 -13.645218
v  59.985950 8.634172 -13.645218
v  60.337418 8.635044 -13.645218
v  60.688889 8.635963 -13.645218
v  61.040356 8.636835 -13.645218
v  61.391827 8.637709 -13.645218
v  61.743294 8.638626 -13.645218
v  62.094761 8.647674 -13.645218
v  62.446232 8.738050 -13.645218
v  62.797699 8.828426 -13.645218
v  63.149166 8.918940 -13.645218
v  63.500637 9.009315 -13.645218
v  63.852104 9.099692 -13.645218
v  64.203575 9.190068 -13.645218
v  64.555038 9.280445 -13.645218
v  64.906509 9.370821 -13.645218
v  65.257980 9.405814 -13.645218
v  65.609444 9.368525 -13.645218
v  65.960915 9.331143 -13.645218
v  66.312386 9.293808 -13.645218
v  66.663849 9.256519 -13.645218
v  67.015320 9.219183 -13.645218
v  67.366791 9.181894 -13.645218
v  67.718254 9.144559 -13.645218
v  68.069725 9.107269 -13.645218
v  68.421196 9.058086 -13.645218
v  68.772659 9.005413 -13.645218
v  69.124130 8.952877 -13.645218
v  69.475601 8.900249 -13.645218
v  69.827065 8.847713 -13.645218
v  70.178535 8.795132 -13.645218
v  70.530006 8.742550 -13.645218
v  70.881470 8.690014 -13.645218
v  71.232941 8.638810 -13.645218
v  71.584412 8.597755 -13.645218
v  71.935875 8.556792 -13.645218
v  72.287346 8.515875 -13.645218
v  72.638817 8.474865 -13.645218
v  72.990288 8.433949 -13.645218
v  73.341751 8.392985 -13.645218
v  73.693222 8.252966 -13.645218
v  74.044693 7.669837 -13.645218
v  74.396164 6.829954 -13.645218
v  74.484756 6.652415 -13.645218
v  57.877140 7.494917 -14.263937
v  58.228607 8.350965 -14.263937
v  58.580078 8.477345 -14.263937
v  58.931545 8.585953 -14.263937
v  59.283012 8.615711 -14.263937
v  59.634483 8.618971 -14.263937
v  59.985950 8.620854 -14.263937
v  60.337421 8.621727 -14.263937
v  60.688889 8.622600 -14.263937
v  61.040356 8.623518 -14.263937
v  61.391827 8.624391 -14.263937
v  61.743294 8.625263 -14.263937
v  62.094761 8.634447 -14.263937
v  62.446232 8.726385 -14.263937
v  62.797699 8.818277 -14.263937
v  63.149166 8.910398 -14.263937
v  63.500637 9.002290 -14.263937
v  63.852104 9.094227 -14.263937
v  64.203575 9.186119 -14.263937
v  64.555038 9.278057 -14.263937
v  64.906509 9.369948 -14.263937
v  65.257980 9.405814 -14.263937
v  65.609444 9.368525 -14.263937
v  65.960915 9.331143 -14.263937
v  66.312386 9.293808 -14.263937
v  66.663849 9.256519 -14.263937
v  67.015320 9.219183 -14.263937
v  67.366791 9.181894 -14.263937
v  67.718254 9.144559 -14.263937
v  68.069725 9.107269 -14.263937
v  68.421196 9.056801 -14.263937
v  68.772659 9.002474 -14.263937
v  69.124130 8.948284 -14.263937
v  69.475601 8.894050 -14.263937
v  69.827065 8.839861 -14.263937
v  70.178535 8.785671 -14.263937
v  70.530006 8.731437 -14.263937
v  70.881470 8.677248 -14.263937
v  71.232941 8.624620 -14.263937
v  71.584412 8.583795 -14.263937
v  71.935883 8.543061 -14.263937
v  72.287346 8.502281 -14.263937
v  72.638817 8.461548 -14.263937
v  72.990288 8.420769 -14.263937
v  73.341751 8.380035 -14.263937
v  73.693222 8.237582 -14.263937
v  74.044693 7.636360 -14.263937
v  74.396164 6.761805 -14.263937
v  74.449951 6.652415 -14.263937
v  57.566433 6.652415 -14.263937
v  57.877140 7.438478 -14.882656
v  57.585773 6.652415 -14.882656
v  58.228607 8.330576 -14.882656
v  58.580078 8.462926 -14.882656
v  58.931545 8.570845 -14.882656
v  59.283012 8.601108 -14.882656
v  59.634483 8.605287 -14.882656
v  59.985950 8.607536 -14.882656
v  60.337421 8.608410 -14.882656
v  60.688889 8.609282 -14.882656
v  61.040356 8.610201 -14.882656
v  61.391827 8.611073 -14.882656
v  61.743294 8.611945 -14.882656
v  62.094761 8.621313 -14.882656
v  62.446232 8.714721 -14.882656
v  62.797699 8.808174 -14.882656
v  63.149166 8.901811 -14.882656
v  63.500637 8.995264 -14.882656
v  63.852104 9.088717 -14.882656
v  64.203575 9.182170 -14.882656
v  64.555038 9.275623 -14.882656
v  64.906509 9.369076 -14.882656
v  65.257980 9.405814 -14.882656
v  65.609444 9.368525 -14.882656
v  65.960915 9.331143 -14.882656
v  66.312386 9.293808 -14.882656
v  66.663849 9.256519 -14.882656
v  67.015320 9.219183 -14.882656
v  67.366791 9.181894 -14.882656
v  67.718254 9.144559 -14.882656
v  68.069725 9.107269 -14.882656
v  68.421196 9.055514 -14.882656
v  68.772659 8.999535 -14.882656
v  69.124130 8.943738 -14.882656
v  69.475601 8.887850 -14.882656
v  69.827065 8.832054 -14.882656
v  70.178535 8.776165 -14.882656
v  70.530006 8.720324 -14.882656
v  70.881470 8.664481 -14.882656
v  71.232941 8.610430 -14.882656
v  71.584412 8.569788 -14.882656
v  71.935875 8.529238 -14.882656
v  72.287346 8.488688 -14.882656
v  72.638817 8.448138 -14.882656
v  72.990288 8.407635 -14.882656
v  73.341751 8.367039 -14.882656
v  73.693222 8.222244 -14.882656
v  74.044693 7.573491 -14.882656
v  74.396156 6.664310 -14.882656
v  74.399040 6.652415 -14.901073
v  57.877140 7.201746 -15.501375
v  58.228607 8.047094 -15.501375
v  58.580074 8.213932 -15.501375
v  58.931545 8.319647 -15.501375
v  59.283012 8.352619 -15.501375
v  59.634483 8.362125 -15.501375
v  59.985950 8.370345 -15.501375
v  60.337421 8.377050 -15.501375
v  60.688889 8.374754 -15.501375
v  61.040356 8.370299 -15.501375
v  61.391827 8.365110 -15.501375
v  61.743294 8.360426 -15.501375
v  62.094761 8.371080 -15.501375
v  62.446232 8.472569 -15.501375
v  62.797699 8.574013 -15.501375
v  63.149166 8.711185 -15.501375
v  63.500637 8.859837 -15.501375
v  63.852104 9.003484 -15.501375
v  64.203575 9.147085 -15.501375
v  64.555038 9.267540 -15.501375
v  64.906509 9.364071 -15.501375
v  65.257980 9.403196 -15.501375
v  65.609444 9.367468 -15.501375
v  65.960915 9.331143 -15.501375
v  66.312386 9.293808 -15.501375
v  66.663849 9.256519 -15.501375
v  67.015320 9.219183 -15.501375
v  67.366791 9.181894 -15.501375
v  67.718254 9.114112 -15.501375
v  68.069725 9.029982 -15.501375
v  68.421196 8.930283 -15.501375
v  68.772659 8.825808 -15.501375
v  69.124130 8.733963 -15.501375
v  69.475601 8.665767 -15.501375
v  69.827065 8.597664 -15.501375
v  70.178535 8.530203 -15.501375
v  70.530006 8.467012 -15.501375
v  70.881470 8.417692 -15.501375
v  71.232941 8.369518 -15.501375
v  71.584412 8.337234 -15.501375
v  71.935875 8.302057 -15.501375
v  72.287346 8.253885 -15.501375
v  72.638817 8.206354 -15.501375
v  72.990288 8.158044 -15.501375
v  73.341751 8.110559 -15.501375
v  73.693222 7.946798 -15.501375
v  74.044693 7.313981 -15.501375
v  74.318413 6.652415 -15.501375
v  57.660233 6.652415 -15.501375
v  57.877140 6.652415 -16.031277
v  58.228607 7.191643 -16.120094
v  57.928398 6.652415 -16.120094
v  58.580078 7.328539 -16.120094
v  58.931545 7.401189 -16.120094
v  59.283012 7.447525 -16.120094
v  59.634483 7.477696 -16.120094
v  59.985950 7.514756 -16.120094
v  60.337418 7.550714 -16.120094
v  60.688889 7.533171 -16.120094
v  61.040356 7.506444 -16.120094
v  61.391827 7.471634 -16.120094
v  61.743294 7.438432 -16.120094
v  62.094761 7.457352 -16.120094
v  62.446232 7.591034 -16.120094
v  62.797699 7.720306 -16.120094
v  63.149166 8.017199 -16.120094
v  63.500637 8.372090 -16.120094
v  63.852104 8.699107 -16.120094
v  64.203575 9.026308 -16.120094
v  64.555038 9.250365 -16.120094
v  64.906509 9.352406 -16.120094
v  65.257980 9.396400 -16.120094
v  65.609444 9.364530 -16.120094
v  65.960915 9.331143 -16.120094
v  66.312386 9.293808 -16.120094
v  66.663849 9.256519 -16.120094
v  67.015320 9.219183 -16.120094
v  67.366791 9.181894 -16.120094
v  67.718254 9.008995 -16.120094
v  68.069725 8.747602 -16.120094
v  68.421196 8.469033 -16.120094
v  68.772659 8.185689 -16.120094
v  69.124130 7.951299 -16.120094
v  69.475601 7.838099 -16.120094
v  69.827065 7.726552 -16.120094
v  70.178535 7.623685 -16.120094
v  70.530006 7.536983 -16.120094
v  70.881470 7.521048 -16.120094
v  71.232941 7.498775 -16.120094
v  71.584412 7.501852 -16.120094
v  71.935883 7.487110 -16.120094
v  72.287346 7.404954 -16.120094
v  72.638817 7.330789 -16.120094
v  72.990288 7.248036 -16.120094
v  73.341751 7.181724 -16.120094
v  73.693222 7.066962 -16.120094
v  74.027435 6.652415 -16.100334
v  58.228607 6.652415 -16.519117
v  58.580078 6.652415 -16.604612
v  58.931545 6.652415 -16.637892
v  59.283012 6.652415 -16.679174
v  59.634483 6.652415 -16.715523
v  59.985950 6.687731 -16.738813
v  59.802330 6.652415 -16.738813
v  60.337421 6.754457 -16.738813
v  60.688889 6.720887 -16.738813
v  61.040356 6.670280 -16.738813
v  61.391827 6.652415 -16.704422
v  61.135376 6.652415 -16.738813
v  61.743294 6.652415 -16.661894
v  62.094761 6.652415 -16.680296
v  62.446232 6.733378 -16.738813
v  62.273819 6.652415 -16.738813
v  62.797699 6.890710 -16.738813
v  63.149166 7.344749 -16.738813
v  63.500637 7.902023 -16.738813
v  63.852104 8.408461 -16.738813
v  64.203575 8.914898 -16.738813
v  64.555038 9.238104 -16.738813
v  64.906509 9.342808 -16.738813
v  65.257980 9.390798 -16.738813
v  65.609444 9.363703 -16.738813
v  65.960915 9.334037 -16.738813
v  66.312386 9.297620 -16.738813
v  66.663849 9.261111 -16.738813
v  67.015320 9.224648 -16.738813
v  67.366791 9.188186 -16.738813
v  67.718254 8.912464 -16.738813
v  68.069725 8.476105 -16.738813
v  68.421196 8.022433 -16.738813
v  68.772659 7.563113 -16.738813
v  69.124130 7.189163 -16.738813
v  69.475601 7.030499 -16.738813
v  69.827065 6.875739 -16.738813
v  70.178535 6.737465 -16.738813
v  70.530006 6.652415 -16.722307
v  70.452034 6.652415 -16.738813
v  70.881470 6.652415 -16.736567
v  71.232941 6.655723 -16.738813
v  71.053391 6.652415 -16.738813
v  71.584412 6.694895 -16.738813
v  71.935883 6.700589 -16.738813
v  72.287346 6.652415 -16.685854
v  72.078621 6.652415 -16.738813
v  72.638817 6.652415 -16.612696
v  72.990288 6.652415 -16.534620
v  73.341751 6.652415 -16.479847
v  73.693222 6.652415 -16.417496
v  59.985950 6.652415 -16.768089
v  60.337421 6.652414 -16.827045
v  60.688889 6.652415 -16.796715
v  61.040356 6.652415 -16.753445
v  62.446232 6.652415 -16.802500
v  62.797699 6.652415 -16.930878
v  63.149166 6.725158 -17.357533
v  63.106705 6.652415 -17.357533
v  63.500637 7.476318 -17.357533
v  63.852104 8.152855 -17.357533
v  64.203575 8.829344 -17.357533
v  64.555038 9.242558 -17.357533
v  64.906509 9.341339 -17.357533
v  65.257980 9.389098 -17.357533
v  65.609444 9.369810 -17.357533
v  65.960915 9.346804 -17.357533
v  66.312386 9.314152 -17.357533
v  66.663849 9.281501 -17.357533
v  67.015320 9.248850 -17.357533
v  67.366791 9.216198 -17.357533
v  67.718254 8.840549 -17.357533
v  68.069725 8.232347 -17.357533
v  68.421196 7.608484 -17.357533
v  68.772659 6.979892 -17.357533
v  69.124130 6.652415 -17.201963
v  68.999336 6.652415 -17.357533
v  69.475601 6.652415 -17.048080
v  69.827065 6.652415 -16.912987
v  70.178535 6.652415 -16.802794
v  71.232941 6.652415 -16.741501
v  71.584412 6.652415 -16.774872
v  71.935883 6.652415 -16.780716
v  63.149166 6.652415 -17.443678
v  63.500637 7.091255 -17.976252
v  63.327053 6.652415 -17.976252
v  63.852104 7.922873 -17.976252
v  64.203575 8.754490 -17.976252
v  64.555038 9.248850 -17.976252
v  64.906509 9.340971 -17.976252
v  65.257980 9.388226 -17.976252
v  65.609444 9.376286 -17.976252
v  65.960915 9.359615 -17.976252
v  66.312386 9.330776 -17.976252
v  66.663849 9.301845 -17.976252
v  67.015320 9.273051 -17.976252
v  67.366791 9.244120 -17.976252
v  67.718254 8.779243 -17.976252
v  68.069725 8.013800 -17.976252
v  68.421196 7.234810 -17.976252
v  68.772659 6.652415 -17.740927
v  68.682480 6.652415 -17.976252
v  63.500637 7.333361 -18.594971
v  63.194809 6.652415 -18.594971
v  63.852104 8.083924 -18.594971
v  64.203575 8.834120 -18.594971
v  64.555038 9.281134 -18.594971
v  64.906509 9.359799 -18.594971
v  65.257980 9.399523 -18.594971
v  65.609444 9.387813 -18.594971
v  65.960915 9.372382 -18.594971
v  66.312386 9.347401 -18.594971
v  66.663849 9.322327 -18.594971
v  67.015320 9.297207 -18.594971
v  67.366791 9.272133 -18.594971
v  67.718254 8.861215 -18.594971
v  68.069725 8.165896 -18.594971
v  68.421196 7.458730 -18.594971
v  68.772659 6.652415 -18.395531
v  68.772659 6.748028 -18.594971
v  68.835129 6.652415 -18.594971
v  59.283012 6.652415 -19.191931
v  59.283012 6.686078 -19.213690
v  59.019310 6.652415 -19.213690
v  59.634483 6.652415 -19.183580
v  59.634483 6.697926 -19.213690
v  59.985950 6.652415 -19.173687
v  59.985950 6.710922 -19.213690
v  60.337421 6.652415 -19.164053
v  60.337421 6.722540 -19.213690
v  60.688889 6.652415 -19.169128
v  60.688889 6.716524 -19.213690
v  61.040356 6.652415 -19.176292
v  61.040356 6.707662 -19.213690
v  61.391827 6.652415 -19.184683
v  61.391827 6.696732 -19.213690
v  61.743294 6.652415 -19.190853
v  61.743294 6.688420 -19.213690
v  62.094761 6.652415 -19.183445
v  62.094761 6.699625 -19.213690
v  62.446232 6.652415 -19.135553
v  62.446232 6.769014 -19.213690
v  62.797699 6.652415 -19.086912
v  62.797699 6.833582 -19.213690
v  63.149166 6.652415 -18.682266
v  63.149166 7.271089 -19.213690
v  63.500637 7.844758 -19.213690
v  63.852104 8.409563 -19.213690
v  64.203575 8.974598 -19.213690
v  64.555038 9.313555 -19.213690
v  64.906509 9.378674 -19.213690
v  65.257980 9.410728 -19.213690
v  65.609444 9.399340 -19.213690
v  65.960915 9.385195 -19.213690
v  66.312386 9.363933 -19.213690
v  66.663849 9.342670 -19.213690
v  67.015320 9.321407 -19.213690
v  67.366791 9.300100 -19.213690
v  67.718254 8.992002 -19.213690
v  68.069725 8.471100 -19.213690
v  68.421196 7.940369 -19.213690
v  68.772659 7.406470 -19.213690
v  69.124130 6.652415 -18.935900
v  69.124130 7.012865 -19.213690
v  69.475601 6.652415 -19.011581
v  69.475601 6.931673 -19.213690
v  69.827065 6.652415 -19.072357
v  69.827065 6.859069 -19.213690
v  70.178535 6.652415 -19.124140
v  70.178535 6.789450 -19.213690
v  70.530006 6.652415 -19.162399
v  70.530006 6.733286 -19.213690
v  70.881470 6.652415 -19.168316
v  70.881470 6.721668 -19.213690
v  71.232941 6.652415 -19.178648
v  71.232941 6.704493 -19.213690
v  71.584412 6.652415 -19.200199
v  71.584412 6.671566 -19.213690
v  71.758484 6.652415 -19.213690
v  58.228607 6.652415 -19.509256
v  58.228607 7.032749 -19.832411
v  58.021355 6.652415 -19.832411
v  58.580078 6.652415 -19.335693
v  58.580074 7.263236 -19.832411
v  58.931545 6.652415 -19.222397
v  58.931545 7.437468 -19.832411
v  59.283012 7.474665 -19.832411
v  59.634483 7.470532 -19.832411
v  59.985950 7.460888 -19.832411
v  60.337421 7.449546 -19.832411
v  60.688889 7.455745 -19.832411
v  61.040356 7.464838 -19.832411
v  61.391827 7.477375 -19.832411
v  61.743294 7.491381 -19.832411
v  62.094761 7.494780 -19.832411
v  62.446232 7.529543 -19.832411
v  62.797699 7.562011 -19.832411
v  63.149166 7.864688 -19.832411
v  63.500637 8.269085 -19.832411
v  63.852104 8.681932 -19.832411
v  64.203575 9.095100 -19.832411
v  64.555038 9.346068 -19.832411
v  64.906509 9.397502 -19.832411
v  65.257980 9.422025 -19.832411
v  65.609444 9.410957 -19.832411
v  65.960915 9.398007 -19.832411
v  66.312386 9.380556 -19.832411
v  66.663849 9.363060 -19.832411
v  67.015320 9.345610 -19.832411
v  67.366791 9.328113 -19.832411
v  67.718254 9.106443 -19.832411
v  68.069725 8.726294 -19.832411
v  68.421196 8.338291 -19.832411
v  68.772659 7.947762 -19.832411
v  69.124130 7.669333 -19.832411
v  69.475601 7.631859 -19.832411
v  69.827065 7.601183 -19.832411
v  70.178535 7.567521 -19.832411
v  70.530006 7.536386 -19.832411
v  70.881470 7.501209 -19.832411
v  71.232941 7.465297 -19.832411
v  71.584412 7.398984 -19.832411
v  71.935875 6.652415 -19.230801
v  71.935875 7.338596 -19.832411
v  72.287346 6.652415 -19.294125
v  72.287346 7.288264 -19.832411
v  72.638817 6.652415 -19.352638
v  72.638817 7.234673 -19.832411
v  72.990288 6.652415 -19.408989
v  72.990288 7.183882 -19.832411
v  73.341751 6.652415 -19.462528
v  73.341751 7.125054 -19.832411
v  73.693222 6.652415 -19.578993
v  73.693222 6.958308 -19.832411
v  73.923653 6.652415 -19.832411
v  57.877140 6.652415 -20.065292
v  57.877140 7.090888 -20.451130
v  57.695587 6.652415 -20.451130
v  58.228607 7.921679 -20.451130
v  58.580074 8.179169 -20.451130
v  58.931545 8.380724 -20.451130
v  59.283012 8.414202 -20.451130
v  59.634483 8.399874 -20.451130
v  59.985950 8.375534 -20.451130
v  60.337418 8.348991 -20.451130
v  60.688889 8.363457 -20.451130
v  61.040356 8.384673 -20.451130
v  61.391827 8.412869 -20.451130
v  61.743294 8.441480 -20.451130
v  62.094761 8.438862 -20.451130
v  62.446232 8.446944 -20.451130
v  62.797699 8.455072 -20.451130
v  63.149166 8.601153 -20.451130
v  63.500637 8.800459 -20.451130
v  63.852104 9.020061 -20.451130
v  64.203575 9.239758 -20.451130
v  64.555038 9.378352 -20.451130
v  64.906509 9.416330 -20.451130
v  65.257980 9.433322 -20.451130
v  65.609444 9.422484 -20.451130
v  65.960915 9.410820 -20.451130
v  66.312386 9.397135 -20.451130
v  66.663849 9.383404 -20.451130
v  67.015320 9.369719 -20.451130
v  67.366791 9.356033 -20.451130
v  67.718254 9.240538 -20.451130
v  68.069725 9.042702 -20.451130
v  68.421196 8.838850 -20.451130
v  68.772659 8.633024 -20.451130
v  69.124130 8.497138 -20.451130
v  69.475601 8.496541 -20.451130
v  69.827065 8.500031 -20.451130
v  70.178535 8.496725 -20.451130
v  70.530006 8.486576 -20.451130
v  70.881470 8.435694 -20.451130
v  71.232941 8.386740 -20.451130
v  71.584412 8.294940 -20.451130
v  71.935883 8.216825 -20.451130
v  72.287346 8.183852 -20.451130
v  72.638817 8.144220 -20.451130
v  72.990288 8.111432 -20.451130
v  73.341751 8.062799 -20.451130
v  73.693222 7.857892 -20.451130
v  74.044693 6.652415 -19.964432
v  74.044693 7.244775 -20.451130
v  74.310455 6.652415 -20.451130
v  57.525669 6.652415 -20.963203
v  57.525669 6.737879 -21.069849
v  57.489548 6.652415 -21.069849
v  57.877140 7.738400 -21.069849
v  58.228607 8.668201 -21.069849
v  58.580078 8.906265 -21.069849
v  58.931545 9.085594 -21.069849
v  59.283012 9.134869 -21.069849
v  59.634483 9.140472 -21.069849
v  59.985950 9.143365 -21.069849
v  60.337421 9.144238 -21.069849
v  60.688889 9.145110 -21.069849
v  61.040356 9.146029 -21.069849
v  61.391827 9.146901 -21.069849
v  61.743294 9.147774 -21.069849
v  62.094761 9.150850 -21.069849
v  62.446232 9.175879 -21.069849
v  62.797699 9.200907 -21.069849
v  63.149166 9.242191 -21.069849
v  63.500637 9.284624 -21.069849
v  63.852104 9.326964 -21.069849
v  64.203575 9.369535 -21.069849
v  64.555038 9.402462 -21.069849
v  64.906509 9.429050 -21.069849
v  65.257980 9.440762 -21.069849
v  65.609444 9.432404 -21.069849
v  65.960915 9.423678 -21.069849
v  66.312386 9.413805 -21.069849
v  66.663849 9.403885 -21.069849
v  67.015320 9.394012 -21.069849
v  67.366791 9.384138 -21.069849
v  67.718254 9.357182 -21.069849
v  68.069725 9.329123 -21.069849
v  68.421196 9.297069 -21.069849
v  68.772659 9.263591 -21.069849
v  69.124130 9.241915 -21.069849
v  69.475601 9.227495 -21.069849
v  69.827065 9.213030 -21.069849
v  70.178535 9.198702 -21.069849
v  70.530006 9.183180 -21.069849
v  70.881470 9.164857 -21.069849
v  71.232941 9.140426 -21.069849
v  71.584412 9.071129 -21.069849
v  71.935883 9.002106 -21.069849
v  72.287346 8.939009 -21.069849
v  72.638817 8.876232 -21.069849
v  72.990288 8.813456 -21.069849
v  73.341751 8.750771 -21.069849
v  73.693222 8.566482 -21.069849
v  74.044693 7.895365 -21.069849
v  74.396164 6.652415 -20.669661
v  74.396164 7.002256 -21.069849
v  74.560226 6.652415 -21.069849
v  57.525669 6.881066 -21.688568
v  57.432926 6.652415 -21.688568
v  57.877140 7.899130 -21.688568
v  58.228607 8.806796 -21.688568
v  58.580078 9.011429 -21.688568
v  58.931545 9.199574 -21.688568
v  59.283012 9.250135 -21.688568
v  59.634483 9.254406 -21.688568
v  59.985950 9.256748 -21.688568
v  60.337421 9.257668 -21.688568
v  60.688889 9.258539 -21.688568
v  61.040356 9.259412 -21.688568
v  61.391827 9.260330 -21.688568
v  61.743294 9.261203 -21.688568
v  62.094761 9.263315 -21.688568
v  62.446232 9.278240 -21.688568
v  62.797699 9.293303 -21.688568
v  63.149166 9.320030 -21.688568
v  63.500637 9.347446 -21.688568
v  63.852104 9.375046 -21.688568
v  64.203575 9.402691 -21.688568
v  64.555038 9.423311 -21.688568
v  64.906509 9.439522 -21.688568
v  65.257980 9.446686 -21.688568
v  65.609444 9.441772 -21.688568
v  65.960915 9.436445 -21.688568
v  66.312386 9.430337 -21.688568
v  66.663849 9.424229 -21.688568
v  67.015320 9.418213 -21.688568
v  67.366791 9.412106 -21.688568
v  67.718254 9.393690 -21.688568
v  68.069725 9.374495 -21.688568
v  68.421196 9.353094 -21.688568
v  68.772659 9.331005 -21.688568
v  69.124130 9.317413 -21.688568
v  69.475601 9.309055 -21.688568
v  69.827065 9.300651 -21.688568
v  70.178535 9.292339 -21.688568
v  70.530006 9.283154 -21.688568
v  70.881470 9.271903 -21.688568
v  71.232941 9.253442 -21.688568
v  71.584412 9.181526 -21.688568
v  71.935875 9.109749 -21.688568
v  72.287346 9.042242 -21.688568
v  72.638817 8.975012 -21.688568
v  72.990288 8.907826 -21.688568
v  73.341751 8.840549 -21.688568
v  73.693222 8.675181 -21.688568
v  74.044693 8.056738 -21.688568
v  74.396156 7.182045 -21.688568
v  74.644310 6.652415 -21.688568
v  57.525669 6.896358 -22.307287
v  57.429451 6.652415 -22.307287
v  57.877140 7.915525 -22.307287
v  58.228607 8.793341 -22.307287
v  58.580074 8.991268 -22.307287
v  58.931545 9.171928 -22.307287
v  59.283012 9.226027 -22.307287
v  59.634483 9.236864 -22.307287
v  59.985950 9.246462 -22.307287
v  60.337418 9.255187 -22.307287
v  60.688889 9.263958 -22.307287
v  61.040356 9.272454 -22.307287
v  61.391827 9.281225 -22.307287
v  61.743294 9.289951 -22.307287
v  62.094761 9.298998 -22.307287
v  62.446232 9.311351 -22.307287
v  62.797699 9.323704 -22.307287
v  63.149166 9.343222 -22.307287
v  63.500637 9.363289 -22.307287
v  63.852104 9.383358 -22.307287
v  64.203575 9.403426 -22.307287
v  64.555038 9.419270 -22.307287
v  64.906509 9.432358 -22.307287
v  65.257980 9.438787 -22.307287
v  65.609444 9.436583 -22.307287
v  65.960915 9.434240 -22.307287
v  66.312386 9.431347 -22.307287
v  66.663849 9.428500 -22.307287
v  67.015320 9.425607 -22.307287
v  67.366791 9.422760 -22.307287
v  67.718254 9.412335 -22.307287
v  68.069725 9.401405 -22.307287
v  68.421196 9.381475 -22.307287
v  68.772659 9.359295 -22.307287
v  69.124130 9.342533 -22.307287
v  69.475601 9.328848 -22.307287
v  69.827065 9.315117 -22.307287
v  70.178535 9.301386 -22.307287
v  70.530006 9.287149 -22.307287
v  70.881470 9.271673 -22.307287
v  71.232941 9.249584 -22.307287
v  71.584412 9.177532 -22.307287
v  71.935875 9.105662 -22.307287
v  72.287346 9.036457 -22.307287
v  72.638817 8.967342 -22.307287
v  72.990288 8.898274 -22.307287
v  73.341751 8.829161 -22.307287
v  73.693222 8.662644 -22.307287
v  74.044693 8.068127 -22.307287
v  74.396156 7.226452 -22.307287
v  74.669479 6.652415 -22.307287
v  57.525669 6.824581 -22.926006
v  57.456856 6.652415 -22.926006
v  57.877140 7.832450 -22.926006
v  58.228607 8.697362 -22.926006
v  58.580078 8.876094 -22.926006
v  58.931545 9.036549 -22.926006
v  59.283012 9.094916 -22.926006
v  59.634483 9.118153 -22.926006
v  59.985950 9.141161 -22.926006
v  60.337421 9.163570 -22.926006
v  60.688889 9.186302 -22.926006
v  61.040356 9.208988 -22.926006
v  61.391827 9.231400 -22.926006
v  61.743294 9.254131 -22.926006
v  62.094761 9.275852 -22.926006
v  62.446232 9.291191 -22.926006
v  62.797699 9.306482 -22.926006
v  63.149166 9.324531 -22.926006
v  63.500637 9.342762 -22.926006
v  63.852104 9.360948 -22.926006
v  64.203575 9.379179 -22.926006
v  64.555038 9.395803 -22.926006
v  64.906509 9.411417 -22.926006
v  65.257980 9.420326 -22.926006
v  65.609444 9.420464 -22.926006
v  65.960915 9.420555 -22.926006
v  66.312386 9.420418 -22.926006
v  66.663849 9.420372 -22.926006
v  67.015320 9.420280 -22.926006
v  67.366791 9.420142 -22.926006
v  67.718254 9.417203 -22.926006
v  68.069725 9.414080 -22.926006
v  68.421196 9.389191 -22.926006
v  68.772659 9.358147 -22.926006
v  69.124130 9.329261 -22.926006
v  69.475601 9.301340 -22.926006
v  69.827065 9.273740 -22.926006
v  70.178535 9.245819 -22.926006
v  70.530006 9.218036 -22.926006
v  70.881470 9.189471 -22.926006
v  71.232941 9.156223 -22.926006
v  71.584412 9.086100 -22.926006
v  71.935883 9.016067 -22.926006
v  72.287346 8.947090 -22.926006
v  72.638817 8.878160 -22.926006
v  72.990288 8.809230 -22.926006
v  73.341751 8.740299 -22.926006
v  73.693222 8.574564 -22.926006
v  74.044693 7.981287 -22.926006
v  74.396164 7.146087 -22.926006
v  74.635353 6.652415 -22.926006
v  57.525669 6.684746 -23.544725
v  57.512024 6.652415 -23.544725
v  57.877140 7.662766 -23.544725
v  58.228607 8.525013 -23.544725
v  58.580078 8.683861 -23.544725
v  58.931545 8.825487 -23.544725
v  59.283012 8.888861 -23.544725
v  59.634483 8.926058 -23.544725
v  59.985950 8.963531 -23.544725
v  60.337421 9.001417 -23.544725
v  60.688889 9.039304 -23.544725
v  61.040356 9.077465 -23.544725
v  61.391827 9.118338 -23.544725
v  61.743294 9.167796 -23.544725
v  62.094761 9.215555 -23.544725
v  62.446232 9.246737 -23.544725
v  62.797699 9.278149 -23.544725
v  63.149166 9.297620 -23.544725
v  63.500637 9.316173 -23.544725
v  63.852104 9.334725 -23.544725
v  64.203575 9.353325 -23.544725
v  64.555038 9.371694 -23.544725
v  64.906509 9.390017 -23.544725
v  65.257980 9.401543 -23.544725
v  65.609444 9.404161 -23.544725
v  65.960915 9.406870 -23.544725
v  66.312386 9.409534 -23.544725
v  66.663849 9.412197 -23.544725
v  67.015320 9.414907 -23.544725
v  67.366791 9.417524 -23.544725
v  67.718254 9.420188 -23.544725
v  68.069725 9.422852 -23.544725
v  68.421196 9.390982 -23.544725
v  68.772659 9.349008 -23.544725
v  69.124130 9.300972 -23.544725
v  69.475601 9.248896 -23.544725
v  69.827065 9.196819 -23.544725
v  70.178535 9.144559 -23.544725
v  70.530006 9.094274 -23.544725
v  70.881470 9.048029 -23.544725
v  71.232941 8.998800 -23.544725
v  71.584412 8.925736 -23.544725
v  71.935875 8.852765 -23.544725
v  72.287346 8.784110 -23.544725
v  72.638817 8.715548 -23.544725
v  72.990288 8.647030 -23.544725
v  73.341751 8.578514 -23.544725
v  73.693222 8.419712 -23.544725
v  74.044693 7.815505 -23.544725
v  74.396156 6.972728 -23.544725
v  74.554924 6.652415 -23.544725
v  57.525669 6.652415 -23.601555
v  57.877140 7.234076 -24.163445
v  57.650322 6.652415 -24.163445
v  58.228607 8.072397 -24.163445
v  58.580074 8.272484 -24.163445
v  58.931545 8.408829 -24.163445
v  59.283012 8.475509 -24.163445
v  59.634483 8.522305 -24.163445
v  59.985950 8.569328 -24.163445
v  60.337421 8.617731 -24.163445
v  60.688889 8.676834 -24.163445
v  61.040356 8.737774 -24.163445
v  61.391827 8.810884 -24.163445
v  61.743294 8.934553 -24.163445
v  62.094761 9.047065 -24.163445
v  62.446232 9.134777 -24.163445
v  62.797699 9.222490 -24.163445
v  63.149166 9.258402 -24.163445
v  63.500637 9.280582 -24.163445
v  63.852104 9.302809 -24.163445
v  64.203575 9.324944 -24.163445
v  64.555038 9.346574 -24.163445
v  64.906509 9.367882 -24.163445
v  65.257980 9.382301 -24.163445
v  65.609444 9.387766 -24.163445
v  65.960915 9.393185 -24.163445
v  66.312386 9.398604 -24.163445
v  66.663849 9.404069 -24.163445
v  67.015320 9.409442 -24.163445
v  67.366791 9.414907 -24.163445
v  67.718254 9.420372 -24.163445
v  68.069725 9.425791 -24.163445
v  68.421196 9.383634 -24.163445
v  68.772659 9.327929 -24.163445
v  69.124130 9.242788 -24.163445
v  69.475601 9.130093 -24.163445
v  69.827065 9.017766 -24.163445
v  70.178535 8.910490 -24.163445
v  70.530006 8.800045 -24.163445
v  70.881470 8.718533 -24.163445
v  71.232941 8.640647 -24.163445
v  71.584412 8.550225 -24.163445
v  71.935875 8.463614 -24.163445
v  72.287346 8.402399 -24.163445
v  72.638817 8.340036 -24.163445
v  72.990288 8.279464 -24.163445
v  73.341751 8.213151 -24.163445
v  73.693222 8.029781 -24.163445
v  74.044693 7.393198 -24.163445
v  74.396156 6.652415 -24.037203
v  74.361092 6.652415 -24.163445
v  57.877140 6.652415 -24.616695
v  58.228607 7.137224 -24.782164
v  57.984192 6.652415 -24.782164
v  58.580074 7.337770 -24.782164
v  58.931545 7.484079 -24.782164
v  59.283012 7.544101 -24.782164
v  59.634483 7.585155 -24.782164
v  59.985950 7.620562 -24.782164
v  60.337418 7.658402 -24.782164
v  60.688889 7.749238 -24.782164
v  61.040356 7.848845 -24.782164
v  61.391827 8.019541 -24.782164
v  61.743294 8.355742 -24.782164
v  62.094761 8.630958 -24.782164
v  62.446232 8.892029 -24.782164
v  62.797699 9.154249 -24.782164
v  63.149166 9.219137 -24.782164
v  63.500637 9.244992 -24.782164
v  63.852104 9.270847 -24.782164
v  64.203575 9.296656 -24.782164
v  64.555038 9.321546 -24.782164
v  64.906509 9.345747 -24.782164
v  65.257980 9.363106 -24.782164
v  65.609444 9.371235 -24.782164
v  65.960915 9.379500 -24.782164
v  66.312386 9.387674 -24.782164
v  66.663849 9.395941 -24.782164
v  67.015320 9.404116 -24.782164
v  67.366791 9.412335 -24.782164
v  67.718254 9.420509 -24.782164
v  68.069725 9.428776 -24.782164
v  68.421196 9.376515 -24.782164
v  68.772659 9.306896 -24.782164
v  69.124130 9.183088 -24.782164
v  69.475601 8.898733 -24.782164
v  69.827065 8.608776 -24.782164
v  70.178535 8.358314 -24.782164
v  70.530006 8.060733 -24.782164
v  70.881470 7.859729 -24.782164
v  71.232941 7.738446 -24.782164
v  71.584412 7.609954 -24.782164
v  71.935875 7.499096 -24.782164
v  72.287346 7.466169 -24.782164
v  72.638817 7.425573 -24.782164
v  72.990288 7.393887 -24.782164
v  73.341751 7.342361 -24.782164
v  73.693222 7.153802 -24.782164
v  74.044693 6.652415 -24.740023
v  74.010437 6.652415 -24.782164
v  58.228607 6.652415 -25.107033
v  58.580078 6.652415 -25.225754
v  58.931545 6.652415 -25.302553
v  59.283012 6.652415 -25.348526
v  59.634483 6.652415 -25.391346
v  59.985950 6.705503 -25.400883
v  59.710300 6.652415 -25.400883
v  60.337421 6.776867 -25.400883
v  60.688889 6.877300 -25.400883
v  61.040356 6.987928 -25.400883
v  61.391827 7.305623 -25.400883
v  61.743294 7.830567 -25.400883
v  62.094761 8.261921 -25.400883
v  62.446232 8.716742 -25.400883
v  62.797699 9.108923 -25.400883
v  63.149166 9.179828 -25.400883
v  63.500637 9.209311 -25.400883
v  63.852104 9.238792 -25.400883
v  64.203575 9.268275 -25.400883
v  64.555038 9.296380 -25.400883
v  64.906509 9.323612 -25.400883
v  65.257980 9.343773 -25.400883
v  65.609444 9.354748 -25.400883
v  65.960915 9.365769 -25.400883
v  66.312386 9.376745 -25.400883
v  66.663849 9.387766 -25.400883
v  67.015320 9.398743 -25.400883
v  67.366791 9.409672 -25.400883
v  67.718254 9.420693 -25.400883
v  68.069725 9.431623 -25.400883
v  68.421196 9.369444 -25.400883
v  68.772659 9.285864 -25.400883
v  69.124130 9.132389 -25.400883
v  69.475601 8.739105 -25.400883
v  69.827065 8.251313 -25.400883
v  70.178535 7.842875 -25.400883
v  70.530006 7.359490 -25.400883
v  70.881470 6.996286 -25.400883
v  71.232941 6.848598 -25.400883
v  71.584412 6.725525 -25.400883
v  71.935883 6.652415 -25.372911
v  71.811409 6.652415 -25.400883
v  72.287346 6.652415 -25.340342
v  72.638817 6.652415 -25.306173
v  72.990288 6.652415 -25.276638
v  73.341751 6.652415 -25.238817
v  73.693222 6.652415 -25.124077
v  59.985950 6.652415 -25.445183
v  60.337421 6.652415 -25.510992
v  60.688889 6.652415 -25.602070
v  61.040356 6.652415 -25.724901
v  61.391827 6.791103 -26.019602
v  61.282001 6.652415 -26.019602
v  61.743294 7.460154 -26.019602
v  62.094761 8.015591 -26.019602
v  62.446232 8.625952 -26.019602
v  62.797699 9.064378 -26.019602
v  63.149166 9.140931 -26.019602
v  63.500637 9.173950 -26.019602
v  63.852104 9.206968 -26.019602
v  64.203575 9.239986 -26.019602
v  64.555038 9.270296 -26.019602
v  64.906509 9.299044 -26.019602
v  65.257980 9.320627 -26.019602
v  65.609444 9.332843 -26.019602
v  65.960915 9.346023 -26.019602
v  66.312386 9.361177 -26.019602
v  66.663849 9.376331 -26.019602
v  67.015320 9.391486 -26.019602
v  67.366791 9.406641 -26.019602
v  67.718254 9.420464 -26.019602
v  68.069725 9.434332 -26.019602
v  68.421196 9.361958 -26.019602
v  68.772659 9.264785 -26.019602
v  69.124130 9.083435 -26.019602
v  69.475601 8.648041 -26.019602
v  69.827065 8.007141 -26.019602
v  70.178535 7.468466 -26.019602
v  70.530006 6.838634 -26.019602
v  70.881470 6.652415 -25.729160
v  70.663452 6.652415 -26.019602
v  71.232941 6.652415 -25.569485
v  71.584412 6.652415 -25.464794
v  61.391827 6.652415 -26.247475
v  61.743294 7.222457 -26.638321
v  61.495308 6.652415 -26.638321
v  62.094761 7.889257 -26.638321
v  62.446232 8.596607 -26.638321
v  62.797699 9.027961 -26.638321
v  63.149166 9.106167 -26.638321
v  63.500637 9.141528 -26.638321
v  63.852104 9.176843 -26.638321
v  64.203575 9.212157 -26.638321
v  64.555038 9.232914 -26.638321
v  64.906509 9.244028 -26.638321
v  65.257980 9.238609 -26.638321
v  65.609444 9.189425 -26.638321
v  65.960915 9.195395 -26.638321
v  66.312386 9.232409 -26.638321
v  66.663849 9.269423 -26.638321
v  67.015320 9.346987 -26.638321
v  67.366791 9.396216 -26.638321
v  67.718254 9.415412 -26.638321
v  68.069725 9.433598 -26.638321
v  68.421196 9.352728 -26.638321
v  68.772659 9.242880 -26.638321
v  69.124130 9.056250 -26.638321
v  69.475601 8.619890 -26.638321
v  69.827065 7.892196 -26.638321
v  70.178535 7.228106 -26.638321
v  70.530006 6.652415 -26.305357
v  70.433792 6.652415 -26.638321
v  61.743294 7.369915 -27.257040
v  62.094761 8.064636 -27.257040
v  62.446232 8.691116 -27.257040
v  62.797699 9.022955 -27.257040
v  63.149166 9.071404 -27.257040
v  63.500637 9.109060 -27.257040
v  63.852104 9.146671 -27.257040
v  64.203575 9.184328 -27.257040
v  64.555038 9.195441 -27.257040
v  64.906509 9.188874 -27.257040
v  65.257980 9.099325 -27.257040
v  65.609444 8.934278 -27.257040
v  65.960915 8.923991 -27.257040
v  66.312386 8.982819 -27.257040
v  66.663849 9.041645 -27.257040
v  67.015320 9.241226 -27.257040
v  67.366791 9.385883 -27.257040
v  67.718254 9.410406 -27.257040
v  68.069725 9.432909 -27.257040
v  68.421196 9.343222 -27.257040
v  68.772659 9.221251 -27.257040
v  69.124130 9.045732 -27.257040
v  69.475601 8.701679 -27.257040
v  69.827065 8.055407 -27.257040
v  70.178535 7.347964 -27.257040
v  70.464966 6.652415 -27.257040
v  61.391827 6.652415 -27.473974
v  61.391827 6.870320 -27.875759
v  61.296135 6.652415 -27.875759
v  61.441338 6.652415 -27.257040
v  61.743294 7.693213 -27.875759
v  62.094761 8.332550 -27.875759
v  62.446232 8.831594 -27.875759
v  62.797699 9.041279 -27.875759
v  63.149166 9.069981 -27.875759
v  63.500637 9.090599 -27.875759
v  63.852104 9.111540 -27.875759
v  64.203575 9.132160 -27.875759
v  64.555038 9.114342 -27.875759
v  64.906509 9.071082 -27.875759
v  65.257980 8.854923 -27.875759
v  65.609444 8.585310 -27.875759
v  65.960915 8.520651 -27.875759
v  66.312386 8.602990 -27.875759
v  66.663849 8.697086 -27.875759
v  67.015320 9.036135 -27.875759
v  67.366791 9.312178 -27.875759
v  67.718254 9.343680 -27.875759
v  68.069725 9.372015 -27.875759
v  68.421196 9.296059 -27.875759
v  68.772659 9.189701 -27.875759
v  69.124130 9.036273 -27.875759
v  69.475601 8.801469 -27.875759
v  69.827065 8.283046 -27.875759
v  70.178535 7.650366 -27.875759
v  70.530006 6.652415 -27.565723
v  70.530006 6.811034 -27.875759
v  70.597412 6.652415 -27.875759
v  61.391827 7.308057 -28.494476
v  61.124332 6.652415 -28.494478
v  61.743294 8.128010 -28.494476
v  62.094761 8.653322 -28.494478
v  62.446232 8.958296 -28.494478
v  62.797699 9.062587 -28.494478
v  63.149166 9.071955 -28.494478
v  63.500637 9.073976 -28.494478
v  63.852104 9.075674 -28.494478
v  64.203575 9.077696 -28.494478
v  64.555038 9.029246 -28.494478
v  64.906509 8.909801 -28.494478
v  65.257980 8.498653 -28.494476
v  65.609444 8.088470 -28.494476
v  65.960915 7.884619 -28.494478
v  66.312386 7.990517 -28.494478
v  66.663849 8.187204 -28.494478
v  67.015320 8.715823 -28.494478
v  67.366791 9.181480 -28.494478
v  67.718254 9.270802 -28.494478
v  68.069725 9.305197 -28.494478
v  68.421196 9.244625 -28.494478
v  68.772659 9.156590 -28.494478
v  69.124130 9.028419 -28.494476
v  69.475601 8.874807 -28.494476
v  69.827065 8.551878 -28.494478
v  70.178535 8.073270 -28.494478
v  70.530006 7.281284 -28.494478
v  70.784874 6.652415 -28.494478
v  61.040356 6.652415 -28.795835
v  61.040356 6.869172 -29.113197
v  60.939651 6.652415 -29.113197
v  61.391827 7.775047 -29.113197
v  61.743294 8.494107 -29.113197
v  62.094761 8.895244 -29.113197
v  62.446232 9.018042 -29.113197
v  62.797699 9.082701 -29.113197
v  63.149166 9.071129 -29.113197
v  63.500637 9.053402 -29.113197
v  63.852104 9.035629 -29.113197
v  64.203575 9.017904 -29.113195
v  64.555038 8.936758 -29.113197
v  64.906509 8.664940 -29.113197
v  65.257980 8.056508 -29.113197
v  65.609444 7.513884 -29.113197
v  65.960915 7.134423 -29.113197
v  66.312386 7.240413 -29.113197
v  66.663849 7.575971 -29.113197
v  67.015320 8.274412 -29.113197
v  67.366791 8.920456 -29.113197
v  67.718254 9.145018 -29.113197
v  68.069725 9.207565 -29.113195
v  68.421196 9.175649 -29.113197
v  68.772659 9.118612 -29.113197
v  69.124130 9.020658 -29.113197
v  69.475601 8.896805 -29.113197
v  69.827065 8.732355 -29.113197
v  70.178535 8.407956 -29.113197
v  70.530006 7.750294 -29.113197
v  70.881470 6.652415 -28.823555
v  70.881470 6.862192 -29.113197
v  70.982864 6.652415 -29.113197
v  61.040356 7.228427 -29.731915
v  60.785267 6.652415 -29.731915
v  61.391827 8.142935 -29.731915
v  61.743294 8.744801 -29.731916
v  62.094761 9.045962 -29.731916
v  62.446232 9.076914 -29.731916
v  62.797699 9.102310 -29.731915
v  63.149166 9.069291 -29.731915
v  63.500637 9.031818 -29.731915
v  63.852104 8.994070 -29.731915
v  64.203575 8.956642 -29.731915
v  64.555038 8.832926 -29.731915
v  64.906509 8.399828 -29.731915
v  65.257980 7.655602 -29.731915
v  65.609444 7.054425 -29.731916
v  65.960915 6.652415 -29.614439
v  65.883812 6.652415 -29.731916
v  66.663849 7.085928 -29.731915
v  66.315094 6.652415 -29.728382
v  67.015320 7.870245 -29.731915
v  67.366791 8.627146 -29.731915
v  67.718254 8.967664 -29.731915
v  68.069725 9.099417 -29.731915
v  68.421196 9.100151 -29.731915
v  68.772659 9.078797 -29.731915
v  69.124130 9.012897 -29.731915
v  69.475601 8.918527 -29.731916
v  69.827065 8.822318 -29.731916
v  70.178535 8.620716 -29.731916
v  70.530006 8.102110 -29.731915
v  70.881470 7.239586 -29.731915
v  71.164001 6.652415 -29.731915
v  60.688889 6.652415 -30.061884
v  60.688889 6.842858 -30.350636
v  60.618217 6.652415 -30.350636
v  61.040356 7.669516 -30.350636
v  61.391827 8.507977 -30.350636
v  61.743294 8.959076 -30.350636
v  62.094761 9.149335 -30.350636
v  62.446232 9.135696 -30.350636
v  62.797699 9.122057 -30.350636
v  63.149166 9.067547 -30.350636
v  63.500637 9.010051 -30.350636
v  63.852104 8.952280 -30.350636
v  64.203575 8.894738 -30.350636
v  64.555038 8.659751 -30.350636
v  64.906509 8.033960 -30.350636
v  65.257980 7.186821 -30.350636
v  65.609444 6.652415 -30.231436
v  65.555954 6.652415 -30.350636
v  66.663849 6.652415 -30.254669
v  67.015320 7.405551 -30.350636
v  66.697441 6.652415 -30.350636
v  67.366791 8.235056 -30.350636
v  67.718254 8.710955 -30.350636
v  68.069725 8.990947 -30.350636
v  68.421196 9.024746 -30.350636
v  68.772659 9.038845 -30.350636
v  69.124130 9.005091 -30.350636
v  69.475601 8.940477 -30.350636
v  69.827065 8.875910 -30.350636
v  70.178535 8.799402 -30.350636
v  70.530006 8.457644 -30.350636
v  70.881470 7.703223 -30.350636
v  71.232941 6.652415 -29.922609
v  71.232941 6.974014 -30.350636
v  71.350044 6.652415 -30.350636
v  60.688889 7.351132 -30.969355
v  60.435085 6.652415 -30.969355
v  61.040356 8.144404 -30.969355
v  61.391827 8.827370 -30.969355
v  61.743294 9.099692 -30.969355
v  62.094761 9.247288 -30.969355
v  62.446232 9.194247 -30.969355
v  62.797699 9.141344 -30.969355
v  63.149166 9.065709 -30.969355
v  63.500637 8.988192 -30.969355
v  63.852104 8.910673 -30.969355
v  64.203575 8.793983 -30.969355
v  64.555038 8.401068 -30.969355
v  64.906509 7.600218 -30.969355
v  65.257980 6.743160 -30.969355
v  65.308899 6.652415 -30.969355
v  67.015320 6.973325 -30.969355
v  67.366791 7.786114 -30.969355
v  67.718254 8.370207 -30.969355
v  68.069725 8.839493 -30.969355
v  68.421196 8.949295 -30.969355
v  68.772659 8.999397 -30.969355
v  69.124130 8.997055 -30.969355
v  69.475601 8.962199 -30.969355
v  69.827065 8.927389 -30.969355
v  70.178535 8.892580 -30.969355
v  70.530006 8.724134 -30.969355
v  70.881470 8.153681 -30.969355
v  71.232941 7.492805 -30.969355
v  71.545822 6.652415 -30.969355
v  60.337418 6.652415 -31.316013
v  60.337418 6.863432 -31.588074
v  60.261818 6.652414 -31.588074
v  60.688889 7.823955 -31.588074
v  61.040356 8.500767 -31.588074
v  61.391827 9.018042 -31.588074
v  61.743294 9.190665 -31.588074
v  62.094761 9.328251 -31.588074
v  62.446232 9.244488 -31.588074
v  62.797699 9.160402 -31.588074
v  63.149166 9.056984 -31.588074
v  63.500637 8.952004 -31.588074
v  63.852104 8.847484 -31.588074
v  64.203575 8.581131 -31.588074
v  64.555038 8.037588 -31.588074
v  64.906509 7.143102 -31.588074
v  65.257980 6.652415 -31.096378
v  65.111343 6.652415 -31.588074
v  66.876549 6.652415 -30.969355
v  67.015320 6.652415 -31.434961
v  67.366791 7.330054 -31.588074
v  67.062683 6.652415 -31.588074
v  67.718254 7.948819 -31.588074
v  68.069725 8.608410 -31.588074
v  68.421196 8.872190 -31.588074
v  68.772659 8.958801 -31.588074
v  69.124130 8.985666 -31.588074
v  69.475601 8.975333 -31.588074
v  69.827065 8.964679 -31.588074
v  70.178535 8.954346 -31.588074
v  70.530006 8.893498 -31.588074
v  70.881470 8.518171 -31.588074
v  71.232941 8.002135 -31.588074
v  71.584412 6.652415 -31.085985
v  71.584412 7.098603 -31.588074
v  71.754227 6.652415 -31.588074
v  60.337421 7.253501 -32.206791
v  60.122620 6.652415 -32.206791
v  60.688889 8.138205 -32.206791
v  61.040356 8.701035 -32.206791
v  61.391827 9.082655 -32.206791
v  61.743294 9.246232 -32.206791
v  62.094761 9.385286 -32.206791
v  62.446232 9.281914 -32.206791
v  62.797699 9.178541 -32.206791
v  63.149166 9.038614 -32.206791
v  63.500637 8.896254 -32.206791
v  63.852104 8.730747 -32.206791
v  64.203575 8.302471 -32.206791
v  64.555038 7.648070 -32.206791
v  64.906509 6.746283 -32.206791
v  64.947144 6.652415 -32.206791
v  67.366791 6.941455 -32.206791
v  67.718254 7.566144 -32.206791
v  68.069725 8.355053 -32.206791
v  68.421196 8.778507 -32.206791
v  68.772659 8.917286 -32.206791
v  69.124130 8.969179 -32.206791
v  69.475601 8.975609 -32.206791
v  69.827065 8.982038 -32.206791
v  70.178535 8.988467 -32.206791
v  70.530006 8.961740 -32.206791
v  70.881470 8.750448 -32.206791
v  71.232941 8.368830 -32.206791
v  71.584412 7.556224 -32.206791
v  71.935326 6.652415 -32.208370
v  59.985950 6.652415 -32.682968
v  59.985950 6.766902 -32.825512
v  59.944050 6.652415 -32.825508
v  60.337421 7.730088 -32.825512
v  60.688889 8.447404 -32.825512
v  61.040356 8.859653 -32.825512
v  61.391827 9.124169 -32.825512
v  61.743294 9.286047 -32.825512
v  62.094761 9.422392 -32.825512
v  62.446232 9.302626 -32.825512
v  62.797699 9.182767 -32.825512
v  63.149166 9.009408 -32.825512
v  63.500637 8.832375 -32.825512
v  63.852104 8.537458 -32.825512
v  64.203575 7.924112 -32.825512
v  64.555038 7.180116 -32.825512
v  64.906509 6.652415 -32.333374
v  64.762817 6.652415 -32.825512
v  67.230888 6.652415 -32.206791
v  67.366791 6.652415 -32.603031
v  67.718254 7.124733 -32.825512
v  67.456673 6.652415 -32.825512
v  68.069725 8.005580 -32.825512
v  68.421196 8.613874 -32.825512
v  68.772659 8.867460 -32.825512
v  69.124130 8.944289 -32.825512
v  69.475601 8.967297 -32.825512
v  69.827065 8.990534 -32.825512
v  70.178535 9.013817 -32.825512
v  70.530006 9.011888 -32.825512
v  70.881470 8.936758 -32.825512
v  71.232941 8.721655 -32.825512
v  71.584412 8.085715 -32.825512
v  71.935875 7.207623 -32.825512
v  72.135902 6.652415 -32.825512
v  59.985950 7.304935 -33.444229
v  59.733879 6.652415 -33.444229
v  60.337418 8.119285 -33.444229
v  60.688889 8.644688 -33.444229
v  61.040356 8.918343 -33.444229
v  61.391827 9.135328 -33.444229
v  61.743294 9.279940 -33.444229
v  62.094761 9.399706 -33.444229
v  62.446232 9.272408 -33.444229
v  62.797699 9.145156 -33.444229
v  63.149166 8.947458 -33.444229
v  63.500637 8.724043 -33.444229
v  63.852104 8.267570 -33.444229
v  64.203575 7.503046 -33.444229
v  64.555038 6.766075 -33.444229
v  64.599449 6.652415 -33.444229
v  67.718254 6.729704 -33.444229
v  68.069725 7.604765 -33.444229
v  68.421196 8.369013 -33.444229
v  68.772659 8.788151 -33.444229
v  69.124130 8.894188 -33.444229
v  69.475601 8.933681 -33.444229
v  69.827065 8.972853 -33.444229
v  70.178535 9.012393 -33.444229
v  70.530006 9.034252 -33.444229
v  70.881470 9.012117 -33.444229
v  71.232941 8.935885 -33.444229
v  71.584412 8.465130 -33.444229
v  71.935875 7.700238 -33.444229
v  72.287346 6.652415 -33.344265
v  72.287346 6.733424 -33.444229
v  72.322693 6.652415 -33.444229
v  59.634483 6.652415 -33.771553
v  59.634483 6.881479 -34.062950
v  59.526875 6.652415 -34.062950
v  59.985950 7.742395 -34.062950
v  60.337421 8.393766 -34.062950
v  60.688889 8.763445 -34.062950
v  61.040356 8.964128 -34.062950
v  61.391827 9.145983 -34.062950
v  61.743294 9.273005 -34.062950
v  62.094761 9.376377 -34.062950
v  62.446232 9.241549 -34.062950
v  62.797699 9.106718 -34.062950
v  63.149166 8.884452 -34.062950
v  63.500637 8.574243 -34.062950
v  63.852104 7.990839 -34.062950
v  64.203575 7.152195 -34.062950
v  64.555038 6.652415 -33.652321
v  64.446167 6.652415 -34.062950
v  67.678024 6.652415 -33.444229
v  67.718254 6.652415 -33.591915
v  68.069725 7.274672 -34.062950
v  67.817986 6.652415 -34.062950
v  68.421196 8.116392 -34.062950
v  68.772659 8.672150 -34.062950
v  69.124130 8.839861 -34.062950
v  69.475601 8.896483 -34.062950
v  69.827065 8.953106 -34.062950
v  70.178535 9.009821 -34.062950
v  70.530006 9.056020 -34.062950
v  70.881470 9.076088 -34.062950
v  71.232941 9.071358 -34.062950
v  71.584412 8.731207 -34.062950
v  71.935883 8.104406 -34.062950
v  72.287346 7.144847 -34.062950
v  72.501312 6.652415 -34.062950
v  59.283012 6.652415 -34.608162
v  59.283012 6.722403 -34.681667
v  59.255455 6.652415 -34.681667
v  59.634483 7.436549 -34.681667
v  59.985950 8.169800 -34.681667
v  60.337421 8.621681 -34.681667
v  60.688889 8.831916 -34.681667
v  61.040356 8.998983 -34.681667
v  61.391827 9.151630 -34.681667
v  61.743294 9.260653 -34.681667
v  62.094761 9.347033 -34.681667
v  62.446232 9.204350 -34.681667
v  62.797699 9.061577 -34.681667
v  63.149166 8.799725 -34.681667
v  63.500637 8.325111 -34.681667
v  63.852104 7.579875 -34.681667
v  64.203575 6.718178 -34.681667
v  64.236557 6.652415 -34.681667
v  68.069725 6.893373 -34.681667
v  68.421196 7.738125 -34.681667
v  68.772659 8.440010 -34.681667
v  69.124130 8.728636 -34.681667
v  69.475601 8.824430 -34.681667
v  69.827065 8.911408 -34.681667
v  70.178535 8.998341 -34.681667
v  70.530006 9.072782 -34.681667
v  70.881470 9.116913 -34.681667
v  71.232941 9.134640 -34.681667
v  71.584412 8.918205 -34.681667
v  71.935875 8.452364 -34.681667
v  72.287346 7.598244 -34.681667
v  72.638817 6.652415 -34.462570
v  72.638817 6.825913 -34.681667
v  72.704849 6.652415 -34.681667
v  59.283012 7.295244 -35.300388
v  59.028809 6.652415 -35.300388
v  59.634483 7.967234 -35.300388
v  59.985950 8.513947 -35.300388
v  60.337421 8.766338 -35.300388
v  60.688889 8.900295 -35.300388
v  61.040356 9.033838 -35.300388
v  61.391827 9.156912 -35.300388
v  61.743294 9.248299 -35.300388
v  62.094761 9.317551 -35.300388
v  62.446232 9.166924 -35.300388
v  62.797699 9.016296 -35.300388
v  63.149166 8.648775 -35.300388
v  63.500637 7.994558 -35.300388
v  63.852104 7.132540 -35.300388
v  64.203575 6.652414 -34.769943
v  64.044899 6.652415 -35.300388
v  67.967834 6.652415 -34.681667
v  68.069725 6.652415 -35.041183
v  68.421196 7.315267 -35.300388
v  68.142715 6.652415 -35.300388
v  68.772659 8.131822 -35.300388
v  69.124130 8.555828 -35.300388
v  69.475601 8.752516 -35.300388
v  69.827065 8.869665 -35.300388
v  70.178535 8.986584 -35.300388
v  70.530006 9.089589 -35.300388
v  70.881470 9.157877 -35.300388
v  71.232941 9.197922 -35.300388
v  71.584412 9.030440 -35.300388
v  71.935875 8.727304 -35.300388
v  72.287346 8.042915 -35.300388
v  72.638817 7.305256 -35.300388
v  72.895241 6.652415 -35.300388
v  58.931545 6.652415 -35.669659
v  58.931545 6.818565 -35.919106
v  58.869110 6.652415 -35.919106
v  59.283012 7.703407 -35.919106
v  59.634483 8.308166 -35.919106
v  59.985950 8.729462 -35.919106
v  60.337418 8.868057 -35.919106
v  60.688889 8.968399 -35.919106
v  61.040356 9.068787 -35.919106
v  61.391827 9.162239 -35.919106
v  61.743294 9.235670 -35.919106
v  62.094761 9.288160 -35.919106
v  62.446232 9.129588 -35.919106
v  62.797699 8.947871 -35.919106
v  63.149166 8.475279 -35.919106
v  63.500637 7.673327 -35.919106
v  63.852104 6.743711 -35.919106
v  63.886684 6.652415 -35.919106
v  68.421196 6.943797 -35.919106
v  68.772659 7.823403 -35.919106
v  69.124130 8.363778 -35.919106
v  69.475601 8.680830 -35.919106
v  69.827065 8.827921 -35.919106
v  70.178535 8.975149 -35.919106
v  70.530006 9.106627 -35.919106
v  70.881470 9.198793 -35.919106
v  71.232941 9.261157 -35.919106
v  71.584412 9.104376 -35.919106
v  71.935883 8.901672 -35.919106
v  72.287346 8.331310 -35.919106
v  72.638817 7.651285 -35.919106
v  72.990288 6.652415 -35.746414
v  72.990288 6.746099 -35.919106
v  73.025688 6.652415 -35.919106
v  58.931545 7.320824 -36.537827
v  58.676781 6.652415 -36.537827
v  59.283012 8.149639 -36.537827
v  59.634483 8.641933 -36.537827
v  59.985950 8.902866 -36.537827
v  60.337421 8.969685 -36.537827
v  60.688889 9.036823 -36.537827
v  61.040356 9.103642 -36.537827
v  61.391827 9.167888 -36.537827
v  61.743294 9.223316 -36.537827
v  62.094761 9.258769 -36.537827
v  62.446232 9.092344 -36.537827
v  62.797699 8.811068 -36.537827
v  63.149166 8.209799 -36.537827
v  63.500637 7.257312 -36.537827
v  63.852104 6.652415 -36.038097
v  63.715755 6.652415 -36.537827
v  68.303116 6.652415 -35.919106
v  68.421196 6.652415 -36.319004
v  68.772659 7.414874 -36.537827
v  68.481979 6.652415 -36.537827
v  69.124130 8.088746 -36.537827
v  69.475601 8.572406 -36.537827
v  69.827065 8.786177 -36.537827
v  70.178535 8.963347 -36.537827
v  70.530006 9.123343 -36.537827
v  70.881470 9.239389 -36.537827
v  71.232941 9.324439 -36.537827
v  71.584412 9.178312 -36.537827
v  71.935883 9.032507 -36.537827
v  72.287346 8.611441 -36.537827
v  72.638817 8.045532 -36.537827
v  72.990288 7.159175 -36.537823
v  73.184036 6.652415 -36.537823
v  58.580074 6.652415 -36.826103
v  58.580074 6.943246 -37.156544
v  58.439636 6.652415 -37.156544
v  58.931545 7.828179 -37.156544
v  59.283012 8.499480 -37.156544
v  59.634483 8.855658 -37.156544
v  59.985950 8.988972 -37.156544
v  60.337421 9.035400 -37.156544
v  60.688889 9.082104 -37.156544
v  61.040356 9.128807 -37.156544
v  61.391827 9.169174 -37.156544
v  61.743294 9.191309 -37.156544
v  62.094761 9.194110 -37.156544
v  62.446232 8.979512 -37.156544
v  62.797699 8.539021 -37.156544
v  63.149166 7.837273 -37.156544
v  63.500637 6.837715 -37.156544
v  63.564663 6.652415 -37.156544
v  68.772659 6.978836 -37.156544
v  69.124130 7.723843 -37.156544
v  69.475601 8.380402 -37.156544
v  69.827065 8.730473 -37.156544
v  70.178535 8.946080 -37.156544
v  70.530006 9.138313 -37.156544
v  70.881470 9.272270 -37.156544
v  71.232941 9.373623 -37.156544
v  71.584412 9.231997 -37.156544
v  71.935875 9.090737 -37.156544
v  72.287346 8.803123 -37.156544
v  72.638817 8.362538 -37.156544
v  72.990288 7.594707 -37.156544
v  73.341751 6.652415 -37.092674
v  73.341751 6.699901 -37.156544
v  73.365585 6.652415 -37.156544
v  58.228607 6.652415 -37.716534
v  58.228607 6.698247 -37.775265
v  58.209133 6.652415 -37.775265
v  58.580074 7.405230 -37.775265
v  58.931545 8.220545 -37.775265
v  59.283012 8.743607 -37.775265
v  59.634483 8.979465 -37.775265
v  59.985950 9.059051 -37.775265
v  60.337418 9.089819 -37.775265
v  60.688889 9.120358 -37.775265
v  61.040356 9.150805 -37.775265
v  61.391827 9.169220 -37.775265
v  61.743294 9.152687 -37.775265
v  62.094761 9.118245 -37.775265
v  62.446232 8.807806 -37.775265
v  62.797699 8.229821 -37.775261
v  63.149166 7.481600 -37.775261
v  63.500637 6.652415 -37.483105
v  63.442074 6.652415 -37.775265
v  68.651596 6.652415 -37.156544
v  68.772659 6.652415 -37.683491
v  69.124130 7.371660 -37.775265
v  68.798409 6.652415 -37.775265
v  69.475601 8.156115 -37.775265
v  69.827065 8.657593 -37.775265
v  70.178535 8.926563 -37.775265
v  70.530006 9.152779 -37.775261
v  70.881470 9.302717 -37.775261
v  71.232941 9.418351 -37.775265
v  71.584412 9.279343 -37.775265
v  71.935875 9.140564 -37.775265
v  72.287346 8.914623 -37.775265
v  72.638817 8.578697 -37.775265
v  72.990288 7.939956 -37.775265
v  73.341751 7.097592 -37.775265
v  73.567734 6.652415 -37.775265
v  58.228607 7.207348 -38.393982
v  58.009953 6.652415 -38.393982
v  58.580078 7.912356 -38.393982
v  58.931545 8.590591 -38.393982
v  59.283012 8.925415 -38.393982
v  59.634483 9.037880 -38.393982
v  59.985950 9.089727 -38.393982
v  60.337421 9.103826 -38.393982
v  60.688889 9.117741 -38.393982
v  61.040356 9.131884 -38.393982
v  61.391827 9.127889 -38.393982
v  61.743294 9.072689 -38.393982
v  62.094761 8.986584 -38.393982
v  62.446232 8.497919 -38.393982
v  62.797699 7.738722 -38.393982
v  63.149166 6.975943 -38.393982
v  63.267509 6.652415 -38.393982
v  69.124130 6.898655 -38.393982
v  69.475601 7.796952 -38.393982
v  69.827065 8.496082 -38.393982
v  70.178535 8.881742 -38.393982
v  70.530006 9.132573 -38.393982
v  70.881470 9.289308 -38.393982
v  71.232941 9.412427 -38.393982
v  71.584412 9.284899 -38.393982
v  71.935883 9.157326 -38.393982
v  72.287346 8.969409 -38.393982
v  72.638817 8.762481 -38.393982
v  72.990288 8.318912 -38.393982
v  73.341751 7.614500 -38.393982
v  73.693222 6.652415 -38.078537
v  73.693222 6.909538 -38.393982
v  73.794655 6.652415 -38.393982
v  57.877140 6.652415 -38.877518
v  57.877140 6.746650 -39.012699
v  57.841877 6.652415 -39.012699
v  58.228607 7.694544 -39.012703
v  58.580078 8.331127 -39.012703
v  58.931545 8.846749 -39.012703
v  59.283012 9.007387 -39.012703
v  59.634483 9.069200 -39.012703
v  59.985950 9.093264 -39.012699
v  60.337421 9.090462 -39.012699
v  60.688889 9.087660 -39.012699
v  61.040356 9.084860 -39.012699
v  61.391827 9.058545 -39.012699
v  61.743294 8.964036 -39.012699
v  62.094761 8.748796 -39.012699
v  62.446232 8.082317 -39.012699
v  62.797699 7.202664 -39.012699
v  63.149166 6.652415 -38.769878
v  63.052422 6.652415 -39.012703
v  69.011742 6.652415 -38.393982
v  69.124130 6.652415 -38.706665
v  69.475601 7.368170 -39.012699
v  69.212662 6.652415 -39.012699
v  69.827065 8.248466 -39.012699
v  70.178535 8.784248 -39.012699
v  70.530006 9.088762 -39.012699
v  70.881470 9.246094 -39.012699
v  71.232941 9.372015 -39.012699
v  71.584412 9.261616 -39.012699
v  71.935875 9.151539 -39.012699
v  72.287346 9.004908 -39.012699
v  72.638817 8.856714 -39.012699
v  72.990288 8.613552 -39.012699
v  73.341751 8.102339 -39.012699
v  73.693222 7.424426 -39.012703
v  73.985001 6.652415 -39.012703
v  57.877140 7.171483 -39.631420
v  57.686466 6.652415 -39.631420
v  58.228607 8.127138 -39.631420
v  58.580074 8.644413 -39.631420
v  58.931545 9.003254 -39.631420
v  59.283012 9.073057 -39.631420
v  59.634483 9.098040 -39.631420
v  59.985950 9.096249 -39.631420
v  60.337421 9.075583 -39.631420
v  60.688889 9.054917 -39.631420
v  61.040356 9.034528 -39.631420
v  61.391827 8.985252 -39.631420
v  61.743294 8.810516 -39.631420
v  62.094761 8.435601 -39.631420
v  62.446232 7.596131 -39.631420
v  62.797699 6.661830 -39.631420
v  62.799889 6.652415 -39.638180
v  69.475601 6.931535 -39.631420
v  69.827065 7.925306 -39.631420
v  70.178535 8.599684 -39.631420
v  70.530006 9.025940 -39.631420
v  70.881470 9.188644 -39.631420
v  71.232941 9.321684 -39.631420
v  71.584412 9.233465 -39.631420
v  71.935875 9.145523 -39.631420
v  72.287346 9.032691 -39.631420
v  72.638817 8.918343 -39.631420
v  72.990288 8.795132 -39.631420
v  73.341751 8.468620 -39.631420
v  73.693222 7.901565 -39.631420
v  74.044693 6.652415 -39.220695
v  74.044693 6.964278 -39.631420
v  74.159561 6.652415 -39.631420
v  57.877140 7.513149 -40.250137
v  58.228607 8.399920 -40.250137
v  58.580078 8.829528 -40.250137
v  58.931545 9.083160 -40.250137
v  59.283012 9.126465 -40.250137
v  59.634483 9.123067 -40.250137
v  59.985950 9.098637 -40.250137
v  60.337418 9.058775 -40.250137
v  60.688889 9.019052 -40.250137
v  61.040356 8.979465 -40.250137
v  61.391827 8.907045 -40.250137
v  61.743294 8.612451 -40.250137
v  62.094761 8.116208 -40.250137
v  62.446232 7.188887 -40.250137
v  62.643059 6.652415 -40.250137
v  69.377693 6.652415 -39.631420
v  69.475601 6.652415 -40.162952
v  69.827065 7.623777 -40.250137
v  69.491417 6.652415 -40.250137
v  70.178535 8.384306 -40.250137
v  70.530006 8.928446 -40.250137
v  70.881470 9.111954 -40.250137
v  71.232941 9.258677 -40.250137
v  71.584412 9.198977 -40.250137
v  71.935883 9.139140 -40.250137
v  72.287346 9.049131 -40.250137
v  72.638817 8.958113 -40.250137
v  72.990288 8.866680 -40.250137
v  73.341751 8.672609 -40.250137
v  73.693222 8.211636 -40.250137
v  74.044693 7.351959 -40.250137
v  74.303825 6.652415 -40.250137
v  57.525669 6.652415 -40.369942
v  57.525669 7.037388 -40.868858
v  57.349293 6.652415 -40.868858
v  57.559757 6.652415 -40.250137
v  57.877140 7.962780 -40.868858
v  58.228607 8.687029 -40.868858
v  58.580078 8.986263 -40.868858
v  58.931545 9.160724 -40.868858
v  59.283012 9.180012 -40.868858
v  59.634483 9.148325 -40.868858
v  59.985950 9.100886 -40.868858
v  60.337421 9.041922 -40.868858
v  60.688889 8.983324 -40.868858
v  61.040356 8.924681 -40.868858
v  61.391827 8.797474 -40.868858
v  61.743294 8.300910 -40.868858
v  62.094761 7.670021 -40.868858
v  62.446232 6.726857 -40.868858
v  62.473969 6.652415 -40.868858
v  69.827065 7.267461 -40.868858
v  70.178535 8.082363 -40.868858
v  70.530006 8.763628 -40.868858
v  70.881470 9.035355 -40.868858
v  71.232941 9.195534 -40.868858
v  71.584412 9.164214 -40.868858
v  71.935883 9.132803 -40.868858
v  72.287346 9.066031 -40.868858
v  72.638817 8.997560 -40.868858
v  72.990288 8.929134 -40.868858
v  73.341751 8.847989 -40.868858
v  73.693222 8.536127 -40.868858
v  74.044693 7.858489 -40.868858
v  74.396164 6.652415 -40.527805
v  74.396164 6.958584 -40.868858
v  74.538132 6.652415 -40.868858
v  57.174202 6.652415 -41.373116
v  57.174202 6.739164 -41.487576
v  57.142002 6.652415 -41.487576
v  57.525669 7.525318 -41.487576
v  57.877140 8.339164 -41.487576
v  58.228607 8.893040 -41.487576
v  58.580078 9.079762 -41.487576
v  58.931545 9.238287 -41.487576
v  59.283012 9.233236 -41.487576
v  59.634483 9.173261 -41.487576
v  59.985950 9.102861 -41.487576
v  60.337421 9.025343 -41.487576
v  60.688889 8.947320 -41.487576
v  61.040356 8.869848 -41.487576
v  61.391827 8.604874 -41.487576
v  61.743294 7.906203 -41.487576
v  62.094761 7.191643 -41.487576
v  62.446232 6.652415 -40.969921
v  62.300648 6.652415 -41.487576
v  69.609039 6.652415 -40.868858
v  69.827065 6.914406 -41.487576
v  69.731033 6.652415 -41.487579
v  70.178535 7.714796 -41.487576
v  70.530006 8.523865 -41.487576
v  70.881470 8.955357 -41.487576
v  71.232941 9.132757 -41.487576
v  71.584412 9.129496 -41.487576
v  71.935875 9.126511 -41.487576
v  72.287346 9.082563 -41.487576
v  72.638817 9.037054 -41.487576
v  72.990288 8.991544 -41.487576
v  73.341751 8.945759 -41.487576
v  73.693222 8.779794 -41.487576
v  74.044693 8.302977 -41.487576
v  74.396156 7.524354 -41.487576
v  74.747627 6.652415 -41.352600
v  74.747627 6.778475 -41.487576
v  74.797104 6.652415 -41.487576
v  57.174202 7.119452 -42.106297
v  57.003819 6.652415 -42.106293
v  57.525669 7.889211 -42.106297
v  57.877140 8.583290 -42.106297
v  58.228607 9.005733 -42.106297
v  58.580074 9.165958 -42.106297
v  58.931545 9.313096 -42.106297
v  59.283012 9.284945 -42.106297
v  59.634483 9.198013 -42.106297
v  59.985950 9.104101 -42.106297
v  60.337418 9.005733 -42.106297
v  60.688889 8.907091 -42.106297
v  61.040356 8.790953 -42.106297
v  61.391827 8.377601 -42.106297
v  61.743294 7.525272 -42.106297
v  62.094761 6.791655 -42.106297
v  62.148987 6.652415 -42.106297
v  69.827065 6.652415 -42.041100
v  70.178535 7.401602 -42.106297
v  69.840973 6.652415 -42.106297
v  70.530006 8.267799 -42.106297
v  70.881470 8.836370 -42.106297
v  71.232941 9.067684 -42.106297
v  71.584412 9.093814 -42.106297
v  71.935875 9.120220 -42.106297
v  72.287346 9.098911 -42.106297
v  72.638817 9.075491 -42.106297
v  72.990288 9.052025 -42.106297
v  73.341751 9.028925 -42.106297
v  73.693222 8.931661 -42.106297
v  74.044693 8.614380 -42.106297
v  74.396156 7.976970 -42.106297
v  74.747627 7.245280 -42.106297
v  74.972679 6.652415 -42.106297
v  56.822735 6.657697 -42.725014
v  56.821743 6.652415 -42.721756
v  57.174202 7.608393 -42.725014
v  57.525669 8.261278 -42.725014
v  57.877140 8.775339 -42.725014
v  58.228607 9.060474 -42.725014
v  58.580078 9.217117 -42.725014
v  58.931545 9.363152 -42.725014
v  59.283012 9.322051 -42.725014
v  59.634483 9.218220 -42.725014
v  59.985950 9.096202 -42.725014
v  60.337421 8.961327 -42.725014
v  60.688889 8.826267 -42.725014
v  61.040356 8.582004 -42.725014
v  61.391827 7.982848 -42.725014
v  61.743294 7.029121 -42.725014
v  62.094761 6.652415 -42.286072
v  61.928036 6.652415 -42.725014
v  70.178535 6.996378 -42.725014
v  70.530006 7.870107 -42.725014
v  70.881470 8.617824 -42.725014
v  71.232941 8.980247 -42.725014
v  71.584412 9.049177 -42.725014
v  71.935883 9.113148 -42.725014
v  72.287346 9.110209 -42.725014
v  72.638817 9.104239 -42.725014
v  72.990288 9.098269 -42.725014
v  73.341751 9.092299 -42.725014
v  73.693222 9.029522 -42.725014
v  74.044693 8.890192 -42.725014
v  74.396164 8.445889 -42.725014
v  74.747627 7.799386 -42.725014
v  75.099098 6.652415 -42.495686
v  75.099098 6.848553 -42.725014
v  75.169701 6.652415 -42.725014
v  56.822731 7.207716 -43.343735
v  56.612690 6.652415 -43.343735
v  57.174202 8.038001 -43.343735
v  57.525669 8.542740 -43.343735
v  57.877140 8.877426 -43.343735
v  58.228607 9.115260 -43.343735
v  58.580078 9.268275 -43.343735
v  58.931545 9.413162 -43.343735
v  59.283012 9.359157 -43.343735
v  59.634483 9.238655 -43.343735
v  59.985950 9.088304 -43.343735
v  60.337421 8.917057 -43.343735
v  60.688889 8.696995 -43.343735
v  61.040356 8.314044 -43.343735
v  61.391827 7.557832 -43.343735
v  61.743294 6.652415 -43.283363
v  61.728161 6.652415 -43.343735
v  70.016747 6.652415 -42.725014
v  70.178535 6.652415 -43.257195
v  70.530006 7.487937 -43.343735
v  70.200592 6.652415 -43.343735
v  70.881470 8.352160 -43.343735
v  71.232941 8.839310 -43.343735
v  71.584412 9.004953 -43.343735
v  71.935875 9.106398 -43.343735
v  72.287346 9.121827 -43.343735
v  72.638817 9.132986 -43.343735
v  72.990288 9.144513 -43.343735
v  73.341751 9.155672 -43.343735
v  73.693222 9.125225 -43.343735
v  74.044693 9.069384 -43.343735
v  74.396156 8.797014 -43.343735
v  74.747627 8.272943 -43.343735
v  75.099098 7.375058 -43.343735
v  75.357445 6.652415 -43.343735
v  56.822731 7.539508 -43.962452
v  57.174202 8.208467 -43.962452
v  57.525669 8.577595 -43.962452
v  57.877140 8.798071 -43.962452
v  58.228607 8.993656 -43.962452
v  58.580074 9.130507 -43.962452
v  58.931545 9.261433 -43.962452
v  59.283012 9.210917 -43.962452
v  59.634483 9.098774 -43.962452
v  59.985950 8.945667 -43.962452
v  60.337421 8.763628 -43.962452
v  60.688889 8.452180 -43.962452
v  61.040356 7.982664 -43.962452
v  61.391827 7.169462 -43.962452
v  61.593693 6.652415 -43.962452
v  70.530006 7.112058 -43.962452
v  70.881470 8.005487 -43.962452
v  71.232941 8.575069 -43.962452
v  71.584412 8.847071 -43.962452
v  71.935875 8.970787 -43.962452
v  72.287346 8.988789 -43.962452
v  72.638817 9.001923 -43.962452
v  72.990288 9.015011 -43.962452
v  73.341751 9.028145 -43.962452
v  73.693222 9.014137 -43.962452
v  74.044693 8.983967 -43.962452
v  74.396156 8.827232 -43.962452
v  74.747627 8.422560 -43.962452
v  75.099098 7.646417 -43.962452
v  75.450569 6.652415 -43.900158
v  75.450569 6.681577 -43.962452
v  75.463333 6.652415 -43.962452
v  56.474804 6.652415 -43.975475
v  56.471264 7.067192 -44.581173
v  56.283134 6.652415 -44.581173
v  56.822731 7.890038 -44.581173
v  57.174202 8.349771 -44.581173
v  57.525669 8.554588 -44.581173
v  57.877140 8.707373 -44.581173
v  58.228607 8.860113 -44.581173
v  58.580074 8.979834 -44.581173
v  58.931545 9.096386 -44.581173
v  59.283012 9.049820 -44.581173
v  59.634483 8.947825 -44.581173
v  59.985950 8.793709 -44.581173
v  60.337418 8.563267 -44.581173
v  60.688889 8.106013 -44.581173
v  61.040356 7.528441 -44.581173
v  61.391827 6.714917 -44.581173
v  61.417820 6.652415 -44.581173
v  70.349266 6.652415 -43.962452
v  70.530006 6.684608 -44.581173
v  70.523743 6.652415 -44.603279
v  70.881470 7.556546 -44.581173
v  71.232941 8.221233 -44.581173
v  71.584412 8.650659 -44.581173
v  71.935875 8.826635 -44.581173
v  72.287346 8.846244 -44.581173
v  72.638817 8.860066 -44.581173
v  72.990288 8.873890 -44.581173
v  73.341751 8.887712 -44.581173
v  73.693222 8.889274 -44.581173
v  74.044693 8.883442 -44.581173
v  74.396164 8.806108 -44.581173
v  74.747627 8.551649 -44.581173
v  75.099098 7.968612 -44.581173
v  75.450569 7.048180 -44.581173
v  75.628586 6.652415 -44.581173
v  56.471264 7.247255 -45.199890
v  56.822731 7.962412 -45.199890
v  57.174202 8.231888 -45.199890
v  57.525669 8.359783 -45.199890
v  57.877140 8.487999 -45.199890
v  58.228607 8.616171 -45.199890
v  58.580078 8.719864 -45.199890
v  58.931545 8.821491 -45.199890
v  59.283012 8.778370 -45.199890
v  59.634483 8.686203 -45.199890
v  59.985950 8.542648 -45.199890
v  60.337421 8.205941 -45.199890
v  60.688889 7.617439 -45.199890
v  61.040356 6.997802 -45.199890
v  61.391827 6.652415 -44.660072
v  61.197395 6.652415 -45.199890
v  70.881470 7.063839 -45.199890
v  70.707184 6.652415 -45.199890
v  71.232941 7.736885 -45.199890
v  71.584412 8.307569 -45.199890
v  71.935883 8.580397 -45.199890
v  72.287346 8.597113 -45.199890
v  72.638817 8.607950 -45.199890
v  72.990288 8.618742 -45.199890
v  73.341751 8.629580 -45.199890
v  73.693222 8.637570 -45.199890
v  74.044693 8.643816 -45.199890
v  74.396164 8.585770 -45.199890
v  74.747627 8.441984 -45.199890
v  75.099098 8.051089 -45.199890
v  75.450569 7.200689 -45.199890
v  75.713104 6.652415 -45.199890
v  56.187950 6.652415 -45.199890
v  56.471264 6.968366 -45.818611
v  56.303143 6.652415 -45.818611
v  56.822735 7.614271 -45.818611
v  57.174202 7.785885 -45.818611
v  57.525669 7.902023 -45.818611
v  57.877140 8.007095 -45.818611
v  58.228607 8.108126 -45.818611
v  58.580078 8.189363 -45.818611
v  58.931545 8.267570 -45.818611
v  59.283012 8.231842 -45.818611
v  59.634483 8.156344 -45.818611
v  59.985950 7.999197 -45.818611
v  60.337421 7.602928 -45.818611
v  60.688889 6.934934 -45.818611
v  61.040356 6.652415 -45.530296
v  60.858944 6.652415 -45.818611
v  70.881470 6.652415 -45.585258
v  71.232941 7.031050 -45.818611
v  71.020950 6.652415 -45.818611
v  71.584412 7.682788 -45.818611
v  71.935875 8.058942 -45.818611
v  72.287346 8.089113 -45.818611
v  72.638817 8.088884 -45.818611
v  72.990288 8.087460 -45.818611
v  73.341751 8.090078 -45.818611
v  73.693222 8.108768 -45.818611
v  74.044693 8.131592 -45.818611
v  74.396156 8.097012 -45.818611
v  74.747627 7.989828 -45.818611
v  75.099098 7.705887 -45.818611
v  75.450569 6.922351 -45.818611
v  75.591225 6.652415 -45.818611
v  56.471264 6.652415 -46.183125
v  56.822735 6.959870 -46.437328
v  56.617992 6.652415 -46.437328
v  57.174202 7.108017 -46.437328
v  57.525669 7.222641 -46.437328
v  57.877140 7.297219 -46.437328
v  58.228607 7.355725 -46.437328
v  58.580074 7.403807 -46.437328
v  58.931545 7.443208 -46.437328
v  59.283012 7.422588 -46.437328
v  59.634483 7.374324 -46.437328
v  59.985950 7.254649 -46.437328
v  60.337418 6.898976 -46.437328
v  60.688889 6.652415 -46.091080
v  60.480518 6.652415 -46.437328
v  71.232941 6.652415 -46.165993
v  71.584412 6.961936 -46.437328
v  71.404678 6.652415 -46.437328
v  71.935875 7.341994 -46.437328
v  72.287346 7.344566 -46.437328
v  72.638817 7.322569 -46.437328
v  72.990288 7.293591 -46.437328
v  73.341751 7.280412 -46.437328
v  73.693222 7.320410 -46.437328
v  74.044693 7.375058 -46.437328
v  74.396156 7.379191 -46.437328
v  74.747627 7.307414 -46.437328
v  75.099098 7.091485 -46.437328
v  75.450569 6.652415 -46.154114
v  75.330482 6.652415 -46.437328
v  56.822735 6.652415 -46.669411
v  57.174202 6.652415 -46.787376
v  57.525669 6.652415 -46.878994
v  57.877140 6.652415 -46.917194
v  58.228607 6.652415 -46.932243
v  58.580078 6.652415 -46.944645
v  58.931545 6.652415 -46.946632
v  59.283012 6.652415 -46.943439
v  59.634483 6.652415 -46.928822
v  59.985950 6.652415 -46.868847
v  60.337418 6.652415 -46.626617
v  71.584412 6.652415 -46.668095
v  71.935883 6.652415 -46.949909
v  72.287346 6.652415 -46.931610
v  72.638817 6.652415 -46.902138
v  72.990288 6.652415 -46.865917
v  73.341751 6.652415 -46.849148
v  73.693222 6.652415 -46.887539
v  74.044693 6.652415 -46.944202
v  74.396164 6.652415 -46.973122
v  74.747627 6.652415 -46.941185
v  75.099098 6.652415 -46.781178
# 2636 vertices

vt  0.450000 0.150000 0.000000
vt  0.449788 0.150000 0.000000
vt  0.460000 0.145387 0.000000
vt  0.460000 0.150000 0.000000
vt  0.470000 0.143560 0.000000
vt  0.470000 0.150000 0.000000
vt  0.480000 0.142288 0.000000
vt  0.480000 0.150000 0.000000
vt  0.490000 0.141998 0.000000
vt  0.490000 0.150000 0.000000
vt  0.500000 0.141574 0.000000
vt  0.500000 0.150000 0.000000
vt  0.510000 0.142105 0.000000
vt  0.510000 0.150000 0.000000
vt  0.520000 0.143188 0.000000
vt  0.520000 0.150000 0.000000
vt  0.530000 0.144399 0.000000
vt  0.530000 0.150000 0.000000
vt  0.540000 0.146068 0.000000
vt  0.540000 0.150000 0.000000
vt  0.548656 0.150000 0.000000
vt  0.450000 0.160000 0.000000
vt  0.442136 0.160000 0.000000
vt  0.460000 0.160000 0.000000
vt  0.470000 0.160000 0.000000
vt  0.480000 0.160000 0.000000
vt  0.490000 0.160000 0.000000
vt  0.500000 0.160000 0.000000
vt  0.510000 0.160000 0.000000
vt  0.520000 0.160000 0.000000
vt  0.530000 0.160000 0.000000
vt  0.540000 0.160000 0.000000
vt  0.550000 0.150886 0.000000
vt  0.550000 0.160000 0.000000
vt  0.557999 0.160000 0.000000
vt  0.440000 0.164124 0.000000
vt  0.440000 0.170000 0.000000
vt  0.437474 0.170000 0.000000
vt  0.450000 0.170000 0.000000
vt  0.460000 0.170000 0.000000
vt  0.470000 0.170000 0.000000
vt  0.480000 0.170000 0.000000
vt  0.490000 0.170000 0.000000
vt  0.500000 0.170000 0.000000
vt  0.510000 0.170000 0.000000
vt  0.520000 0.170000 0.000000
vt  0.530000 0.170000 0.000000
vt  0.540000 0.170000 0.000000
vt  0.550000 0.170000 0.000000
vt  0.560000 0.163172 0.000000
vt  0.560000 0.170000 0.000000
vt  0.563508 0.170000 0.000000
vt  0.440000 0.180000 0.000000
vt  0.435524 0.180000 0.000000
vt  0.450000 0.180000 0.000000
vt  0.460000 0.180000 0.000000
vt  0.470000 0.180000 0.000000
vt  0.480000 0.180000 0.000000
vt  0.490000 0.180000 0.000000
vt  0.500000 0.180000 0.000000
vt  0.510000 0.180000 0.000000
vt  0.520000 0.180000 0.000000
vt  0.530000 0.180000 0.000000
vt  0.540000 0.180000 0.000000
vt  0.550000 0.180000 0.000000
vt  0.560000 0.180000 0.000000
vt  0.565732 0.180000 0.000000
vt  0.440000 0.190000 0.000000
vt  0.434668 0.190000 0.000000
vt  0.450000 0.190000 0.000000
vt  0.460000 0.190000 0.000000
vt  0.470000 0.190000 0.000000
vt  0.480000 0.190000 0.000000
vt  0.490000 0.190000 0.000000
vt  0.500000 0.190000 0.000000
vt  0.510000 0.190000 0.000000
vt  0.520000 0.190000 0.000000
vt  0.530000 0.190000 0.000000
vt  0.540000 0.190000 0.000000
vt  0.550000 0.190000 0.000000
vt  0.560000 0.190000 0.000000
vt  0.566761 0.190000 0.000000
vt  0.440000 0.200000 0.000000
vt  0.450000 0.200000 0.000000
vt  0.460000 0.200000 0.000000
vt  0.470000 0.200000 0.000000
vt  0.480000 0.200000 0.000000
vt  0.490000 0.200000 0.000000
vt  0.500000 0.200000 0.000000
vt  0.510000 0.200000 0.000000
vt  0.520000 0.200000 0.000000
vt  0.530000 0.200000 0.000000
vt  0.540000 0.200000 0.000000
vt  0.550000 0.200000 0.000000
vt  0.560000 0.200000 0.000000
vt  0.568010 0.200000 0.000000
vt  0.433630 0.200000 0.000000
vt  0.440000 0.210000 0.000000
vt  0.433036 0.210000 0.000000
vt  0.450000 0.210000 0.000000
vt  0.460000 0.210000 0.000000
vt  0.470000 0.210000 0.000000
vt  0.480000 0.210000 0.000000
vt  0.490000 0.210000 0.000000
vt  0.500000 0.210000 0.000000
vt  0.510000 0.210000 0.000000
vt  0.520000 0.210000 0.000000
vt  0.530000 0.210000 0.000000
vt  0.540000 0.210000 0.000000
vt  0.550000 0.210000 0.000000
vt  0.560000 0.210000 0.000000
vt  0.568590 0.210000 0.000000
vt  0.440000 0.220000 0.000000
vt  0.450000 0.220000 0.000000
vt  0.460000 0.220000 0.000000
vt  0.470000 0.220000 0.000000
vt  0.480000 0.220000 0.000000
vt  0.490000 0.220000 0.000000
vt  0.500000 0.220000 0.000000
vt  0.510000 0.220000 0.000000
vt  0.520000 0.220000 0.000000
vt  0.530000 0.220000 0.000000
vt  0.540000 0.220000 0.000000
vt  0.550000 0.220000 0.000000
vt  0.560000 0.220000 0.000000
vt  0.567979 0.220000 0.000000
vt  0.433502 0.220000 0.000000
vt  0.440000 0.230000 0.000000
vt  0.433945 0.230000 0.000000
vt  0.450000 0.230000 0.000000
vt  0.460000 0.230000 0.000000
vt  0.470000 0.230000 0.000000
vt  0.480000 0.230000 0.000000
vt  0.490000 0.230000 0.000000
vt  0.500000 0.230000 0.000000
vt  0.510000 0.230000 0.000000
vt  0.520000 0.230000 0.000000
vt  0.530000 0.230000 0.000000
vt  0.540000 0.230000 0.000000
vt  0.550000 0.230000 0.000000
vt  0.560000 0.230000 0.000000
vt  0.567405 0.230000 0.000000
vt  0.440000 0.240000 0.000000
vt  0.450000 0.240000 0.000000
vt  0.460000 0.240000 0.000000
vt  0.470000 0.240000 0.000000
vt  0.480000 0.240000 0.000000
vt  0.490000 0.240000 0.000000
vt  0.500000 0.240000 0.000000
vt  0.510000 0.240000 0.000000
vt  0.520000 0.240000 0.000000
vt  0.530000 0.240000 0.000000
vt  0.540000 0.240000 0.000000
vt  0.550000 0.240000 0.000000
vt  0.560000 0.240000 0.000000
vt  0.566698 0.240000 0.000000
vt  0.434522 0.240000 0.000000
vt  0.440000 0.250000 0.000000
vt  0.434859 0.250000 0.000000
vt  0.450000 0.250000 0.000000
vt  0.460000 0.250000 0.000000
vt  0.470000 0.250000 0.000000
vt  0.480000 0.250000 0.000000
vt  0.490000 0.250000 0.000000
vt  0.500000 0.250000 0.000000
vt  0.510000 0.250000 0.000000
vt  0.520000 0.250000 0.000000
vt  0.530000 0.250000 0.000000
vt  0.540000 0.250000 0.000000
vt  0.550000 0.250000 0.000000
vt  0.560000 0.250000 0.000000
vt  0.566404 0.250000 0.000000
vt  0.440000 0.260000 0.000000
vt  0.450000 0.260000 0.000000
vt  0.460000 0.260000 0.000000
vt  0.470000 0.260000 0.000000
vt  0.480000 0.260000 0.000000
vt  0.490000 0.260000 0.000000
vt  0.500000 0.260000 0.000000
vt  0.510000 0.260000 0.000000
vt  0.520000 0.260000 0.000000
vt  0.530000 0.260000 0.000000
vt  0.540000 0.260000 0.000000
vt  0.550000 0.260000 0.000000
vt  0.560000 0.260000 0.000000
vt  0.567028 0.260000 0.000000
vt  0.434414 0.260000 0.000000
vt  0.440000 0.270000 0.000000
vt  0.433379 0.270000 0.000000
vt  0.450000 0.270000 0.000000
vt  0.460000 0.270000 0.000000
vt  0.470000 0.270000 0.000000
vt  0.480000 0.270000 0.000000
vt  0.490000 0.270000 0.000000
vt  0.500000 0.270000 0.000000
vt  0.510000 0.270000 0.000000
vt  0.520000 0.270000 0.000000
vt  0.530000 0.270000 0.000000
vt  0.540000 0.270000 0.000000
vt  0.550000 0.270000 0.000000
vt  0.560000 0.270000 0.000000
vt  0.568274 0.270000 0.000000
vt  0.440000 0.280000 0.000000
vt  0.450000 0.280000 0.000000
vt  0.460000 0.280000 0.000000
vt  0.470000 0.280000 0.000000
vt  0.480000 0.280000 0.000000
vt  0.490000 0.280000 0.000000
vt  0.500000 0.280000 0.000000
vt  0.510000 0.280000 0.000000
vt  0.520000 0.280000 0.000000
vt  0.530000 0.280000 0.000000
vt  0.540000 0.280000 0.000000
vt  0.550000 0.280000 0.000000
vt  0.560000 0.280000 0.000000
vt  0.569846 0.280000 0.000000
vt  0.432027 0.280000 0.000000
vt  0.440000 0.290000 0.000000
vt  0.430722 0.290000 0.000000
vt  0.450000 0.290000 0.000000
vt  0.460000 0.290000 0.000000
vt  0.470000 0.290000 0.000000
vt  0.480000 0.290000 0.000000
vt  0.490000 0.290000 0.000000
vt  0.500000 0.290000 0.000000
vt  0.510000 0.290000 0.000000
vt  0.520000 0.290000 0.000000
vt  0.530000 0.290000 0.000000
vt  0.540000 0.290000 0.000000
vt  0.550000 0.290000 0.000000
vt  0.560000 0.290000 0.000000
vt  0.570000 0.281125 0.000000
vt  0.570000 0.290000 0.000000
vt  0.571251 0.290000 0.000000
vt  0.440000 0.300000 0.000000
vt  0.450000 0.300000 0.000000
vt  0.460000 0.300000 0.000000
vt  0.470000 0.300000 0.000000
vt  0.480000 0.300000 0.000000
vt  0.490000 0.300000 0.000000
vt  0.500000 0.300000 0.000000
vt  0.510000 0.300000 0.000000
vt  0.520000 0.300000 0.000000
vt  0.530000 0.300000 0.000000
vt  0.540000 0.300000 0.000000
vt  0.550000 0.300000 0.000000
vt  0.560000 0.300000 0.000000
vt  0.570000 0.300000 0.000000
vt  0.571410 0.300000 0.000000
vt  0.430342 0.300000 0.000000
vt  0.440000 0.310000 0.000000
vt  0.430376 0.310000 0.000000
vt  0.450000 0.310000 0.000000
vt  0.460000 0.310000 0.000000
vt  0.470000 0.310000 0.000000
vt  0.480000 0.310000 0.000000
vt  0.490000 0.310000 0.000000
vt  0.500000 0.310000 0.000000
vt  0.510000 0.310000 0.000000
vt  0.520000 0.310000 0.000000
vt  0.530000 0.310000 0.000000
vt  0.540000 0.310000 0.000000
vt  0.550000 0.310000 0.000000
vt  0.560000 0.310000 0.000000
vt  0.570000 0.310000 0.000000
vt  0.571115 0.310000 0.000000
vt  0.440000 0.320000 0.000000
vt  0.450000 0.320000 0.000000
vt  0.460000 0.320000 0.000000
vt  0.470000 0.320000 0.000000
vt  0.480000 0.320000 0.000000
vt  0.490000 0.320000 0.000000
vt  0.500000 0.320000 0.000000
vt  0.510000 0.320000 0.000000
vt  0.520000 0.320000 0.000000
vt  0.530000 0.320000 0.000000
vt  0.540000 0.320000 0.000000
vt  0.550000 0.320000 0.000000
vt  0.560000 0.320000 0.000000
vt  0.570000 0.320000 0.000000
vt  0.571049 0.320000 0.000000
vt  0.430000 0.320800 0.000000
vt  0.430000 0.330000 0.000000
vt  0.427189 0.330000 0.000000
vt  0.440000 0.330000 0.000000
vt  0.450000 0.330000 0.000000
vt  0.460000 0.330000 0.000000
vt  0.470000 0.330000 0.000000
vt  0.480000 0.330000 0.000000
vt  0.490000 0.330000 0.000000
vt  0.500000 0.330000 0.000000
vt  0.510000 0.330000 0.000000
vt  0.520000 0.330000 0.000000
vt  0.530000 0.330000 0.000000
vt  0.540000 0.330000 0.000000
vt  0.550000 0.330000 0.000000
vt  0.560000 0.330000 0.000000
vt  0.570000 0.330000 0.000000
vt  0.573795 0.330000 0.000000
vt  0.420000 0.337637 0.000000
vt  0.420000 0.340000 0.000000
vt  0.416015 0.340000 0.000000
vt  0.430000 0.340000 0.000000
vt  0.440000 0.340000 0.000000
vt  0.450000 0.340000 0.000000
vt  0.460000 0.340000 0.000000
vt  0.470000 0.340000 0.000000
vt  0.480000 0.340000 0.000000
vt  0.490000 0.340000 0.000000
vt  0.500000 0.340000 0.000000
vt  0.510000 0.340000 0.000000
vt  0.520000 0.340000 0.000000
vt  0.530000 0.340000 0.000000
vt  0.540000 0.340000 0.000000
vt  0.550000 0.340000 0.000000
vt  0.560000 0.340000 0.000000
vt  0.570000 0.340000 0.000000
vt  0.580000 0.336928 0.000000
vt  0.580000 0.340000 0.000000
vt  0.585766 0.340000 0.000000
vt  0.280000 0.348039 0.000000
vt  0.280000 0.350000 0.000000
vt  0.277047 0.350000 0.000000
vt  0.290000 0.345661 0.000000
vt  0.290000 0.350000 0.000000
vt  0.300000 0.343646 0.000000
vt  0.300000 0.350000 0.000000
vt  0.310000 0.343693 0.000000
vt  0.310000 0.350000 0.000000
vt  0.320000 0.344203 0.000000
vt  0.320000 0.350000 0.000000
vt  0.330000 0.344885 0.000000
vt  0.330000 0.350000 0.000000
vt  0.340000 0.345537 0.000000
vt  0.340000 0.350000 0.000000
vt  0.350000 0.345185 0.000000
vt  0.350000 0.350000 0.000000
vt  0.360000 0.344645 0.000000
vt  0.360000 0.350000 0.000000
vt  0.370000 0.343906 0.000000
vt  0.370000 0.350000 0.000000
vt  0.380000 0.343164 0.000000
vt  0.380000 0.350000 0.000000
vt  0.390000 0.343312 0.000000
vt  0.390000 0.350000 0.000000
vt  0.400000 0.343112 0.000000
vt  0.400000 0.350000 0.000000
vt  0.410000 0.342921 0.000000
vt  0.410000 0.350000 0.000000
vt  0.420000 0.350000 0.000000
vt  0.430000 0.350000 0.000000
vt  0.440000 0.350000 0.000000
vt  0.450000 0.350000 0.000000
vt  0.460000 0.350000 0.000000
vt  0.470000 0.350000 0.000000
vt  0.480000 0.350000 0.000000
vt  0.490000 0.350000 0.000000
vt  0.500000 0.350000 0.000000
vt  0.510000 0.350000 0.000000
vt  0.520000 0.350000 0.000000
vt  0.530000 0.350000 0.000000
vt  0.540000 0.350000 0.000000
vt  0.550000 0.350000 0.000000
vt  0.560000 0.350000 0.000000
vt  0.570000 0.350000 0.000000
vt  0.580000 0.350000 0.000000
vt  0.590000 0.341804 0.000000
vt  0.590000 0.350000 0.000000
vt  0.600000 0.341650 0.000000
vt  0.600000 0.350000 0.000000
vt  0.610000 0.341360 0.000000
vt  0.610000 0.350000 0.000000
vt  0.620000 0.341281 0.000000
vt  0.620000 0.350000 0.000000
vt  0.630000 0.341501 0.000000
vt  0.630000 0.350000 0.000000
vt  0.640000 0.343171 0.000000
vt  0.640000 0.350000 0.000000
vt  0.650000 0.344486 0.000000
vt  0.650000 0.350000 0.000000
vt  0.660000 0.345763 0.000000
vt  0.660000 0.350000 0.000000
vt  0.670000 0.346654 0.000000
vt  0.670000 0.350000 0.000000
vt  0.680000 0.346275 0.000000
vt  0.680000 0.350000 0.000000
vt  0.690000 0.346018 0.000000
vt  0.690000 0.350000 0.000000
vt  0.700000 0.345558 0.000000
vt  0.700000 0.350000 0.000000
vt  0.710000 0.345457 0.000000
vt  0.710000 0.350000 0.000000
vt  0.720000 0.347444 0.000000
vt  0.720000 0.350000 0.000000
vt  0.724643 0.350000 0.000000
vt  0.270000 0.357600 0.000000
vt  0.270000 0.360000 0.000000
vt  0.268269 0.360000 0.000000
vt  0.280000 0.360000 0.000000
vt  0.290000 0.360000 0.000000
vt  0.300000 0.360000 0.000000
vt  0.310000 0.360000 0.000000
vt  0.320000 0.360000 0.000000
vt  0.330000 0.360000 0.000000
vt  0.340000 0.360000 0.000000
vt  0.350000 0.360000 0.000000
vt  0.360000 0.360000 0.000000
vt  0.370000 0.360000 0.000000
vt  0.380000 0.360000 0.000000
vt  0.390000 0.360000 0.000000
vt  0.400000 0.360000 0.000000
vt  0.410000 0.360000 0.000000
vt  0.420000 0.360000 0.000000
vt  0.430000 0.360000 0.000000
vt  0.440000 0.360000 0.000000
vt  0.450000 0.360000 0.000000
vt  0.460000 0.360000 0.000000
vt  0.470000 0.360000 0.000000
vt  0.480000 0.360000 0.000000
vt  0.490000 0.360000 0.000000
vt  0.500000 0.360000 0.000000
vt  0.510000 0.360000 0.000000
vt  0.520000 0.360000 0.000000
vt  0.530000 0.360000 0.000000
vt  0.540000 0.360000 0.000000
vt  0.550000 0.360000 0.000000
vt  0.560000 0.360000 0.000000
vt  0.570000 0.360000 0.000000
vt  0.580000 0.360000 0.000000
vt  0.590000 0.360000 0.000000
vt  0.600000 0.360000 0.000000
vt  0.610000 0.360000 0.000000
vt  0.620000 0.360000 0.000000
vt  0.630000 0.360000 0.000000
vt  0.640000 0.360000 0.000000
vt  0.650000 0.360000 0.000000
vt  0.660000 0.360000 0.000000
vt  0.670000 0.360000 0.000000
vt  0.680000 0.360000 0.000000
vt  0.690000 0.360000 0.000000
vt  0.700000 0.360000 0.000000
vt  0.710000 0.360000 0.000000
vt  0.720000 0.360000 0.000000
vt  0.730000 0.354545 0.000000
vt  0.730000 0.360000 0.000000
vt  0.734498 0.360000 0.000000
vt  0.270000 0.370000 0.000000
vt  0.261526 0.370000 0.000000
vt  0.280000 0.370000 0.000000
vt  0.290000 0.370000 0.000000
vt  0.300000 0.370000 0.000000
vt  0.310000 0.370000 0.000000
vt  0.320000 0.370000 0.000000
vt  0.330000 0.370000 0.000000
vt  0.340000 0.370000 0.000000
vt  0.350000 0.370000 0.000000
vt  0.360000 0.370000 0.000000
vt  0.370000 0.370000 0.000000
vt  0.380000 0.370000 0.000000
vt  0.390000 0.370000 0.000000
vt  0.400000 0.370000 0.000000
vt  0.410000 0.370000 0.000000
vt  0.420000 0.370000 0.000000
vt  0.430000 0.370000 0.000000
vt  0.440000 0.370000 0.000000
vt  0.450000 0.370000 0.000000
vt  0.460000 0.370000 0.000000
vt  0.470000 0.370000 0.000000
vt  0.480000 0.370000 0.000000
vt  0.490000 0.370000 0.000000
vt  0.500000 0.370000 0.000000
vt  0.510000 0.370000 0.000000
vt  0.520000 0.370000 0.000000
vt  0.530000 0.370000 0.000000
vt  0.540000 0.370000 0.000000
vt  0.550000 0.370000 0.000000
vt  0.560000 0.370000 0.000000
vt  0.570000 0.370000 0.000000
vt  0.580000 0.370000 0.000000
vt  0.590000 0.370000 0.000000
vt  0.600000 0.370000 0.000000
vt  0.610000 0.370000 0.000000
vt  0.620000 0.370000 0.000000
vt  0.630000 0.370000 0.000000
vt  0.640000 0.370000 0.000000
vt  0.650000 0.370000 0.000000
vt  0.660000 0.370000 0.000000
vt  0.670000 0.370000 0.000000
vt  0.680000 0.370000 0.000000
vt  0.690000 0.370000 0.000000
vt  0.700000 0.370000 0.000000
vt  0.710000 0.370000 0.000000
vt  0.720000 0.370000 0.000000
vt  0.730000 0.370000 0.000000
vt  0.740000 0.366809 0.000000
vt  0.740000 0.370000 0.000000
vt  0.742537 0.370000 0.000000
vt  0.270000 0.380000 0.000000
vt  0.280000 0.380000 0.000000
vt  0.290000 0.380000 0.000000
vt  0.300000 0.380000 0.000000
vt  0.310000 0.380000 0.000000
vt  0.320000 0.380000 0.000000
vt  0.330000 0.380000 0.000000
vt  0.340000 0.380000 0.000000
vt  0.350000 0.380000 0.000000
vt  0.360000 0.380000 0.000000
vt  0.370000 0.380000 0.000000
vt  0.380000 0.380000 0.000000
vt  0.390000 0.380000 0.000000
vt  0.400000 0.380000 0.000000
vt  0.410000 0.380000 0.000000
vt  0.420000 0.380000 0.000000
vt  0.430000 0.380000 0.000000
vt  0.440000 0.380000 0.000000
vt  0.450000 0.380000 0.000000
vt  0.460000 0.380000 0.000000
vt  0.470000 0.380000 0.000000
vt  0.480000 0.380000 0.000000
vt  0.490000 0.380000 0.000000
vt  0.500000 0.380000 0.000000
vt  0.510000 0.380000 0.000000
vt  0.520000 0.380000 0.000000
vt  0.530000 0.380000 0.000000
vt  0.540000 0.380000 0.000000
vt  0.550000 0.380000 0.000000
vt  0.560000 0.380000 0.000000
vt  0.570000 0.380000 0.000000
vt  0.580000 0.380000 0.000000
vt  0.590000 0.380000 0.000000
vt  0.600000 0.380000 0.000000
vt  0.610000 0.380000 0.000000
vt  0.620000 0.380000 0.000000
vt  0.630000 0.380000 0.000000
vt  0.640000 0.380000 0.000000
vt  0.650000 0.380000 0.000000
vt  0.660000 0.380000 0.000000
vt  0.670000 0.380000 0.000000
vt  0.680000 0.380000 0.000000
vt  0.690000 0.380000 0.000000
vt  0.700000 0.380000 0.000000
vt  0.710000 0.380000 0.000000
vt  0.720000 0.380000 0.000000
vt  0.730000 0.380000 0.000000
vt  0.740000 0.380000 0.000000
vt  0.743348 0.380000 0.000000
vt  0.260678 0.380000 0.000000
vt  0.270000 0.390000 0.000000
vt  0.260878 0.390000 0.000000
vt  0.280000 0.390000 0.000000
vt  0.290000 0.390000 0.000000
vt  0.300000 0.390000 0.000000
vt  0.310000 0.390000 0.000000
vt  0.320000 0.390000 0.000000
vt  0.330000 0.390000 0.000000
vt  0.340000 0.390000 0.000000
vt  0.350000 0.390000 0.000000
vt  0.360000 0.390000 0.000000
vt  0.370000 0.390000 0.000000
vt  0.380000 0.390000 0.000000
vt  0.390000 0.390000 0.000000
vt  0.400000 0.390000 0.000000
vt  0.410000 0.390000 0.000000
vt  0.420000 0.390000 0.000000
vt  0.430000 0.390000 0.000000
vt  0.440000 0.390000 0.000000
vt  0.450000 0.390000 0.000000
vt  0.460000 0.390000 0.000000
vt  0.470000 0.390000 0.000000
vt  0.480000 0.390000 0.000000
vt  0.490000 0.390000 0.000000
vt  0.500000 0.390000 0.000000
vt  0.510000 0.390000 0.000000
vt  0.520000 0.390000 0.000000
vt  0.530000 0.390000 0.000000
vt  0.540000 0.390000 0.000000
vt  0.550000 0.390000 0.000000
vt  0.560000 0.390000 0.000000
vt  0.570000 0.390000 0.000000
vt  0.580000 0.390000 0.000000
vt  0.590000 0.390000 0.000000
vt  0.600000 0.390000 0.000000
vt  0.610000 0.390000 0.000000
vt  0.620000 0.390000 0.000000
vt  0.630000 0.390000 0.000000
vt  0.640000 0.390000 0.000000
vt  0.650000 0.390000 0.000000
vt  0.660000 0.390000 0.000000
vt  0.670000 0.390000 0.000000
vt  0.680000 0.390000 0.000000
vt  0.690000 0.390000 0.000000
vt  0.700000 0.390000 0.000000
vt  0.710000 0.390000 0.000000
vt  0.720000 0.390000 0.000000
vt  0.730000 0.390000 0.000000
vt  0.740000 0.390000 0.000000
vt  0.742521 0.390000 0.000000
vt  0.270000 0.400000 0.000000
vt  0.280000 0.400000 0.000000
vt  0.290000 0.400000 0.000000
vt  0.300000 0.400000 0.000000
vt  0.310000 0.400000 0.000000
vt  0.320000 0.400000 0.000000
vt  0.330000 0.400000 0.000000
vt  0.340000 0.400000 0.000000
vt  0.350000 0.400000 0.000000
vt  0.360000 0.400000 0.000000
vt  0.370000 0.400000 0.000000
vt  0.380000 0.400000 0.000000
vt  0.390000 0.400000 0.000000
vt  0.400000 0.400000 0.000000
vt  0.410000 0.400000 0.000000
vt  0.420000 0.400000 0.000000
vt  0.430000 0.400000 0.000000
vt  0.440000 0.400000 0.000000
vt  0.450000 0.400000 0.000000
vt  0.460000 0.400000 0.000000
vt  0.470000 0.400000 0.000000
vt  0.480000 0.400000 0.000000
vt  0.490000 0.400000 0.000000
vt  0.500000 0.400000 0.000000
vt  0.510000 0.400000 0.000000
vt  0.520000 0.400000 0.000000
vt  0.530000 0.400000 0.000000
vt  0.540000 0.400000 0.000000
vt  0.550000 0.400000 0.000000
vt  0.560000 0.400000 0.000000
vt  0.570000 0.400000 0.000000
vt  0.580000 0.400000 0.000000
vt  0.590000 0.400000 0.000000
vt  0.600000 0.400000 0.000000
vt  0.610000 0.400000 0.000000
vt  0.620000 0.400000 0.000000
vt  0.630000 0.400000 0.000000
vt  0.640000 0.400000 0.000000
vt  0.650000 0.400000 0.000000
vt  0.660000 0.400000 0.000000
vt  0.670000 0.400000 0.000000
vt  0.680000 0.400000 0.000000
vt  0.690000 0.400000 0.000000
vt  0.700000 0.400000 0.000000
vt  0.710000 0.400000 0.000000
vt  0.720000 0.400000 0.000000
vt  0.730000 0.400000 0.000000
vt  0.740000 0.400000 0.000000
vt  0.741530 0.400000 0.000000
vt  0.261160 0.400000 0.000000
vt  0.270000 0.410000 0.000000
vt  0.261710 0.410000 0.000000
vt  0.280000 0.410000 0.000000
vt  0.290000 0.410000 0.000000
vt  0.300000 0.410000 0.000000
vt  0.310000 0.410000 0.000000
vt  0.320000 0.410000 0.000000
vt  0.330000 0.410000 0.000000
vt  0.340000 0.410000 0.000000
vt  0.350000 0.410000 0.000000
vt  0.360000 0.410000 0.000000
vt  0.370000 0.410000 0.000000
vt  0.380000 0.410000 0.000000
vt  0.390000 0.410000 0.000000
vt  0.400000 0.410000 0.000000
vt  0.410000 0.410000 0.000000
vt  0.420000 0.410000 0.000000
vt  0.430000 0.410000 0.000000
vt  0.440000 0.410000 0.000000
vt  0.450000 0.410000 0.000000
vt  0.460000 0.410000 0.000000
vt  0.470000 0.410000 0.000000
vt  0.480000 0.410000 0.000000
vt  0.490000 0.410000 0.000000
vt  0.500000 0.410000 0.000000
vt  0.510000 0.410000 0.000000
vt  0.520000 0.410000 0.000000
vt  0.530000 0.410000 0.000000
vt  0.540000 0.410000 0.000000
vt  0.550000 0.410000 0.000000
vt  0.560000 0.410000 0.000000
vt  0.570000 0.410000 0.000000
vt  0.580000 0.410000 0.000000
vt  0.590000 0.410000 0.000000
vt  0.600000 0.410000 0.000000
vt  0.610000 0.410000 0.000000
vt  0.620000 0.410000 0.000000
vt  0.630000 0.410000 0.000000
vt  0.640000 0.410000 0.000000
vt  0.650000 0.410000 0.000000
vt  0.660000 0.410000 0.000000
vt  0.670000 0.410000 0.000000
vt  0.680000 0.410000 0.000000
vt  0.690000 0.410000 0.000000
vt  0.700000 0.410000 0.000000
vt  0.710000 0.410000 0.000000
vt  0.720000 0.410000 0.000000
vt  0.730000 0.410000 0.000000
vt  0.740000 0.410000 0.000000
vt  0.740164 0.410000 0.000000
vt  0.270000 0.420000 0.000000
vt  0.280000 0.420000 0.000000
vt  0.290000 0.420000 0.000000
vt  0.300000 0.420000 0.000000
vt  0.310000 0.420000 0.000000
vt  0.320000 0.420000 0.000000
vt  0.330000 0.420000 0.000000
vt  0.340000 0.420000 0.000000
vt  0.350000 0.420000 0.000000
vt  0.360000 0.420000 0.000000
vt  0.370000 0.420000 0.000000
vt  0.380000 0.420000 0.000000
vt  0.390000 0.420000 0.000000
vt  0.400000 0.420000 0.000000
vt  0.410000 0.420000 0.000000
vt  0.420000 0.420000 0.000000
vt  0.430000 0.420000 0.000000
vt  0.440000 0.420000 0.000000
vt  0.450000 0.420000 0.000000
vt  0.460000 0.420000 0.000000
vt  0.470000 0.420000 0.000000
vt  0.480000 0.420000 0.000000
vt  0.490000 0.420000 0.000000
vt  0.500000 0.420000 0.000000
vt  0.510000 0.420000 0.000000
vt  0.520000 0.420000 0.000000
vt  0.530000 0.420000 0.000000
vt  0.540000 0.420000 0.000000
vt  0.550000 0.420000 0.000000
vt  0.560000 0.420000 0.000000
vt  0.570000 0.420000 0.000000
vt  0.580000 0.420000 0.000000
vt  0.590000 0.420000 0.000000
vt  0.600000 0.420000 0.000000
vt  0.610000 0.420000 0.000000
vt  0.620000 0.420000 0.000000
vt  0.630000 0.420000 0.000000
vt  0.640000 0.420000 0.000000
vt  0.650000 0.420000 0.000000
vt  0.660000 0.420000 0.000000
vt  0.670000 0.420000 0.000000
vt  0.680000 0.420000 0.000000
vt  0.690000 0.420000 0.000000
vt  0.700000 0.420000 0.000000
vt  0.710000 0.420000 0.000000
vt  0.720000 0.420000 0.000000
vt  0.730000 0.420000 0.000000
vt  0.737788 0.420000 0.000000
vt  0.263829 0.420000 0.000000
vt  0.270000 0.428564 0.000000
vt  0.280000 0.430000 0.000000
vt  0.271458 0.430000 0.000000
vt  0.290000 0.430000 0.000000
vt  0.300000 0.430000 0.000000
vt  0.310000 0.430000 0.000000
vt  0.320000 0.430000 0.000000
vt  0.330000 0.430000 0.000000
vt  0.340000 0.430000 0.000000
vt  0.350000 0.430000 0.000000
vt  0.360000 0.430000 0.000000
vt  0.370000 0.430000 0.000000
vt  0.380000 0.430000 0.000000
vt  0.390000 0.430000 0.000000
vt  0.400000 0.430000 0.000000
vt  0.410000 0.430000 0.000000
vt  0.420000 0.430000 0.000000
vt  0.430000 0.430000 0.000000
vt  0.440000 0.430000 0.000000
vt  0.450000 0.430000 0.000000
vt  0.460000 0.430000 0.000000
vt  0.470000 0.430000 0.000000
vt  0.480000 0.430000 0.000000
vt  0.490000 0.430000 0.000000
vt  0.500000 0.430000 0.000000
vt  0.510000 0.430000 0.000000
vt  0.520000 0.430000 0.000000
vt  0.530000 0.430000 0.000000
vt  0.540000 0.430000 0.000000
vt  0.550000 0.430000 0.000000
vt  0.560000 0.430000 0.000000
vt  0.570000 0.430000 0.000000
vt  0.580000 0.430000 0.000000
vt  0.590000 0.430000 0.000000
vt  0.600000 0.430000 0.000000
vt  0.610000 0.430000 0.000000
vt  0.620000 0.430000 0.000000
vt  0.630000 0.430000 0.000000
vt  0.640000 0.430000 0.000000
vt  0.650000 0.430000 0.000000
vt  0.660000 0.430000 0.000000
vt  0.670000 0.430000 0.000000
vt  0.680000 0.430000 0.000000
vt  0.690000 0.430000 0.000000
vt  0.700000 0.430000 0.000000
vt  0.710000 0.430000 0.000000
vt  0.720000 0.430000 0.000000
vt  0.730000 0.429361 0.000000
vt  0.280000 0.436449 0.000000
vt  0.290000 0.437831 0.000000
vt  0.300000 0.438369 0.000000
vt  0.310000 0.439036 0.000000
vt  0.320000 0.439624 0.000000
vt  0.330000 0.440000 0.000000
vt  0.324776 0.440000 0.000000
vt  0.340000 0.440000 0.000000
vt  0.350000 0.440000 0.000000
vt  0.360000 0.440000 0.000000
vt  0.370000 0.439444 0.000000
vt  0.362703 0.440000 0.000000
vt  0.380000 0.438757 0.000000
vt  0.390000 0.439054 0.000000
vt  0.400000 0.440000 0.000000
vt  0.395095 0.440000 0.000000
vt  0.410000 0.440000 0.000000
vt  0.420000 0.440000 0.000000
vt  0.430000 0.440000 0.000000
vt  0.440000 0.440000 0.000000
vt  0.450000 0.440000 0.000000
vt  0.460000 0.440000 0.000000
vt  0.470000 0.440000 0.000000
vt  0.480000 0.440000 0.000000
vt  0.490000 0.440000 0.000000
vt  0.500000 0.440000 0.000000
vt  0.510000 0.440000 0.000000
vt  0.520000 0.440000 0.000000
vt  0.530000 0.440000 0.000000
vt  0.540000 0.440000 0.000000
vt  0.550000 0.440000 0.000000
vt  0.560000 0.440000 0.000000
vt  0.570000 0.440000 0.000000
vt  0.580000 0.440000 0.000000
vt  0.590000 0.440000 0.000000
vt  0.600000 0.440000 0.000000
vt  0.610000 0.440000 0.000000
vt  0.620000 0.440000 0.000000
vt  0.630000 0.439733 0.000000
vt  0.627782 0.440000 0.000000
vt  0.640000 0.439964 0.000000
vt  0.650000 0.440000 0.000000
vt  0.644891 0.440000 0.000000
vt  0.660000 0.440000 0.000000
vt  0.670000 0.440000 0.000000
vt  0.680000 0.439144 0.000000
vt  0.674061 0.440000 0.000000
vt  0.690000 0.437962 0.000000
vt  0.700000 0.436700 0.000000
vt  0.710000 0.435814 0.000000
vt  0.720000 0.434807 0.000000
vt  0.330000 0.440473 0.000000
vt  0.340000 0.441426 0.000000
vt  0.350000 0.440936 0.000000
vt  0.360000 0.440236 0.000000
vt  0.400000 0.441029 0.000000
vt  0.410000 0.443104 0.000000
vt  0.420000 0.450000 0.000000
vt  0.418792 0.450000 0.000000
vt  0.430000 0.450000 0.000000
vt  0.440000 0.450000 0.000000
vt  0.450000 0.450000 0.000000
vt  0.460000 0.450000 0.000000
vt  0.470000 0.450000 0.000000
vt  0.480000 0.450000 0.000000
vt  0.490000 0.450000 0.000000
vt  0.500000 0.450000 0.000000
vt  0.510000 0.450000 0.000000
vt  0.520000 0.450000 0.000000
vt  0.530000 0.450000 0.000000
vt  0.540000 0.450000 0.000000
vt  0.550000 0.450000 0.000000
vt  0.560000 0.450000 0.000000
vt  0.570000 0.450000 0.000000
vt  0.580000 0.450000 0.000000
vt  0.590000 0.447486 0.000000
vt  0.586449 0.450000 0.000000
vt  0.600000 0.444999 0.000000
vt  0.610000 0.442815 0.000000
vt  0.620000 0.441034 0.000000
vt  0.650000 0.440043 0.000000
vt  0.660000 0.440583 0.000000
vt  0.670000 0.440677 0.000000
vt  0.420000 0.451392 0.000000
vt  0.430000 0.460000 0.000000
vt  0.425061 0.460000 0.000000
vt  0.440000 0.460000 0.000000
vt  0.450000 0.460000 0.000000
vt  0.460000 0.460000 0.000000
vt  0.470000 0.460000 0.000000
vt  0.480000 0.460000 0.000000
vt  0.490000 0.460000 0.000000
vt  0.500000 0.460000 0.000000
vt  0.510000 0.460000 0.000000
vt  0.520000 0.460000 0.000000
vt  0.530000 0.460000 0.000000
vt  0.540000 0.460000 0.000000
vt  0.550000 0.460000 0.000000
vt  0.560000 0.460000 0.000000
vt  0.570000 0.460000 0.000000
vt  0.580000 0.456197 0.000000
vt  0.577434 0.460000 0.000000
vt  0.430000 0.470000 0.000000
vt  0.421299 0.470000 0.000000
vt  0.440000 0.470000 0.000000
vt  0.450000 0.470000 0.000000
vt  0.460000 0.470000 0.000000
vt  0.470000 0.470000 0.000000
vt  0.480000 0.470000 0.000000
vt  0.490000 0.470000 0.000000
vt  0.500000 0.470000 0.000000
vt  0.510000 0.470000 0.000000
vt  0.520000 0.470000 0.000000
vt  0.530000 0.470000 0.000000
vt  0.540000 0.470000 0.000000
vt  0.550000 0.470000 0.000000
vt  0.560000 0.470000 0.000000
vt  0.570000 0.470000 0.000000
vt  0.580000 0.466777 0.000000
vt  0.580000 0.470000 0.000000
vt  0.581777 0.470000 0.000000
vt  0.310000 0.479648 0.000000
vt  0.310000 0.480000 0.000000
vt  0.302497 0.480000 0.000000
vt  0.320000 0.479513 0.000000
vt  0.320000 0.480000 0.000000
vt  0.330000 0.479353 0.000000
vt  0.330000 0.480000 0.000000
vt  0.340000 0.479198 0.000000
vt  0.340000 0.480000 0.000000
vt  0.350000 0.479280 0.000000
vt  0.350000 0.480000 0.000000
vt  0.360000 0.479396 0.000000
vt  0.360000 0.480000 0.000000
vt  0.370000 0.479531 0.000000
vt  0.370000 0.480000 0.000000
vt  0.380000 0.479631 0.000000
vt  0.380000 0.480000 0.000000
vt  0.390000 0.479511 0.000000
vt  0.390000 0.480000 0.000000
vt  0.400000 0.478737 0.000000
vt  0.400000 0.480000 0.000000
vt  0.410000 0.477951 0.000000
vt  0.410000 0.480000 0.000000
vt  0.420000 0.471411 0.000000
vt  0.420000 0.480000 0.000000
vt  0.430000 0.480000 0.000000
vt  0.440000 0.480000 0.000000
vt  0.450000 0.480000 0.000000
vt  0.460000 0.480000 0.000000
vt  0.470000 0.480000 0.000000
vt  0.480000 0.480000 0.000000
vt  0.490000 0.480000 0.000000
vt  0.500000 0.480000 0.000000
vt  0.510000 0.480000 0.000000
vt  0.520000 0.480000 0.000000
vt  0.530000 0.480000 0.000000
vt  0.540000 0.480000 0.000000
vt  0.550000 0.480000 0.000000
vt  0.560000 0.480000 0.000000
vt  0.570000 0.480000 0.000000
vt  0.580000 0.480000 0.000000
vt  0.590000 0.475510 0.000000
vt  0.590000 0.480000 0.000000
vt  0.600000 0.476733 0.000000
vt  0.600000 0.480000 0.000000
vt  0.610000 0.477716 0.000000
vt  0.610000 0.480000 0.000000
vt  0.620000 0.478553 0.000000
vt  0.620000 0.480000 0.000000
vt  0.630000 0.479171 0.000000
vt  0.630000 0.480000 0.000000
vt  0.640000 0.479267 0.000000
vt  0.640000 0.480000 0.000000
vt  0.650000 0.479434 0.000000
vt  0.650000 0.480000 0.000000
vt  0.660000 0.479782 0.000000
vt  0.660000 0.480000 0.000000
vt  0.664953 0.480000 0.000000
vt  0.280000 0.484777 0.000000
vt  0.280000 0.490000 0.000000
vt  0.274103 0.490000 0.000000
vt  0.290000 0.481972 0.000000
vt  0.290000 0.490000 0.000000
vt  0.300000 0.480141 0.000000
vt  0.300000 0.490000 0.000000
vt  0.310000 0.490000 0.000000
vt  0.320000 0.490000 0.000000
vt  0.330000 0.490000 0.000000
vt  0.340000 0.490000 0.000000
vt  0.350000 0.490000 0.000000
vt  0.360000 0.490000 0.000000
vt  0.370000 0.490000 0.000000
vt  0.380000 0.490000 0.000000
vt  0.390000 0.490000 0.000000
vt  0.400000 0.490000 0.000000
vt  0.410000 0.490000 0.000000
vt  0.420000 0.490000 0.000000
vt  0.430000 0.490000 0.000000
vt  0.440000 0.490000 0.000000
vt  0.450000 0.490000 0.000000
vt  0.460000 0.490000 0.000000
vt  0.470000 0.490000 0.000000
vt  0.480000 0.490000 0.000000
vt  0.490000 0.490000 0.000000
vt  0.500000 0.490000 0.000000
vt  0.510000 0.490000 0.000000
vt  0.520000 0.490000 0.000000
vt  0.530000 0.490000 0.000000
vt  0.540000 0.490000 0.000000
vt  0.550000 0.490000 0.000000
vt  0.560000 0.490000 0.000000
vt  0.570000 0.490000 0.000000
vt  0.580000 0.490000 0.000000
vt  0.590000 0.490000 0.000000
vt  0.600000 0.490000 0.000000
vt  0.610000 0.490000 0.000000
vt  0.620000 0.490000 0.000000
vt  0.630000 0.490000 0.000000
vt  0.640000 0.490000 0.000000
vt  0.650000 0.490000 0.000000
vt  0.660000 0.490000 0.000000
vt  0.670000 0.480277 0.000000
vt  0.670000 0.490000 0.000000
vt  0.680000 0.481300 0.000000
vt  0.680000 0.490000 0.000000
vt  0.690000 0.482246 0.000000
vt  0.690000 0.490000 0.000000
vt  0.700000 0.483157 0.000000
vt  0.700000 0.490000 0.000000
vt  0.710000 0.484022 0.000000
vt  0.710000 0.490000 0.000000
vt  0.720000 0.485904 0.000000
vt  0.720000 0.490000 0.000000
vt  0.726556 0.490000 0.000000
vt  0.270000 0.493764 0.000000
vt  0.270000 0.500000 0.000000
vt  0.264834 0.500000 0.000000
vt  0.280000 0.500000 0.000000
vt  0.290000 0.500000 0.000000
vt  0.300000 0.500000 0.000000
vt  0.310000 0.500000 0.000000
vt  0.320000 0.500000 0.000000
vt  0.330000 0.500000 0.000000
vt  0.340000 0.500000 0.000000
vt  0.350000 0.500000 0.000000
vt  0.360000 0.500000 0.000000
vt  0.370000 0.500000 0.000000
vt  0.380000 0.500000 0.000000
vt  0.390000 0.500000 0.000000
vt  0.400000 0.500000 0.000000
vt  0.410000 0.500000 0.000000
vt  0.420000 0.500000 0.000000
vt  0.430000 0.500000 0.000000
vt  0.440000 0.500000 0.000000
vt  0.450000 0.500000 0.000000
vt  0.460000 0.500000 0.000000
vt  0.470000 0.500000 0.000000
vt  0.480000 0.500000 0.000000
vt  0.490000 0.500000 0.000000
vt  0.500000 0.500000 0.000000
vt  0.510000 0.500000 0.000000
vt  0.520000 0.500000 0.000000
vt  0.530000 0.500000 0.000000
vt  0.540000 0.500000 0.000000
vt  0.550000 0.500000 0.000000
vt  0.560000 0.500000 0.000000
vt  0.570000 0.500000 0.000000
vt  0.580000 0.500000 0.000000
vt  0.590000 0.500000 0.000000
vt  0.600000 0.500000 0.000000
vt  0.610000 0.500000 0.000000
vt  0.620000 0.500000 0.000000
vt  0.630000 0.500000 0.000000
vt  0.640000 0.500000 0.000000
vt  0.650000 0.500000 0.000000
vt  0.660000 0.500000 0.000000
vt  0.670000 0.500000 0.000000
vt  0.680000 0.500000 0.000000
vt  0.690000 0.500000 0.000000
vt  0.700000 0.500000 0.000000
vt  0.710000 0.500000 0.000000
vt  0.720000 0.500000 0.000000
vt  0.730000 0.492134 0.000000
vt  0.730000 0.500000 0.000000
vt  0.737561 0.500000 0.000000
vt  0.260000 0.508276 0.000000
vt  0.260000 0.510000 0.000000
vt  0.258972 0.510000 0.000000
vt  0.270000 0.510000 0.000000
vt  0.280000 0.510000 0.000000
vt  0.290000 0.510000 0.000000
vt  0.300000 0.510000 0.000000
vt  0.310000 0.510000 0.000000
vt  0.320000 0.510000 0.000000
vt  0.330000 0.510000 0.000000
vt  0.340000 0.510000 0.000000
vt  0.350000 0.510000 0.000000
vt  0.360000 0.510000 0.000000
vt  0.370000 0.510000 0.000000
vt  0.380000 0.510000 0.000000
vt  0.390000 0.510000 0.000000
vt  0.400000 0.510000 0.000000
vt  0.410000 0.510000 0.000000
vt  0.420000 0.510000 0.000000
vt  0.430000 0.510000 0.000000
vt  0.440000 0.510000 0.000000
vt  0.450000 0.510000 0.000000
vt  0.460000 0.510000 0.000000
vt  0.470000 0.510000 0.000000
vt  0.480000 0.510000 0.000000
vt  0.490000 0.510000 0.000000
vt  0.500000 0.510000 0.000000
vt  0.510000 0.510000 0.000000
vt  0.520000 0.510000 0.000000
vt  0.530000 0.510000 0.000000
vt  0.540000 0.510000 0.000000
vt  0.550000 0.510000 0.000000
vt  0.560000 0.510000 0.000000
vt  0.570000 0.510000 0.000000
vt  0.580000 0.510000 0.000000
vt  0.590000 0.510000 0.000000
vt  0.600000 0.510000 0.000000
vt  0.610000 0.510000 0.000000
vt  0.620000 0.510000 0.000000
vt  0.630000 0.510000 0.000000
vt  0.640000 0.510000 0.000000
vt  0.650000 0.510000 0.000000
vt  0.660000 0.510000 0.000000
vt  0.670000 0.510000 0.000000
vt  0.680000 0.510000 0.000000
vt  0.690000 0.510000 0.000000
vt  0.700000 0.510000 0.000000
vt  0.710000 0.510000 0.000000
vt  0.720000 0.510000 0.000000
vt  0.730000 0.510000 0.000000
vt  0.740000 0.503532 0.000000
vt  0.740000 0.510000 0.000000
vt  0.744668 0.510000 0.000000
vt  0.260000 0.520000 0.000000
vt  0.257361 0.520000 0.000000
vt  0.270000 0.520000 0.000000
vt  0.280000 0.520000 0.000000
vt  0.290000 0.520000 0.000000
vt  0.300000 0.520000 0.000000
vt  0.310000 0.520000 0.000000
vt  0.320000 0.520000 0.000000
vt  0.330000 0.520000 0.000000
vt  0.340000 0.520000 0.000000
vt  0.350000 0.520000 0.000000
vt  0.360000 0.520000 0.000000
vt  0.370000 0.520000 0.000000
vt  0.380000 0.520000 0.000000
vt  0.390000 0.520000 0.000000
vt  0.400000 0.520000 0.000000
vt  0.410000 0.520000 0.000000
vt  0.420000 0.520000 0.000000
vt  0.430000 0.520000 0.000000
vt  0.440000 0.520000 0.000000
vt  0.450000 0.520000 0.000000
vt  0.460000 0.520000 0.000000
vt  0.470000 0.520000 0.000000
vt  0.480000 0.520000 0.000000
vt  0.490000 0.520000 0.000000
vt  0.500000 0.520000 0.000000
vt  0.510000 0.520000 0.000000
vt  0.520000 0.520000 0.000000
vt  0.530000 0.520000 0.000000
vt  0.540000 0.520000 0.000000
vt  0.550000 0.520000 0.000000
vt  0.560000 0.520000 0.000000
vt  0.570000 0.520000 0.000000
vt  0.580000 0.520000 0.000000
vt  0.590000 0.520000 0.000000
vt  0.600000 0.520000 0.000000
vt  0.610000 0.520000 0.000000
vt  0.620000 0.520000 0.000000
vt  0.630000 0.520000 0.000000
vt  0.640000 0.520000 0.000000
vt  0.650000 0.520000 0.000000
vt  0.660000 0.520000 0.000000
vt  0.670000 0.520000 0.000000
vt  0.680000 0.520000 0.000000
vt  0.690000 0.520000 0.000000
vt  0.700000 0.520000 0.000000
vt  0.710000 0.520000 0.000000
vt  0.720000 0.520000 0.000000
vt  0.730000 0.520000 0.000000
vt  0.740000 0.520000 0.000000
vt  0.747060 0.520000 0.000000
vt  0.260000 0.530000 0.000000
vt  0.257262 0.530000 0.000000
vt  0.270000 0.530000 0.000000
vt  0.280000 0.530000 0.000000
vt  0.290000 0.530000 0.000000
vt  0.300000 0.530000 0.000000
vt  0.310000 0.530000 0.000000
vt  0.320000 0.530000 0.000000
vt  0.330000 0.530000 0.000000
vt  0.340000 0.530000 0.000000
vt  0.350000 0.530000 0.000000
vt  0.360000 0.530000 0.000000
vt  0.370000 0.530000 0.000000
vt  0.380000 0.530000 0.000000
vt  0.390000 0.530000 0.000000
vt  0.400000 0.530000 0.000000
vt  0.410000 0.530000 0.000000
vt  0.420000 0.530000 0.000000
vt  0.430000 0.530000 0.000000
vt  0.440000 0.530000 0.000000
vt  0.450000 0.530000 0.000000
vt  0.460000 0.530000 0.000000
vt  0.470000 0.530000 0.000000
vt  0.480000 0.530000 0.000000
vt  0.490000 0.530000 0.000000
vt  0.500000 0.530000 0.000000
vt  0.510000 0.530000 0.000000
vt  0.520000 0.530000 0.000000
vt  0.530000 0.530000 0.000000
vt  0.540000 0.530000 0.000000
vt  0.550000 0.530000 0.000000
vt  0.560000 0.530000 0.000000
vt  0.570000 0.530000 0.000000
vt  0.580000 0.530000 0.000000
vt  0.590000 0.530000 0.000000
vt  0.600000 0.530000 0.000000
vt  0.610000 0.530000 0.000000
vt  0.620000 0.530000 0.000000
vt  0.630000 0.530000 0.000000
vt  0.640000 0.530000 0.000000
vt  0.650000 0.530000 0.000000
vt  0.660000 0.530000 0.000000
vt  0.670000 0.530000 0.000000
vt  0.680000 0.530000 0.000000
vt  0.690000 0.530000 0.000000
vt  0.700000 0.530000 0.000000
vt  0.710000 0.530000 0.000000
vt  0.720000 0.530000 0.000000
vt  0.730000 0.530000 0.000000
vt  0.740000 0.530000 0.000000
vt  0.747777 0.530000 0.000000
vt  0.260000 0.540000 0.000000
vt  0.258042 0.540000 0.000000
vt  0.270000 0.540000 0.000000
vt  0.280000 0.540000 0.000000
vt  0.290000 0.540000 0.000000
vt  0.300000 0.540000 0.000000
vt  0.310000 0.540000 0.000000
vt  0.320000 0.540000 0.000000
vt  0.330000 0.540000 0.000000
vt  0.340000 0.540000 0.000000
vt  0.350000 0.540000 0.000000
vt  0.360000 0.540000 0.000000
vt  0.370000 0.540000 0.000000
vt  0.380000 0.540000 0.000000
vt  0.390000 0.540000 0.000000
vt  0.400000 0.540000 0.000000
vt  0.410000 0.540000 0.000000
vt  0.420000 0.540000 0.000000
vt  0.430000 0.540000 0.000000
vt  0.440000 0.540000 0.000000
vt  0.450000 0.540000 0.000000
vt  0.460000 0.540000 0.000000
vt  0.470000 0.540000 0.000000
vt  0.480000 0.540000 0.000000
vt  0.490000 0.540000 0.000000
vt  0.500000 0.540000 0.000000
vt  0.510000 0.540000 0.000000
vt  0.520000 0.540000 0.000000
vt  0.530000 0.540000 0.000000
vt  0.540000 0.540000 0.000000
vt  0.550000 0.540000 0.000000
vt  0.560000 0.540000 0.000000
vt  0.570000 0.540000 0.000000
vt  0.580000 0.540000 0.000000
vt  0.590000 0.540000 0.000000
vt  0.600000 0.540000 0.000000
vt  0.610000 0.540000 0.000000
vt  0.620000 0.540000 0.000000
vt  0.630000 0.540000 0.000000
vt  0.640000 0.540000 0.000000
vt  0.650000 0.540000 0.000000
vt  0.660000 0.540000 0.000000
vt  0.670000 0.540000 0.000000
vt  0.680000 0.540000 0.000000
vt  0.690000 0.540000 0.000000
vt  0.700000 0.540000 0.000000
vt  0.710000 0.540000 0.000000
vt  0.720000 0.540000 0.000000
vt  0.730000 0.540000 0.000000
vt  0.740000 0.540000 0.000000
vt  0.746806 0.540000 0.000000
vt  0.260000 0.550000 0.000000
vt  0.259612 0.550000 0.000000
vt  0.270000 0.550000 0.000000
vt  0.280000 0.550000 0.000000
vt  0.290000 0.550000 0.000000
vt  0.300000 0.550000 0.000000
vt  0.310000 0.550000 0.000000
vt  0.320000 0.550000 0.000000
vt  0.330000 0.550000 0.000000
vt  0.340000 0.550000 0.000000
vt  0.350000 0.550000 0.000000
vt  0.360000 0.550000 0.000000
vt  0.370000 0.550000 0.000000
vt  0.380000 0.550000 0.000000
vt  0.390000 0.550000 0.000000
vt  0.400000 0.550000 0.000000
vt  0.410000 0.550000 0.000000
vt  0.420000 0.550000 0.000000
vt  0.430000 0.550000 0.000000
vt  0.440000 0.550000 0.000000
vt  0.450000 0.550000 0.000000
vt  0.460000 0.550000 0.000000
vt  0.470000 0.550000 0.000000
vt  0.480000 0.550000 0.000000
vt  0.490000 0.550000 0.000000
vt  0.500000 0.550000 0.000000
vt  0.510000 0.550000 0.000000
vt  0.520000 0.550000 0.000000
vt  0.530000 0.550000 0.000000
vt  0.540000 0.550000 0.000000
vt  0.550000 0.550000 0.000000
vt  0.560000 0.550000 0.000000
vt  0.570000 0.550000 0.000000
vt  0.580000 0.550000 0.000000
vt  0.590000 0.550000 0.000000
vt  0.600000 0.550000 0.000000
vt  0.610000 0.550000 0.000000
vt  0.620000 0.550000 0.000000
vt  0.630000 0.550000 0.000000
vt  0.640000 0.550000 0.000000
vt  0.650000 0.550000 0.000000
vt  0.660000 0.550000 0.000000
vt  0.670000 0.550000 0.000000
vt  0.680000 0.550000 0.000000
vt  0.690000 0.550000 0.000000
vt  0.700000 0.550000 0.000000
vt  0.710000 0.550000 0.000000
vt  0.720000 0.550000 0.000000
vt  0.730000 0.550000 0.000000
vt  0.740000 0.550000 0.000000
vt  0.744517 0.550000 0.000000
vt  0.260000 0.550919 0.000000
vt  0.270000 0.560000 0.000000
vt  0.263547 0.560000 0.000000
vt  0.280000 0.560000 0.000000
vt  0.290000 0.560000 0.000000
vt  0.300000 0.560000 0.000000
vt  0.310000 0.560000 0.000000
vt  0.320000 0.560000 0.000000
vt  0.330000 0.560000 0.000000
vt  0.340000 0.560000 0.000000
vt  0.350000 0.560000 0.000000
vt  0.360000 0.560000 0.000000
vt  0.370000 0.560000 0.000000
vt  0.380000 0.560000 0.000000
vt  0.390000 0.560000 0.000000
vt  0.400000 0.560000 0.000000
vt  0.410000 0.560000 0.000000
vt  0.420000 0.560000 0.000000
vt  0.430000 0.560000 0.000000
vt  0.440000 0.560000 0.000000
vt  0.450000 0.560000 0.000000
vt  0.460000 0.560000 0.000000
vt  0.470000 0.560000 0.000000
vt  0.480000 0.560000 0.000000
vt  0.490000 0.560000 0.000000
vt  0.500000 0.560000 0.000000
vt  0.510000 0.560000 0.000000
vt  0.520000 0.560000 0.000000
vt  0.530000 0.560000 0.000000
vt  0.540000 0.560000 0.000000
vt  0.550000 0.560000 0.000000
vt  0.560000 0.560000 0.000000
vt  0.570000 0.560000 0.000000
vt  0.580000 0.560000 0.000000
vt  0.590000 0.560000 0.000000
vt  0.600000 0.560000 0.000000
vt  0.610000 0.560000 0.000000
vt  0.620000 0.560000 0.000000
vt  0.630000 0.560000 0.000000
vt  0.640000 0.560000 0.000000
vt  0.650000 0.560000 0.000000
vt  0.660000 0.560000 0.000000
vt  0.670000 0.560000 0.000000
vt  0.680000 0.560000 0.000000
vt  0.690000 0.560000 0.000000
vt  0.700000 0.560000 0.000000
vt  0.710000 0.560000 0.000000
vt  0.720000 0.560000 0.000000
vt  0.730000 0.560000 0.000000
vt  0.740000 0.557960 0.000000
vt  0.739002 0.560000 0.000000
vt  0.270000 0.567326 0.000000
vt  0.280000 0.570000 0.000000
vt  0.273046 0.570000 0.000000
vt  0.290000 0.570000 0.000000
vt  0.300000 0.570000 0.000000
vt  0.310000 0.570000 0.000000
vt  0.320000 0.570000 0.000000
vt  0.330000 0.570000 0.000000
vt  0.340000 0.570000 0.000000
vt  0.350000 0.570000 0.000000
vt  0.360000 0.570000 0.000000
vt  0.370000 0.570000 0.000000
vt  0.380000 0.570000 0.000000
vt  0.390000 0.570000 0.000000
vt  0.400000 0.570000 0.000000
vt  0.410000 0.570000 0.000000
vt  0.420000 0.570000 0.000000
vt  0.430000 0.570000 0.000000
vt  0.440000 0.570000 0.000000
vt  0.450000 0.570000 0.000000
vt  0.460000 0.570000 0.000000
vt  0.470000 0.570000 0.000000
vt  0.480000 0.570000 0.000000
vt  0.490000 0.570000 0.000000
vt  0.500000 0.570000 0.000000
vt  0.510000 0.570000 0.000000
vt  0.520000 0.570000 0.000000
vt  0.530000 0.570000 0.000000
vt  0.540000 0.570000 0.000000
vt  0.550000 0.570000 0.000000
vt  0.560000 0.570000 0.000000
vt  0.570000 0.570000 0.000000
vt  0.580000 0.570000 0.000000
vt  0.590000 0.570000 0.000000
vt  0.600000 0.570000 0.000000
vt  0.610000 0.570000 0.000000
vt  0.620000 0.570000 0.000000
vt  0.630000 0.570000 0.000000
vt  0.640000 0.570000 0.000000
vt  0.650000 0.570000 0.000000
vt  0.660000 0.570000 0.000000
vt  0.670000 0.570000 0.000000
vt  0.680000 0.570000 0.000000
vt  0.690000 0.570000 0.000000
vt  0.700000 0.570000 0.000000
vt  0.710000 0.570000 0.000000
vt  0.720000 0.570000 0.000000
vt  0.730000 0.569319 0.000000
vt  0.729025 0.570000 0.000000
vt  0.280000 0.575251 0.000000
vt  0.290000 0.577169 0.000000
vt  0.300000 0.578411 0.000000
vt  0.310000 0.579154 0.000000
vt  0.320000 0.579846 0.000000
vt  0.330000 0.580000 0.000000
vt  0.322157 0.580000 0.000000
vt  0.340000 0.580000 0.000000
vt  0.350000 0.580000 0.000000
vt  0.360000 0.580000 0.000000
vt  0.370000 0.580000 0.000000
vt  0.380000 0.580000 0.000000
vt  0.390000 0.580000 0.000000
vt  0.400000 0.580000 0.000000
vt  0.410000 0.580000 0.000000
vt  0.420000 0.580000 0.000000
vt  0.430000 0.580000 0.000000
vt  0.440000 0.580000 0.000000
vt  0.450000 0.580000 0.000000
vt  0.460000 0.580000 0.000000
vt  0.470000 0.580000 0.000000
vt  0.480000 0.580000 0.000000
vt  0.490000 0.580000 0.000000
vt  0.500000 0.580000 0.000000
vt  0.510000 0.580000 0.000000
vt  0.520000 0.580000 0.000000
vt  0.530000 0.580000 0.000000
vt  0.540000 0.580000 0.000000
vt  0.550000 0.580000 0.000000
vt  0.560000 0.580000 0.000000
vt  0.570000 0.580000 0.000000
vt  0.580000 0.580000 0.000000
vt  0.590000 0.580000 0.000000
vt  0.600000 0.580000 0.000000
vt  0.610000 0.580000 0.000000
vt  0.620000 0.580000 0.000000
vt  0.630000 0.580000 0.000000
vt  0.640000 0.580000 0.000000
vt  0.650000 0.580000 0.000000
vt  0.660000 0.580000 0.000000
vt  0.670000 0.579548 0.000000
vt  0.666458 0.580000 0.000000
vt  0.680000 0.579022 0.000000
vt  0.690000 0.578469 0.000000
vt  0.700000 0.577992 0.000000
vt  0.710000 0.577381 0.000000
vt  0.720000 0.575526 0.000000
vt  0.330000 0.580716 0.000000
vt  0.340000 0.581780 0.000000
vt  0.350000 0.583252 0.000000
vt  0.360000 0.585237 0.000000
vt  0.370000 0.590000 0.000000
vt  0.366875 0.590000 0.000000
vt  0.380000 0.590000 0.000000
vt  0.390000 0.590000 0.000000
vt  0.400000 0.590000 0.000000
vt  0.410000 0.590000 0.000000
vt  0.420000 0.590000 0.000000
vt  0.430000 0.590000 0.000000
vt  0.440000 0.590000 0.000000
vt  0.450000 0.590000 0.000000
vt  0.460000 0.590000 0.000000
vt  0.470000 0.590000 0.000000
vt  0.480000 0.590000 0.000000
vt  0.490000 0.590000 0.000000
vt  0.500000 0.590000 0.000000
vt  0.510000 0.590000 0.000000
vt  0.520000 0.590000 0.000000
vt  0.530000 0.590000 0.000000
vt  0.540000 0.590000 0.000000
vt  0.550000 0.590000 0.000000
vt  0.560000 0.590000 0.000000
vt  0.570000 0.590000 0.000000
vt  0.580000 0.590000 0.000000
vt  0.590000 0.590000 0.000000
vt  0.600000 0.590000 0.000000
vt  0.610000 0.590000 0.000000
vt  0.620000 0.590000 0.000000
vt  0.630000 0.590000 0.000000
vt  0.640000 0.585306 0.000000
vt  0.633797 0.590000 0.000000
vt  0.650000 0.582725 0.000000
vt  0.660000 0.581033 0.000000
vt  0.370000 0.593683 0.000000
vt  0.380000 0.600000 0.000000
vt  0.372944 0.600000 0.000000
vt  0.390000 0.600000 0.000000
vt  0.400000 0.600000 0.000000
vt  0.410000 0.600000 0.000000
vt  0.420000 0.600000 0.000000
vt  0.430000 0.600000 0.000000
vt  0.440000 0.600000 0.000000
vt  0.450000 0.600000 0.000000
vt  0.460000 0.600000 0.000000
vt  0.470000 0.600000 0.000000
vt  0.480000 0.600000 0.000000
vt  0.490000 0.600000 0.000000
vt  0.500000 0.600000 0.000000
vt  0.510000 0.600000 0.000000
vt  0.520000 0.600000 0.000000
vt  0.530000 0.600000 0.000000
vt  0.540000 0.600000 0.000000
vt  0.550000 0.600000 0.000000
vt  0.560000 0.600000 0.000000
vt  0.570000 0.600000 0.000000
vt  0.580000 0.600000 0.000000
vt  0.590000 0.600000 0.000000
vt  0.600000 0.600000 0.000000
vt  0.610000 0.600000 0.000000
vt  0.620000 0.600000 0.000000
vt  0.630000 0.594618 0.000000
vt  0.627263 0.600000 0.000000
vt  0.380000 0.610000 0.000000
vt  0.390000 0.610000 0.000000
vt  0.400000 0.610000 0.000000
vt  0.410000 0.610000 0.000000
vt  0.420000 0.610000 0.000000
vt  0.430000 0.610000 0.000000
vt  0.440000 0.610000 0.000000
vt  0.450000 0.610000 0.000000
vt  0.460000 0.610000 0.000000
vt  0.470000 0.610000 0.000000
vt  0.480000 0.610000 0.000000
vt  0.490000 0.610000 0.000000
vt  0.500000 0.610000 0.000000
vt  0.510000 0.610000 0.000000
vt  0.520000 0.610000 0.000000
vt  0.530000 0.610000 0.000000
vt  0.540000 0.610000 0.000000
vt  0.550000 0.610000 0.000000
vt  0.560000 0.610000 0.000000
vt  0.570000 0.610000 0.000000
vt  0.580000 0.610000 0.000000
vt  0.590000 0.610000 0.000000
vt  0.600000 0.610000 0.000000
vt  0.610000 0.610000 0.000000
vt  0.620000 0.610000 0.000000
vt  0.628150 0.610000 0.000000
vt  0.370000 0.613506 0.000000
vt  0.370000 0.620000 0.000000
vt  0.367277 0.620000 0.000000
vt  0.371409 0.610000 0.000000
vt  0.380000 0.620000 0.000000
vt  0.390000 0.620000 0.000000
vt  0.400000 0.620000 0.000000
vt  0.410000 0.620000 0.000000
vt  0.420000 0.620000 0.000000
vt  0.430000 0.620000 0.000000
vt  0.440000 0.620000 0.000000
vt  0.450000 0.620000 0.000000
vt  0.460000 0.620000 0.000000
vt  0.470000 0.620000 0.000000
vt  0.480000 0.620000 0.000000
vt  0.490000 0.620000 0.000000
vt  0.500000 0.620000 0.000000
vt  0.510000 0.620000 0.000000
vt  0.520000 0.620000 0.000000
vt  0.530000 0.620000 0.000000
vt  0.540000 0.620000 0.000000
vt  0.550000 0.620000 0.000000
vt  0.560000 0.620000 0.000000
vt  0.570000 0.620000 0.000000
vt  0.580000 0.620000 0.000000
vt  0.590000 0.620000 0.000000
vt  0.600000 0.620000 0.000000
vt  0.610000 0.620000 0.000000
vt  0.620000 0.620000 0.000000
vt  0.630000 0.614989 0.000000
vt  0.630000 0.620000 0.000000
vt  0.631918 0.620000 0.000000
vt  0.370000 0.630000 0.000000
vt  0.362389 0.630000 0.000000
vt  0.380000 0.630000 0.000000
vt  0.390000 0.630000 0.000000
vt  0.400000 0.630000 0.000000
vt  0.410000 0.630000 0.000000
vt  0.420000 0.630000 0.000000
vt  0.430000 0.630000 0.000000
vt  0.440000 0.630000 0.000000
vt  0.450000 0.630000 0.000000
vt  0.460000 0.630000 0.000000
vt  0.470000 0.630000 0.000000
vt  0.480000 0.630000 0.000000
vt  0.490000 0.630000 0.000000
vt  0.500000 0.630000 0.000000
vt  0.510000 0.630000 0.000000
vt  0.520000 0.630000 0.000000
vt  0.530000 0.630000 0.000000
vt  0.540000 0.630000 0.000000
vt  0.550000 0.630000 0.000000
vt  0.560000 0.630000 0.000000
vt  0.570000 0.630000 0.000000
vt  0.580000 0.630000 0.000000
vt  0.590000 0.630000 0.000000
vt  0.600000 0.630000 0.000000
vt  0.610000 0.630000 0.000000
vt  0.620000 0.630000 0.000000
vt  0.630000 0.630000 0.000000
vt  0.637252 0.630000 0.000000
vt  0.360000 0.634871 0.000000
vt  0.360000 0.640000 0.000000
vt  0.357135 0.640000 0.000000
vt  0.370000 0.640000 0.000000
vt  0.380000 0.640000 0.000000
vt  0.390000 0.640000 0.000000
vt  0.400000 0.640000 0.000000
vt  0.410000 0.640000 0.000000
vt  0.420000 0.640000 0.000000
vt  0.430000 0.640000 0.000000
vt  0.440000 0.640000 0.000000
vt  0.450000 0.640000 0.000000
vt  0.460000 0.640000 0.000000
vt  0.470000 0.640000 0.000000
vt  0.480000 0.640000 0.000000
vt  0.490000 0.640000 0.000000
vt  0.500000 0.640000 0.000000
vt  0.510000 0.640000 0.000000
vt  0.520000 0.640000 0.000000
vt  0.530000 0.640000 0.000000
vt  0.540000 0.640000 0.000000
vt  0.550000 0.640000 0.000000
vt  0.560000 0.640000 0.000000
vt  0.570000 0.640000 0.000000
vt  0.580000 0.640000 0.000000
vt  0.590000 0.640000 0.000000
vt  0.600000 0.640000 0.000000
vt  0.610000 0.640000 0.000000
vt  0.620000 0.640000 0.000000
vt  0.630000 0.640000 0.000000
vt  0.640000 0.635319 0.000000
vt  0.640000 0.640000 0.000000
vt  0.642885 0.640000 0.000000
vt  0.360000 0.650000 0.000000
vt  0.352742 0.650000 0.000000
vt  0.370000 0.650000 0.000000
vt  0.380000 0.650000 0.000000
vt  0.390000 0.650000 0.000000
vt  0.400000 0.650000 0.000000
vt  0.410000 0.650000 0.000000
vt  0.420000 0.650000 0.000000
vt  0.430000 0.650000 0.000000
vt  0.440000 0.650000 0.000000
vt  0.450000 0.650000 0.000000
vt  0.460000 0.650000 0.000000
vt  0.470000 0.650000 0.000000
vt  0.480000 0.650000 0.000000
vt  0.490000 0.650000 0.000000
vt  0.500000 0.648101 0.000000
vt  0.497806 0.650000 0.000000
vt  0.520000 0.650000 0.000000
vt  0.510154 0.650000 0.000000
vt  0.530000 0.650000 0.000000
vt  0.540000 0.650000 0.000000
vt  0.550000 0.650000 0.000000
vt  0.560000 0.650000 0.000000
vt  0.570000 0.650000 0.000000
vt  0.580000 0.650000 0.000000
vt  0.590000 0.650000 0.000000
vt  0.600000 0.650000 0.000000
vt  0.610000 0.650000 0.000000
vt  0.620000 0.650000 0.000000
vt  0.630000 0.650000 0.000000
vt  0.640000 0.650000 0.000000
vt  0.648039 0.650000 0.000000
vt  0.350000 0.655333 0.000000
vt  0.350000 0.660000 0.000000
vt  0.347989 0.660000 0.000000
vt  0.360000 0.660000 0.000000
vt  0.370000 0.660000 0.000000
vt  0.380000 0.660000 0.000000
vt  0.390000 0.660000 0.000000
vt  0.400000 0.660000 0.000000
vt  0.410000 0.660000 0.000000
vt  0.420000 0.660000 0.000000
vt  0.430000 0.660000 0.000000
vt  0.440000 0.660000 0.000000
vt  0.450000 0.660000 0.000000
vt  0.460000 0.660000 0.000000
vt  0.470000 0.660000 0.000000
vt  0.480000 0.660000 0.000000
vt  0.490000 0.658073 0.000000
vt  0.488478 0.660000 0.000000
vt  0.520000 0.658449 0.000000
vt  0.530000 0.660000 0.000000
vt  0.520956 0.660000 0.000000
vt  0.540000 0.660000 0.000000
vt  0.550000 0.660000 0.000000
vt  0.560000 0.660000 0.000000
vt  0.570000 0.660000 0.000000
vt  0.580000 0.660000 0.000000
vt  0.590000 0.660000 0.000000
vt  0.600000 0.660000 0.000000
vt  0.610000 0.660000 0.000000
vt  0.620000 0.660000 0.000000
vt  0.630000 0.660000 0.000000
vt  0.640000 0.660000 0.000000
vt  0.650000 0.653082 0.000000
vt  0.650000 0.660000 0.000000
vt  0.653332 0.660000 0.000000
vt  0.350000 0.670000 0.000000
vt  0.342779 0.670000 0.000000
vt  0.360000 0.670000 0.000000
vt  0.370000 0.670000 0.000000
vt  0.380000 0.670000 0.000000
vt  0.390000 0.670000 0.000000
vt  0.400000 0.670000 0.000000
vt  0.410000 0.670000 0.000000
vt  0.420000 0.670000 0.000000
vt  0.430000 0.670000 0.000000
vt  0.440000 0.670000 0.000000
vt  0.450000 0.670000 0.000000
vt  0.460000 0.670000 0.000000
vt  0.470000 0.670000 0.000000
vt  0.480000 0.670000 0.000000
vt  0.481449 0.670000 0.000000
vt  0.530000 0.670000 0.000000
vt  0.540000 0.670000 0.000000
vt  0.550000 0.670000 0.000000
vt  0.560000 0.670000 0.000000
vt  0.570000 0.670000 0.000000
vt  0.580000 0.670000 0.000000
vt  0.590000 0.670000 0.000000
vt  0.600000 0.670000 0.000000
vt  0.610000 0.670000 0.000000
vt  0.620000 0.670000 0.000000
vt  0.630000 0.670000 0.000000
vt  0.640000 0.670000 0.000000
vt  0.650000 0.670000 0.000000
vt  0.658902 0.670000 0.000000
vt  0.340000 0.675603 0.000000
vt  0.340000 0.680000 0.000000
vt  0.337849 0.680000 0.000000
vt  0.350000 0.680000 0.000000
vt  0.360000 0.680000 0.000000
vt  0.370000 0.680000 0.000000
vt  0.380000 0.680000 0.000000
vt  0.390000 0.680000 0.000000
vt  0.400000 0.680000 0.000000
vt  0.410000 0.680000 0.000000
vt  0.420000 0.680000 0.000000
vt  0.430000 0.680000 0.000000
vt  0.440000 0.680000 0.000000
vt  0.450000 0.680000 0.000000
vt  0.460000 0.680000 0.000000
vt  0.470000 0.680000 0.000000
vt  0.480000 0.672053 0.000000
vt  0.475828 0.680000 0.000000
vt  0.526052 0.670000 0.000000
vt  0.530000 0.677525 0.000000
vt  0.540000 0.680000 0.000000
vt  0.531347 0.680000 0.000000
vt  0.550000 0.680000 0.000000
vt  0.560000 0.680000 0.000000
vt  0.570000 0.680000 0.000000
vt  0.580000 0.680000 0.000000
vt  0.590000 0.680000 0.000000
vt  0.600000 0.680000 0.000000
vt  0.610000 0.680000 0.000000
vt  0.620000 0.680000 0.000000
vt  0.630000 0.680000 0.000000
vt  0.640000 0.680000 0.000000
vt  0.650000 0.680000 0.000000
vt  0.660000 0.671885 0.000000
vt  0.660000 0.680000 0.000000
vt  0.664832 0.680000 0.000000
vt  0.340000 0.690000 0.000000
vt  0.333888 0.690000 0.000000
vt  0.350000 0.690000 0.000000
vt  0.360000 0.690000 0.000000
vt  0.370000 0.690000 0.000000
vt  0.380000 0.690000 0.000000
vt  0.390000 0.690000 0.000000
vt  0.400000 0.690000 0.000000
vt  0.410000 0.690000 0.000000
vt  0.420000 0.690000 0.000000
vt  0.430000 0.690000 0.000000
vt  0.440000 0.690000 0.000000
vt  0.450000 0.690000 0.000000
vt  0.460000 0.690000 0.000000
vt  0.470000 0.690000 0.000000
vt  0.471156 0.690000 0.000000
vt  0.540000 0.690000 0.000000
vt  0.550000 0.690000 0.000000
vt  0.560000 0.690000 0.000000
vt  0.570000 0.690000 0.000000
vt  0.580000 0.690000 0.000000
vt  0.590000 0.690000 0.000000
vt  0.600000 0.690000 0.000000
vt  0.610000 0.690000 0.000000
vt  0.620000 0.690000 0.000000
vt  0.630000 0.690000 0.000000
vt  0.640000 0.690000 0.000000
vt  0.650000 0.690000 0.000000
vt  0.660000 0.690000 0.000000
vt  0.669969 0.690000 0.000000
vt  0.330000 0.697696 0.000000
vt  0.330000 0.700000 0.000000
vt  0.328808 0.700000 0.000000
vt  0.340000 0.700000 0.000000
vt  0.350000 0.700000 0.000000
vt  0.360000 0.700000 0.000000
vt  0.370000 0.700000 0.000000
vt  0.380000 0.700000 0.000000
vt  0.390000 0.700000 0.000000
vt  0.400000 0.700000 0.000000
vt  0.410000 0.700000 0.000000
vt  0.420000 0.700000 0.000000
vt  0.430000 0.700000 0.000000
vt  0.440000 0.700000 0.000000
vt  0.450000 0.700000 0.000000
vt  0.460000 0.700000 0.000000
vt  0.470000 0.692046 0.000000
vt  0.465912 0.700000 0.000000
vt  0.536133 0.690000 0.000000
vt  0.540000 0.696404 0.000000
vt  0.550000 0.700000 0.000000
vt  0.542557 0.700000 0.000000
vt  0.560000 0.700000 0.000000
vt  0.570000 0.700000 0.000000
vt  0.580000 0.700000 0.000000
vt  0.590000 0.700000 0.000000
vt  0.600000 0.700000 0.000000
vt  0.610000 0.700000 0.000000
vt  0.620000 0.700000 0.000000
vt  0.630000 0.700000 0.000000
vt  0.640000 0.700000 0.000000
vt  0.650000 0.700000 0.000000
vt  0.660000 0.700000 0.000000
vt  0.670000 0.700000 0.000000
vt  0.675691 0.700000 0.000000
vt  0.330000 0.710000 0.000000
vt  0.322828 0.710000 0.000000
vt  0.340000 0.710000 0.000000
vt  0.350000 0.710000 0.000000
vt  0.360000 0.710000 0.000000
vt  0.370000 0.710000 0.000000
vt  0.380000 0.710000 0.000000
vt  0.390000 0.710000 0.000000
vt  0.400000 0.710000 0.000000
vt  0.410000 0.710000 0.000000
vt  0.420000 0.710000 0.000000
vt  0.430000 0.710000 0.000000
vt  0.440000 0.710000 0.000000
vt  0.450000 0.710000 0.000000
vt  0.460000 0.710000 0.000000
vt  0.461263 0.710000 0.000000
vt  0.550000 0.710000 0.000000
vt  0.560000 0.710000 0.000000
vt  0.570000 0.710000 0.000000
vt  0.580000 0.710000 0.000000
vt  0.590000 0.710000 0.000000
vt  0.600000 0.710000 0.000000
vt  0.610000 0.710000 0.000000
vt  0.620000 0.710000 0.000000
vt  0.630000 0.710000 0.000000
vt  0.640000 0.710000 0.000000
vt  0.650000 0.710000 0.000000
vt  0.660000 0.710000 0.000000
vt  0.670000 0.710000 0.000000
vt  0.680000 0.708384 0.000000
vt  0.680000 0.710000 0.000000
vt  0.681006 0.710000 0.000000
vt  0.320000 0.715290 0.000000
vt  0.320000 0.720000 0.000000
vt  0.316938 0.720000 0.000000
vt  0.330000 0.720000 0.000000
vt  0.340000 0.720000 0.000000
vt  0.350000 0.720000 0.000000
vt  0.360000 0.720000 0.000000
vt  0.370000 0.720000 0.000000
vt  0.380000 0.720000 0.000000
vt  0.390000 0.720000 0.000000
vt  0.400000 0.720000 0.000000
vt  0.410000 0.720000 0.000000
vt  0.420000 0.720000 0.000000
vt  0.430000 0.720000 0.000000
vt  0.440000 0.720000 0.000000
vt  0.450000 0.720000 0.000000
vt  0.460000 0.713363 0.000000
vt  0.456902 0.720000 0.000000
vt  0.548855 0.710000 0.000000
vt  0.550000 0.712387 0.000000
vt  0.560000 0.720000 0.000000
vt  0.552837 0.720000 0.000000
vt  0.570000 0.720000 0.000000
vt  0.580000 0.720000 0.000000
vt  0.590000 0.720000 0.000000
vt  0.600000 0.720000 0.000000
vt  0.610000 0.720000 0.000000
vt  0.620000 0.720000 0.000000
vt  0.630000 0.720000 0.000000
vt  0.640000 0.720000 0.000000
vt  0.650000 0.720000 0.000000
vt  0.660000 0.720000 0.000000
vt  0.670000 0.720000 0.000000
vt  0.680000 0.720000 0.000000
vt  0.686088 0.720000 0.000000
vt  0.310000 0.728812 0.000000
vt  0.310000 0.730000 0.000000
vt  0.309216 0.730000 0.000000
vt  0.320000 0.730000 0.000000
vt  0.330000 0.730000 0.000000
vt  0.340000 0.730000 0.000000
vt  0.350000 0.730000 0.000000
vt  0.360000 0.730000 0.000000
vt  0.370000 0.730000 0.000000
vt  0.380000 0.730000 0.000000
vt  0.390000 0.730000 0.000000
vt  0.400000 0.730000 0.000000
vt  0.410000 0.730000 0.000000
vt  0.420000 0.730000 0.000000
vt  0.430000 0.730000 0.000000
vt  0.440000 0.730000 0.000000
vt  0.450000 0.730000 0.000000
vt  0.450939 0.730000 0.000000
vt  0.560000 0.730000 0.000000
vt  0.570000 0.730000 0.000000
vt  0.580000 0.730000 0.000000
vt  0.590000 0.730000 0.000000
vt  0.600000 0.730000 0.000000
vt  0.610000 0.730000 0.000000
vt  0.620000 0.730000 0.000000
vt  0.630000 0.730000 0.000000
vt  0.640000 0.730000 0.000000
vt  0.650000 0.730000 0.000000
vt  0.660000 0.730000 0.000000
vt  0.670000 0.730000 0.000000
vt  0.680000 0.730000 0.000000
vt  0.690000 0.726459 0.000000
vt  0.690000 0.730000 0.000000
vt  0.691879 0.730000 0.000000
vt  0.310000 0.740000 0.000000
vt  0.302767 0.740000 0.000000
vt  0.320000 0.740000 0.000000
vt  0.330000 0.740000 0.000000
vt  0.340000 0.740000 0.000000
vt  0.350000 0.740000 0.000000
vt  0.360000 0.740000 0.000000
vt  0.370000 0.740000 0.000000
vt  0.380000 0.740000 0.000000
vt  0.390000 0.740000 0.000000
vt  0.400000 0.740000 0.000000
vt  0.410000 0.740000 0.000000
vt  0.420000 0.740000 0.000000
vt  0.430000 0.740000 0.000000
vt  0.440000 0.740000 0.000000
vt  0.450000 0.731427 0.000000
vt  0.445485 0.740000 0.000000
vt  0.557101 0.730000 0.000000
vt  0.560000 0.735811 0.000000
vt  0.570000 0.740000 0.000000
vt  0.562077 0.740000 0.000000
vt  0.580000 0.740000 0.000000
vt  0.590000 0.740000 0.000000
vt  0.600000 0.740000 0.000000
vt  0.610000 0.740000 0.000000
vt  0.620000 0.740000 0.000000
vt  0.630000 0.740000 0.000000
vt  0.640000 0.740000 0.000000
vt  0.650000 0.740000 0.000000
vt  0.660000 0.740000 0.000000
vt  0.670000 0.740000 0.000000
vt  0.680000 0.740000 0.000000
vt  0.690000 0.740000 0.000000
vt  0.697296 0.740000 0.000000
vt  0.300000 0.745968 0.000000
vt  0.300000 0.750000 0.000000
vt  0.298224 0.750000 0.000000
vt  0.310000 0.750000 0.000000
vt  0.320000 0.750000 0.000000
vt  0.330000 0.750000 0.000000
vt  0.340000 0.750000 0.000000
vt  0.350000 0.750000 0.000000
vt  0.360000 0.750000 0.000000
vt  0.370000 0.750000 0.000000
vt  0.380000 0.750000 0.000000
vt  0.390000 0.750000 0.000000
vt  0.400000 0.750000 0.000000
vt  0.410000 0.750000 0.000000
vt  0.420000 0.750000 0.000000
vt  0.430000 0.750000 0.000000
vt  0.440000 0.750000 0.000000
vt  0.440984 0.750000 0.000000
vt  0.570000 0.750000 0.000000
vt  0.580000 0.750000 0.000000
vt  0.590000 0.750000 0.000000
vt  0.600000 0.750000 0.000000
vt  0.610000 0.750000 0.000000
vt  0.620000 0.750000 0.000000
vt  0.630000 0.750000 0.000000
vt  0.640000 0.750000 0.000000
vt  0.650000 0.750000 0.000000
vt  0.660000 0.750000 0.000000
vt  0.670000 0.750000 0.000000
vt  0.680000 0.750000 0.000000
vt  0.690000 0.750000 0.000000
vt  0.700000 0.747209 0.000000
vt  0.700000 0.750000 0.000000
vt  0.701007 0.750000 0.000000
vt  0.300000 0.760000 0.000000
vt  0.292751 0.760000 0.000000
vt  0.310000 0.760000 0.000000
vt  0.320000 0.760000 0.000000
vt  0.330000 0.760000 0.000000
vt  0.340000 0.760000 0.000000
vt  0.350000 0.760000 0.000000
vt  0.360000 0.760000 0.000000
vt  0.370000 0.760000 0.000000
vt  0.380000 0.760000 0.000000
vt  0.390000 0.760000 0.000000
vt  0.400000 0.760000 0.000000
vt  0.410000 0.760000 0.000000
vt  0.420000 0.760000 0.000000
vt  0.430000 0.760000 0.000000
vt  0.440000 0.751923 0.000000
vt  0.436121 0.760000 0.000000
vt  0.566640 0.750000 0.000000
vt  0.570000 0.756463 0.000000
vt  0.580000 0.760000 0.000000
vt  0.571729 0.760000 0.000000
vt  0.590000 0.760000 0.000000
vt  0.600000 0.760000 0.000000
vt  0.610000 0.760000 0.000000
vt  0.620000 0.760000 0.000000
vt  0.630000 0.760000 0.000000
vt  0.640000 0.760000 0.000000
vt  0.650000 0.760000 0.000000
vt  0.660000 0.760000 0.000000
vt  0.670000 0.760000 0.000000
vt  0.680000 0.760000 0.000000
vt  0.690000 0.760000 0.000000
vt  0.700000 0.760000 0.000000
vt  0.705513 0.760000 0.000000
vt  0.290000 0.764659 0.000000
vt  0.290000 0.770000 0.000000
vt  0.286004 0.770000 0.000000
vt  0.300000 0.770000 0.000000
vt  0.310000 0.770000 0.000000
vt  0.320000 0.770000 0.000000
vt  0.330000 0.770000 0.000000
vt  0.340000 0.770000 0.000000
vt  0.350000 0.770000 0.000000
vt  0.360000 0.770000 0.000000
vt  0.370000 0.770000 0.000000
vt  0.380000 0.770000 0.000000
vt  0.390000 0.770000 0.000000
vt  0.400000 0.770000 0.000000
vt  0.410000 0.770000 0.000000
vt  0.420000 0.770000 0.000000
vt  0.430000 0.770000 0.000000
vt  0.431822 0.770000 0.000000
vt  0.580000 0.770000 0.000000
vt  0.590000 0.770000 0.000000
vt  0.600000 0.770000 0.000000
vt  0.610000 0.770000 0.000000
vt  0.620000 0.770000 0.000000
vt  0.630000 0.770000 0.000000
vt  0.640000 0.770000 0.000000
vt  0.650000 0.770000 0.000000
vt  0.660000 0.770000 0.000000
vt  0.670000 0.770000 0.000000
vt  0.680000 0.770000 0.000000
vt  0.690000 0.770000 0.000000
vt  0.700000 0.770000 0.000000
vt  0.710000 0.768968 0.000000
vt  0.710000 0.770000 0.000000
vt  0.710678 0.770000 0.000000
vt  0.280000 0.779051 0.000000
vt  0.280000 0.780000 0.000000
vt  0.279446 0.780000 0.000000
vt  0.290000 0.780000 0.000000
vt  0.300000 0.780000 0.000000
vt  0.310000 0.780000 0.000000
vt  0.320000 0.780000 0.000000
vt  0.330000 0.780000 0.000000
vt  0.340000 0.780000 0.000000
vt  0.350000 0.780000 0.000000
vt  0.360000 0.780000 0.000000
vt  0.370000 0.780000 0.000000
vt  0.380000 0.780000 0.000000
vt  0.390000 0.780000 0.000000
vt  0.400000 0.780000 0.000000
vt  0.410000 0.780000 0.000000
vt  0.420000 0.780000 0.000000
vt  0.430000 0.775278 0.000000
vt  0.428334 0.780000 0.000000
vt  0.576555 0.770000 0.000000
vt  0.580000 0.778517 0.000000
vt  0.590000 0.780000 0.000000
vt  0.580733 0.780000 0.000000
vt  0.600000 0.780000 0.000000
vt  0.610000 0.780000 0.000000
vt  0.620000 0.780000 0.000000
vt  0.630000 0.780000 0.000000
vt  0.640000 0.780000 0.000000
vt  0.650000 0.780000 0.000000
vt  0.660000 0.780000 0.000000
vt  0.670000 0.780000 0.000000
vt  0.680000 0.780000 0.000000
vt  0.690000 0.780000 0.000000
vt  0.700000 0.780000 0.000000
vt  0.710000 0.780000 0.000000
vt  0.716430 0.780000 0.000000
vt  0.280000 0.790000 0.000000
vt  0.273779 0.790000 0.000000
vt  0.290000 0.790000 0.000000
vt  0.300000 0.790000 0.000000
vt  0.310000 0.790000 0.000000
vt  0.320000 0.790000 0.000000
vt  0.330000 0.790000 0.000000
vt  0.340000 0.790000 0.000000
vt  0.350000 0.790000 0.000000
vt  0.360000 0.790000 0.000000
vt  0.370000 0.790000 0.000000
vt  0.380000 0.790000 0.000000
vt  0.390000 0.790000 0.000000
vt  0.400000 0.790000 0.000000
vt  0.410000 0.790000 0.000000
vt  0.420000 0.790000 0.000000
vt  0.423367 0.790000 0.000000
vt  0.590000 0.790000 0.000000
vt  0.600000 0.790000 0.000000
vt  0.610000 0.790000 0.000000
vt  0.620000 0.790000 0.000000
vt  0.630000 0.790000 0.000000
vt  0.640000 0.790000 0.000000
vt  0.650000 0.790000 0.000000
vt  0.660000 0.790000 0.000000
vt  0.670000 0.790000 0.000000
vt  0.680000 0.790000 0.000000
vt  0.690000 0.790000 0.000000
vt  0.700000 0.790000 0.000000
vt  0.710000 0.790000 0.000000
vt  0.720000 0.784902 0.000000
vt  0.720000 0.790000 0.000000
vt  0.722886 0.790000 0.000000
vt  0.270000 0.797815 0.000000
vt  0.270000 0.800000 0.000000
vt  0.268997 0.800000 0.000000
vt  0.280000 0.800000 0.000000
vt  0.290000 0.800000 0.000000
vt  0.300000 0.800000 0.000000
vt  0.310000 0.800000 0.000000
vt  0.320000 0.800000 0.000000
vt  0.330000 0.800000 0.000000
vt  0.340000 0.800000 0.000000
vt  0.350000 0.800000 0.000000
vt  0.360000 0.800000 0.000000
vt  0.370000 0.800000 0.000000
vt  0.380000 0.800000 0.000000
vt  0.390000 0.800000 0.000000
vt  0.400000 0.800000 0.000000
vt  0.410000 0.800000 0.000000
vt  0.420000 0.796075 0.000000
vt  0.417247 0.800000 0.000000
vt  0.586802 0.790000 0.000000
vt  0.590000 0.795054 0.000000
vt  0.600000 0.800000 0.000000
vt  0.592519 0.800000 0.000000
vt  0.610000 0.800000 0.000000
vt  0.620000 0.800000 0.000000
vt  0.630000 0.800000 0.000000
vt  0.640000 0.800000 0.000000
vt  0.650000 0.800000 0.000000
vt  0.660000 0.800000 0.000000
vt  0.670000 0.800000 0.000000
vt  0.680000 0.800000 0.000000
vt  0.690000 0.800000 0.000000
vt  0.700000 0.800000 0.000000
vt  0.710000 0.800000 0.000000
vt  0.720000 0.800000 0.000000
vt  0.728302 0.800000 0.000000
vt  0.270000 0.810000 0.000000
vt  0.264575 0.810000 0.000000
vt  0.280000 0.810000 0.000000
vt  0.290000 0.810000 0.000000
vt  0.300000 0.810000 0.000000
vt  0.310000 0.810000 0.000000
vt  0.320000 0.810000 0.000000
vt  0.330000 0.810000 0.000000
vt  0.340000 0.810000 0.000000
vt  0.350000 0.810000 0.000000
vt  0.360000 0.810000 0.000000
vt  0.370000 0.810000 0.000000
vt  0.380000 0.810000 0.000000
vt  0.390000 0.810000 0.000000
vt  0.400000 0.810000 0.000000
vt  0.410000 0.810000 0.000000
vt  0.410125 0.810000 0.000000
vt  0.600000 0.810000 0.000000
vt  0.610000 0.810000 0.000000
vt  0.620000 0.810000 0.000000
vt  0.630000 0.810000 0.000000
vt  0.640000 0.810000 0.000000
vt  0.650000 0.810000 0.000000
vt  0.660000 0.810000 0.000000
vt  0.670000 0.810000 0.000000
vt  0.680000 0.810000 0.000000
vt  0.690000 0.810000 0.000000
vt  0.700000 0.810000 0.000000
vt  0.710000 0.810000 0.000000
vt  0.720000 0.810000 0.000000
vt  0.730000 0.803362 0.000000
vt  0.730000 0.810000 0.000000
vt  0.733268 0.810000 0.000000
vt  0.270000 0.820000 0.000000
vt  0.280000 0.820000 0.000000
vt  0.290000 0.820000 0.000000
vt  0.300000 0.820000 0.000000
vt  0.310000 0.820000 0.000000
vt  0.320000 0.820000 0.000000
vt  0.330000 0.820000 0.000000
vt  0.340000 0.820000 0.000000
vt  0.350000 0.820000 0.000000
vt  0.360000 0.820000 0.000000
vt  0.370000 0.820000 0.000000
vt  0.380000 0.820000 0.000000
vt  0.390000 0.820000 0.000000
vt  0.400000 0.820000 0.000000
vt  0.405600 0.820000 0.000000
vt  0.597214 0.810000 0.000000
vt  0.600000 0.818591 0.000000
vt  0.610000 0.820000 0.000000
vt  0.600450 0.820000 0.000000
vt  0.620000 0.820000 0.000000
vt  0.630000 0.820000 0.000000
vt  0.640000 0.820000 0.000000
vt  0.650000 0.820000 0.000000
vt  0.660000 0.820000 0.000000
vt  0.670000 0.820000 0.000000
vt  0.680000 0.820000 0.000000
vt  0.690000 0.820000 0.000000
vt  0.700000 0.820000 0.000000
vt  0.710000 0.820000 0.000000
vt  0.720000 0.820000 0.000000
vt  0.730000 0.820000 0.000000
vt  0.737373 0.820000 0.000000
vt  0.260000 0.821936 0.000000
vt  0.260000 0.830000 0.000000
vt  0.254982 0.830000 0.000000
vt  0.260970 0.820000 0.000000
vt  0.270000 0.830000 0.000000
vt  0.280000 0.830000 0.000000
vt  0.290000 0.830000 0.000000
vt  0.300000 0.830000 0.000000
vt  0.310000 0.830000 0.000000
vt  0.320000 0.830000 0.000000
vt  0.330000 0.830000 0.000000
vt  0.340000 0.830000 0.000000
vt  0.350000 0.830000 0.000000
vt  0.360000 0.830000 0.000000
vt  0.370000 0.830000 0.000000
vt  0.380000 0.830000 0.000000
vt  0.390000 0.830000 0.000000
vt  0.400000 0.830000 0.000000
vt  0.400789 0.830000 0.000000
vt  0.610000 0.830000 0.000000
vt  0.620000 0.830000 0.000000
vt  0.630000 0.830000 0.000000
vt  0.640000 0.830000 0.000000
vt  0.650000 0.830000 0.000000
vt  0.660000 0.830000 0.000000
vt  0.670000 0.830000 0.000000
vt  0.680000 0.830000 0.000000
vt  0.690000 0.830000 0.000000
vt  0.700000 0.830000 0.000000
vt  0.710000 0.830000 0.000000
vt  0.720000 0.830000 0.000000
vt  0.730000 0.830000 0.000000
vt  0.740000 0.824488 0.000000
vt  0.740000 0.830000 0.000000
vt  0.744039 0.830000 0.000000
vt  0.250000 0.838150 0.000000
vt  0.250000 0.840000 0.000000
vt  0.249084 0.840000 0.000000
vt  0.260000 0.840000 0.000000
vt  0.270000 0.840000 0.000000
vt  0.280000 0.840000 0.000000
vt  0.290000 0.840000 0.000000
vt  0.300000 0.840000 0.000000
vt  0.310000 0.840000 0.000000
vt  0.320000 0.840000 0.000000
vt  0.330000 0.840000 0.000000
vt  0.340000 0.840000 0.000000
vt  0.350000 0.840000 0.000000
vt  0.360000 0.840000 0.000000
vt  0.370000 0.840000 0.000000
vt  0.380000 0.840000 0.000000
vt  0.390000 0.840000 0.000000
vt  0.400000 0.831633 0.000000
vt  0.395858 0.840000 0.000000
vt  0.603797 0.830000 0.000000
vt  0.610000 0.840000 0.000000
vt  0.607268 0.840000 0.000000
vt  0.620000 0.840000 0.000000
vt  0.630000 0.840000 0.000000
vt  0.640000 0.840000 0.000000
vt  0.650000 0.840000 0.000000
vt  0.660000 0.840000 0.000000
vt  0.670000 0.840000 0.000000
vt  0.680000 0.840000 0.000000
vt  0.690000 0.840000 0.000000
vt  0.700000 0.840000 0.000000
vt  0.710000 0.840000 0.000000
vt  0.720000 0.840000 0.000000
vt  0.730000 0.840000 0.000000
vt  0.740000 0.840000 0.000000
vt  0.750000 0.837818 0.000000
vt  0.750000 0.840000 0.000000
vt  0.751408 0.840000 0.000000
vt  0.250000 0.850000 0.000000
vt  0.245152 0.850000 0.000000
vt  0.260000 0.850000 0.000000
vt  0.270000 0.850000 0.000000
vt  0.280000 0.850000 0.000000
vt  0.290000 0.850000 0.000000
vt  0.300000 0.850000 0.000000
vt  0.310000 0.850000 0.000000
vt  0.320000 0.850000 0.000000
vt  0.330000 0.850000 0.000000
vt  0.340000 0.850000 0.000000
vt  0.350000 0.850000 0.000000
vt  0.360000 0.850000 0.000000
vt  0.370000 0.850000 0.000000
vt  0.380000 0.850000 0.000000
vt  0.390000 0.850000 0.000000
vt  0.391543 0.850000 0.000000
vt  0.610000 0.848946 0.000000
vt  0.620000 0.850000 0.000000
vt  0.610396 0.850000 0.000000
vt  0.630000 0.850000 0.000000
vt  0.640000 0.850000 0.000000
vt  0.650000 0.850000 0.000000
vt  0.660000 0.850000 0.000000
vt  0.670000 0.850000 0.000000
vt  0.680000 0.850000 0.000000
vt  0.690000 0.850000 0.000000
vt  0.700000 0.850000 0.000000
vt  0.710000 0.850000 0.000000
vt  0.720000 0.850000 0.000000
vt  0.730000 0.850000 0.000000
vt  0.740000 0.850000 0.000000
vt  0.750000 0.850000 0.000000
vt  0.756403 0.850000 0.000000
vt  0.240000 0.860000 0.000000
vt  0.239944 0.860000 0.000000
vt  0.250000 0.860000 0.000000
vt  0.260000 0.860000 0.000000
vt  0.270000 0.860000 0.000000
vt  0.280000 0.860000 0.000000
vt  0.290000 0.860000 0.000000
vt  0.300000 0.860000 0.000000
vt  0.310000 0.860000 0.000000
vt  0.320000 0.860000 0.000000
vt  0.330000 0.860000 0.000000
vt  0.340000 0.860000 0.000000
vt  0.350000 0.860000 0.000000
vt  0.360000 0.860000 0.000000
vt  0.370000 0.860000 0.000000
vt  0.380000 0.860000 0.000000
vt  0.390000 0.852906 0.000000
vt  0.385256 0.860000 0.000000
vt  0.620000 0.860000 0.000000
vt  0.630000 0.860000 0.000000
vt  0.640000 0.860000 0.000000
vt  0.650000 0.860000 0.000000
vt  0.660000 0.860000 0.000000
vt  0.670000 0.860000 0.000000
vt  0.680000 0.860000 0.000000
vt  0.690000 0.860000 0.000000
vt  0.700000 0.860000 0.000000
vt  0.710000 0.860000 0.000000
vt  0.720000 0.860000 0.000000
vt  0.730000 0.860000 0.000000
vt  0.740000 0.860000 0.000000
vt  0.750000 0.860000 0.000000
vt  0.760000 0.856293 0.000000
vt  0.760000 0.860000 0.000000
vt  0.762009 0.860000 0.000000
vt  0.240000 0.870000 0.000000
vt  0.234024 0.870000 0.000000
vt  0.250000 0.870000 0.000000
vt  0.260000 0.870000 0.000000
vt  0.270000 0.870000 0.000000
vt  0.280000 0.870000 0.000000
vt  0.290000 0.870000 0.000000
vt  0.300000 0.870000 0.000000
vt  0.310000 0.870000 0.000000
vt  0.320000 0.870000 0.000000
vt  0.330000 0.870000 0.000000
vt  0.340000 0.870000 0.000000
vt  0.350000 0.870000 0.000000
vt  0.360000 0.870000 0.000000
vt  0.370000 0.870000 0.000000
vt  0.380000 0.869024 0.000000
vt  0.379569 0.870000 0.000000
vt  0.615397 0.860000 0.000000
vt  0.620000 0.868601 0.000000
vt  0.630000 0.870000 0.000000
vt  0.620627 0.870000 0.000000
vt  0.640000 0.870000 0.000000
vt  0.650000 0.870000 0.000000
vt  0.660000 0.870000 0.000000
vt  0.670000 0.870000 0.000000
vt  0.680000 0.870000 0.000000
vt  0.690000 0.870000 0.000000
vt  0.700000 0.870000 0.000000
vt  0.710000 0.870000 0.000000
vt  0.720000 0.870000 0.000000
vt  0.730000 0.870000 0.000000
vt  0.740000 0.870000 0.000000
vt  0.750000 0.870000 0.000000
vt  0.760000 0.870000 0.000000
vt  0.767351 0.870000 0.000000
vt  0.240000 0.880000 0.000000
vt  0.250000 0.880000 0.000000
vt  0.260000 0.880000 0.000000
vt  0.270000 0.880000 0.000000
vt  0.280000 0.880000 0.000000
vt  0.290000 0.880000 0.000000
vt  0.300000 0.880000 0.000000
vt  0.310000 0.880000 0.000000
vt  0.320000 0.880000 0.000000
vt  0.330000 0.880000 0.000000
vt  0.340000 0.880000 0.000000
vt  0.350000 0.880000 0.000000
vt  0.360000 0.880000 0.000000
vt  0.370000 0.880000 0.000000
vt  0.375744 0.880000 0.000000
vt  0.630000 0.880000 0.000000
vt  0.640000 0.880000 0.000000
vt  0.650000 0.880000 0.000000
vt  0.660000 0.880000 0.000000
vt  0.670000 0.880000 0.000000
vt  0.680000 0.880000 0.000000
vt  0.690000 0.880000 0.000000
vt  0.700000 0.880000 0.000000
vt  0.710000 0.880000 0.000000
vt  0.720000 0.880000 0.000000
vt  0.730000 0.880000 0.000000
vt  0.740000 0.880000 0.000000
vt  0.750000 0.880000 0.000000
vt  0.760000 0.880000 0.000000
vt  0.770000 0.878993 0.000000
vt  0.770000 0.880000 0.000000
vt  0.770363 0.880000 0.000000
vt  0.230000 0.880421 0.000000
vt  0.230000 0.890000 0.000000
vt  0.224647 0.890000 0.000000
vt  0.240000 0.890000 0.000000
vt  0.250000 0.890000 0.000000
vt  0.260000 0.890000 0.000000
vt  0.270000 0.890000 0.000000
vt  0.280000 0.890000 0.000000
vt  0.290000 0.890000 0.000000
vt  0.300000 0.890000 0.000000
vt  0.310000 0.890000 0.000000
vt  0.320000 0.890000 0.000000
vt  0.330000 0.890000 0.000000
vt  0.340000 0.890000 0.000000
vt  0.350000 0.890000 0.000000
vt  0.360000 0.890000 0.000000
vt  0.370000 0.890000 0.000000
vt  0.370740 0.890000 0.000000
vt  0.624858 0.880000 0.000000
vt  0.630000 0.890000 0.000000
vt  0.630000 0.890715 0.000000
vt  0.640000 0.890000 0.000000
vt  0.650000 0.890000 0.000000
vt  0.660000 0.890000 0.000000
vt  0.670000 0.890000 0.000000
vt  0.680000 0.890000 0.000000
vt  0.690000 0.890000 0.000000
vt  0.700000 0.890000 0.000000
vt  0.710000 0.890000 0.000000
vt  0.720000 0.890000 0.000000
vt  0.730000 0.890000 0.000000
vt  0.740000 0.890000 0.000000
vt  0.750000 0.890000 0.000000
vt  0.760000 0.890000 0.000000
vt  0.770000 0.890000 0.000000
vt  0.775065 0.890000 0.000000
vt  0.230000 0.900000 0.000000
vt  0.240000 0.900000 0.000000
vt  0.250000 0.900000 0.000000
vt  0.260000 0.900000 0.000000
vt  0.270000 0.900000 0.000000
vt  0.280000 0.900000 0.000000
vt  0.290000 0.900000 0.000000
vt  0.300000 0.900000 0.000000
vt  0.310000 0.900000 0.000000
vt  0.320000 0.900000 0.000000
vt  0.330000 0.900000 0.000000
vt  0.340000 0.900000 0.000000
vt  0.350000 0.900000 0.000000
vt  0.360000 0.900000 0.000000
vt  0.370000 0.891275 0.000000
vt  0.364468 0.900000 0.000000
vt  0.640000 0.900000 0.000000
vt  0.635041 0.900000 0.000000
vt  0.650000 0.900000 0.000000
vt  0.660000 0.900000 0.000000
vt  0.670000 0.900000 0.000000
vt  0.680000 0.900000 0.000000
vt  0.690000 0.900000 0.000000
vt  0.700000 0.900000 0.000000
vt  0.710000 0.900000 0.000000
vt  0.720000 0.900000 0.000000
vt  0.730000 0.900000 0.000000
vt  0.740000 0.900000 0.000000
vt  0.750000 0.900000 0.000000
vt  0.760000 0.900000 0.000000
vt  0.770000 0.900000 0.000000
vt  0.777470 0.900000 0.000000
vt  0.221939 0.900000 0.000000
vt  0.230000 0.910000 0.000000
vt  0.225217 0.910000 0.000000
vt  0.240000 0.910000 0.000000
vt  0.250000 0.910000 0.000000
vt  0.260000 0.910000 0.000000
vt  0.270000 0.910000 0.000000
vt  0.280000 0.910000 0.000000
vt  0.290000 0.910000 0.000000
vt  0.300000 0.910000 0.000000
vt  0.310000 0.910000 0.000000
vt  0.320000 0.910000 0.000000
vt  0.330000 0.910000 0.000000
vt  0.340000 0.910000 0.000000
vt  0.350000 0.910000 0.000000
vt  0.360000 0.905340 0.000000
vt  0.354838 0.910000 0.000000
vt  0.640000 0.906228 0.000000
vt  0.650000 0.910000 0.000000
vt  0.643969 0.910000 0.000000
vt  0.660000 0.910000 0.000000
vt  0.670000 0.910000 0.000000
vt  0.680000 0.910000 0.000000
vt  0.690000 0.910000 0.000000
vt  0.700000 0.910000 0.000000
vt  0.710000 0.910000 0.000000
vt  0.720000 0.910000 0.000000
vt  0.730000 0.910000 0.000000
vt  0.740000 0.910000 0.000000
vt  0.750000 0.910000 0.000000
vt  0.760000 0.910000 0.000000
vt  0.770000 0.910000 0.000000
vt  0.774002 0.910000 0.000000
vt  0.230000 0.915891 0.000000
vt  0.240000 0.920000 0.000000
vt  0.234175 0.920000 0.000000
vt  0.250000 0.920000 0.000000
vt  0.260000 0.920000 0.000000
vt  0.270000 0.920000 0.000000
vt  0.280000 0.920000 0.000000
vt  0.290000 0.920000 0.000000
vt  0.300000 0.920000 0.000000
vt  0.310000 0.920000 0.000000
vt  0.320000 0.920000 0.000000
vt  0.330000 0.920000 0.000000
vt  0.340000 0.920000 0.000000
vt  0.350000 0.914404 0.000000
vt  0.344071 0.920000 0.000000
vt  0.650000 0.915615 0.000000
vt  0.660000 0.920000 0.000000
vt  0.654886 0.920000 0.000000
vt  0.670000 0.920000 0.000000
vt  0.680000 0.920000 0.000000
vt  0.690000 0.920000 0.000000
vt  0.700000 0.920000 0.000000
vt  0.710000 0.920000 0.000000
vt  0.720000 0.920000 0.000000
vt  0.730000 0.920000 0.000000
vt  0.740000 0.920000 0.000000
vt  0.750000 0.920000 0.000000
vt  0.760000 0.920000 0.000000
vt  0.770000 0.915422 0.000000
vt  0.766583 0.920000 0.000000
vt  0.240000 0.923751 0.000000
vt  0.250000 0.925658 0.000000
vt  0.260000 0.927138 0.000000
vt  0.270000 0.927756 0.000000
vt  0.280000 0.927999 0.000000
vt  0.290000 0.928199 0.000000
vt  0.300000 0.928232 0.000000
vt  0.310000 0.928180 0.000000
vt  0.320000 0.927944 0.000000
vt  0.330000 0.926974 0.000000
vt  0.340000 0.923059 0.000000
vt  0.660000 0.923730 0.000000
vt  0.670000 0.928285 0.000000
vt  0.680000 0.927989 0.000000
vt  0.690000 0.927512 0.000000
vt  0.700000 0.926927 0.000000
vt  0.710000 0.926656 0.000000
vt  0.720000 0.927276 0.000000
vt  0.730000 0.928192 0.000000
vt  0.740000 0.928660 0.000000
vt  0.750000 0.928144 0.000000
vt  0.760000 0.925557 0.000000
# 2636 texture vertices

vn  -0.986451 0.321058 0.820859
vn  -0.999492 0.316163 0.808478
vn  -0.565542 0.381599 1.117563
vn  -0.655481 0.404026 1.052035
vn  -0.325453 0.401779 1.197429
vn  -0.359851 0.442732 1.160500
vn  -0.156266 0.416310 1.222093
vn  -0.144899 0.464866 1.190954
vn  -0.070620 0.431729 1.220218
vn  -0.020999 0.472231 1.194258
vn  0.012686 0.441440 1.215808
vn  0.056940 0.486627 1.182415
vn  0.166198 0.438091 1.206705
vn  0.182926 0.484225 1.171396
vn  0.238108 0.428228 1.201146
vn  0.236718 0.476240 1.167765
vn  0.296278 0.416808 1.195570
vn  0.306434 0.465085 1.159780
vn  0.552615 0.384756 1.122033
vn  0.652625 0.423671 1.039547
vn  0.888369 0.380994 0.883420
vn  -1.158758 0.307012 0.566015
vn  -1.225269 0.276975 0.440472
vn  -0.800636 0.425422 0.928885
vn  -0.411588 0.500503 1.098541
vn  -0.114105 0.531765 1.141895
vn  0.052084 0.543114 1.136587
vn  0.119707 0.555653 1.120230
vn  0.207150 0.554605 1.108365
vn  0.236497 0.548554 1.108020
vn  0.300763 0.531887 1.107360
vn  0.728600 0.456138 0.960869
vn  1.023496 0.366502 0.736192
vn  1.108388 0.325626 0.642608
vn  1.192799 0.296046 0.502460
vn  -1.255507 0.271345 0.353087
vn  -1.285549 0.252609 0.257599
vn  -1.294811 0.242752 0.226770
vn  -1.239286 0.300943 0.366110
vn  -0.953014 0.529664 0.642497
vn  -0.526166 0.715171 0.787509
vn  -0.082426 0.791185 0.824607
vn  0.188450 0.778043 0.830135
vn  0.246139 0.783986 0.804369
vn  0.293154 0.782486 0.791182
vn  0.296747 0.784748 0.785711
vn  0.320800 0.780343 0.784311
vn  0.791848 0.641777 0.672952
vn  1.203629 0.333348 0.428256
vn  1.228265 0.288985 0.417355
vn  1.269827 0.271063 0.297976
vn  1.282028 0.259958 0.261689
vn  -1.309639 0.245436 0.101977
vn  -1.309485 0.245690 0.102821
vn  -1.280903 0.312368 0.127619
vn  -1.055469 0.604750 0.224995
vn  -0.622614 0.859437 0.303750
vn  -0.085725 0.966922 0.334834
vn  0.272153 0.949665 0.325773
vn  0.329602 0.942590 0.310062
vn  0.373172 0.935303 0.301072
vn  0.373573 0.936195 0.295430
vn  0.373982 0.937094 0.289625
vn  0.859676 0.752997 0.236660
vn  1.261993 0.351181 0.130710
vn  1.299964 0.269102 0.115270
vn  1.300813 0.265877 0.119363
vn  -1.311032 0.248394 0.063777
vn  -1.310449 0.249337 0.068789
vn  -1.285900 0.311622 0.065691
vn  -1.076152 0.602193 0.110443
vn  -0.635366 0.875478 0.158510
vn  -0.080038 0.989889 0.174744
vn  0.293318 0.968795 0.163625
vn  0.342428 0.960559 0.157247
vn  0.378825 0.953122 0.156870
vn  0.378734 0.952943 0.159070
vn  0.378852 0.952711 0.161326
vn  0.876306 0.756604 0.130912
vn  1.265067 0.354598 0.069918
vn  1.300736 0.275080 0.072851
vn  1.302106 0.270023 0.082473
vn  -1.309660 0.253727 0.052388
vn  -1.283404 0.319042 0.046242
vn  -1.070751 0.610659 0.070292
vn  -0.633217 0.880910 0.101643
vn  -0.070199 0.995103 0.114074
vn  0.306127 0.970873 0.108135
vn  0.347207 0.963613 0.103159
vn  0.377392 0.957520 0.101294
vn  0.377356 0.957526 0.101328
vn  0.377390 0.957515 0.101398
vn  0.866114 0.766681 0.081925
vn  1.261622 0.363287 0.046259
vn  1.298906 0.282096 0.053730
vn  1.300511 0.276795 0.064453
vn  -1.309724 0.252552 0.060572
vn  -1.309693 0.256497 0.007888
vn  -1.310515 0.254239 0.005317
vn  -1.283187 0.321172 0.013732
vn  -1.077403 0.606125 0.027939
vn  -0.643417 0.879473 0.044223
vn  -0.072428 0.997778 0.053897
vn  0.309797 0.972744 0.052477
vn  0.351494 0.965042 0.050837
vn  0.380913 0.959006 0.048598
vn  0.380917 0.959061 0.046532
vn  0.380935 0.959110 0.044507
vn  0.876238 0.762428 0.031836
vn  1.261818 0.364472 0.007792
vn  1.297921 0.287299 0.001873
vn  1.300889 0.279896 0.000308
vn  -1.311448 0.251159 -0.020955
vn  -1.286169 0.314773 -0.001142
vn  -1.081913 0.601807 0.024904
vn  -0.650100 0.876796 0.044098
vn  -0.074991 0.997676 0.053869
vn  0.311381 0.972471 0.052418
vn  0.354002 0.964545 0.050767
vn  0.384281 0.958275 0.048583
vn  0.384266 0.958333 0.046539
vn  0.384234 0.958392 0.044518
vn  0.883238 0.758018 0.031758
vn  1.266248 0.356053 -0.000274
vn  1.299694 0.282305 -0.024937
vn  1.302953 0.272978 -0.040623
vn  -1.311851 0.249405 -0.031533
vn  -1.313644 0.244656 -0.024417
vn  -1.313983 0.242942 -0.035197
vn  -1.289380 0.307530 -0.002676
vn  -1.087983 0.595822 0.024716
vn  -0.656748 0.874097 0.043962
vn  -0.077597 0.997568 0.053842
vn  0.313017 0.972184 0.052424
vn  0.356665 0.964010 0.050762
vn  0.387538 0.957562 0.048503
vn  0.387506 0.957624 0.046483
vn  0.387491 0.957680 0.044441
vn  0.890306 0.753515 0.031178
vn  1.270942 0.346821 -0.002400
vn  1.302935 0.273851 -0.028645
vn  1.306093 0.264411 -0.043714
vn  -1.315966 0.237854 -0.022727
vn  -1.293003 0.299134 -0.001794
vn  -1.094634 0.589113 0.026295
vn  -0.663131 0.871403 0.046274
vn  -0.079808 0.997423 0.055518
vn  0.314817 0.971852 0.052958
vn  0.359233 0.963492 0.050734
vn  0.390821 0.956835 0.048510
vn  0.390842 0.956885 0.046491
vn  0.390844 0.956938 0.044428
vn  0.896674 0.749361 0.032488
vn  1.276015 0.336522 0.002557
vn  1.306619 0.264472 -0.021864
vn  1.309368 0.256150 -0.035226
vn  -1.316330 0.236150 -0.032256
vn  -1.317490 0.233794 0.004388
vn  -1.317634 0.233361 0.002893
vn  -1.295247 0.293702 0.010417
vn  -1.099372 0.584189 0.030059
vn  -0.667024 0.869668 0.050098
vn  -0.078810 0.997374 0.058477
vn  0.319498 0.970978 0.054346
vn  0.362970 0.962722 0.050980
vn  0.394098 0.956104 0.048451
vn  0.394101 0.956159 0.046390
vn  0.394139 0.956204 0.044351
vn  0.898516 0.748096 0.035024
vn  1.278060 0.331991 0.018611
vn  1.308972 0.258363 0.013725
vn  1.311073 0.252532 0.012333
vn  -1.315433 0.237704 0.045269
vn  -1.293730 0.296568 0.030492
vn  -1.099599 0.583827 0.034357
vn  -0.668639 0.869139 0.045177
vn  -0.077478 0.997656 0.050940
vn  0.324250 0.970221 0.050907
vn  0.366073 0.962065 0.051564
vn  0.396196 0.955491 0.053321
vn  0.396151 0.955432 0.055553
vn  0.396140 0.955361 0.057804
vn  0.897029 0.748630 0.049307
vn  1.275146 0.337142 0.038166
vn  1.306739 0.261643 0.053831
vn  1.308270 0.255646 0.067748
vn  -1.315855 0.235244 0.055448
vn  -1.312064 0.244979 0.066723
vn  -1.311430 0.244373 0.081621
vn  -1.289029 0.306412 0.046604
vn  -1.088022 0.595260 0.041901
vn  -0.655105 0.874907 0.038553
vn  -0.077527 0.998026 0.035098
vn  0.316149 0.971937 0.040722
vn  0.356548 0.964071 0.049466
vn  0.385577 0.957664 0.059238
vn  0.385542 0.957295 0.069526
vn  0.385325 0.956906 0.079803
vn  0.885264 0.755192 0.072652
vn  1.268848 0.348548 0.055843
vn  1.301879 0.271480 0.077102
vn  1.303144 0.263929 0.100369
vn  -1.307734 0.255798 0.076475
vn  -1.282888 0.319666 0.052241
vn  -1.067511 0.614952 0.046981
vn  -0.625881 0.886518 0.037002
vn  -0.075892 0.998227 0.027300
vn  0.296186 0.975485 0.034582
vn  0.335638 0.968205 0.047455
vn  0.363802 0.962233 0.061009
vn  0.363756 0.961703 0.075021
vn  0.363297 0.961150 0.088950
vn  0.866430 0.766455 0.082467
vn  1.261449 0.362465 0.060598
vn  1.297206 0.283133 0.078896
vn  1.298512 0.275508 0.103223
vn  -1.307091 0.253451 0.098611
vn  -1.306062 0.263947 0.049399
vn  -1.307002 0.260401 0.058315
vn  -1.277766 0.331382 0.042887
vn  -1.046098 0.634716 0.045998
vn  -0.593601 0.898564 0.035382
vn  -0.073969 0.998329 0.025688
vn  0.273916 0.979033 0.034087
vn  0.312723 0.972373 0.047529
vn  0.340644 0.966828 0.061322
vn  0.340645 0.966284 0.075422
vn  0.340320 0.965691 0.089524
vn  0.852559 0.775008 0.080231
vn  1.256539 0.372798 0.045646
vn  1.295291 0.291847 0.044594
vn  1.296791 0.280355 0.100869
vn  1.296683 0.287462 0.055173
vn  1.296243 0.288273 0.057685
vn  -1.307126 0.263304 0.016829
vn  -1.277003 0.333888 0.026969
vn  -1.028147 0.650600 0.043183
vn  -0.561390 0.909792 0.034248
vn  -0.073957 0.998347 0.024414
vn  0.249664 0.982568 0.033562
vn  0.289159 0.976334 0.047613
vn  0.317199 0.971156 0.061508
vn  0.317159 0.970618 0.075671
vn  0.316775 0.970030 0.089793
vn  0.844748 0.779690 0.079559
vn  1.257811 0.371208 0.032542
vn  1.296512 0.290658 0.009768
vn  1.297682 0.287882 -0.003114
vn  1.298481 0.285905 -0.004070
vn  -1.306807 0.264295 0.012561
vn  -1.307977 0.261129 0.012409
vn  -1.307541 0.262372 0.009883
vn  -1.277972 0.332019 0.023164
vn  -1.011843 0.664381 0.043018
vn  -0.527548 0.920743 0.034867
vn  -0.073751 0.998354 0.024492
vn  0.225120 0.985791 0.033606
vn  0.265087 0.980045 0.047751
vn  0.293503 0.975194 0.061807
vn  0.293348 0.974674 0.075987
vn  0.293140 0.974047 0.090231
vn  0.838382 0.783371 0.080497
vn  1.261248 0.364846 0.031588
vn  1.299194 0.284114 0.006222
vn  1.300114 0.281744 -0.010527
vn  1.301120 0.279154 -0.012751
vn  -1.303203 0.268104 0.076427
vn  -1.276627 0.333524 0.046187
vn  -0.994621 0.678331 0.044863
vn  -0.492296 0.931296 0.035815
vn  -0.073553 0.998359 0.024704
vn  0.200441 0.988685 0.033795
vn  0.240547 0.983482 0.047921
vn  0.269429 0.978960 0.062133
vn  0.269340 0.978425 0.076367
vn  0.268997 0.977816 0.090578
vn  0.824924 0.790649 0.088483
vn  1.261201 0.362754 0.062539
vn  1.297348 0.283528 0.073782
vn  1.298035 0.278355 0.094856
vn  1.299257 0.274302 0.099686
vn  -1.301246 0.266487 0.111918
vn  -1.256767 0.283709 0.330006
vn  -1.222635 0.310704 0.405052
vn  -1.280911 0.285757 0.213294
vn  -1.258016 0.361406 0.117169
vn  -0.963896 0.701138 0.066477
vn  -0.453290 0.941691 0.049155
vn  -0.070962 0.998335 0.032756
vn  0.177083 0.991053 0.036774
vn  0.216027 0.986572 0.048096
vn  0.244992 0.982448 0.062220
vn  0.245086 0.981880 0.076637
vn  0.244812 0.981251 0.090963
vn  0.785680 0.810902 0.107142
vn  1.239125 0.390183 0.145563
vn  1.265509 0.306734 0.248784
vn  1.259697 0.284849 0.316768
vn  1.232717 0.304717 0.382203
vn  -1.039757 0.350834 0.727368
vn  -0.968366 0.355341 0.816444
vn  -0.854919 0.371272 0.923133
vn  -1.132153 0.339895 0.585032
vn  -1.212756 0.346883 0.380057
vn  -1.197195 0.443291 0.205105
vn  -0.891205 0.749812 0.097938
vn  -0.398880 0.954483 0.065156
vn  -0.053282 0.998707 0.043643
vn  0.166910 0.991890 0.042471
vn  0.197414 0.988650 0.049719
vn  0.220438 0.985602 0.062465
vn  0.220317 0.985062 0.076861
vn  0.220115 0.984419 0.091234
vn  0.701892 0.850672 0.121586
vn  1.169103 0.476436 0.229274
vn  1.191231 0.367331 0.411551
vn  1.130214 0.335091 0.593804
vn  1.034241 0.359018 0.727900
vn  0.921849 0.358194 0.866471
vn  0.790652 0.381344 0.971602
vn  -0.699532 0.382186 1.038564
vn  -0.802646 0.406649 0.942490
vn  -1.065011 0.316617 0.719615
vn  -0.438987 0.423805 1.146150
vn  -0.484129 0.480671 1.085148
vn  -0.188262 0.449139 1.195959
vn  -0.238374 0.519762 1.132827
vn  0.051622 0.448150 1.210258
vn  0.033408 0.515578 1.160584
vn  0.121934 0.434670 1.214237
vn  0.105948 0.504099 1.165478
vn  0.138599 0.423125 1.219924
vn  0.123526 0.491102 1.173906
vn  0.035517 0.419831 1.229334
vn  0.031216 0.480105 1.188255
vn  -0.096512 0.422544 1.224342
vn  -0.086680 0.488932 1.178858
vn  -0.133927 0.427197 1.217839
vn  -0.118939 0.499659 1.167733
vn  -0.152517 0.437104 1.209167
vn  -0.133127 0.512779 1.155696
vn  -0.057809 0.449697 1.208924
vn  -0.056877 0.525070 1.151825
vn  -0.005525 0.452346 1.208479
vn  -0.032413 0.512127 1.163415
vn  -0.045240 0.447231 1.211137
vn  -0.084696 0.502011 1.168866
vn  -0.494811 0.409568 1.132835
vn  -0.411399 0.477390 1.117341
vn  -0.831847 0.441948 0.886316
vn  -1.007386 0.445366 0.676115
vn  -1.108806 0.469863 0.448708
vn  -1.082446 0.576808 0.231447
vn  -0.777932 0.815947 0.092325
vn  -0.343524 0.966553 0.052582
vn  -0.031739 0.999432 0.032810
vn  0.160027 0.992827 0.025246
vn  0.181012 0.990849 0.026199
vn  0.197724 0.988998 0.032967
vn  0.197593 0.988848 0.041008
vn  0.197535 0.988656 0.049019
vn  0.574885 0.903371 0.084936
vn  1.033427 0.621623 0.242217
vn  1.081954 0.495478 0.463425
vn  1.003571 0.453580 0.671748
vn  0.816953 0.448884 0.893738
vn  0.413850 0.422168 1.156564
vn  0.342511 0.486636 1.133146
vn  -0.042844 0.451523 1.208297
vn  -0.003127 0.506882 1.168071
vn  -0.035634 0.459990 1.202654
vn  0.002892 0.519390 1.157937
vn  0.016038 0.465118 1.199449
vn  0.044080 0.528183 1.149770
vn  0.180578 0.456014 1.192362
vn  0.182445 0.527267 1.136839
vn  0.307032 0.431782 1.183033
vn  0.280266 0.502601 1.137447
vn  0.268743 0.421777 1.198872
vn  0.263146 0.489285 1.152102
vn  0.230636 0.414165 1.211614
vn  0.234942 0.476469 1.167953
vn  0.056524 0.415617 1.231175
vn  0.073446 0.476688 1.188921
vn  -0.056597 0.430240 1.221914
vn  -0.039563 0.496016 1.175943
vn  -0.076890 0.443043 1.212368
vn  -0.048290 0.509407 1.165055
vn  -0.046750 0.458850 1.203073
vn  -0.025082 0.527467 1.150945
vn  0.180574 0.467428 1.184219
vn  0.233096 0.533295 1.122327
vn  0.612623 0.420008 1.066276
vn  0.714709 0.455304 0.971964
vn  0.973271 0.385453 0.784920
vn  -1.165330 0.306733 0.552640
vn  -1.172026 0.296558 0.548664
vn  -1.203890 0.274859 0.498090
vn  -0.851458 0.415906 0.890823
vn  -0.458799 0.511403 1.070256
vn  -0.232516 0.545006 1.112071
vn  -0.000499 0.551451 1.130393
vn  0.059900 0.542100 1.137092
vn  0.070998 0.529942 1.146933
vn  0.019719 0.522989 1.154795
vn  -0.050192 0.524949 1.152237
vn  -0.069297 0.534648 1.143021
vn  -0.077796 0.547153 1.131550
vn  -0.042184 0.557111 1.124495
vn  -0.083368 0.555577 1.123589
vn  -0.158520 0.538147 1.131051
vn  -0.348765 0.521496 1.102346
vn  -0.651415 0.520129 0.956596
vn  -0.812898 0.562945 0.770367
vn  -0.925780 0.621440 0.519605
vn  -0.907461 0.721896 0.236198
vn  -0.665592 0.869816 0.062801
vn  -0.321192 0.971258 0.029496
vn  -0.012001 0.999851 0.020086
vn  0.171910 0.991891 0.010165
vn  0.183383 0.990796 0.003853
vn  0.193212 0.989779 0.003394
vn  0.193175 0.989781 0.004248
vn  0.193192 0.989777 0.005102
vn  0.420349 0.949840 0.053765
vn  0.780752 0.789166 0.288194
vn  0.846400 0.654304 0.577651
vn  0.767591 0.573545 0.801844
vn  0.607513 0.528638 0.976708
vn  0.284554 0.530801 1.112589
vn  0.059878 0.534667 1.143536
vn  0.064081 0.547851 1.131790
vn  0.088788 0.558575 1.120439
vn  0.165775 0.557100 1.113018
vn  0.228206 0.543968 1.113895
vn  0.211648 0.529827 1.129569
vn  0.192980 0.517355 1.143442
vn  0.101500 0.516497 1.155867
vn  0.027104 0.525753 1.152338
vn  0.028214 0.540596 1.139631
vn  0.038356 0.555052 1.126499
vn  0.260054 0.549579 1.101792
vn  0.786471 0.465278 0.905608
vn  1.068929 0.390476 0.643110
vn  1.092811 0.352017 0.643737
vn  1.160417 0.314369 0.555096
vn  -1.265777 0.276788 0.305450
vn  -1.282819 0.257465 0.262338
vn  -0.943928 0.571629 0.587518
vn  -0.553714 0.767228 0.669870
vn  -0.298196 0.838413 0.675674
vn  -0.065657 0.855637 0.698262
vn  -0.002763 0.850239 0.713288
vn  -0.001132 0.846646 0.721097
vn  -0.001033 0.842774 0.729378
vn  -0.006177 0.842400 0.730146
vn  -0.006934 0.845146 0.724289
vn  -0.006879 0.848853 0.716287
vn  -0.023583 0.851389 0.710381
vn  -0.207010 0.829761 0.727396
vn  -0.365219 0.811658 0.702235
vn  -0.380891 0.803067 0.711979
vn  -0.428469 0.811902 0.664985
vn  -0.458445 0.839803 0.575328
vn  -0.494495 0.875306 0.429932
vn  -0.517471 0.909163 0.225066
vn  -0.483961 0.932885 0.063087
vn  -0.309387 0.973502 0.017277
vn  0.004168 0.999948 0.013169
vn  0.187164 0.990403 0.006576
vn  0.190057 0.990114 0.001331
vn  0.192943 0.989811 -0.000000
vn  0.192944 0.989811 -0.000000
vn  0.192943 0.989811 -0.000000
vn  0.215570 0.987257 0.005263
vn  0.288535 0.972715 0.124817
vn  0.329385 0.938178 0.333945
vn  0.326703 0.892358 0.516998
vn  0.292810 0.852648 0.644606
vn  0.241450 0.831413 0.713176
vn  0.210007 0.830001 0.726033
vn  0.210653 0.835291 0.714617
vn  0.213646 0.840146 0.703187
vn  0.219515 0.843064 0.694917
vn  0.227165 0.840052 0.699143
vn  0.207468 0.836280 0.713424
vn  0.192126 0.833128 0.724406
vn  0.183277 0.828927 0.735464
vn  0.169176 0.832730 0.730942
vn  0.170585 0.837883 0.719715
vn  0.170524 0.843455 0.707678
vn  0.380812 0.826116 0.661833
vn  0.893825 0.619016 0.577631
vn  1.205709 0.352224 0.393229
vn  1.180055 0.303924 0.523476
vn  1.252590 0.322185 0.276733
vn  1.238871 0.345772 0.286065
vn  -1.300385 0.280398 0.028209
vn  -1.011746 0.663281 0.068757
vn  -0.577745 0.903742 0.051838
vn  -0.341434 0.967370 0.035995
vn  -0.079107 0.997914 0.037339
vn  -0.007034 0.999581 0.038580
vn  -0.005256 0.999577 0.039078
vn  -0.004755 0.999581 0.038922
vn  -0.004716 0.999585 0.038741
vn  -0.004716 0.999589 0.038538
vn  -0.004677 0.999591 0.038492
vn  -0.025427 0.999409 0.039049
vn  -0.247015 0.982796 0.040233
vn  -0.438628 0.945631 0.042858
vn  -0.439020 0.945404 0.047772
vn  -0.443298 0.944463 0.042127
vn  -0.443274 0.944705 0.030875
vn  -0.443382 0.944847 0.019117
vn  -0.443504 0.944907 0.007144
vn  -0.440979 0.945564 0.001201
vn  -0.309505 0.973565 0.001878
vn  0.008044 0.999980 0.002816
vn  0.192616 0.989845 0.001665
vn  0.192847 0.989821 0.000383
vn  0.192943 0.989811 -0.000000
vn  0.192944 0.989811 -0.000000
vn  0.192943 0.989811 -0.000000
vn  0.192943 0.989811 -0.000000
vn  0.197473 0.989294 0.010536
vn  0.224784 0.985952 0.026403
vn  0.258699 0.981166 0.039838
vn  0.265874 0.979814 0.051904
vn  0.262646 0.980129 0.057140
vn  0.260828 0.980479 0.054364
vn  0.260810 0.980629 0.049245
vn  0.260748 0.980772 0.044099
vn  0.261172 0.980816 0.039563
vn  0.258849 0.981208 0.036871
vn  0.234169 0.984593 0.036194
vn  0.213355 0.987111 0.038811
vn  0.213089 0.987067 0.042173
vn  0.211570 0.987245 0.042175
vn  0.211578 0.987287 0.040309
vn  0.211607 0.987324 0.038420
vn  0.427359 0.948636 0.033851
vn  0.981666 0.688975 0.029897
vn  1.264387 0.359217 0.023568
vn  1.280616 0.326861 0.003579
vn  1.269912 0.348873 0.000242
vn  -1.307743 0.261307 0.024357
vn  -1.301726 0.277333 -0.021125
vn  -1.307671 0.261769 -0.018389
vn  -1.029166 0.650196 -0.027068
vn  -0.561806 0.909555 -0.038713
vn  -0.342820 0.966956 -0.042638
vn  -0.082512 0.997642 -0.042915
vn  -0.009975 0.999519 -0.040845
vn  -0.006077 0.999561 -0.039688
vn  -0.004657 0.999569 -0.039528
vn  -0.004696 0.999568 -0.039550
vn  -0.004557 0.999569 -0.039505
vn  -0.004676 0.999568 -0.039573
vn  -0.026048 0.999390 -0.039521
vn  -0.249826 0.982461 -0.037835
vn  -0.445711 0.944049 -0.032637
vn  -0.446081 0.944030 -0.028284
vn  -0.446109 0.944088 -0.023976
vn  -0.445829 0.944213 -0.019733
vn  -0.445812 0.944261 -0.015401
vn  -0.445860 0.944282 -0.011112
vn  -0.445836 0.944310 -0.006779
vn  -0.314858 0.972628 -0.002809
vn  0.006255 0.999989 -0.000433
vn  0.193060 0.989798 0.000000
vn  0.193175 0.989786 0.000000
vn  0.192943 0.989811 0.000000
vn  0.192944 0.989811 0.000000
vn  0.192943 0.989811 0.000000
vn  0.192943 0.989811 -0.000000
vn  0.192944 0.989811 -0.000000
vn  0.223226 0.986338 -0.000625
vn  0.261215 0.981239 -0.003919
vn  0.269350 0.980025 -0.008503
vn  0.269192 0.980020 -0.013266
vn  0.269181 0.979980 -0.018074
vn  0.269091 0.979940 -0.022792
vn  0.269149 0.979864 -0.027553
vn  0.269033 0.979801 -0.032381
vn  0.265563 0.980227 -0.037005
vn  0.236377 0.984211 -0.040626
vn  0.211497 0.987282 -0.040948
vn  0.211212 0.987329 -0.040345
vn  0.211273 0.987335 -0.039739
vn  0.211294 0.987345 -0.039157
vn  0.211199 0.987369 -0.038575
vn  0.434486 0.946796 -0.037490
vn  0.994803 0.678580 -0.032097
vn  1.268489 0.350841 -0.032956
vn  1.281754 0.321626 -0.057697
vn  1.270286 0.344829 -0.064834
vn  -1.302713 0.274159 -0.033000
vn  -1.030362 0.649068 -0.030991
vn  -0.558551 0.910644 -0.038780
vn  -0.342599 0.966997 -0.042683
vn  -0.086005 0.997481 -0.042930
vn  -0.013211 0.999498 -0.040844
vn  -0.007037 0.999557 -0.039688
vn  -0.004557 0.999569 -0.039505
vn  -0.004696 0.999568 -0.039550
vn  -0.004657 0.999569 -0.039528
vn  -0.004557 0.999569 -0.039506
vn  -0.026346 0.999387 -0.039452
vn  -0.253703 0.981921 -0.037791
vn  -0.452476 0.942295 -0.032620
vn  -0.452910 0.942257 -0.028317
vn  -0.452920 0.942320 -0.023973
vn  -0.452560 0.942469 -0.019653
vn  -0.452579 0.942507 -0.015351
vn  -0.452592 0.942536 -0.011048
vn  -0.452602 0.942556 -0.006745
vn  -0.320478 0.971628 -0.002784
vn  0.004017 0.999996 -0.000433
vn  0.193060 0.989798 0.000000
vn  0.193175 0.989786 0.000000
vn  0.192943 0.989811 0.000000
vn  0.192944 0.989811 0.000000
vn  0.192943 0.989811 0.000000
vn  0.192943 0.989811 0.000000
vn  0.192944 0.989811 0.000000
vn  0.226420 0.985941 -0.000624
vn  0.268454 0.980175 -0.003915
vn  0.277427 0.978797 -0.008515
vn  0.277213 0.978801 -0.013273
vn  0.277202 0.978762 -0.018007
vn  0.277093 0.978725 -0.022763
vn  0.277169 0.978646 -0.027541
vn  0.277148 0.978571 -0.032273
vn  0.273088 0.979101 -0.036985
vn  0.239358 0.983818 -0.040655
vn  0.210379 0.987411 -0.040999
vn  0.210248 0.987440 -0.040372
vn  0.210232 0.987454 -0.039812
vn  0.210254 0.987466 -0.039162
vn  0.210256 0.987479 -0.038556
vn  0.438552 0.945775 -0.037496
vn  1.005444 0.669909 -0.034853
vn  1.272598 0.341610 -0.048782
vn  1.284402 0.313787 -0.075370
vn  1.271613 0.339761 -0.084855
vn  -1.306988 0.262953 -0.031341
vn  -1.297264 0.274143 -0.123586
vn  -1.301548 0.267517 -0.103579
vn  -0.995304 0.649293 -0.267281
vn  -0.546179 0.882167 -0.330022
vn  -0.326777 0.937144 -0.341743
vn  -0.087552 0.963881 -0.350113
vn  -0.017924 0.966806 -0.345765
vn  -0.009803 0.968292 -0.338378
vn  -0.003289 0.968899 -0.335301
vn  -0.002628 0.968048 -0.339789
vn  -0.002397 0.966828 -0.346109
vn  -0.002469 0.965536 -0.352668
vn  -0.026302 0.964493 -0.356914
vn  -0.256685 0.946626 -0.353397
vn  -0.448037 0.913063 -0.323489
vn  -0.462945 0.914170 -0.295552
vn  -0.471781 0.920907 -0.237469
vn  -0.473749 0.928500 -0.169544
vn  -0.476343 0.933156 -0.101809
vn  -0.468693 0.937753 -0.042476
vn  -0.459883 0.940591 -0.013958
vn  -0.326669 0.970488 -0.007999
vn  0.001119 0.999996 -0.003542
vn  0.192616 0.989845 -0.001033
vn  0.193175 0.989786 0.000000
vn  0.192943 0.989811 -0.000000
vn  0.192944 0.989811 -0.000000
vn  0.192943 0.989811 -0.000000
vn  0.205665 0.988354 -0.014826
vn  0.211989 0.986456 -0.066798
vn  0.246269 0.978459 -0.132689
vn  0.289587 0.965937 -0.197731
vn  0.292057 0.957951 -0.256655
vn  0.281848 0.953785 -0.293865
vn  0.280964 0.951064 -0.310435
vn  0.279845 0.948333 -0.326378
vn  0.277792 0.946022 -0.340158
vn  0.273008 0.945628 -0.345991
vn  0.269284 0.947058 -0.341703
vn  0.232808 0.952851 -0.338919
vn  0.201448 0.958220 -0.331126
vn  0.205671 0.958063 -0.329357
vn  0.205132 0.956590 -0.337458
vn  0.204934 0.955095 -0.345260
vn  0.204423 0.953579 -0.353170
vn  0.423284 0.915634 -0.342902
vn  0.966696 0.670405 -0.276425
vn  1.269238 0.331707 -0.152202
vn  1.296285 0.277077 -0.121823
vn  1.283104 0.300353 -0.155437
vn  -1.234518 0.283490 -0.405661
vn  -0.918803 0.483762 -0.749835
vn  -0.443200 0.651263 -0.927868
vn  -0.249940 0.691454 -0.946470
vn  -0.078556 0.699799 -0.964773
vn  -0.033685 0.703494 -0.962446
vn  -0.028819 0.712008 -0.951041
vn  -0.004464 0.718863 -0.941955
vn  0.013827 0.714503 -0.947936
vn  0.018914 0.707168 -0.957896
vn  0.018647 0.698655 -0.969303
vn  -0.013502 0.690254 -0.980377
vn  -0.197009 0.670925 -0.985301
vn  -0.358030 0.675222 -0.933180
vn  -0.443902 0.679283 -0.889866
vn  -0.558353 0.713256 -0.768301
vn  -0.618515 0.770532 -0.602857
vn  -0.664820 0.820811 -0.396354
vn  -0.625921 0.877359 -0.176019
vn  -0.514069 0.924673 -0.044042
vn  -0.339781 0.967904 -0.022933
vn  -0.009311 0.999929 -0.013232
vn  0.185841 0.990543 -0.005196
vn  0.190942 0.990022 -0.000519
vn  0.192943 0.989811 0.000000
vn  0.192944 0.989811 -0.000000
vn  0.192943 0.989811 -0.000000
vn  0.309083 0.973006 -0.047552
vn  0.418462 0.934982 -0.236422
vn  0.444431 0.877803 -0.473087
vn  0.443696 0.810443 -0.658233
vn  0.388123 0.754479 -0.800192
vn  0.294199 0.721340 -0.891177
vn  0.252954 0.710222 -0.919777
vn  0.245824 0.696668 -0.940510
vn  0.232139 0.685366 -0.959051
vn  0.194550 0.681472 -0.972415
vn  0.175750 0.691423 -0.963051
vn  0.145145 0.699733 -0.957111
vn  0.126504 0.713823 -0.940507
vn  0.161530 0.717166 -0.930420
vn  0.176621 0.706339 -0.942803
vn  0.175504 0.697450 -0.955083
vn  0.171303 0.688301 -0.967946
vn  0.358291 0.677957 -0.929432
vn  0.859116 0.521832 -0.773356
vn  1.198756 0.318936 -0.460839
vn  1.248727 0.274478 -0.372168
vn  -1.264025 0.271820 -0.320524
vn  -1.142570 0.311782 -0.593470
vn  -0.760135 0.405471 -0.977998
vn  -1.074288 0.325732 -0.698031
vn  -0.249212 0.455020 -1.180632
vn  -0.145227 0.451730 -1.200160
vn  -0.091816 0.455245 -1.202992
vn  -0.082976 0.464698 -1.196983
vn  -0.091401 0.476439 -1.187859
vn  -0.018161 0.485764 -1.184297
vn  0.056601 0.482226 -1.185738
vn  0.074718 0.473567 -1.191130
vn  0.082086 0.464249 -1.197364
vn  0.017103 0.454530 -1.206865
vn  -0.182093 0.451117 -1.195547
vn  -0.310466 0.452319 -1.167951
vn  -0.527253 0.455916 -1.084667
vn  -0.798073 0.452982 -0.906904
vn  -0.909612 0.505266 -0.734851
vn  -0.982440 0.570629 -0.522577
vn  -0.946488 0.688311 -0.265330
vn  -0.671895 0.866622 -0.075493
vn  -0.362750 0.963231 -0.030947
vn  -0.030962 0.999646 -0.018424
vn  0.169181 0.992167 -0.005609
vn  0.183884 0.990747 0.003260
vn  0.192613 0.989836 0.005982
vn  0.192575 0.989836 0.007174
vn  0.192592 0.989829 0.008433
vn  0.515745 0.924495 -0.028596
vn  0.851270 0.759858 -0.226563
vn  0.895579 0.646661 -0.516016
vn  0.822828 0.567288 -0.753798
vn  0.681485 0.509621 -0.945972
vn  0.430523 0.487445 -1.102059
vn  0.279904 0.477306 -1.157367
vn  0.257266 0.460597 -1.174919
vn  0.220909 0.448948 -1.190494
vn  0.117936 0.445514 -1.207396
vn  0.043440 0.454010 -1.206564
vn  0.020115 0.470233 -1.195720
vn  0.016352 0.484638 -1.185170
vn  0.127299 0.489651 -1.174616
vn  0.195102 0.479567 -1.172948
vn  0.192276 0.467553 -1.182284
vn  0.178205 0.454747 -1.193606
vn  0.208970 0.442433 -1.197109
vn  0.582121 0.411325 -1.089330
vn  1.010445 0.326809 -0.786799
vn  -0.621504 0.425901 -1.056802
vn  -0.199500 0.466421 -1.181908
vn  -0.133443 0.457284 -1.197663
vn  -0.129343 0.456153 -1.198904
vn  -0.140667 0.463760 -1.192252
vn  -0.173331 0.496568 -1.163339
vn  -0.166464 0.471365 -1.183420
vn  -0.039354 0.512194 -1.163146
vn  0.111415 0.509781 -1.160419
vn  0.150342 0.497516 -1.165791
vn  0.146989 0.458226 -1.195414
vn  0.156851 0.473718 -1.183008
vn  0.042187 0.453178 -1.207183
vn  -0.228806 0.448956 -1.188996
vn  -0.388954 0.463323 -1.136094
vn  -0.385466 0.447048 -1.149181
vn  -0.651446 0.433127 -1.033111
vn  -1.019465 0.373873 -0.734978
vn  -1.112362 0.399869 -0.552466
vn  -1.157665 0.439712 -0.375445
vn  -1.122113 0.545481 -0.175141
vn  -0.787122 0.813430 -0.040889
vn  -0.377858 0.960251 -0.017097
vn  -0.055083 0.999152 -0.008898
vn  0.146585 0.994111 0.008728
vn  0.171179 0.991843 0.023070
vn  0.187348 0.990126 0.031337
vn  0.187401 0.989990 0.038187
vn  0.187295 0.989844 0.045011
vn  0.649284 0.877649 0.015949
vn  1.076110 0.598308 -0.144406
vn  1.124174 0.488757 -0.365738
vn  1.067168 0.450446 -0.569873
vn  0.939595 0.437523 -0.775779
vn  0.640597 0.474001 -1.006605
vn  0.393036 0.485637 -1.117424
vn  0.364462 0.474230 -1.135952
vn  0.300790 0.464193 -1.161912
vn  0.112565 0.453575 -1.202388
vn  0.252466 0.449361 -1.183915
vn  -0.032051 0.463834 -1.200042
vn  -0.060404 0.495948 -1.175109
vn  -0.009951 0.470448 -1.195692
vn  -0.054957 0.507071 -1.166630
vn  0.151229 0.513426 -1.152939
vn  0.264938 0.471196 -1.165459
vn  0.294488 0.488872 -1.144816
vn  0.246081 0.459134 -1.178361
vn  0.223168 0.447712 -1.190927
vn  0.206436 0.449288 -1.192853
vn  0.511888 0.433234 -1.108828
vn  -0.187525 0.516825 -1.144789
vn  -0.043902 0.535981 -1.143132
vn  0.118455 0.527080 -1.145435
vn  0.158729 0.513672 -1.151729
vn  -0.410031 0.478505 -1.116967
vn  -0.777841 0.440220 -0.935569
vn  -1.147106 0.327996 -0.568131
vn  -1.082193 0.344046 -0.669087
vn  -1.212720 0.328410 -0.409189
vn  -1.238607 0.354473 -0.267016
vn  -1.205223 0.449320 -0.113578
vn  -0.843350 0.782681 -0.010444
vn  -0.367411 0.962539 -0.000185
vn  -0.076293 0.998414 -0.000022
vn  0.110728 0.996568 0.017879
vn  0.145671 0.993844 0.036304
vn  0.169152 0.991525 0.048761
vn  0.169077 0.991199 0.059912
vn  0.169048 0.990799 0.071117
vn  0.720316 0.846242 0.048829
vn  1.182271 0.484257 -0.088361
vn  1.224251 0.384031 -0.258020
vn  1.187984 0.365956 -0.423026
vn  1.103375 0.377540 -0.597499
vn  0.795114 0.434940 -0.925529
vn  1.016605 0.396889 -0.716549
vn  0.436521 0.493822 -1.094461
vn  0.393618 0.476002 -1.124808
vn  0.318546 0.471772 -1.151528
vn  -0.064547 0.513485 -1.160974
vn  -0.061426 0.530885 -1.146685
vn  0.145905 0.537038 -1.133713
vn  -1.211003 0.295250 -0.457788
vn  -1.290389 0.298609 -0.085635
vn  -1.293400 0.290620 -0.090539
vn  -1.285538 0.313349 -0.057145
vn  -1.247814 0.389640 -0.018856
vn  -0.877874 0.761582 0.022630
vn  -0.349132 0.966049 0.025895
vn  -0.091253 0.997662 0.015807
vn  0.077220 0.998223 0.023628
vn  0.119377 0.995746 0.036554
vn  0.149861 0.993207 0.049024
vn  0.149732 0.992885 0.060126
vn  0.149653 0.992492 0.071216
vn  0.741991 0.834771 0.078064
vn  1.233561 0.413140 0.032923
vn  1.278575 0.331012 -0.014850
vn  1.279982 0.325960 -0.052115
vn  1.170649 0.329265 -0.516406
vn  1.277872 0.324940 -0.096606
vn  -1.219390 0.323898 0.395749
vn  -1.213017 0.296701 0.450679
vn  -1.260431 0.325738 0.229455
vn  -1.224442 0.418324 0.124834
vn  -0.841828 0.781586 0.076277
vn  -0.301811 0.973974 0.056946
vn  -0.075636 0.998064 0.037175
vn  0.070319 0.998325 0.034676
vn  0.104108 0.996628 0.039055
vn  0.130083 0.994727 0.048918
vn  0.130375 0.994367 0.060239
vn  0.130282 0.993973 0.071368
vn  0.691369 0.857230 0.094230
vn  1.202498 0.446784 0.153732
vn  1.241544 0.350868 0.262074
vn  1.216721 0.337753 0.382477
vn  1.245163 0.330806 0.291195
vn  1.162892 0.358328 0.498080
vn  1.079296 0.407850 0.604857
vn  -0.063268 0.430609 1.221348
vn  -0.066367 0.467604 1.195941
vn  -0.115249 0.491688 1.174297
vn  -0.031611 0.438630 1.217330
vn  -0.029579 0.476547 1.190924
vn  -0.029698 0.450848 1.209154
vn  -0.028485 0.487988 1.182413
vn  -0.008889 0.462427 1.201433
vn  -0.009875 0.496642 1.176082
vn  0.019526 0.455666 1.206041
vn  0.017395 0.489782 1.181266
vn  0.025322 0.446113 1.212474
vn  0.022808 0.479971 1.188546
vn  0.024162 0.434352 1.220313
vn  0.021905 0.468300 1.197081
vn  -0.002173 0.423946 1.227250
vn  -0.002153 0.459926 1.203225
vn  -0.092514 0.428609 1.220774
vn  -0.093447 0.462732 1.197609
vn  -0.165602 0.439974 1.205528
vn  -0.168154 0.480064 1.176742
vn  -0.612507 0.431490 1.057891
vn  -0.528987 0.455180 1.084391
vn  -1.085224 0.320614 0.685351
vn  -1.047529 0.382858 0.685347
vn  -1.132510 0.389369 0.524600
vn  -1.187593 0.404191 0.354696
vn  -1.147699 0.511880 0.194516
vn  -0.756334 0.826709 0.095907
vn  -0.250618 0.981828 0.057605
vn  -0.056926 0.998738 0.037284
vn  0.066218 0.998477 0.034725
vn  0.091138 0.997317 0.039174
vn  0.110616 0.996006 0.049026
vn  0.110600 0.995673 0.060182
vn  0.110693 0.995262 0.071460
vn  0.600278 0.893522 0.099352
vn  1.120484 0.543345 0.196468
vn  1.174809 0.424594 0.353501
vn  1.126638 0.400839 0.521373
vn  1.004502 0.405086 0.725144
vn  0.652612 0.450616 1.018538
vn  0.541058 0.477844 1.060264
vn  0.223667 0.460256 1.182019
vn  0.201826 0.502127 1.154328
vn  0.188247 0.443622 1.199736
vn  0.179358 0.482246 1.173445
vn  0.154124 0.430499 1.213307
vn  0.153646 0.466345 1.188793
vn  0.079828 0.424213 1.224483
vn  0.085459 0.460191 1.200001
vn  0.029492 0.435873 1.219200
vn  0.036642 0.472178 1.193919
vn  0.055696 0.444832 1.212323
vn  0.066902 0.483444 1.184289
vn  0.083093 0.460385 1.200032
vn  0.091365 0.495353 1.173570
vn  0.113318 0.531723 1.142009
vn  -0.759310 0.439997 0.950859
vn  -0.855103 0.391223 0.907704
vn  -1.085896 0.322265 0.682860
vn  -0.439513 0.490962 1.095625
vn  -0.465754 0.444458 1.120944
vn  -0.239485 0.495484 1.152399
vn  -0.247220 0.456409 1.180065
vn  -0.039325 0.468586 1.196430
vn  0.016581 0.474560 1.192631
vn  0.025118 0.482477 1.186634
vn  0.002784 0.490308 1.180990
vn  -0.019047 0.488332 1.182342
vn  -0.026369 0.481628 1.187241
vn  -0.031293 0.473266 1.193280
vn  -0.018173 0.466226 1.198629
vn  -0.045561 0.468926 1.195964
vn  -0.085659 0.478077 1.187079
vn  -0.396973 0.480843 1.119837
vn  -0.825381 0.451411 0.883600
vn  -0.997437 0.469765 0.660363
vn  -1.078560 0.506779 0.448662
vn  -1.033121 0.623556 0.234269
vn  -0.641787 0.877476 0.102425
vn  -0.198070 0.988331 0.058066
vn  -0.038258 0.999222 0.037338
vn  0.062235 0.998615 0.034776
vn  0.078135 0.997916 0.039222
vn  0.091041 0.997082 0.049101
vn  0.090991 0.996752 0.060246
vn  0.090955 0.996351 0.071424
vn  0.478154 0.931675 0.117083
vn  0.977672 0.663241 0.269470
vn  1.048583 0.526938 0.476235
vn  0.983694 0.480774 0.666401
vn  0.835027 0.469233 0.857092
vn  0.436986 0.518476 1.073132
vn  0.093758 0.508641 1.162896
vn  0.085070 0.490078 1.178101
vn  0.083120 0.475347 1.189270
vn  0.085233 0.466898 1.195251
vn  0.085723 0.470161 1.192865
vn  0.127536 0.476757 1.184289
vn  0.157713 0.488960 1.171450
vn  0.148269 0.535068 1.135116
vn  0.140601 0.497333 1.167149
vn  0.193284 0.520786 1.140528
vn  0.135509 0.491646 1.172164
vn  0.182371 0.510438 1.150867
vn  0.132660 0.482950 1.179108
vn  0.178493 0.500175 1.159716
vn  0.137784 0.473685 1.185404
vn  0.275531 0.495242 1.144508
vn  0.274938 0.462041 1.169865
vn  0.610793 0.465619 1.031995
vn  0.689225 0.426988 1.013096
vn  0.925392 0.379646 0.845674
vn  -1.123182 0.304675 0.635750
vn  -1.180076 0.267532 0.558714
vn  -1.212357 0.273389 0.478660
vn  -0.899824 0.365824 0.883601
vn  -0.537397 0.452189 1.082551
vn  -0.294717 0.485284 1.147556
vn  -0.027556 0.486791 1.183341
vn  0.044072 0.479772 1.188095
vn  0.058425 0.474654 1.191246
vn  0.014739 0.474402 1.192771
vn  -0.041541 0.479318 1.188522
vn  -0.057897 0.482784 1.185258
vn  -0.067393 0.487434 1.181255
vn  -0.033046 0.491060 1.179956
vn  -0.009629 0.485563 1.184548
vn  -0.025053 0.484865 1.184847
vn  -0.184934 0.486190 1.169585
vn  -0.465124 0.522301 1.057790
vn  -0.641520 0.592728 0.882906
vn  -0.765864 0.679536 0.633823
vn  -0.742242 0.800943 0.327604
vn  -0.452896 0.938667 0.114939
vn  -0.145813 0.993497 0.050419
vn  -0.020301 0.999596 0.032757
vn  0.057545 0.998799 0.033133
vn  0.065027 0.998427 0.039288
vn  0.071447 0.997947 0.049257
vn  0.071425 0.997613 0.060457
vn  0.071276 0.997215 0.071645
vn  0.282244 0.974005 0.120662
vn  0.653112 0.839983 0.337732
vn  0.744849 0.696613 0.624762
vn  0.661703 0.604301 0.853101
vn  0.505374 0.540249 1.022174
vn  0.206446 0.513936 1.143921
vn  0.002391 0.503793 1.170524
vn  0.004551 0.501113 1.172627
vn  0.021017 0.497419 1.175333
vn  0.075144 0.490994 1.178075
vn  0.120273 0.479221 1.183223
vn  0.170524 0.475270 1.179970
vn  0.205263 0.471287 1.177368
vn  0.140194 0.480117 1.180360
vn  0.097595 0.489323 1.177707
vn  0.098579 0.492686 1.175047
vn  0.109508 0.496837 1.170862
vn  0.314988 0.487293 1.140588
vn  0.798412 0.402360 0.949440
vn  1.009733 0.345765 0.772711
vn  1.106465 0.305954 0.663338
vn  1.178681 0.287998 0.542749
vn  -1.233994 0.279871 0.411821
vn  -1.274035 0.274160 0.273829
vn  -1.269140 0.290228 0.266046
vn  -1.274884 0.255642 0.301387
vn  -1.025698 0.494063 0.579570
vn  -0.726462 0.672927 0.690611
vn  -0.437831 0.776311 0.733408
vn  -0.112667 0.814528 0.777981
vn  -0.014964 0.809123 0.796140
vn  -0.004330 0.805030 0.803850
vn  -0.000168 0.800054 0.812933
vn  -0.005425 0.799492 0.813929
vn  -0.006398 0.802472 0.808519
vn  -0.007361 0.806704 0.800741
vn  -0.011898 0.811534 0.791674
vn  -0.054585 0.811597 0.789760
vn  -0.100043 0.816878 0.775178
vn  -0.132998 0.816225 0.771479
vn  -0.190973 0.833906 0.723067
vn  -0.215167 0.868687 0.635818
vn  -0.242027 0.913454 0.495473
vn  -0.245380 0.959448 0.292726
vn  -0.192534 0.986496 0.110393
vn  -0.102529 0.996746 0.037642
vn  -0.012484 0.999799 0.024165
vn  0.044195 0.999238 0.029055
vn  0.048178 0.998966 0.038396
vn  0.051631 0.998614 0.049199
vn  0.051593 0.998277 0.060497
vn  0.051492 0.997873 0.071782
vn  0.093652 0.995626 0.085180
vn  0.174656 0.982489 0.182313
vn  0.207534 0.950287 0.367360
vn  0.198823 0.905332 0.540061
vn  0.157216 0.862520 0.667420
vn  0.094021 0.834149 0.741426
vn  0.057548 0.825297 0.763028
vn  0.056691 0.824523 0.764628
vn  0.059715 0.823504 0.766411
vn  0.068576 0.820974 0.770642
vn  0.092791 0.813557 0.782459
vn  0.198766 0.804567 0.779778
vn  0.287799 0.784364 0.789732
vn  0.274326 0.784710 0.793886
vn  0.258370 0.792218 0.785502
vn  0.260758 0.799180 0.771642
vn  0.261815 0.806420 0.757321
vn  0.464251 0.781751 0.706039
vn  0.941252 0.568434 0.597421
vn  1.223029 0.317205 0.394473
vn  1.202172 0.297649 0.477775
vn  1.251181 0.298231 0.327716
vn  1.243234 0.317437 0.324818
vn  -1.305080 0.265208 0.061499
vn  -1.297158 0.285251 0.064330
vn  -1.305315 0.263872 0.066834
vn  -1.102623 0.575988 0.105900
vn  -0.819487 0.792626 0.104995
vn  -0.527568 0.917348 0.112485
vn  -0.141871 0.989680 0.132567
vn  -0.020859 0.994252 0.143573
vn  -0.012067 0.993529 0.153428
vn  -0.008043 0.992560 0.164794
vn  -0.007813 0.991483 0.176306
vn  -0.008039 0.990355 0.187579
vn  -0.007988 0.989128 0.199108
vn  -0.010678 0.987866 0.210183
vn  -0.043246 0.986828 0.214903
vn  -0.080287 0.987185 0.200781
vn  -0.108929 0.987820 0.180528
vn  -0.142637 0.988190 0.150889
vn  -0.145366 0.990359 0.118749
vn  -0.146132 0.992130 0.086214
vn  -0.129598 0.994594 0.054818
vn  -0.099811 0.997048 0.029340
vn  -0.065080 0.998821 0.009667
vn  -0.008987 0.999978 0.000681
vn  0.026941 0.999793 0.005968
vn  0.029938 0.999690 0.015571
vn  0.032110 0.999538 0.025759
vn  0.031943 0.999366 0.036147
vn  0.031895 0.999133 0.046529
vn  0.062056 0.997993 0.059253
vn  0.097920 0.995579 0.081306
vn  0.108545 0.993891 0.102877
vn  0.117311 0.992378 0.118840
vn  0.098718 0.992463 0.133521
vn  0.062680 0.993473 0.141282
vn  0.048349 0.993765 0.143140
vn  0.048263 0.993707 0.143903
vn  0.050095 0.993599 0.144644
vn  0.057465 0.993246 0.146347
vn  0.081398 0.992059 0.149736
vn  0.229545 0.979146 0.151958
vn  0.358510 0.957962 0.150345
vn  0.349106 0.960202 0.146176
vn  0.337886 0.962986 0.138726
vn  0.337314 0.963759 0.129987
vn  0.337616 0.964322 0.121239
vn  0.532810 0.916087 0.106495
vn  1.020643 0.654648 0.086810
vn  1.273242 0.336895 0.081338
vn  1.287708 0.302606 0.099154
vn  1.276326 0.325679 0.111347
vn  -1.307069 0.263182 -0.023458
vn  -1.300657 0.279839 -0.025744
vn  -1.305559 0.267022 -0.027539
vn  -1.100116 0.579047 -0.101244
vn  -0.787630 0.804369 -0.166693
vn  -0.527718 0.907944 -0.209790
vn  -0.167521 0.979316 -0.217045
vn  -0.055446 0.988819 -0.194314
vn  -0.050014 0.991848 -0.165270
vn  -0.047932 0.994425 -0.134608
vn  -0.047536 0.996496 -0.102885
vn  -0.047535 0.998002 -0.071197
vn  -0.048269 0.998939 -0.039571
vn  -0.048465 0.999343 -0.008015
vn  -0.054178 0.999125 0.016578
vn  -0.066812 0.998653 0.021856
vn  -0.083633 0.997984 0.020077
vn  -0.105383 0.996948 0.009272
vn  -0.106854 0.996881 -0.004237
vn  -0.106948 0.996792 -0.018026
vn  -0.097107 0.997173 -0.030623
vn  -0.078545 0.997943 -0.037085
vn  -0.053312 0.998814 -0.038853
vn  -0.012346 0.999574 -0.037556
vn  0.011992 0.999686 -0.031742
vn  0.013772 0.999796 -0.023684
vn  0.015171 0.999877 -0.014921
vn  0.015192 0.999928 -0.005952
vn  0.015172 0.999935 0.002860
vn  0.032829 0.999653 0.014016
vn  0.055791 0.998823 0.034747
vn  0.086026 0.997245 0.051978
vn  0.113967 0.995822 0.048190
vn  0.106555 0.996585 0.034149
vn  0.084129 0.998031 0.012063
vn  0.075134 0.998396 -0.015566
vn  0.075324 0.997926 -0.043985
vn  0.076213 0.996988 -0.072352
vn  0.080554 0.995535 -0.099355
vn  0.100143 0.993085 -0.123606
vn  0.235092 0.979663 -0.136591
vn  0.359753 0.959044 -0.133801
vn  0.353856 0.960350 -0.132316
vn  0.346659 0.961664 -0.133830
vn  0.346218 0.961569 -0.136206
vn  0.346133 0.961393 -0.138683
vn  0.539610 0.912034 -0.132862
vn  1.018904 0.655327 -0.097216
vn  1.269103 0.349099 -0.042035
vn  1.288327 0.309613 -0.018991
vn  1.278334 0.331566 -0.012833
vn  -1.303438 0.266124 -0.084673
vn  -1.296880 0.282677 -0.086855
vn  -1.301526 0.268196 -0.100593
vn  -1.068372 0.588223 -0.243763
vn  -0.713208 0.806081 -0.366635
vn  -0.492567 0.874961 -0.433422
vn  -0.200243 0.929851 -0.456593
vn  -0.114466 0.944000 -0.432191
vn  -0.113449 0.952470 -0.396894
vn  -0.113544 0.960561 -0.359282
vn  -0.115163 0.967919 -0.320404
vn  -0.116339 0.974854 -0.278655
vn  -0.121012 0.981461 -0.229800
vn  -0.119694 0.987912 -0.172610
vn  -0.097421 0.993394 -0.121193
vn  -0.085294 0.995859 -0.088883
vn  -0.086152 0.996710 -0.068121
vn  -0.095186 0.996321 -0.066521
vn  -0.095712 0.996219 -0.068551
vn  -0.095724 0.996134 -0.070764
vn  -0.092241 0.996253 -0.072283
vn  -0.084760 0.996727 -0.069405
vn  -0.063945 0.997816 -0.062643
vn  -0.023601 0.999018 -0.055210
vn  -0.000718 0.999374 -0.047941
vn  -0.000038 0.999555 -0.040412
vn  0.000500 0.999714 -0.032381
vn  0.000360 0.999841 -0.024186
vn  0.000619 0.999931 -0.015899
vn  0.006794 0.999977 -0.006327
vn  0.016563 0.999893 0.010805
vn  0.079243 0.998126 0.024411
vn  0.147751 0.994004 0.011104
vn  0.159822 0.992909 -0.020162
vn  0.152321 0.992433 -0.066943
vn  0.147738 0.989947 -0.122092
vn  0.147019 0.985438 -0.177405
vn  0.145585 0.979502 -0.230887
vn  0.144442 0.972768 -0.278887
vn  0.156402 0.964908 -0.319601
vn  0.250743 0.948915 -0.346321
vn  0.343261 0.932506 -0.348808
vn  0.339509 0.933219 -0.348978
vn  0.336439 0.934076 -0.347742
vn  0.336351 0.934241 -0.347011
vn  0.336382 0.934379 -0.346295
vn  0.525188 0.890024 -0.325327
vn  1.010095 0.643930 -0.233480
vn  1.262737 0.349413 -0.132217
vn  1.281544 0.313229 -0.116856
vn  1.270382 0.336753 -0.118604
vn  -1.286453 0.275534 -0.204454
vn  -1.278651 0.293887 -0.206461
vn  -1.282219 0.269752 -0.241799
vn  -0.996893 0.569886 -0.496021
vn  -0.599991 0.757825 -0.649360
vn  -0.425916 0.796524 -0.699859
vn  -0.216914 0.827326 -0.729599
vn  -0.160958 0.839365 -0.718760
vn  -0.164442 0.849313 -0.696158
vn  -0.170231 0.860955 -0.667938
vn  -0.174345 0.874763 -0.633022
vn  -0.187243 0.888882 -0.591885
vn  -0.231955 0.906605 -0.522643
vn  -0.250172 0.933716 -0.415648
vn  -0.209152 0.961679 -0.307059
vn  -0.177033 0.979672 -0.206284
vn  -0.131704 0.991105 -0.123181
vn  -0.099741 0.994742 -0.096494
vn  -0.097892 0.995166 -0.090143
vn  -0.097961 0.995441 -0.084296
vn  -0.097393 0.995722 -0.078693
vn  -0.095999 0.996065 -0.072145
vn  -0.077819 0.997220 -0.064326
vn  -0.036988 0.998766 -0.056237
vn  -0.014005 0.999309 -0.048370
vn  -0.014088 0.999499 -0.040524
vn  -0.013911 0.999662 -0.032357
vn  -0.014012 0.999787 -0.024208
vn  -0.013933 0.999877 -0.016057
vn  -0.013813 0.999932 -0.007745
vn  -0.012692 0.999953 0.003284
vn  0.082665 0.998113 0.009380
vn  0.193650 0.989700 -0.011375
vn  0.242003 0.983044 -0.056333
vn  0.271117 0.974077 -0.143040
vn  0.274180 0.960780 -0.256960
vn  0.266113 0.942961 -0.364244
vn  0.256129 0.921177 -0.460926
vn  0.228433 0.899989 -0.544724
vn  0.220851 0.882550 -0.597670
vn  0.272027 0.861862 -0.631072
vn  0.324467 0.844593 -0.648907
vn  0.309144 0.843180 -0.659673
vn  0.301924 0.846343 -0.655568
vn  0.301993 0.848642 -0.650056
vn  0.304021 0.850487 -0.644659
vn  0.476033 0.818159 -0.616813
vn  0.950750 0.614368 -0.489060
vn  1.237531 0.342522 -0.298758
vn  1.261926 0.309841 -0.259671
vn  1.246320 0.336435 -0.273889
vn  -1.270900 0.274745 -0.287005
vn  -1.203327 0.267604 -0.506632
vn  -1.235277 0.262336 -0.428820
vn  -0.911506 0.421254 -0.824307
vn  -0.477404 0.557429 -1.018677
vn  -0.314090 0.591053 -1.046928
vn  -0.175903 0.597430 -1.072312
vn  -0.143072 0.598611 -1.075979
vn  -0.146259 0.601090 -1.073009
vn  -0.169870 0.604943 -1.065529
vn  -0.191929 0.619229 -1.046546
vn  -0.228186 0.638758 -1.017309
vn  -0.369431 0.667741 -0.938604
vn  -0.462965 0.734358 -0.794743
vn  -0.454358 0.819574 -0.629576
vn  -0.455085 0.892652 -0.407376
vn  -0.297282 0.965505 -0.190037
vn  -0.144700 0.990222 -0.121632
vn  -0.115229 0.993365 -0.104920
vn  -0.115178 0.993952 -0.094213
vn  -0.113579 0.994562 -0.083767
vn  -0.111453 0.995105 -0.074230
vn  -0.092961 0.996473 -0.065478
vn  -0.051743 0.998383 -0.057056
vn  -0.028404 0.999131 -0.048815
vn  -0.028311 0.999334 -0.040563
vn  -0.028435 0.999494 -0.032396
vn  -0.028299 0.999624 -0.024113
vn  -0.028342 0.999712 -0.015963
vn  -0.028483 0.999763 -0.007767
vn  -0.028443 0.999780 0.000500
vn  0.100374 0.997251 0.002437
vn  0.252418 0.982354 -0.022717
vn  0.362756 0.962080 -0.070861
vn  0.515743 0.912199 -0.205638
vn  0.527605 0.855399 -0.462882
vn  0.463953 0.796892 -0.674448
vn  0.425947 0.735237 -0.813726
vn  0.334734 0.676067 -0.940674
vn  0.263100 0.646249 -1.000045
vn  0.269987 0.624319 -1.023514
vn  0.277275 0.604889 -1.042807
vn  0.224575 0.598472 -1.062107
vn  0.196615 0.609147 -1.056493
vn  0.196745 0.616177 -1.048957
vn  0.207664 0.624263 -1.038017
vn  0.396431 0.616205 -0.990857
vn  0.857463 0.478321 -0.825119
vn  1.159320 0.311668 -0.560161
vn  1.241935 0.300072 -0.358365
vn  1.208683 0.279746 -0.481200
vn  -1.118944 0.281173 -0.662543
vn  -0.791913 0.364029 -0.982707
vn  -1.065653 0.292592 -0.737123
vn  -0.372720 0.415173 -1.175051
vn  -0.228610 0.425944 -1.204478
vn  -0.117433 0.433715 -1.215308
vn  -0.091048 0.438434 -1.214461
vn  -0.089155 0.443217 -1.211410
vn  -0.151386 0.444812 -1.204137
vn  -0.219716 0.445078 -1.193379
vn  -0.344845 0.462048 -1.151193
vn  -0.647340 0.468956 -1.006630
vn  -0.807326 0.505797 -0.845363
vn  -0.854145 0.589862 -0.683908
vn  -0.903734 0.668634 -0.445568
vn  -0.618676 0.875847 -0.211820
vn  -0.220774 0.982188 -0.126837
vn  -0.133983 0.992081 -0.104943
vn  -0.133982 0.992665 -0.094272
vn  -0.131357 0.993369 -0.083758
vn  -0.127374 0.994067 -0.074152
vn  -0.108030 0.995646 -0.065446
vn  -0.066377 0.997910 -0.057096
vn  -0.042815 0.998849 -0.048892
vn  -0.042884 0.999048 -0.040665
vn  -0.042911 0.999212 -0.032411
vn  -0.042916 0.999339 -0.024175
vn  -0.042761 0.999433 -0.015914
vn  -0.042841 0.999484 -0.007718
vn  -0.042903 0.999499 0.000454
vn  0.118350 0.996177 0.002370
vn  0.311017 0.973166 -0.022155
vn  0.473840 0.935670 -0.064162
vn  0.812185 0.793816 -0.139533
vn  0.965992 0.645681 -0.370832
vn  0.842370 0.602652 -0.678012
vn  0.765072 0.537468 -0.848771
vn  0.617266 0.477538 -1.018048
vn  0.373978 0.454993 -1.147250
vn  0.287062 0.446685 -1.177876
vn  0.272751 0.440822 -1.185309
vn  0.164175 0.442235 -1.204204
vn  0.089040 0.443347 -1.211332
vn  0.087054 0.445494 -1.210029
vn  0.101459 0.447866 -1.207296
vn  0.277026 0.443033 -1.182802
vn  0.700588 0.387970 -1.033904
vn  1.049638 0.315002 -0.743118
vn  0.970202 0.329899 -0.833687
vn  -0.687289 0.382029 -1.046811
vn  -0.328136 0.421955 -1.183878
vn  -0.214052 0.418269 -1.212068
vn  -0.151620 0.419717 -1.220537
vn  -0.146139 0.427755 -1.216073
vn  -0.175733 0.480937 -1.174979
vn  -0.155596 0.439997 -1.206845
vn  -0.219219 0.495153 -1.156685
vn  -0.273413 0.496583 -1.143949
vn  -0.574529 0.492577 -1.029838
vn  -0.934083 0.425839 -0.794156
vn  -1.069162 0.429995 -0.594606
vn  -1.102256 0.474711 -0.455426
vn  -1.118845 0.532432 -0.252636
vn  -0.767924 0.817414 -0.139983
vn  -0.254033 0.978616 -0.114710
vn  -0.152545 0.990647 -0.104476
vn  -0.152632 0.991211 -0.094000
vn  -0.148596 0.992027 -0.084146
vn  -0.142782 0.992836 -0.076344
vn  -0.122410 0.994581 -0.069718
vn  -0.080398 0.997134 -0.063621
vn  -0.057061 0.998221 -0.057206
vn  -0.057979 0.998433 -0.048887
vn  -0.057955 0.998679 -0.038603
vn  -0.058006 0.998864 -0.028355
vn  -0.057774 0.999002 -0.018013
vn  -0.057326 0.999085 -0.008397
vn  -0.057327 0.999105 -0.000023
vn  0.136024 0.994948 0.001951
vn  0.367256 0.962431 -0.022281
vn  0.559380 0.909698 -0.061162
vn  0.930155 0.723227 -0.102745
vn  1.155285 0.504052 -0.186994
vn  1.109036 0.481568 -0.424711
vn  1.051248 0.454612 -0.592923
vn  0.941821 0.434433 -0.776268
vn  0.634602 0.478067 -1.006872
vn  0.339394 0.482704 -1.137164
vn  0.299875 0.487597 -1.144416
vn  0.189505 0.450881 -1.194559
vn  0.272622 0.461743 -1.170622
vn  0.112432 0.448388 -1.205968
vn  0.107156 0.443683 -1.209637
vn  0.114530 0.438964 -1.212120
vn  0.253156 0.434558 -1.193872
vn  0.632171 0.397619 -1.070618
vn  -0.199392 0.518649 -1.141264
vn  -0.246580 0.537152 -1.116050
vn  -0.320979 0.545309 -1.089555
vn  -0.741771 0.485699 -0.923462
vn  -1.116879 0.395217 -0.549492
vn  -1.013003 0.436872 -0.677895
vn  -1.203375 0.378967 -0.352631
vn  -1.213879 0.406969 -0.241964
vn  -1.195592 0.463853 -0.107953
vn  -0.825339 0.789399 -0.103784
vn  -0.276101 0.975759 -0.108216
vn  -0.170127 0.989332 -0.100119
vn  -0.170201 0.989775 -0.091598
vn  -0.158309 0.990978 -0.089002
vn  -0.144443 0.991382 -0.103189
vn  -0.118204 0.991482 -0.131057
vn  -0.061489 0.989680 -0.184175
vn  -0.061805 0.982978 -0.241160
vn  -0.080636 0.983121 -0.234433
vn  -0.085295 0.987066 -0.199790
vn  -0.102978 0.991464 -0.143561
vn  -0.091713 0.996672 -0.061553
vn  -0.076057 0.998321 -0.019358
vn  -0.072879 0.998539 -0.007071
vn  0.152530 0.993643 -0.002619
vn  0.420858 0.950375 -0.024425
vn  0.627183 0.885599 -0.052226
vn  0.987270 0.683168 -0.067009
vn  1.214238 0.440006 -0.079354
vn  1.222462 0.400871 -0.216060
vn  1.194632 0.392342 -0.355488
vn  1.133546 0.393791 -0.516235
vn  0.812459 0.460931 -0.886547
vn  1.045005 0.427735 -0.638895
vn  0.395538 0.526488 -1.082011
vn  0.321326 0.526646 -1.106183
vn  -1.215719 0.340743 -0.380791
vn  -1.275097 0.334889 -0.066037
vn  -1.285567 0.304580 -0.114631
vn  -1.258859 0.370039 0.003460
vn  -1.214154 0.443870 0.015135
vn  -0.828114 0.790197 -0.062207
vn  -0.287500 0.974432 -0.100180
vn  -0.182452 0.988400 -0.095192
vn  -0.182436 0.988744 -0.088442
vn  -0.140140 0.992520 -0.087901
vn  -0.079341 0.994700 -0.114526
vn  0.012233 0.989688 -0.193715
vn  0.163635 0.959093 -0.346952
vn  0.086018 0.921543 -0.519055
vn  -0.112624 0.909909 -0.550687
vn  -0.176328 0.917680 -0.508695
vn  -0.316407 0.924675 -0.407536
vn  -0.330134 0.959026 -0.195953
vn  -0.164485 0.992058 -0.044649
vn  -0.096934 0.997373 -0.015410
vn  0.162377 0.992775 -0.008444
vn  0.467502 0.938382 -0.027426
vn  0.656190 0.874245 -0.046782
vn  0.987455 0.684683 -0.017819
vn  1.225558 0.425437 0.042787
vn  1.267323 0.353528 0.023821
vn  1.275675 0.334554 -0.057449
vn  1.211946 0.335274 -0.401182
vn  1.273892 0.325186 -0.138543
vn  -1.265004 0.319913 0.219105
vn  -1.238641 0.368770 0.228536
vn  -1.155990 0.508827 0.156391
vn  -0.718377 0.847614 0.030093
vn  -0.227007 0.985266 -0.046673
vn  -0.186220 0.988568 -0.084046
vn  -0.185870 0.987498 -0.105246
vn  -0.112703 0.991687 -0.133033
vn  -0.000880 0.990474 -0.186586
vn  0.267059 0.957992 -0.282326
vn  0.542566 0.850053 -0.463672
vn  0.342465 0.812827 -0.711161
vn  -0.113560 0.808775 -0.788798
vn  -0.252724 0.813926 -0.745575
vn  -0.557164 0.787649 -0.621765
vn  -0.719669 0.804666 -0.359648
vn  -0.363956 0.956324 -0.156286
vn  -0.122128 0.992915 -0.104936
vn  0.161433 0.990875 -0.085424
vn  0.500505 0.927960 -0.067222
vn  0.658682 0.872952 -0.055325
vn  0.916925 0.736282 0.002642
vn  1.177501 0.485896 0.127058
vn  1.250870 0.353219 0.205910
vn  1.269727 0.316186 0.200969
vn  1.282992 0.294109 0.176823
vn  -1.262876 0.292117 0.290900
vn  -1.250666 0.294219 0.336227
vn  -1.252375 0.292651 0.332356
vn  -1.277833 0.295693 0.206785
vn  -1.227914 0.329153 0.359800
vn  -1.184237 0.415259 0.342223
vn  -1.023062 0.633625 0.228740
vn  -0.545061 0.913514 0.082327
vn  -0.128671 0.995481 0.001298
vn  -0.107196 0.996099 -0.052972
vn  -0.107090 0.993818 -0.105662
vn  -0.001900 0.992692 -0.163515
vn  0.172109 0.973121 -0.260310
vn  0.562541 0.864674 -0.383254
vn  0.826114 0.670157 -0.573635
vn  0.558431 0.663249 -0.846516
vn  -0.045497 0.670783 -1.003948
vn  -0.326234 0.676860 -0.942611
vn  -0.717964 0.636347 -0.759710
vn  -0.982589 0.603807 -0.448606
vn  -0.576893 0.880803 -0.280777
vn  -0.153108 0.982137 -0.203893
vn  0.114672 0.987246 -0.182722
vn  0.444372 0.939378 -0.135686
vn  0.599816 0.894623 -0.082513
vn  0.789843 0.812552 -0.001414
vn  1.067628 0.604783 0.157268
vn  1.201546 0.403801 0.305046
vn  1.237575 0.321135 0.339428
vn  1.269944 0.286661 0.269294
vn  1.254384 0.287173 0.333553
vn  1.254753 0.286195 0.333709
vn  -1.245579 0.283820 0.369846
vn  -1.253794 0.278588 0.348790
vn  -1.191786 0.362256 0.418151
vn  -1.060847 0.541748 0.414569
vn  -0.789244 0.794289 0.234159
vn  -0.309475 0.971140 0.093168
vn  -0.029545 0.999762 0.001473
vn  -0.009362 0.999135 -0.055561
vn  -0.009525 0.996526 -0.112450
vn  0.123666 0.987567 -0.173433
vn  0.434771 0.923811 -0.283028
vn  0.842789 0.719537 -0.418599
vn  1.034513 0.493806 -0.564099
vn  0.808053 0.517473 -0.831582
vn  0.116242 0.552421 -1.123526
vn  -0.447105 0.541320 -1.047957
vn  -0.868703 0.483575 -0.807551
vn  -1.118051 0.433379 -0.491182
vn  -0.824306 0.737925 -0.396018
vn  -0.290795 0.952478 -0.292928
vn  0.056649 0.984756 -0.228787
vn  0.363795 0.955662 -0.163909
vn  0.514061 0.922711 -0.092752
vn  0.644633 0.879485 -0.018738
vn  0.869700 0.761690 0.120399
vn  1.100724 0.529337 0.331786
vn  1.191810 0.372315 0.401529
vn  1.241989 0.281829 0.384427
vn  1.248343 0.275541 0.372016
vn  -1.247365 0.286721 0.359574
vn  -1.249601 0.292336 0.343134
vn  -1.239156 0.308989 0.354046
vn  -1.239289 0.301231 0.365665
vn  -1.157698 0.434321 0.386694
vn  -0.836456 0.730658 0.395283
vn  -0.490214 0.919542 0.208019
vn  -0.141613 0.993316 0.066394
vn  0.075859 0.998429 -0.003295
vn  0.092465 0.996606 -0.062387
vn  0.092170 0.993723 -0.120351
vn  0.255401 0.972675 -0.183704
vn  0.718451 0.825738 -0.260798
vn  1.074710 0.541029 -0.379069
vn  1.151932 0.391137 -0.477811
vn  1.024240 0.431959 -0.666699
vn  0.322540 0.575724 -1.059961
vn  -0.604605 0.523142 -0.983920
vn  -1.014899 0.407499 -0.707980
vn  -1.190713 0.344185 -0.448159
vn  -1.049036 0.545733 -0.434549
vn  -0.571193 0.856615 -0.403168
vn  -0.076199 0.974360 -0.295204
vn  0.223290 0.974579 -0.205695
vn  0.384783 0.955372 -0.110333
vn  0.532274 0.919481 -0.021701
vn  0.643147 0.878546 0.072763
vn  0.897021 0.724640 0.259502
vn  1.134166 0.478236 0.360390
vn  1.241879 0.303854 0.352662
vn  1.240365 0.287358 0.382147
vn  1.240971 0.297544 0.365503
vn  1.222249 0.321274 0.390827
vn  -1.257306 0.283242 0.328687
vn  -1.247064 0.300775 0.338946
vn  -1.231020 0.331011 0.345785
vn  -1.103836 0.521958 0.342732
vn  -0.615946 0.859282 0.317828
vn  -0.165002 0.982066 0.195044
vn  0.012375 0.998736 0.066980
vn  0.181785 0.990955 -0.004445
vn  0.194294 0.988553 -0.063611
vn  0.193526 0.985656 -0.121841
vn  0.415766 0.939739 -0.204370
vn  0.889397 0.721512 -0.298776
vn  1.171375 0.420616 -0.373086
vn  1.193486 0.346095 -0.437966
vn  1.123007 0.388779 -0.545421
vn  0.492078 0.567251 -1.001595
vn  1.058572 0.408672 -0.639472
vn  -1.113158 0.374193 -0.583043
vn  -0.765974 0.516916 -0.871102
vn  -1.227487 0.306381 -0.396329
vn  -1.142162 0.440000 -0.419700
vn  -0.833251 0.722020 -0.429695
vn  -0.294762 0.946999 -0.320302
vn  0.051913 0.986066 -0.219357
vn  0.224345 0.982322 -0.118384
vn  0.400124 0.955254 -0.023358
vn  0.465896 0.937914 0.062149
vn  0.634747 0.870636 0.203552
vn  1.014643 0.611933 0.345091
vn  1.220965 0.347772 0.351184
vn  1.239036 0.298296 0.370902
vn  1.219631 0.319606 0.401376
vn  -1.249011 0.289150 0.350167
vn  -1.248938 0.273613 0.372630
vn  -1.264420 0.253759 0.345206
vn  -1.238669 0.289127 0.385186
vn  -1.185512 0.395281 0.379244
vn  -0.976455 0.646084 0.340939
vn  -0.389846 0.933100 0.292372
vn  0.068614 0.990341 0.174906
vn  0.167599 0.991102 0.066653
vn  0.285298 0.977579 -0.004315
vn  0.293419 0.975172 -0.062843
vn  0.307651 0.968585 -0.137491
vn  0.634072 0.866296 -0.236923
vn  1.058414 0.571204 -0.341802
vn  1.219301 0.334286 -0.379842
vn  1.208437 0.321681 -0.431089
vn  1.137507 0.367274 -0.542733
vn  1.165003 0.356554 -0.495478
vn  -1.172359 0.333367 -0.507619
vn  -1.235645 0.290206 -0.393322
vn  -1.236873 0.284316 -0.397340
vn  -1.185009 0.362759 -0.436219
vn  -1.048555 0.540505 -0.447514
vn  -0.582509 0.865882 -0.346668
vn  -0.124076 0.982667 -0.218414
vn  0.052705 0.995348 -0.119435
vn  0.252807 0.982277 -0.024443
vn  0.327029 0.969323 0.063086
vn  0.349212 0.959469 0.154527
vn  0.740023 0.805560 0.311436
vn  1.151983 0.444277 0.382978
vn  1.217653 0.311031 0.419347
vn  1.224988 0.299560 0.413273
vn  1.233163 0.282529 0.410977
vn  1.258219 0.251510 0.369995
vn  -1.240527 0.276238 0.396410
vn  -1.260796 0.249418 0.363770
vn  -1.220330 0.325906 0.389782
vn  -1.089217 0.525292 0.378302
vn  -0.836771 0.756741 0.290666
vn  -0.208297 0.969807 0.256549
vn  0.265976 0.973290 0.161353
vn  0.320084 0.970640 0.061495
vn  0.385971 0.958487 -0.017613
vn  0.389739 0.955685 -0.085060
vn  0.507111 0.916904 -0.187927
vn  0.840162 0.745105 -0.332996
vn  1.163138 0.432046 -0.374870
vn  1.239924 0.292663 -0.376138
vn  1.213117 0.319738 -0.420468
vn  1.174313 0.358879 -0.469748
vn  -1.238605 0.294195 -0.378285
vn  -1.201781 0.331280 -0.436317
vn  -1.152879 0.410863 -0.443928
vn  -0.875674 0.712060 -0.371980
vn  -0.374280 0.945712 -0.232093
vn  -0.119604 0.992085 -0.121024
vn  0.099564 0.997013 -0.032256
vn  0.182586 0.990233 0.048530
vn  0.181673 0.986506 0.127338
vn  0.439393 0.929418 0.238721
vn  0.996448 0.622819 0.361938
vn  1.184430 0.365218 0.434020
vn  1.217259 0.294292 0.442059
vn  1.247178 0.252882 0.404088
vn  -1.263523 0.249038 0.354673
vn  -1.271252 0.252180 0.321416
vn  -1.273314 0.248254 0.318857
vn  -1.241378 0.306416 0.350348
vn  -1.199228 0.401912 0.318454
vn  -0.994042 0.652616 0.256919
vn  -0.709744 0.837167 0.213433
vn  -0.111874 0.986181 0.194631
vn  0.410813 0.948165 0.129055
vn  0.461345 0.939520 0.050444
vn  0.508025 0.926574 -0.040673
vn  0.515706 0.919127 -0.137947
vn  0.757988 0.810230 -0.237116
vn  1.051071 0.565848 -0.378816
vn  1.212727 0.349658 -0.375452
vn  1.253364 0.279031 -0.349686
vn  1.228132 0.303605 -0.398251
vn  1.249884 0.283259 -0.355844
vn  -1.243408 0.290387 -0.367784
vn  -1.236178 0.299334 -0.378819
vn  -1.211812 0.331206 -0.407738
vn  -1.239734 0.303004 -0.361443
vn  -1.201656 0.350433 -0.408288
vn  -1.106022 0.516828 -0.349881
vn  -0.680446 0.845542 -0.245779
vn  -0.280535 0.974068 -0.123684
vn  -0.037562 0.999001 -0.047480
vn  0.057958 0.999013 0.016182
vn  0.057847 0.997464 0.077176
vn  0.177107 0.985682 0.144355
vn  0.734701 0.816053 0.271288
vn  1.120087 0.479879 0.398408
vn  1.203548 0.339588 0.419390
vn  1.243547 0.253787 0.414112
vn  1.251266 0.259430 0.383293
vn  1.248789 0.260667 0.389776
vn  -1.263276 0.264776 0.334018
vn  -1.271572 0.247474 0.326822
vn  -1.231973 0.348192 0.309505
vn  -1.153279 0.491976 0.248365
vn  -0.951107 0.705486 0.132969
vn  -0.680653 0.859844 0.123854
vn  -0.068536 0.994162 0.129153
vn  0.499557 0.927605 0.081721
vn  0.577233 0.904536 0.025375
vn  0.645962 0.877944 -0.060057
vn  0.706964 0.843132 -0.176319
vn  0.939663 0.683196 -0.310087
vn  1.149638 0.437016 -0.404744
vn  1.225258 0.314229 -0.391921
vn  1.252874 0.279149 -0.351263
vn  1.243723 0.293232 -0.362535
vn  -1.204487 0.337669 -0.419538
vn  -1.220714 0.326165 -0.388178
vn  -1.199762 0.397082 -0.327441
vn  -0.909056 0.716318 -0.260045
vn  -0.445595 0.938875 -0.138036
vn  -0.146527 0.992981 -0.064928
vn  -0.033595 0.999654 -0.011901
vn  -0.033458 0.999297 0.038212
vn  0.049137 0.997037 0.091931
vn  0.480631 0.923243 0.200133
vn  0.961677 0.643753 0.387815
vn  1.161150 0.409694 0.423904
vn  1.243627 0.271861 0.392232
vn  1.248642 0.258185 0.393264
vn  -1.261427 0.247129 0.364451
vn  -1.255605 0.251482 0.378805
vn  -1.250710 0.253703 0.392049
vn  -1.240345 0.297072 0.368324
vn  -1.176052 0.439484 0.313710
vn  -1.051659 0.612944 0.200821
vn  -0.862631 0.768834 0.081626
vn  -0.668594 0.869374 0.036797
vn  -0.032326 0.999621 0.018581
vn  0.564970 0.908914 -0.008426
vn  0.662493 0.871725 -0.044257
vn  0.758286 0.824491 -0.113874
vn  0.899923 0.732173 -0.204880
vn  1.099040 0.528449 -0.339866
vn  1.202911 0.352685 -0.400966
vn  1.238378 0.294148 -0.379092
vn  1.248141 0.274624 -0.373932
vn  1.257241 0.268570 -0.350805
vn  -1.230589 0.310254 -0.380879
vn  -1.186852 0.343184 -0.459662
vn  -1.221879 0.317334 -0.397831
vn  -1.182329 0.356622 -0.452481
vn  -1.238151 0.319080 -0.340881
vn  -1.094637 0.544910 -0.304508
vn  -0.655367 0.863744 -0.191781
vn  -0.248912 0.979476 -0.112436
vn  -0.119909 0.995020 -0.062169
vn  -0.120789 0.995967 -0.013812
vn  -0.058581 0.998652 0.038936
vn  0.182512 0.986982 0.119095
vn  0.612766 0.860893 0.315965
vn  1.043695 0.556039 0.423271
vn  1.224257 0.310294 0.400707
vn  1.247465 0.256974 0.398422
vn  1.255265 0.246290 0.386123
vn  -1.234297 0.283689 0.406078
vn  -1.245278 0.261990 0.399265
vn  -1.208126 0.370690 0.352538
vn  -1.086869 0.565309 0.260933
vn  -0.938526 0.714833 0.130682
vn  -0.774216 0.820307 0.034499
vn  -0.614322 0.891236 -0.017449
vn  0.012242 0.998855 -0.063658
vn  0.595852 0.896130 -0.081196
vn  0.714652 0.846362 -0.100697
vn  0.859698 0.764130 -0.157979
vn  1.029408 0.625712 -0.239988
vn  1.196661 0.408842 -0.311846
vn  1.232876 0.320354 -0.357408
vn  1.251941 0.295045 -0.330097
vn  1.268819 0.269968 -0.304031
vn  -1.243088 0.312392 -0.334224
vn  -1.261565 0.288115 -0.303636
vn  -1.200141 0.410804 -0.293177
vn  -0.847284 0.761426 -0.231775
vn  -0.354040 0.958585 -0.153607
vn  -0.202983 0.985783 -0.103134
vn  -0.203629 0.987832 -0.054296
vn  -0.162558 0.992777 -0.001860
vn  -0.007282 0.998470 0.074584
vn  0.239411 0.972075 0.209284
vn  0.832493 0.747654 0.341655
vn  1.201099 0.384527 0.349323
vn  1.255765 0.272714 0.350221
vn  1.250369 0.259499 0.386124
vn  1.252162 0.271164 0.365018
vn  1.234226 0.292940 0.394055
vn  -1.239932 0.276072 0.398480
vn  -1.219739 0.290744 0.439526
vn  -1.193557 0.310046 0.484846
vn  -1.219101 0.322842 0.398217
vn  -1.147089 0.473001 0.330975
vn  -0.976156 0.677706 0.199898
vn  -0.810680 0.797375 0.107314
vn  -0.692824 0.859201 0.025563
vn  -0.548959 0.914055 -0.026472
vn  0.063797 0.997429 -0.073210
vn  0.623727 0.885304 -0.089495
vn  0.762528 0.822574 -0.110977
vn  0.972463 0.684507 -0.173618
vn  1.114121 0.524269 -0.300352
vn  1.222049 0.349156 -0.344834
vn  1.240478 0.307139 -0.352368
vn  1.246335 0.315454 -0.316374
vn  1.227753 0.323394 -0.369800
vn  -1.212232 0.349663 -0.377038
vn  -1.263810 0.293914 -0.283422
vn  -1.265118 0.283162 -0.297343
vn  -1.268929 0.279581 -0.287151
vn  -1.235977 0.343393 -0.303323
vn  -0.997205 0.640495 -0.297471
vn  -0.503678 0.912877 -0.228729
vn  -0.292565 0.970072 -0.150555
vn  -0.293896 0.974291 -0.082597
vn  -0.268141 0.980163 -0.015036
vn  -0.171144 0.991111 0.056653
vn  -0.031556 0.994007 0.144733
vn  0.587231 0.881502 0.254046
vn  1.142923 0.484638 0.314044
vn  1.246335 0.306941 0.331394
vn  1.252333 0.275637 0.358219
vn  1.235021 0.292256 0.392494
vn  -1.188862 0.297863 0.509765
vn  -1.198057 0.289467 0.496958
vn  -1.226036 0.263269 0.453577
vn  -1.182577 0.318142 0.501824
vn  -1.156245 0.406491 0.442562
vn  -0.993382 0.631481 0.342273
vn  -0.811274 0.788443 0.191206
vn  -0.709741 0.849362 0.088286
vn  -0.610542 0.892643 0.018026
vn  -0.476882 0.935683 -0.034370
vn  0.118332 0.994357 -0.081628
vn  0.651589 0.873887 -0.096724
vn  0.831047 0.784098 -0.128966
vn  1.075508 0.587666 -0.212893
vn  1.194026 0.405066 -0.330436
vn  1.236336 0.301939 -0.374482
vn  1.229692 0.302276 -0.395282
vn  1.205767 0.329392 -0.427862
vn  -1.252897 0.286848 -0.339602
vn  -1.246136 0.300454 -0.342858
vn  -1.121405 0.491023 -0.368655
vn  -0.734727 0.804365 -0.329143
vn  -0.441780 0.933319 -0.203817
vn  -0.428918 0.944612 -0.117462
vn  -0.401599 0.954747 -0.033785
vn  -0.299446 0.974665 0.046823
vn  -0.158863 0.989194 0.119303
vn  0.407383 0.943912 0.185030
vn  1.021009 0.627262 0.266928
vn  1.212598 0.373947 0.330160
vn  1.241483 0.287722 0.377991
vn  1.233821 0.281866 0.409839
vn  1.239577 0.278684 0.396240
vn  1.251794 0.262135 0.378157
vn  -1.211295 0.306542 0.443156
vn  -1.246303 0.268410 0.388078
vn  -1.162131 0.376951 0.474035
vn  -1.030019 0.561228 0.443706
vn  -0.790817 0.778862 0.311300
vn  -0.627060 0.875076 0.192101
vn  -0.600011 0.893977 0.093268
vn  -0.519843 0.923382 0.018697
vn  -0.400220 0.955031 -0.035379
vn  0.174462 0.989874 -0.080996
vn  0.685358 0.859238 -0.104059
vn  0.919869 0.727165 -0.138193
vn  1.171406 0.476208 -0.218119
vn  1.244118 0.326798 -0.303703
vn  1.255310 0.279774 -0.341520
vn  1.236403 0.287987 -0.393935
vn  1.255868 0.275082 -0.346431
vn  -1.255306 0.285111 -0.333331
vn  -1.249554 0.286368 -0.352419
vn  -1.256504 0.284643 -0.329532
vn  -1.252995 0.286694 -0.339479
vn  -1.196558 0.393663 -0.346209
vn  -0.977701 0.645837 -0.338214
vn  -0.663804 0.857796 -0.210838
vn  -0.555345 0.908347 -0.112906
vn  -0.528020 0.920644 -0.032453
vn  -0.421702 0.949738 0.045924
vn  -0.274718 0.975365 0.117822
vn  0.285482 0.968979 0.175079
vn  0.869383 0.750050 0.217613
vn  1.147269 0.487431 0.289282
vn  1.238099 0.323547 0.333253
vn  1.247052 0.291868 0.352996
vn  1.263332 0.270248 0.325657
vn  -1.263157 0.268719 0.328647
vn  -1.256837 0.265306 0.356763
vn  -1.260122 0.259073 0.353572
vn  -1.215735 0.326183 0.403473
vn  -1.134988 0.446115 0.427240
vn  -0.882934 0.701650 0.390670
vn  -0.572073 0.880749 0.290773
vn  -0.483984 0.923843 0.186504
vn  -0.474036 0.934031 0.097764
vn  -0.418525 0.950989 0.020224
vn  -0.319280 0.971484 -0.035877
vn  0.230519 0.983641 -0.080273
vn  0.762803 0.821701 -0.120540
vn  0.995315 0.661667 -0.204040
vn  1.217741 0.397636 -0.250888
vn  1.262097 0.285904 -0.305261
vn  1.264144 0.263054 -0.333233
vn  1.262346 0.260389 -0.343725
vn  -1.261346 0.273215 -0.328795
vn  -1.227839 0.339247 -0.342420
vn  -1.117597 0.511471 -0.326796
vn  -0.853026 0.761218 -0.211045
vn  -0.666437 0.867048 -0.107929
vn  -0.640317 0.881008 -0.031190
vn  -0.532867 0.918845 0.044564
vn  -0.384247 0.955173 0.115258
vn  0.210807 0.979117 0.177335
vn  0.748045 0.820908 0.198040
vn  1.045816 0.606068 0.260721
vn  1.216726 0.373772 0.314989
vn  1.250106 0.302070 0.325352
vn  1.276212 0.270820 0.269765
vn  1.272194 0.266081 0.296119
vn  1.273941 0.263047 0.293572
vn  -1.235098 0.277432 0.411544
vn  -1.245347 0.258508 0.403199
vn  -1.182747 0.372525 0.427151
vn  -1.018530 0.575125 0.437508
vn  -0.664871 0.834749 0.338617
vn  -0.350512 0.947364 0.255638
vn  -0.340879 0.959946 0.167177
vn  -0.334722 0.966728 0.090078
vn  -0.302599 0.974731 0.007528
vn  -0.226894 0.984437 -0.072305
vn  0.295659 0.970189 -0.142937
vn  0.880300 0.746689 -0.193629
vn  1.090986 0.547384 -0.309425
vn  1.242300 0.330756 -0.303279
vn  1.273145 0.255010 -0.309611
vn  1.264510 0.249148 -0.350993
vn  1.271400 0.250355 -0.323448
vn  -1.254779 0.280266 -0.342731
vn  -1.257341 0.265317 -0.354969
vn  -1.238799 0.299590 -0.369776
vn  -1.260657 0.261751 -0.347999
vn  -1.190903 0.395936 -0.360645
vn  -1.028004 0.622640 -0.259855
vn  -0.803096 0.800085 -0.125725
vn  -0.738572 0.838000 -0.035209
vn  -0.630597 0.884675 0.037896
vn  -0.484668 0.931009 0.098555
vn  0.138308 0.988167 0.155145
vn  0.661828 0.864486 0.160987
vn  0.913945 0.722471 0.206043
vn  1.166690 0.455563 0.306472
vn  1.228460 0.335918 0.346199
vn  1.261123 0.267743 0.337791
vn  1.262014 0.262778 0.341602
vn  -1.225733 0.273924 0.442679
vn  -1.224282 0.291278 0.426040
vn  -1.194825 0.317343 0.472908
vn  -1.220799 0.313086 0.407216
vn  -1.130087 0.467564 0.397053
vn  -0.844333 0.735280 0.361341
vn  -0.457063 0.922990 0.251020
vn  -0.238980 0.975749 0.175685
vn  -0.240734 0.979879 0.123270
vn  -0.223081 0.985085 0.067819
vn  -0.155474 0.993387 -0.005658
vn  -0.063310 0.995825 -0.106263
vn  0.456278 0.929364 -0.205057
vn  1.009372 0.636949 -0.269054
vn  1.175532 0.426719 -0.346326
vn  1.257038 0.294624 -0.310859
vn  1.282864 0.245845 -0.281856
vn  1.283969 0.241617 -0.283537
vn  -1.253986 0.283734 -0.340382
vn  -1.231158 0.330937 -0.345421
vn  -1.162904 0.470353 -0.278565
vn  -0.965147 0.692945 -0.151583
vn  -0.835446 0.786637 -0.044491
vn  -0.712376 0.850334 0.031833
vn  -0.556186 0.909757 0.084301
vn  0.090788 0.993021 0.131519
vn  0.646410 0.873623 0.130094
vn  0.821449 0.788217 0.143532
vn  1.080216 0.577012 0.240743
vn  1.202046 0.403008 0.305001
vn  1.258019 0.285717 0.321959
vn  1.243486 0.279924 0.382137
vn  1.237569 0.298232 0.375861
vn  1.207922 0.331202 0.419128
vn  -1.208047 0.313464 0.443129
vn  -1.211377 0.303683 0.446531
vn  -1.234460 0.279466 0.410931
vn  -1.211383 0.309389 0.439264
vn  -1.196082 0.367280 0.397316
vn  -1.031235 0.595118 0.349872
vn  -0.668942 0.850883 0.243500
vn  -0.289861 0.969763 0.159188
vn  -0.158039 0.990451 0.099618
vn  -0.157927 0.992441 0.052073
vn  -0.124220 0.995789 0.001268
vn  0.001876 0.998705 -0.068910
vn  0.135046 0.986345 -0.177664
vn  0.647799 0.854746 -0.273928
vn  1.098978 0.521320 -0.359704
vn  1.194318 0.360548 -0.413611
vn  1.248886 0.282656 -0.360202
vn  1.287832 0.246584 -0.256915
vn  1.276432 0.246886 -0.308161
vn  -1.269618 0.258905 -0.318041
vn  -1.250412 0.295136 -0.335697
vn  -1.243948 0.298414 -0.353898
vn  -1.232844 0.304066 -0.382745
vn  -1.223634 0.369920 -0.296004
vn  -1.087471 0.579671 -0.191273
vn  -0.926279 0.727638 -0.077467
vn  -0.780051 0.817610 -0.015321
vn  -0.612368 0.891944 0.019568
vn  0.049356 0.998512 0.054988
vn  0.635950 0.881404 0.072571
vn  0.756941 0.826559 0.093462
vn  0.964485 0.689173 0.183921
vn  1.143392 0.490826 0.294052
vn  1.235321 0.322233 0.345669
vn  1.225453 0.303591 0.406439
vn  1.197939 0.331181 0.446891
vn  -1.222637 0.294784 0.426337
vn  -1.251284 0.268511 0.371571
vn  -1.193323 0.337472 0.450584
vn  -1.109754 0.484174 0.417333
vn  -0.809126 0.770529 0.302193
vn  -0.430182 0.941034 0.158435
vn  -0.173735 0.990920 0.054845
vn  -0.073027 0.998547 0.000862
vn  -0.073027 0.997904 -0.048556
vn  -0.023981 0.997100 -0.100293
vn  0.156395 0.985536 -0.168144
vn  0.372907 0.936752 -0.293020
vn  0.829875 0.736584 -0.388907
vn  1.180752 0.390604 -0.402296
vn  1.204270 0.308792 -0.459142
vn  1.232683 0.275396 -0.421183
vn  1.257342 0.250482 -0.374232
vn  -1.238847 0.281299 -0.395128
vn  -1.249849 0.296604 -0.335417
vn  -1.182639 0.448242 -0.261923
vn  -1.023195 0.646649 -0.146400
vn  -0.818267 0.794730 -0.082990
vn  -0.638961 0.880092 -0.075299
vn  0.005972 0.998890 -0.063562
vn  0.595891 0.897981 -0.021203
vn  0.689781 0.860548 0.024624
vn  0.811798 0.796224 0.114327
vn  0.996548 0.648981 0.264020
vn  1.176160 0.404434 0.390479
vn  1.201834 0.316168 0.456300
vn  1.201298 0.310522 0.464753
vn  1.214225 0.295544 0.448819
vn  1.245664 0.263698 0.395982
vn  -1.260337 0.267009 0.341767
vn  -1.264478 0.260266 0.335973
vn  -1.268227 0.257112 0.326159
vn  -1.219350 0.310358 0.415312
vn  -1.167115 0.402091 0.420878
vn  -0.944801 0.660137 0.378614
vn  -0.543145 0.899797 0.233527
vn  -0.228734 0.982975 0.098327
vn  -0.059487 0.998979 0.014458
vn  0.015023 0.999450 -0.042345
vn  0.014932 0.997562 -0.093387
vn  0.077589 0.992522 -0.146075
vn  0.316914 0.957997 -0.224885
vn  0.667818 0.832474 -0.343068
vn  1.029311 0.567042 -0.431611
vn  1.219541 0.314299 -0.409266
vn  1.215488 0.287855 -0.454538
vn  1.215820 0.287394 -0.454185
vn  1.198727 0.302183 -0.481194
vn  -1.218338 0.302027 -0.429325
vn  -1.248302 0.266022 -0.384661
vn  -1.266314 0.259729 -0.329762
vn  -1.263015 0.252687 -0.351730
vn  -1.234490 0.351798 -0.291461
vn  -1.118958 0.541012 -0.216012
vn  -0.863168 0.764480 -0.134150
vn  -0.647058 0.873570 -0.127503
vn  -0.040355 0.995328 -0.124446
vn  0.527512 0.919752 -0.067847
vn  0.593986 0.898778 -0.009285
vn  0.670620 0.866995 0.078903
vn  0.780490 0.803411 0.204477
vn  1.049432 0.570977 0.369104
vn  1.173543 0.373747 0.449968
vn  1.221941 0.294648 0.428498
vn  1.254960 0.258316 0.372447
vn  -1.276741 0.257788 0.289952
vn  -1.277540 0.255581 0.290023
vn  -1.214536 0.353573 0.362654
vn  -1.108783 0.508931 0.362183
vn  -0.755060 0.802488 0.289104
vn  -0.260682 0.970530 0.196655
vn  -0.065916 0.996782 0.086329
vn  0.055646 0.999121 0.011341
vn  0.108026 0.996204 -0.047365
vn  0.107107 0.994038 -0.101764
vn  0.180443 0.984374 -0.156122
vn  0.530508 0.904309 -0.230554
vn  0.912860 0.692828 -0.348526
vn  1.163561 0.429584 -0.378731
vn  1.253104 0.275085 -0.356297
vn  1.229242 0.295525 -0.405914
vn  1.232813 0.305170 -0.381227
vn  -1.284653 0.244918 -0.275113
vn  -1.263822 0.298362 -0.274701
vn  -1.196164 0.431856 -0.250819
vn  -0.938844 0.707801 -0.186677
vn  -0.667215 0.861549 -0.167521
vn  -0.105891 0.990323 -0.155410
vn  0.432508 0.945617 -0.084962
vn  0.488181 0.932764 -0.017069
vn  0.546785 0.914054 0.055528
vn  0.561952 0.904484 0.134989
vn  0.822516 0.769733 0.267812
vn  1.117969 0.492661 0.375024
vn  1.226793 0.326675 0.367684
vn  1.259224 0.257440 0.358920
vn  1.267760 0.257182 0.327868
vn  1.269601 0.255171 0.323601
vn  -1.267047 0.269845 0.311530
vn  -1.202966 0.397910 0.313545
vn  -1.029994 0.611224 0.298820
vn  -0.618618 0.874799 0.219790
vn  -0.100973 0.990578 0.155693
vn  0.070130 0.997038 0.077100
vn  0.164931 0.992544 0.008752
vn  0.205163 0.987808 -0.049084
vn  0.204105 0.985573 -0.104586
vn  0.295437 0.967573 -0.172828
vn  0.728378 0.821731 -0.256462
vn  1.056825 0.553099 -0.396947
vn  1.198720 0.361608 -0.398917
vn  1.266148 0.259497 -0.330734
vn  1.267047 0.255966 -0.332342
vn  -1.281063 0.248529 -0.285700
vn  -1.292839 0.244045 -0.235312
vn  -1.274366 0.277182 -0.266609
vn  -1.291333 0.244832 -0.241983
vn  -1.233896 0.363868 -0.265619
vn  -1.021305 0.634968 -0.229749
vn  -0.716480 0.836750 -0.192945
vn  -0.199192 0.980621 -0.175496
vn  0.303309 0.971852 -0.099579
vn  0.377116 0.960372 -0.020674
vn  0.446249 0.943586 0.046766
vn  0.448188 0.940183 0.110565
vn  0.606347 0.881164 0.206922
vn  0.991533 0.633603 0.340427
vn  1.204230 0.377203 0.353185
vn  1.259537 0.264198 0.348658
vn  1.260487 0.254294 0.358605
vn  -1.249750 0.267139 0.378488
vn  -1.239342 0.281366 0.393483
vn  -1.218381 0.304007 0.426627
vn  -1.272344 0.255254 0.312519
vn  -1.242560 0.300110 0.356133
vn  -1.121266 0.499687 0.347072
vn  -0.888475 0.724863 0.286370
vn  -0.449109 0.928315 0.228291
vn  0.034111 0.993114 0.155035
vn  0.201537 0.987270 0.076384
vn  0.270185 0.979900 0.008548
vn  0.299374 0.974636 -0.048371
vn  0.297744 0.972575 -0.103347
vn  0.481459 0.923952 -0.191963
vn  0.914699 0.702006 -0.307575
vn  1.162567 0.414381 -0.411473
vn  1.217245 0.312682 -0.418275
vn  1.262262 0.256550 -0.349292
vn  1.263252 0.256363 -0.345949
vn  -1.272505 0.271532 -0.285503
vn  -1.250155 0.314893 -0.302002
vn  -1.131321 0.512084 -0.273458
vn  -0.827436 0.777541 -0.203524
vn  -0.295258 0.967656 -0.172282
vn  0.162053 0.989975 -0.101821
vn  0.253448 0.982226 -0.021379
vn  0.341709 0.967034 0.047993
vn  0.344392 0.963550 0.113191
vn  0.367027 0.953144 0.182561
vn  0.726365 0.811211 0.316617
vn  1.120480 0.482569 0.391273
vn  1.228845 0.296398 0.405945
vn  1.230160 0.266288 0.438938
vn  1.217214 0.279244 0.459753
vn  1.189395 0.301924 0.504104
vn  -1.231303 0.291262 0.405322
vn  -1.250493 0.281133 0.356799
vn  -1.270276 0.255599 0.320317
vn  -1.238055 0.300338 0.371152
vn  -1.220424 0.362835 0.324032
vn  -1.015172 0.624462 0.299281
vn  -0.760059 0.807915 0.244871
vn  -0.345524 0.954470 0.209778
vn  0.166923 0.985982 0.152499
vn  0.327636 0.968788 0.074074
vn  0.370531 0.961878 0.005887
vn  0.389594 0.957004 -0.052131
vn  0.394753 0.952783 -0.116078
vn  0.712589 0.838714 -0.191697
vn  1.102244 0.536493 -0.304513
vn  1.218518 0.338419 -0.375614
vn  1.237805 0.295649 -0.378820
vn  1.260035 0.260363 -0.352139
vn  1.264004 0.261237 -0.336374
vn  -1.287730 0.249993 -0.251315
vn  -1.273954 0.278690 -0.265692
vn  -1.287524 0.257023 -0.239053
vn  -1.262024 0.294278 -0.290596
vn  -1.213102 0.396081 -0.276564
vn  -0.958034 0.688580 -0.218474
vn  -0.394838 0.948169 -0.171791
vn  0.015596 0.997018 -0.103398
vn  0.123969 0.995678 -0.021623
vn  0.230424 0.984805 0.047784
vn  0.233756 0.981464 0.113121
vn  0.232973 0.976315 0.177963
vn  0.472258 0.917725 0.258232
vn  0.960523 0.655126 0.354252
vn  1.194640 0.373053 0.391741
vn  1.218916 0.297121 0.433944
vn  1.197910 0.291066 0.495596
vn  1.219158 0.286917 0.445713
vn  1.243271 0.263024 0.404239
vn  -1.250707 0.281774 0.355117
vn  -1.268762 0.253336 0.329489
vn  -1.230749 0.330306 0.347979
vn  -1.186265 0.440768 0.268724
vn  -0.957151 0.694021 0.188701
vn  -0.690968 0.849699 0.181764
vn  -0.269203 0.971356 0.176672
vn  0.285813 0.972662 0.131659
vn  0.445766 0.943200 0.062909
vn  0.475408 0.936375 -0.014394
vn  0.485169 0.931105 -0.094331
vn  0.543799 0.904087 -0.199039
vn  0.858916 0.738221 -0.312684
vn  1.176408 0.417497 -0.363559
vn  1.232790 0.303576 -0.383630
vn  1.237570 0.293296 -0.382924
vn  1.260027 0.267250 -0.342563
vn  -1.266336 0.299564 -0.260347
vn  -1.259622 0.291415 -0.305915
vn  -1.251985 0.307224 -0.308847
vn  -1.243224 0.331872 -0.297190
vn  -1.072662 0.579424 -0.262870
vn  -0.537392 0.905792 -0.202179
vn  -0.139559 0.991111 -0.114110
vn  -0.008457 0.999806 -0.025312
vn  0.118567 0.995764 0.038295
vn  0.123626 0.993267 0.096743
vn  0.122446 0.989385 0.154215
vn  0.291848 0.963658 0.214144
vn  0.741928 0.802489 0.321304
vn  1.115013 0.482247 0.407291
vn  1.199699 0.329935 0.443852
vn  1.228795 0.283486 0.422686
vn  1.251901 0.258811 0.381988
vn  -1.239978 0.265748 0.411026
vn  -1.249665 0.256103 0.392513
vn  -1.222716 0.307630 0.409096
vn  -1.181447 0.404112 0.374816
vn  -1.096750 0.558309 0.246888
vn  -0.877394 0.753731 0.152308
vn  -0.680225 0.859419 0.131389
vn  -0.233491 0.979673 0.139180
vn  0.360237 0.960917 0.104645
vn  0.543849 0.915159 0.050738
vn  0.603280 0.895260 -0.023455
vn  0.636620 0.877349 -0.132315
vn  0.781413 0.793618 -0.262845
vn  1.053750 0.565280 -0.372885
vn  1.223348 0.326218 -0.379712
vn  1.235608 0.291084 -0.392246
vn  1.214724 0.305705 -0.434751
vn  1.208244 0.320642 -0.433046
vn  -1.246607 0.294609 -0.350377
vn  -1.256884 0.288439 -0.321935
vn  -1.172582 0.445796 -0.310331
vn  -0.753254 0.808784 -0.260152
vn  -0.332635 0.964638 -0.130076
vn  -0.147956 0.993783 -0.029491
vn  0.023800 0.999542 0.033368
vn  0.031125 0.997760 0.085132
vn  0.031222 0.994662 0.136295
vn  0.167826 0.982127 0.192049
vn  0.456162 0.917841 0.285020
vn  0.903880 0.678595 0.416687
vn  1.149128 0.403967 0.464783
vn  1.215330 0.297106 0.443906
vn  1.248244 0.254219 0.399227
vn  1.251223 0.250270 0.394455
vn  1.256007 0.245661 0.384443
vn  -1.249733 0.281563 0.358834
vn  -1.262054 0.259982 0.345360
vn  -1.207649 0.384658 0.325675
vn  -1.110199 0.547932 0.228800
vn  -1.002238 0.672601 0.031859
vn  -0.803207 0.803584 -0.072968
vn  -0.668126 0.865984 -0.113047
vn  -0.197255 0.984419 -0.133659
vn  0.410743 0.947398 -0.139221
vn  0.614583 0.884731 -0.145591
vn  0.699581 0.846440 -0.176666
vn  0.805338 0.785324 -0.234883
vn  0.962040 0.656984 -0.343659
vn  1.157441 0.441865 -0.371472
vn  1.251688 0.289746 -0.339542
vn  1.257980 0.274313 -0.339827
vn  1.272642 0.260524 -0.303181
vn  -1.234099 0.311473 -0.367458
vn  -1.256145 0.282131 -0.334824
vn  -1.265711 0.275134 -0.308450
vn  -1.265854 0.271630 -0.313524
vn  -1.215032 0.369627 -0.330143
vn  -0.955708 0.655062 -0.367254
vn  -0.571974 0.881023 -0.289443
vn  -0.269430 0.967232 -0.213937
vn  -0.061519 0.989885 -0.182132
vn  -0.052035 0.992772 -0.154074
vn  -0.052181 0.994907 -0.126229
vn  0.050233 0.997054 -0.090996
vn  0.223795 0.986077 -0.026274
vn  0.633089 0.881168 0.098288
vn  1.087390 0.565165 0.259334
vn  1.227010 0.357327 0.310099
vn  1.274203 0.258299 0.300105
vn  1.278474 0.248922 0.296469
vn  -1.241275 0.324857 0.318784
vn  -1.171111 0.481605 0.196911
vn  -1.000063 0.674739 0.009060
vn  -0.856321 0.764384 -0.173320
vn  -0.715122 0.819690 -0.301764
vn  -0.599092 0.855452 -0.365448
vn  -0.184691 0.938188 -0.431123
vn  0.379820 0.909793 -0.414807
vn  0.593561 0.855813 -0.372844
vn  0.717128 0.804494 -0.365383
vn  0.893185 0.696009 -0.385866
vn  1.046723 0.537099 -0.459179
vn  1.174203 0.381601 -0.435923
vn  1.254765 0.279808 -0.343466
vn  1.265750 0.269885 -0.316695
vn  -1.262300 0.272166 -0.326725
vn  -1.224623 0.327837 -0.372980
vn  -1.075902 0.517192 -0.432951
vn  -0.743272 0.776188 -0.421285
vn  -0.322390 0.926740 -0.394012
vn  -0.076950 0.955635 -0.391648
vn  -0.065042 0.956908 -0.388081
vn  -0.065236 0.957598 -0.384911
vn  -0.003055 0.960875 -0.375312
vn  0.108354 0.965780 -0.334330
vn  0.417226 0.934989 -0.238544
vn  0.945996 0.715973 -0.002293
vn  1.212378 0.427923 0.173403
vn  1.280399 0.276906 0.236536
vn  1.288518 0.261350 0.224647
vn  1.273575 0.277484 0.269794
vn  1.257600 0.301793 0.295580
vn  -1.261990 0.276111 0.321805
vn  -1.265075 0.303960 0.257098
vn  -1.255455 0.310119 0.288797
vn  -1.203841 0.428037 0.224754
vn  -1.006766 0.669312 0.004820
vn  -0.785784 0.798722 -0.217516
vn  -0.677412 0.824578 -0.358907
vn  -0.601081 0.832452 -0.449942
vn  -0.522085 0.843343 -0.507603
vn  -0.157743 0.902321 -0.562412
vn  0.335314 0.878795 -0.552896
vn  0.552507 0.833762 -0.504455
vn  0.764287 0.750620 -0.466347
vn  0.980438 0.591580 -0.481982
vn  1.112885 0.428207 -0.510851
vn  1.179094 0.338589 -0.485177
vn  1.236438 0.284618 -0.398297
vn  1.243467 0.281652 -0.379860
vn  -1.264006 0.270506 -0.322632
vn  -1.252658 0.271494 -0.362862
vn  -1.251487 0.270405 -0.368353
vn  -1.218125 0.305973 -0.424772
vn  -1.139279 0.407301 -0.483320
vn  -0.900045 0.646671 -0.508162
vn  -0.391459 0.876905 -0.520560
vn  -0.078511 0.918640 -0.529587
vn  -0.065016 0.918427 -0.532087
vn  -0.064967 0.917720 -0.534328
vn  -0.038730 0.919059 -0.532646
vn  0.012535 0.926090 -0.511110
vn  0.201372 0.928901 -0.459638
vn  0.664647 0.842833 -0.300094
vn  1.104835 0.578843 -0.016693
vn  1.267791 0.329635 0.171323
vn  1.279562 0.287286 0.217573
vn  1.263816 0.309597 0.250864
vn  -1.271076 0.343527 -0.061980
vn  -1.093816 0.558708 -0.257995
vn  -0.773579 0.726043 -0.519449
vn  -0.539090 0.766741 -0.682701
vn  -0.504593 0.748647 -0.743256
vn  -0.453177 0.742762 -0.785996
vn  -0.396123 0.736891 -0.825953
vn  -0.118580 0.769490 -0.857252
vn  0.261835 0.750827 -0.855853
vn  0.448886 0.726441 -0.815899
vn  0.755043 0.637065 -0.721708
vn  1.025452 0.459098 -0.630556
vn  1.109914 0.358654 -0.606681
vn  1.150637 0.322368 -0.566903
vn  1.221367 0.295217 -0.429415
vn  1.196722 0.291335 -0.498168
vn  -1.178852 0.303615 -0.526507
vn  -1.218196 0.280771 -0.455425
vn  -1.129144 0.344126 -0.586304
vn  -0.967668 0.489396 -0.678236
vn  -0.446976 0.735794 -0.801430
vn  -0.055131 0.783428 -0.840334
vn  -0.042558 0.778238 -0.849865
vn  -0.043132 0.773489 -0.857761
vn  -0.041066 0.771988 -0.860340
vn  -0.030026 0.777527 -0.851594
vn  0.105904 0.790822 -0.822564
vn  0.398958 0.772828 -0.761788
vn  0.848189 0.665722 -0.550433
vn  1.207190 0.426065 -0.213386
vn  1.290139 0.302325 -0.062264
vn  1.276659 0.333234 -0.049079
vn  -1.276356 0.334885 -0.034003
vn  -1.188410 0.352278 -0.442693
vn  -1.212143 0.351277 -0.374562
vn  -0.903991 0.510375 -0.735305
vn  -0.490914 0.614843 -0.949230
vn  -0.351772 0.611401 -1.012936
vn  -0.321894 0.598464 -1.036778
vn  -0.280954 0.585003 -1.062468
vn  -0.237779 0.570388 -1.087309
vn  -0.070290 0.575322 -1.106101
vn  0.163902 0.568131 -1.103012
vn  0.342482 0.566070 -1.063248
vn  0.690922 0.507125 -0.941580
vn  1.012984 0.383320 -0.735004
vn  1.085438 0.337619 -0.669842
vn  1.107785 0.332136 -0.637511
vn  1.075081 0.348560 -0.676225
vn  -1.128309 0.314883 -0.617270
vn  -1.091756 0.326784 -0.669441
vn  -1.093873 0.333538 -0.659799
vn  -0.972386 0.385139 -0.786298
vn  -0.483786 0.551335 -1.021750
vn  -0.041165 0.595759 -1.087548
vn  0.003558 0.587860 -1.096179
vn  -0.002357 0.577792 -1.105968
vn  -0.035925 0.572944 -1.110011
vn  -0.064770 0.580471 -1.101489
vn  0.017841 0.598659 -1.085254
vn  0.225390 0.607399 -1.052588
vn  0.573026 0.579248 -0.944309
vn  1.042706 0.433668 -0.635297
vn  1.229832 0.317787 -0.371811
vn  1.218637 0.345827 -0.362612
vn  -1.105075 0.375172 -0.597097
vn  -0.757761 0.452839 -0.940973
vn  -1.031932 0.374253 -0.717005
vn  -0.356713 0.512462 -1.107569
vn  -0.251709 0.516077 -1.133036
vn  -0.176017 0.507019 -1.154626
vn  -0.138718 0.489692 -1.173291
vn  -0.108461 0.473309 -1.188722
vn  -0.027847 0.462933 -1.200785
vn  0.083187 0.461153 -1.199483
vn  0.205809 0.467887 -1.179761
vn  0.539581 0.450267 -1.082936
vn  0.922894 0.377517 -0.850142
vn  1.085200 0.347252 -0.661129
vn  1.063238 0.328887 -0.712092
vn  -1.081487 0.337794 -0.676042
vn  -0.938653 0.369473 -0.839308
vn  -1.050489 0.332218 -0.727997
vn  -0.431242 0.485018 -1.103743
vn  0.021548 0.498451 -1.174520
vn  0.064839 0.487995 -1.180973
vn  0.052534 0.475237 -1.191094
vn  -0.034964 0.466800 -1.197846
vn  -0.117905 0.472206 -1.188627
vn  -0.070118 0.485688 -1.182416
vn  0.090491 0.500984 -1.169241
vn  0.373385 0.500779 -1.111878
vn  0.862522 0.416183 -0.879874
vn  1.175465 0.336279 -0.496794
vn  1.134449 0.313850 -0.606895
vn  -0.634296 0.430041 -1.046068
vn  -0.334238 0.476340 -1.143600
vn  -0.207506 0.489437 -1.163294
vn  -0.095234 0.485671 -1.180671
vn  -0.056217 0.468430 -1.195867
vn  -0.031530 0.451766 -1.208479
vn  -0.002386 0.438914 -1.217550
vn  0.036448 0.441211 -1.215481
vn  0.132722 0.453559 -1.200341
vn  0.432391 0.443018 -1.135264
vn  0.845322 0.375338 -0.928933
vn  -0.874770 0.368149 -0.906685
vn  -0.334782 0.466261 -1.151044
vn  0.069011 0.467587 -1.195803
vn  0.106366 0.449270 -1.205915
vn  0.089066 0.438881 -1.214312
vn  -0.038105 0.435439 -1.219245
vn  -0.159897 0.438644 -1.207187
vn  -0.128732 0.459938 -1.196312
vn  0.012094 0.484085 -1.185636
vn  0.291517 0.484040 -1.149338
vn  0.746177 0.417680 -0.979311
# 2636 vertex normals

g Object11
s 1
f 112/129/112 113/130/113 114/131/114
f 114/131/114 111/128/111 112/129/112
f 114/131/114 113/130/113 115/132/115
f 115/132/115 116/133/116 114/131/114
f 116/133/116 115/132/115 117/134/117
f 117/134/117 118/135/118 116/133/116
f 117/134/117 119/136/119 120/137/120
f 120/137/120 118/135/118 117/134/117
f 119/136/119 121/138/121 122/139/122
f 122/139/122 120/137/120 119/136/119
f 121/138/121 123/140/123 124/141/124
f 124/141/124 122/139/122 121/138/121
f 123/140/123 125/142/125 126/143/126
f 126/143/126 124/141/124 123/140/123
f 125/142/125 127/144/127 128/145/128
f 128/145/128 126/143/126 125/142/125
f 127/144/127 129/146/129 130/147/130
f 130/147/130 128/145/128 127/144/127
f 130/147/130 129/146/129 131/148/131
f 112/129/112 111/128/111 132/149/132
f 132/149/132 133/150/133 112/129/112
f 111/128/111 114/131/114 134/151/134
f 134/151/134 132/149/132 111/128/111
f 114/131/114 116/133/116 135/152/135
f 135/152/135 134/151/134 114/131/114
f 116/133/116 118/135/118 136/153/136
f 136/153/136 135/152/135 116/133/116
f 118/135/118 120/137/120 137/154/137
f 137/154/137 136/153/136 118/135/118
f 120/137/120 122/139/122 138/155/138
f 138/155/138 137/154/137 120/137/120
f 122/139/122 124/141/124 139/156/139
f 139/156/139 138/155/138 122/139/122
f 124/141/124 126/143/126 140/157/140
f 140/157/140 139/156/139 124/141/124
f 126/143/126 128/145/128 141/158/141
f 141/158/141 140/157/140 126/143/126
f 128/145/128 130/147/130 142/159/142
f 142/159/142 141/158/141 128/145/128
f 131/148/131 143/160/143 144/161/144
f 130/147/130 131/148/131 144/161/144
f 142/159/142 130/147/130 144/161/144
f 144/161/144 143/160/143 145/162/145
f 146/163/146 147/164/147 148/165/148
f 147/164/147 146/163/146 133/150/133
f 147/164/147 133/150/133 132/149/132
f 147/164/147 132/149/132 149/166/149
f 132/149/132 134/151/134 150/167/150
f 150/167/150 149/166/149 132/149/132
f 134/151/134 135/152/135 151/168/151
f 151/168/151 150/167/150 134/151/134
f 135/152/135 136/153/136 152/169/152
f 152/169/152 151/168/151 135/152/135
f 136/153/136 137/154/137 153/170/153
f 153/170/153 152/169/152 136/153/136
f 137/154/137 138/155/138 154/171/154
f 154/171/154 153/170/153 137/154/137
f 138/155/138 139/156/139 155/172/155
f 155/172/155 154/171/154 138/155/138
f 139/156/139 140/157/140 156/173/156
f 156/173/156 155/172/155 139/156/139
f 140/157/140 141/158/141 157/174/157
f 157/174/157 156/173/156 140/157/140
f 141/158/141 142/159/142 158/175/158
f 158/175/158 157/174/157 141/158/141
f 142/159/142 144/161/144 159/176/159
f 159/176/159 158/175/158 142/159/142
f 145/162/145 160/177/160 161/178/161
f 144/161/144 145/162/145 161/178/161
f 159/176/159 144/161/144 161/178/161
f 161/178/161 160/177/160 162/179/162
f 148/165/148 147/164/147 163/180/163
f 163/180/163 164/181/164 148/165/148
f 147/164/147 149/166/149 165/182/165
f 165/182/165 163/180/163 147/164/147
f 149/166/149 150/167/150 166/183/166
f 166/183/166 165/182/165 149/166/149
f 150/167/150 151/168/151 167/184/167
f 167/184/167 166/183/166 150/167/150
f 151/168/151 152/169/152 168/185/168
f 168/185/168 167/184/167 151/168/151
f 152/169/152 153/170/153 169/186/169
f 169/186/169 168/185/168 152/169/152
f 153/170/153 154/171/154 170/187/170
f 170/187/170 169/186/169 153/170/153
f 154/171/154 155/172/155 171/188/171
f 171/188/171 170/187/170 154/171/154
f 155/172/155 156/173/156 172/189/172
f 172/189/172 171/188/171 155/172/155
f 156/173/156 157/174/157 173/190/173
f 173/190/173 172/189/172 156/173/156
f 157/174/157 158/175/158 174/191/174
f 174/191/174 173/190/173 157/174/157
f 158/175/158 159/176/159 175/192/175
f 175/192/175 174/191/174 158/175/158
f 159/176/159 161/178/161 176/193/176
f 176/193/176 175/192/175 159/176/159
f 162/179/162 177/194/177 176/193/176
f 176/193/176 161/178/161 162/179/162
f 164/181/164 163/180/163 178/195/178
f 178/195/178 179/196/179 164/181/164
f 163/180/163 165/182/165 180/197/180
f 180/197/180 178/195/178 163/180/163
f 165/182/165 166/183/166 181/198/181
f 181/198/181 180/197/180 165/182/165
f 166/183/166 167/184/167 182/199/182
f 182/199/182 181/198/181 166/183/166
f 167/184/167 168/185/168 183/200/183
f 183/200/183 182/199/182 167/184/167
f 168/185/168 169/186/169 184/201/184
f 184/201/184 183/200/183 168/185/168
f 169/186/169 170/187/170 185/202/185
f 185/202/185 184/201/184 169/186/169
f 170/187/170 171/188/171 186/203/186
f 186/203/186 185/202/185 170/187/170
f 171/188/171 172/189/172 187/204/187
f 187/204/187 186/203/186 171/188/171
f 172/189/172 173/190/173 188/205/188
f 188/205/188 187/204/187 172/189/172
f 173/190/173 174/191/174 189/206/189
f 189/206/189 188/205/188 173/190/173
f 174/191/174 175/192/175 190/207/190
f 190/207/190 189/206/189 174/191/174
f 175/192/175 176/193/176 191/208/191
f 191/208/191 190/207/190 175/192/175
f 176/193/176 177/194/177 192/209/192
f 192/209/192 191/208/191 176/193/176
f 178/195/178 180/197/180 194/211/194
f 194/211/194 193/210/193 178/195/178
f 180/197/180 181/198/181 195/212/195
f 195/212/195 194/211/194 180/197/180
f 181/198/181 182/199/182 196/213/196
f 196/213/196 195/212/195 181/198/181
f 182/199/182 183/200/183 197/214/197
f 197/214/197 196/213/196 182/199/182
f 183/200/183 184/201/184 198/215/198
f 198/215/198 197/214/197 183/200/183
f 184/201/184 185/202/185 199/216/199
f 199/216/199 198/215/198 184/201/184
f 185/202/185 186/203/186 200/217/200
f 200/217/200 199/216/199 185/202/185
f 186/203/186 187/204/187 201/218/201
f 201/218/201 200/217/200 186/203/186
f 187/204/187 188/205/188 202/219/202
f 202/219/202 201/218/201 187/204/187
f 188/205/188 189/206/189 203/220/203
f 203/220/203 202/219/202 188/205/188
f 189/206/189 190/207/190 204/221/204
f 204/221/204 203/220/203 189/206/189
f 190/207/190 191/208/191 205/222/205
f 205/222/205 204/221/204 190/207/190
f 191/208/191 192/209/192 206/223/206
f 206/223/206 205/222/205 191/208/191
f 193/210/193 208/225/208 209/226/209
f 209/226/209 207/224/207 193/210/193
f 193/210/193 194/211/194 210/227/210
f 210/227/210 208/225/208 193/210/193
f 194/211/194 195/212/195 211/228/211
f 211/228/211 210/227/210 194/211/194
f 195/212/195 196/213/196 212/229/212
f 212/229/212 211/228/211 195/212/195
f 196/213/196 197/214/197 213/230/213
f 213/230/213 212/229/212 196/213/196
f 197/214/197 198/215/198 214/231/214
f 214/231/214 213/230/213 197/214/197
f 198/215/198 199/216/199 215/232/215
f 215/232/215 214/231/214 198/215/198
f 199/216/199 200/217/200 216/233/216
f 216/233/216 215/232/215 199/216/199
f 200/217/200 201/218/201 217/234/217
f 217/234/217 216/233/216 200/217/200
f 201/218/201 202/219/202 218/235/218
f 218/235/218 217/234/217 201/218/201
f 202/219/202 203/220/203 219/236/219
f 219/236/219 218/235/218 202/219/202
f 203/220/203 204/221/204 220/237/220
f 220/237/220 219/236/219 203/220/203
f 204/221/204 205/222/205 221/238/221
f 221/238/221 220/237/220 204/221/204
f 205/222/205 206/223/206 222/239/222
f 222/239/222 221/238/221 205/222/205
f 208/225/208 210/227/210 224/241/224
f 224/241/224 223/240/223 208/225/208
f 210/227/210 211/228/211 225/242/225
f 225/242/225 224/241/224 210/227/210
f 211/228/211 212/229/212 226/243/226
f 226/243/226 225/242/225 211/228/211
f 212/229/212 213/230/213 227/244/227
f 227/244/227 226/243/226 212/229/212
f 213/230/213 214/231/214 228/245/228
f 228/245/228 227/244/227 213/230/213
f 214/231/214 215/232/215 229/246/229
f 229/246/229 228/245/228 214/231/214
f 215/232/215 216/233/216 230/247/230
f 230/247/230 229/246/229 215/232/215
f 216/233/216 217/234/217 231/248/231
f 231/248/231 230/247/230 216/233/216
f 217/234/217 218/235/218 232/249/232
f 232/249/232 231/248/231 217/234/217
f 218/235/218 219/236/219 233/250/233
f 233/250/233 232/249/232 218/235/218
f 219/236/219 220/237/220 234/251/234
f 234/251/234 233/250/233 219/236/219
f 220/237/220 221/238/221 235/252/235
f 235/252/235 234/251/234 220/237/220
f 235/252/235 221/238/221 222/239/222
f 222/239/222 236/253/236 235/252/235
f 237/254/237 223/240/223 238/255/238
f 238/255/238 239/256/239 237/254/237
f 223/240/223 224/241/224 240/257/240
f 240/257/240 238/255/238 223/240/223
f 224/241/224 225/242/225 241/258/241
f 241/258/241 240/257/240 224/241/224
f 225/242/225 226/243/226 242/259/242
f 242/259/242 241/258/241 225/242/225
f 226/243/226 227/244/227 243/260/243
f 243/260/243 242/259/242 226/243/226
f 227/244/227 228/245/228 244/261/244
f 244/261/244 243/260/243 227/244/227
f 228/245/228 229/246/229 245/262/245
f 245/262/245 244/261/244 228/245/228
f 229/246/229 230/247/230 246/263/246
f 246/263/246 245/262/245 229/246/229
f 230/247/230 231/248/231 247/264/247
f 247/264/247 246/263/246 230/247/230
f 231/248/231 232/249/232 248/265/248
f 248/265/248 247/264/247 231/248/231
f 232/249/232 233/250/233 249/266/249
f 249/266/249 248/265/248 232/249/232
f 233/250/233 234/251/234 250/267/250
f 250/267/250 249/266/249 233/250/233
f 234/251/234 235/252/235 251/268/251
f 251/268/251 250/267/250 234/251/234
f 251/268/251 235/252/235 236/253/236
f 236/253/236 252/269/252 251/268/251
f 238/255/238 240/257/240 254/271/254
f 254/271/254 253/270/253 238/255/238
f 240/257/240 241/258/241 255/272/255
f 255/272/255 254/271/254 240/257/240
f 241/258/241 242/259/242 256/273/256
f 256/273/256 255/272/255 241/258/241
f 242/259/242 243/260/243 257/274/257
f 257/274/257 256/273/256 242/259/242
f 243/260/243 244/261/244 258/275/258
f 258/275/258 257/274/257 243/260/243
f 244/261/244 245/262/245 259/276/259
f 259/276/259 258/275/258 244/261/244
f 245/262/245 246/263/246 260/277/260
f 260/277/260 259/276/259 245/262/245
f 246/263/246 247/264/247 261/278/261
f 261/278/261 260/277/260 246/263/246
f 247/264/247 248/265/248 262/279/262
f 262/279/262 261/278/261 247/264/247
f 248/265/248 249/266/249 263/280/263
f 263/280/263 262/279/262 248/265/248
f 249/266/249 250/267/250 264/281/264
f 264/281/264 263/280/263 249/266/249
f 250/267/250 251/268/251 265/282/265
f 265/282/265 264/281/264 250/267/250
f 265/282/265 251/268/251 252/269/252
f 252/269/252 266/283/266 265/282/265
f 267/284/267 253/270/253 268/285/268
f 268/285/268 269/286/269 267/284/267
f 253/270/253 254/271/254 270/287/270
f 270/287/270 268/285/268 253/270/253
f 254/271/254 255/272/255 271/288/271
f 271/288/271 270/287/270 254/271/254
f 255/272/255 256/273/256 272/289/272
f 272/289/272 271/288/271 255/272/255
f 256/273/256 257/274/257 273/290/273
f 273/290/273 272/289/272 256/273/256
f 257/274/257 258/275/258 274/291/274
f 274/291/274 273/290/273 257/274/257
f 258/275/258 259/276/259 275/292/275
f 275/292/275 274/291/274 258/275/258
f 259/276/259 260/277/260 276/293/276
f 276/293/276 275/292/275 259/276/259
f 260/277/260 261/278/261 277/294/277
f 277/294/277 276/293/276 260/277/260
f 261/278/261 262/279/262 278/295/278
f 278/295/278 277/294/277 261/278/261
f 262/279/262 263/280/263 279/296/279
f 279/296/279 278/295/278 262/279/262
f 263/280/263 264/281/264 280/297/280
f 280/297/280 279/296/279 263/280/263
f 264/281/264 265/282/265 281/298/281
f 281/298/281 280/297/280 264/281/264
f 281/298/281 265/282/265 266/283/266
f 266/283/266 282/299/282 281/298/281
f 268/285/268 270/287/270 284/301/284
f 284/301/284 283/300/283 268/285/268
f 270/287/270 271/288/271 285/302/285
f 285/302/285 284/301/284 270/287/270
f 271/288/271 272/289/272 286/303/286
f 286/303/286 285/302/285 271/288/271
f 272/289/272 273/290/273 287/304/287
f 287/304/287 286/303/286 272/289/272
f 273/290/273 274/291/274 288/305/288
f 288/305/288 287/304/287 273/290/273
f 274/291/274 275/292/275 289/306/289
f 289/306/289 288/305/288 274/291/274
f 275/292/275 276/293/276 290/307/290
f 290/307/290 289/306/289 275/292/275
f 276/293/276 277/294/277 291/308/291
f 291/308/291 290/307/290 276/293/276
f 277/294/277 278/295/278 292/309/292
f 292/309/292 291/308/291 277/294/277
f 278/295/278 279/296/279 293/310/293
f 293/310/293 292/309/292 278/295/278
f 279/296/279 280/297/280 294/311/294
f 294/311/294 293/310/293 279/296/279
f 280/297/280 281/298/281 295/312/295
f 295/312/295 294/311/294 280/297/280
f 281/298/281 282/299/282 296/313/296
f 296/313/296 295/312/295 281/298/281
f 283/300/283 298/315/298 299/316/299
f 299/316/299 297/314/297 283/300/283
f 283/300/283 284/301/284 300/317/300
f 300/317/300 298/315/298 283/300/283
f 284/301/284 285/302/285 301/318/301
f 301/318/301 300/317/300 284/301/284
f 285/302/285 286/303/286 302/319/302
f 302/319/302 301/318/301 285/302/285
f 286/303/286 287/304/287 303/320/303
f 303/320/303 302/319/302 286/303/286
f 287/304/287 288/305/288 304/321/304
f 304/321/304 303/320/303 287/304/287
f 288/305/288 289/306/289 305/322/305
f 305/322/305 304/321/304 288/305/288
f 289/306/289 290/307/290 306/323/306
f 306/323/306 305/322/305 289/306/289
f 290/307/290 291/308/291 307/324/307
f 307/324/307 306/323/306 290/307/290
f 291/308/291 292/309/292 308/325/308
f 308/325/308 307/324/307 291/308/291
f 292/309/292 293/310/293 309/326/309
f 309/326/309 308/325/308 292/309/292
f 293/310/293 294/311/294 310/327/310
f 310/327/310 309/326/309 293/310/293
f 294/311/294 295/312/295 311/328/311
f 311/328/311 310/327/310 294/311/294
f 295/312/295 296/313/296 312/329/312
f 312/329/312 311/328/311 295/312/295
f 298/315/298 300/317/300 314/331/314
f 314/331/314 313/330/313 298/315/298
f 300/317/300 301/318/301 315/332/315
f 315/332/315 314/331/314 300/317/300
f 301/318/301 302/319/302 316/333/316
f 316/333/316 315/332/315 301/318/301
f 302/319/302 303/320/303 317/334/317
f 317/334/317 316/333/316 302/319/302
f 303/320/303 304/321/304 318/335/318
f 318/335/318 317/334/317 303/320/303
f 304/321/304 305/322/305 319/336/319
f 319/336/319 318/335/318 304/321/304
f 305/322/305 306/323/306 320/337/320
f 320/337/320 319/336/319 305/322/305
f 306/323/306 307/324/307 321/338/321
f 321/338/321 320/337/320 306/323/306
f 307/324/307 308/325/308 322/339/322
f 322/339/322 321/338/321 307/324/307
f 308/325/308 309/326/309 323/340/323
f 323/340/323 322/339/322 308/325/308
f 309/326/309 310/327/310 324/341/324
f 324/341/324 323/340/323 309/326/309
f 310/327/310 311/328/311 325/342/325
f 325/342/325 324/341/324 310/327/310
f 311/328/311 312/329/312 326/343/326
f 326/343/326 325/342/325 311/328/311
f 313/330/313 328/345/328 329/346/329
f 329/346/329 327/344/327 313/330/313
f 313/330/313 314/331/314 330/347/330
f 330/347/330 328/345/328 313/330/313
f 314/331/314 315/332/315 331/348/331
f 331/348/331 330/347/330 314/331/314
f 315/332/315 316/333/316 332/349/332
f 332/349/332 331/348/331 315/332/315
f 316/333/316 317/334/317 333/350/333
f 333/350/333 332/349/332 316/333/316
f 317/334/317 318/335/318 334/351/334
f 334/351/334 333/350/333 317/334/317
f 318/335/318 319/336/319 335/352/335
f 335/352/335 334/351/334 318/335/318
f 319/336/319 320/337/320 336/353/336
f 336/353/336 335/352/335 319/336/319
f 320/337/320 321/338/321 337/354/337
f 337/354/337 336/353/336 320/337/320
f 321/338/321 322/339/322 338/355/338
f 338/355/338 337/354/337 321/338/321
f 322/339/322 323/340/323 339/356/339
f 339/356/339 338/355/338 322/339/322
f 323/340/323 324/341/324 340/357/340
f 340/357/340 339/356/339 323/340/323
f 324/341/324 325/342/325 341/358/341
f 341/358/341 340/357/340 324/341/324
f 326/343/326 342/359/342 343/360/343
f 325/342/325 326/343/326 343/360/343
f 341/358/341 325/342/325 343/360/343
f 343/360/343 342/359/342 344/361/344
f 328/345/328 330/347/330 346/363/346
f 346/363/346 345/362/345 328/345/328
f 330/347/330 331/348/331 347/364/347
f 347/364/347 346/363/346 330/347/330
f 331/348/331 332/349/332 348/365/348
f 348/365/348 347/364/347 331/348/331
f 332/349/332 333/350/333 349/366/349
f 349/366/349 348/365/348 332/349/332
f 333/350/333 334/351/334 350/367/350
f 350/367/350 349/366/349 333/350/333
f 334/351/334 335/352/335 351/368/351
f 351/368/351 350/367/350 334/351/334
f 335/352/335 336/353/336 352/369/352
f 352/369/352 351/368/351 335/352/335
f 336/353/336 337/354/337 353/370/353
f 353/370/353 352/369/352 336/353/336
f 337/354/337 338/355/338 354/371/354
f 354/371/354 353/370/353 337/354/337
f 338/355/338 339/356/339 355/372/355
f 355/372/355 354/371/354 338/355/338
f 339/356/339 340/357/340 356/373/356
f 356/373/356 355/372/355 339/356/339
f 340/357/340 341/358/341 357/374/357
f 357/374/357 356/373/356 340/357/340
f 341/358/341 343/360/343 358/375/358
f 358/375/358 357/374/357 341/358/341
f 344/361/344 359/376/359 358/375/358
f 358/375/358 343/360/343 344/361/344
f 345/362/345 361/378/361 362/379/362
f 362/379/362 360/377/360 345/362/345
f 345/362/345 346/363/346 363/380/363
f 363/380/363 361/378/361 345/362/345
f 346/363/346 347/364/347 364/381/364
f 364/381/364 363/380/363 346/363/346
f 347/364/347 348/365/348 365/382/365
f 365/382/365 364/381/364 347/364/347
f 348/365/348 349/366/349 366/383/366
f 366/383/366 365/382/365 348/365/348
f 349/366/349 350/367/350 367/384/367
f 367/384/367 366/383/366 349/366/349
f 350/367/350 351/368/351 368/385/368
f 368/385/368 367/384/367 350/367/350
f 351/368/351 352/369/352 369/386/369
f 369/386/369 368/385/368 351/368/351
f 352/369/352 353/370/353 370/387/370
f 370/387/370 369/386/369 352/369/352
f 353/370/353 354/371/354 371/388/371
f 371/388/371 370/387/370 353/370/353
f 354/371/354 355/372/355 372/389/372
f 372/389/372 371/388/371 354/371/354
f 355/372/355 356/373/356 373/390/373
f 373/390/373 372/389/372 355/372/355
f 356/373/356 357/374/357 374/391/374
f 374/391/374 373/390/373 356/373/356
f 357/374/357 358/375/358 375/392/375
f 375/392/375 374/391/374 357/374/357
f 375/392/375 358/375/358 359/376/359
f 359/376/359 376/393/376 375/392/375
f 361/378/361 363/380/363 378/395/378
f 378/395/378 377/394/377 361/378/361
f 363/380/363 364/381/364 379/396/379
f 379/396/379 378/395/378 363/380/363
f 364/381/364 365/382/365 380/397/380
f 380/397/380 379/396/379 364/381/364
f 365/382/365 366/383/366 381/398/381
f 381/398/381 380/397/380 365/382/365
f 366/383/366 367/384/367 382/399/382
f 382/399/382 381/398/381 366/383/366
f 367/384/367 368/385/368 383/400/383
f 383/400/383 382/399/382 367/384/367
f 368/385/368 369/386/369 384/401/384
f 384/401/384 383/400/383 368/385/368
f 369/386/369 370/387/370 385/402/385
f 385/402/385 384/401/384 369/386/369
f 370/387/370 371/388/371 386/403/386
f 386/403/386 385/402/385 370/387/370
f 371/388/371 372/389/372 387/404/387
f 387/404/387 386/403/386 371/388/371
f 372/389/372 373/390/373 388/405/388
f 388/405/388 387/404/387 372/389/372
f 373/390/373 374/391/374 389/406/389
f 389/406/389 388/405/388 373/390/373
f 374/391/374 375/392/375 390/407/390
f 390/407/390 389/406/389 374/391/374
f 376/393/376 391/408/391 390/407/390
f 390/407/390 375/392/375 376/393/376
f 392/409/392 393/410/393 394/411/394
f 393/410/393 392/409/392 377/394/377
f 377/394/377 395/412/395 393/410/393
f 377/394/377 378/395/378 396/413/396
f 396/413/396 395/412/395 377/394/377
f 378/395/378 379/396/379 397/414/397
f 397/414/397 396/413/396 378/395/378
f 379/396/379 380/397/380 398/415/398
f 398/415/398 397/414/397 379/396/379
f 380/397/380 381/398/381 399/416/399
f 399/416/399 398/415/398 380/397/380
f 381/398/381 382/399/382 400/417/400
f 400/417/400 399/416/399 381/398/381
f 382/399/382 383/400/383 401/418/401
f 401/418/401 400/417/400 382/399/382
f 383/400/383 384/401/384 402/419/402
f 402/419/402 401/418/401 383/400/383
f 384/401/384 385/402/385 403/420/403
f 403/420/403 402/419/402 384/401/384
f 385/402/385 386/403/386 404/421/404
f 404/421/404 403/420/403 385/402/385
f 386/403/386 387/404/387 405/422/405
f 405/422/405 404/421/404 386/403/386
f 387/404/387 388/405/388 406/423/406
f 406/423/406 405/422/405 387/404/387
f 388/405/388 389/406/389 407/424/407
f 407/424/407 406/423/406 388/405/388
f 389/406/389 390/407/390 408/425/408
f 408/425/408 407/424/407 389/406/389
f 390/407/390 391/408/391 409/426/409
f 409/426/409 408/425/408 390/407/390
f 410/427/410 411/428/411 412/429/412
f 394/411/394 393/410/393 413/430/413
f 410/427/410 394/411/394 413/430/413
f 411/428/411 410/427/410 413/430/413
f 393/410/393 395/412/395 414/431/414
f 414/431/414 413/430/413 393/410/393
f 395/412/395 396/413/396 415/432/415
f 415/432/415 414/431/414 395/412/395
f 396/413/396 397/414/397 416/433/416
f 416/433/416 415/432/415 396/413/396
f 397/414/397 398/415/398 417/434/417
f 417/434/417 416/433/416 397/414/397
f 398/415/398 399/416/399 418/435/418
f 418/435/418 417/434/417 398/415/398
f 399/416/399 400/417/400 419/436/419
f 419/436/419 418/435/418 399/416/399
f 400/417/400 401/418/401 420/437/420
f 420/437/420 419/436/419 400/417/400
f 401/418/401 402/419/402 421/438/421
f 421/438/421 420/437/420 401/418/401
f 402/419/402 403/420/403 422/439/422
f 422/439/422 421/438/421 402/419/402
f 403/420/403 404/421/404 423/440/423
f 423/440/423 422/439/422 403/420/403
f 404/421/404 405/422/405 424/441/424
f 424/441/424 423/440/423 404/421/404
f 405/422/405 406/423/406 425/442/425
f 425/442/425 424/441/424 405/422/405
f 406/423/406 407/424/407 426/443/426
f 426/443/426 425/442/425 406/423/406
f 407/424/407 408/425/408 427/444/427
f 427/444/427 426/443/426 407/424/407
f 427/444/427 408/425/408 409/426/409
f 427/444/427 409/426/409 428/445/428
f 427/444/427 428/445/428 429/446/429
f 429/446/429 428/445/428 430/447/430
f 431/448/431 432/449/432 433/450/433
f 431/448/431 434/451/434 435/452/435
f 435/452/435 432/449/432 431/448/431
f 435/452/435 434/451/434 436/453/436
f 436/453/436 437/454/437 435/452/435
f 437/454/437 436/453/436 438/455/438
f 438/455/438 439/456/439 437/454/437
f 438/455/438 440/457/440 441/458/441
f 441/458/441 439/456/439 438/455/438
f 440/457/440 442/459/442 443/460/443
f 443/460/443 441/458/441 440/457/440
f 442/459/442 444/461/444 445/462/445
f 445/462/445 443/460/443 442/459/442
f 444/461/444 446/463/446 447/464/447
f 447/464/447 445/462/445 444/461/444
f 447/464/447 446/463/446 448/465/448
f 448/465/448 449/466/449 447/464/447
f 449/466/449 448/465/448 450/467/450
f 450/467/450 451/468/451 449/466/449
f 451/468/451 450/467/450 452/469/452
f 452/469/452 453/470/453 451/468/451
f 452/469/452 454/471/454 455/472/455
f 455/472/455 453/470/453 452/469/452
f 455/472/455 454/471/454 456/473/456
f 456/473/456 457/474/457 455/472/455
f 457/474/457 456/473/456 458/475/458
f 458/475/458 459/476/459 457/474/457
f 459/476/459 458/475/458 412/429/412
f 412/429/412 411/428/411 460/477/460
f 459/476/459 412/429/412 460/477/460
f 411/428/411 413/430/413 461/478/461
f 461/478/461 460/477/460 411/428/411
f 413/430/413 414/431/414 462/479/462
f 462/479/462 461/478/461 413/430/413
f 414/431/414 415/432/415 463/480/463
f 463/480/463 462/479/462 414/431/414
f 415/432/415 416/433/416 464/481/464
f 464/481/464 463/480/463 415/432/415
f 416/433/416 417/434/417 465/482/465
f 465/482/465 464/481/464 416/433/416
f 417/434/417 418/435/418 466/483/466
f 466/483/466 465/482/465 417/434/417
f 418/435/418 419/436/419 467/484/467
f 467/484/467 466/483/466 418/435/418
f 419/436/419 420/437/420 468/485/468
f 468/485/468 467/484/467 419/436/419
f 420/437/420 421/438/421 469/486/469
f 469/486/469 468/485/468 420/437/420
f 421/438/421 422/439/422 470/487/470
f 470/487/470 469/486/469 421/438/421
f 422/439/422 423/440/423 471/488/471
f 471/488/471 470/487/470 422/439/422
f 423/440/423 424/441/424 472/489/472
f 472/489/472 471/488/471 423/440/423
f 424/441/424 425/442/425 473/490/473
f 473/490/473 472/489/472 424/441/424
f 425/442/425 426/443/426 474/491/474
f 474/491/474 473/490/473 425/442/425
f 426/443/426 427/444/427 475/492/475
f 475/492/475 474/491/474 426/443/426
f 427/444/427 429/446/429 476/493/476
f 476/493/476 475/492/475 427/444/427
f 430/447/430 477/494/477 478/495/478
f 429/446/429 430/447/430 478/495/478
f 476/493/476 429/446/429 478/495/478
f 477/494/477 479/496/479 480/497/480
f 480/497/480 478/495/478 477/494/477
f 479/496/479 481/498/481 482/499/482
f 482/499/482 480/497/480 479/496/479
f 481/498/481 483/500/483 484/501/484
f 484/501/484 482/499/482 481/498/481
f 483/500/483 485/502/485 486/503/486
f 486/503/486 484/501/484 483/500/483
f 485/502/485 487/504/487 488/505/488
f 488/505/488 486/503/486 485/502/485
f 487/504/487 489/506/489 490/507/490
f 490/507/490 488/505/488 487/504/487
f 489/506/489 491/508/491 492/509/492
f 492/509/492 490/507/490 489/506/489
f 491/508/491 493/510/493 494/511/494
f 494/511/494 492/509/492 491/508/491
f 494/511/494 493/510/493 495/512/495
f 495/512/495 496/513/496 494/511/494
f 495/512/495 497/514/497 498/515/498
f 498/515/498 496/513/496 495/512/495
f 498/515/498 497/514/497 499/516/499
f 499/516/499 500/517/500 498/515/498
f 499/516/499 501/518/501 502/519/502
f 502/519/502 500/517/500 499/516/499
f 501/518/501 503/520/503 504/521/504
f 504/521/504 502/519/502 501/518/501
f 504/521/504 503/520/503 505/522/505
f 506/523/506 507/524/507 508/525/508
f 433/450/433 432/449/432 509/526/509
f 506/523/506 433/450/433 509/526/509
f 507/524/507 506/523/506 509/526/509
f 432/449/432 435/452/435 510/527/510
f 510/527/510 509/526/509 432/449/432
f 435/452/435 437/454/437 511/528/511
f 511/528/511 510/527/510 435/452/435
f 437/454/437 439/456/439 512/529/512
f 512/529/512 511/528/511 437/454/437
f 439/456/439 441/458/441 513/530/513
f 513/530/513 512/529/512 439/456/439
f 441/458/441 443/460/443 514/531/514
f 514/531/514 513/530/513 441/458/441
f 443/460/443 445/462/445 515/532/515
f 515/532/515 514/531/514 443/460/443
f 445/462/445 447/464/447 516/533/516
f 516/533/516 515/532/515 445/462/445
f 447/464/447 449/466/449 517/534/517
f 517/534/517 516/533/516 447/464/447
f 449/466/449 451/468/451 518/535/518
f 518/535/518 517/534/517 449/466/449
f 451/468/451 453/470/453 519/536/519
f 519/536/519 518/535/518 451/468/451
f 453/470/453 455/472/455 520/537/520
f 520/537/520 519/536/519 453/470/453
f 455/472/455 457/474/457 521/538/521
f 521/538/521 520/537/520 455/472/455
f 457/474/457 459/476/459 522/539/522
f 522/539/522 521/538/521 457/474/457
f 459/476/459 460/477/460 523/540/523
f 523/540/523 522/539/522 459/476/459
f 460/477/460 461/478/461 524/541/524
f 524/541/524 523/540/523 460/477/460
f 461/478/461 462/479/462 525/542/525
f 525/542/525 524/541/524 461/478/461
f 462/479/462 463/480/463 526/543/526
f 526/543/526 525/542/525 462/479/462
f 463/480/463 464/481/464 527/544/527
f 527/544/527 526/543/526 463/480/463
f 464/481/464 465/482/465 528/545/528
f 528/545/528 527/544/527 464/481/464
f 465/482/465 466/483/466 529/546/529
f 529/546/529 528/545/528 465/482/465
f 466/483/466 467/484/467 530/547/530
f 530/547/530 529/546/529 466/483/466
f 467/484/467 468/485/468 531/548/531
f 531/548/531 530/547/530 467/484/467
f 468/485/468 469/486/469 532/549/532
f 532/549/532 531/548/531 468/485/468
f 469/486/469 470/487/470 533/550/533
f 533/550/533 532/549/532 469/486/469
f 470/487/470 471/488/471 534/551/534
f 534/551/534 533/550/533 470/487/470
f 471/488/471 472/489/472 535/552/535
f 535/552/535 534/551/534 471/488/471
f 472/489/472 473/490/473 536/553/536
f 536/553/536 535/552/535 472/489/472
f 473/490/473 474/491/474 537/554/537
f 537/554/537 536/553/536 473/490/473
f 474/491/474 475/492/475 538/555/538
f 538/555/538 537/554/537 474/491/474
f 475/492/475 476/493/476 539/556/539
f 539/556/539 538/555/538 475/492/475
f 476/493/476 478/495/478 540/557/540
f 540/557/540 539/556/539 476/493/476
f 478/495/478 480/497/480 541/558/541
f 541/558/541 540/557/540 478/495/478
f 480/497/480 482/499/482 542/559/542
f 542/559/542 541/558/541 480/497/480
f 482/499/482 484/501/484 543/560/543
f 543/560/543 542/559/542 482/499/482
f 484/501/484 486/503/486 544/561/544
f 544/561/544 543/560/543 484/501/484
f 486/503/486 488/505/488 545/562/545
f 545/562/545 544/561/544 486/503/486
f 488/505/488 490/507/490 546/563/546
f 546/563/546 545/562/545 488/505/488
f 490/507/490 492/509/492 547/564/547
f 547/564/547 546/563/546 490/507/490
f 492/509/492 494/511/494 548/565/548
f 548/565/548 547/564/547 492/509/492
f 494/511/494 496/513/496 549/566/549
f 549/566/549 548/565/548 494/511/494
f 496/513/496 498/515/498 550/567/550
f 550/567/550 549/566/549 496/513/496
f 498/515/498 500/517/500 551/568/551
f 551/568/551 550/567/550 498/515/498
f 500/517/500 502/519/502 552/569/552
f 552/569/552 551/568/551 500/517/500
f 502/519/502 504/521/504 553/570/553
f 553/570/553 552/569/552 502/519/502
f 553/570/553 504/521/504 505/522/505
f 505/522/505 554/571/554 555/572/555
f 553/570/553 505/522/505 555/572/555
f 555/572/555 554/571/554 556/573/556
f 508/525/508 507/524/507 557/574/557
f 557/574/557 558/575/558 508/525/508
f 507/524/507 509/526/509 559/576/559
f 559/576/559 557/574/557 507/524/507
f 509/526/509 510/527/510 560/577/560
f 560/577/560 559/576/559 509/526/509
f 510/527/510 511/528/511 561/578/561
f 561/578/561 560/577/560 510/527/510
f 511/528/511 512/529/512 562/579/562
f 562/579/562 561/578/561 511/528/511
f 512/529/512 513/530/513 563/580/563
f 563/580/563 562/579/562 512/529/512
f 513/530/513 514/531/514 564/581/564
f 564/581/564 563/580/563 513/530/513
f 514/531/514 515/532/515 565/582/565
f 565/582/565 564/581/564 514/531/514
f 515/532/515 516/533/516 566/583/566
f 566/583/566 565/582/565 515/532/515
f 516/533/516 517/534/517 567/584/567
f 567/584/567 566/583/566 516/533/516
f 517/534/517 518/535/518 568/585/568
f 568/585/568 567/584/567 517/534/517
f 518/535/518 519/536/519 569/586/569
f 569/586/569 568/585/568 518/535/518
f 519/536/519 520/537/520 570/587/570
f 570/587/570 569/586/569 519/536/519
f 520/537/520 521/538/521 571/588/571
f 571/588/571 570/587/570 520/537/520
f 521/538/521 522/539/522 572/589/572
f 572/589/572 571/588/571 521/538/521
f 522/539/522 523/540/523 573/590/573
f 573/590/573 572/589/572 522/539/522
f 523/540/523 524/541/524 574/591/574
f 574/591/574 573/590/573 523/540/523
f 524/541/524 525/542/525 575/592/575
f 575/592/575 574/591/574 524/541/524
f 525/542/525 526/543/526 576/593/576
f 576/593/576 575/592/575 525/542/525
f 526/543/526 527/544/527 577/594/577
f 577/594/577 576/593/576 526/543/526
f 527/544/527 528/545/528 578/595/578
f 578/595/578 577/594/577 527/544/527
f 528/545/528 529/546/529 579/596/579
f 579/596/579 578/595/578 528/545/528
f 529/546/529 530/547/530 580/597/580
f 580/597/580 579/596/579 529/546/529
f 530/547/530 531/548/531 581/598/581
f 581/598/581 580/597/580 530/547/530
f 531/548/531 532/549/532 582/599/582
f 582/599/582 581/598/581 531/548/531
f 532/549/532 533/550/533 583/600/583
f 583/600/583 582/599/582 532/549/532
f 533/550/533 534/551/534 584/601/584
f 584/601/584 583/600/583 533/550/533
f 534/551/534 535/552/535 585/602/585
f 585/602/585 584/601/584 534/551/534
f 535/552/535 536/553/536 586/603/586
f 586/603/586 585/602/585 535/552/535
f 536/553/536 537/554/537 587/604/587
f 587/604/587 586/603/586 536/553/536
f 537/554/537 538/555/538 588/605/588
f 588/605/588 587/604/587 537/554/537
f 538/555/538 539/556/539 589/606/589
f 589/606/589 588/605/588 538/555/538
f 539/556/539 540/557/540 590/607/590
f 590/607/590 589/606/589 539/556/539
f 540/557/540 541/558/541 591/608/591
f 591/608/591 590/607/590 540/557/540
f 541/558/541 542/559/542 592/609/592
f 592/609/592 591/608/591 541/558/541
f 542/559/542 543/560/543 593/610/593
f 593/610/593 592/609/592 542/559/542
f 543/560/543 544/561/544 594/611/594
f 594/611/594 593/610/593 543/560/543
f 544/561/544 545/562/545 595/612/595
f 595/612/595 594/611/594 544/561/544
f 545/562/545 546/563/546 596/613/596
f 596/613/596 595/612/595 545/562/545
f 546/563/546 547/564/547 597/614/597
f 597/614/597 596/613/596 546/563/546
f 547/564/547 548/565/548 598/615/598
f 598/615/598 597/614/597 547/564/547
f 548/565/548 549/566/549 599/616/599
f 599/616/599 598/615/598 548/565/548
f 549/566/549 550/567/550 600/617/600
f 600/617/600 599/616/599 549/566/549
f 550/567/550 551/568/551 601/618/601
f 601/618/601 600/617/600 550/567/550
f 551/568/551 552/569/552 602/619/602
f 602/619/602 601/618/601 551/568/551
f 552/569/552 553/570/553 603/620/603
f 603/620/603 602/619/602 552/569/552
f 553/570/553 555/572/555 604/621/604
f 604/621/604 603/620/603 553/570/553
f 604/621/604 555/572/555 556/573/556
f 604/621/604 556/573/556 605/622/605
f 604/621/604 605/622/605 606/623/606
f 606/623/606 605/622/605 607/624/607
f 557/574/557 559/576/559 609/626/609
f 609/626/609 608/625/608 557/574/557
f 559/576/559 560/577/560 610/627/610
f 610/627/610 609/626/609 559/576/559
f 560/577/560 561/578/561 611/628/611
f 611/628/611 610/627/610 560/577/560
f 561/578/561 562/579/562 612/629/612
f 612/629/612 611/628/611 561/578/561
f 562/579/562 563/580/563 613/630/613
f 613/630/613 612/629/612 562/579/562
f 563/580/563 564/581/564 614/631/614
f 614/631/614 613/630/613 563/580/563
f 564/581/564 565/582/565 615/632/615
f 615/632/615 614/631/614 564/581/564
f 565/582/565 566/583/566 616/633/616
f 616/633/616 615/632/615 565/582/565
f 566/583/566 567/584/567 617/634/617
f 617/634/617 616/633/616 566/583/566
f 567/584/567 568/585/568 618/635/618
f 618/635/618 617/634/617 567/584/567
f 568/585/568 569/586/569 619/636/619
f 619/636/619 618/635/618 568/585/568
f 569/586/569 570/587/570 620/637/620
f 620/637/620 619/636/619 569/586/569
f 570/587/570 571/588/571 621/638/621
f 621/638/621 620/637/620 570/587/570
f 571/588/571 572/589/572 622/639/622
f 622/639/622 621/638/621 571/588/571
f 572/589/572 573/590/573 623/640/623
f 623/640/623 622/639/622 572/589/572
f 573/590/573 574/591/574 624/641/624
f 624/641/624 623/640/623 573/590/573
f 574/591/574 575/592/575 625/642/625
f 625/642/625 624/641/624 574/591/574
f 575/592/575 576/593/576 626/643/626
f 626/643/626 625/642/625 575/592/575
f 576/593/576 577/594/577 627/644/627
f 627/644/627 626/643/626 576/593/576
f 577/594/577 578/595/578 628/645/628
f 628/645/628 627/644/627 577/594/577
f 578/595/578 579/596/579 629/646/629
f 629/646/629 628/645/628 578/595/578
f 579/596/579 580/597/580 630/647/630
f 630/647/630 629/646/629 579/596/579
f 580/597/580 581/598/581 631/648/631
f 631/648/631 630/647/630 580/597/580
f 581/598/581 582/599/582 632/649/632
f 632/649/632 631/648/631 581/598/581
f 582/599/582 583/600/583 633/650/633
f 633/650/633 632/649/632 582/599/582
f 583/600/583 584/601/584 634/651/634
f 634/651/634 633/650/633 583/600/583
f 584/601/584 585/602/585 635/652/635
f 635/652/635 634/651/634 584/601/584
f 585/602/585 586/603/586 636/653/636
f 636/653/636 635/652/635 585/602/585
f 586/603/586 587/604/587 637/654/637
f 637/654/637 636/653/636 586/603/586
f 587/604/587 588/605/588 638/655/638
f 638/655/638 637/654/637 587/604/587
f 588/605/588 589/606/589 639/656/639
f 639/656/639 638/655/638 588/605/588
f 589/606/589 590/607/590 640/657/640
f 640/657/640 639/656/639 589/606/589
f 590/607/590 591/608/591 641/658/641
f 641/658/641 640/657/640 590/607/590
f 591/608/591 592/609/592 642/659/642
f 642/659/642 641/658/641 591/608/591
f 592/609/592 593/610/593 643/660/643
f 643/660/643 642/659/642 592/609/592
f 593/610/593 594/611/594 644/661/644
f 644/661/644 643/660/643 593/610/593
f 594/611/594 595/612/595 645/662/645
f 645/662/645 644/661/644 594/611/594
f 595/612/595 596/613/596 646/663/646
f 646/663/646 645/662/645 595/612/595
f 596/613/596 597/614/597 647/664/647
f 647/664/647 646/663/646 596/613/596
f 597/614/597 598/615/598 648/665/648
f 648/665/648 647/664/647 597/614/597
f 598/615/598 599/616/599 649/666/649
f 649/666/649 648/665/648 598/615/598
f 599/616/599 600/617/600 650/667/650
f 650/667/650 649/666/649 599/616/599
f 600/617/600 601/618/601 651/668/651
f 651/668/651 650/667/650 600/617/600
f 601/618/601 602/619/602 652/669/652
f 652/669/652 651/668/651 601/618/601
f 602/619/602 603/620/603 653/670/653
f 653/670/653 652/669/652 602/619/602
f 603/620/603 604/621/604 654/671/654
f 654/671/654 653/670/653 603/620/603
f 604/621/604 606/623/606 655/672/655
f 655/672/655 654/671/654 604/621/604
f 607/624/607 656/673/656 655/672/655
f 655/672/655 606/623/606 607/624/607
f 657/674/657 608/625/608 658/675/658
f 658/675/658 659/676/659 657/674/657
f 608/625/608 609/626/609 660/677/660
f 660/677/660 658/675/658 608/625/608
f 609/626/609 610/627/610 661/678/661
f 661/678/661 660/677/660 609/626/609
f 610/627/610 611/628/611 662/679/662
f 662/679/662 661/678/661 610/627/610
f 611/628/611 612/629/612 663/680/663
f 663/680/663 662/679/662 611/628/611
f 612/629/612 613/630/613 664/681/664
f 664/681/664 663/680/663 612/629/612
f 613/630/613 614/631/614 665/682/665
f 665/682/665 664/681/664 613/630/613
f 614/631/614 615/632/615 666/683/666
f 666/683/666 665/682/665 614/631/614
f 615/632/615 616/633/616 667/684/667
f 667/684/667 666/683/666 615/632/615
f 616/633/616 617/634/617 668/685/668
f 668/685/668 667/684/667 616/633/616
f 617/634/617 618/635/618 669/686/669
f 669/686/669 668/685/668 617/634/617
f 618/635/618 619/636/619 670/687/670
f 670/687/670 669/686/669 618/635/618
f 619/636/619 620/637/620 671/688/671
f 671/688/671 670/687/670 619/636/619
f 620/637/620 621/638/621 672/689/672
f 672/689/672 671/688/671 620/637/620
f 621/638/621 622/639/622 673/690/673
f 673/690/673 672/689/672 621/638/621
f 622/639/622 623/640/623 674/691/674
f 674/691/674 673/690/673 622/639/622
f 623/640/623 624/641/624 675/692/675
f 675/692/675 674/691/674 623/640/623
f 624/641/624 625/642/625 676/693/676
f 676/693/676 675/692/675 624/641/624
f 625/642/625 626/643/626 677/694/677
f 677/694/677 676/693/676 625/642/625
f 626/643/626 627/644/627 678/695/678
f 678/695/678 677/694/677 626/643/626
f 627/644/627 628/645/628 679/696/679
f 679/696/679 678/695/678 627/644/627
f 628/645/628 629/646/629 680/697/680
f 680/697/680 679/696/679 628/645/628
f 629/646/629 630/647/630 681/698/681
f 681/698/681 680/697/680 629/646/629
f 630/647/630 631/648/631 682/699/682
f 682/699/682 681/698/681 630/647/630
f 631/648/631 632/649/632 683/700/683
f 683/700/683 682/699/682 631/648/631
f 632/649/632 633/650/633 684/701/684
f 684/701/684 683/700/683 632/649/632
f 633/650/633 634/651/634 685/702/685
f 685/702/685 684/701/684 633/650/633
f 634/651/634 635/652/635 686/703/686
f 686/703/686 685/702/685 634/651/634
f 635/652/635 636/653/636 687/704/687
f 687/704/687 686/703/686 635/652/635
f 636/653/636 637/654/637 688/705/688
f 688/705/688 687/704/687 636/653/636
f 637/654/637 638/655/638 689/706/689
f 689/706/689 688/705/688 637/654/637
f 638/655/638 639/656/639 690/707/690
f 690/707/690 689/706/689 638/655/638
f 639/656/639 640/657/640 691/708/691
f 691/708/691 690/707/690 639/656/639
f 640/657/640 641/658/641 692/709/692
f 692/709/692 691/708/691 640/657/640
f 641/658/641 642/659/642 693/710/693
f 693/710/693 692/709/692 641/658/641
f 642/659/642 643/660/643 694/711/694
f 694/711/694 693/710/693 642/659/642
f 643/660/643 644/661/644 695/712/695
f 695/712/695 694/711/694 643/660/643
f 644/661/644 645/662/645 696/713/696
f 696/713/696 695/712/695 644/661/644
f 645/662/645 646/663/646 697/714/697
f 697/714/697 696/713/696 645/662/645
f 646/663/646 647/664/647 698/715/698
f 698/715/698 697/714/697 646/663/646
f 647/664/647 648/665/648 699/716/699
f 699/716/699 698/715/698 647/664/647
f 648/665/648 649/666/649 700/717/700
f 700/717/700 699/716/699 648/665/648
f 649/666/649 650/667/650 701/718/701
f 701/718/701 700/717/700 649/666/649
f 650/667/650 651/668/651 702/719/702
f 702/719/702 701/718/701 650/667/650
f 651/668/651 652/669/652 703/720/703
f 703/720/703 702/719/702 651/668/651
f 652/669/652 653/670/653 704/721/704
f 704/721/704 703/720/703 652/669/652
f 653/670/653 654/671/654 705/722/705
f 705/722/705 704/721/704 653/670/653
f 654/671/654 655/672/655 706/723/706
f 706/723/706 705/722/705 654/671/654
f 706/723/706 655/672/655 656/673/656
f 656/673/656 707/724/707 706/723/706
f 658/675/658 660/677/660 709/726/709
f 709/726/709 708/725/708 658/675/658
f 660/677/660 661/678/661 710/727/710
f 710/727/710 709/726/709 660/677/660
f 661/678/661 662/679/662 711/728/711
f 711/728/711 710/727/710 661/678/661
f 662/679/662 663/680/663 712/729/712
f 712/729/712 711/728/711 662/679/662
f 663/680/663 664/681/664 713/730/713
f 713/730/713 712/729/712 663/680/663
f 664/681/664 665/682/665 714/731/714
f 714/731/714 713/730/713 664/681/664
f 665/682/665 666/683/666 715/732/715
f 715/732/715 714/731/714 665/682/665
f 666/683/666 667/684/667 716/733/716
f 716/733/716 715/732/715 666/683/666
f 667/684/667 668/685/668 717/734/717
f 717/734/717 716/733/716 667/684/667
f 668/685/668 669/686/669 718/735/718
f 718/735/718 717/734/717 668/685/668
f 669/686/669 670/687/670 719/736/719
f 719/736/719 718/735/718 669/686/669
f 670/687/670 671/688/671 720/737/720
f 720/737/720 719/736/719 670/687/670
f 671/688/671 672/689/672 721/738/721
f 721/738/721 720/737/720 671/688/671
f 672/689/672 673/690/673 722/739/722
f 722/739/722 721/738/721 672/689/672
f 673/690/673 674/691/674 723/740/723
f 723/740/723 722/739/722 673/690/673
f 674/691/674 675/692/675 724/741/724
f 724/741/724 723/740/723 674/691/674
f 675/692/675 676/693/676 725/742/725
f 725/742/725 724/741/724 675/692/675
f 676/693/676 677/694/677 726/743/726
f 726/743/726 725/742/725 676/693/676
f 677/694/677 678/695/678 727/744/727
f 727/744/727 726/743/726 677/694/677
f 678/695/678 679/696/679 728/745/728
f 728/745/728 727/744/727 678/695/678
f 679/696/679 680/697/680 729/746/729
f 729/746/729 728/745/728 679/696/679
f 680/697/680 681/698/681 730/747/730
f 730/747/730 729/746/729 680/697/680
f 681/698/681 682/699/682 731/748/731
f 731/748/731 730/747/730 681/698/681
f 682/699/682 683/700/683 732/749/732
f 732/749/732 731/748/731 682/699/682
f 683/700/683 684/701/684 733/750/733
f 733/750/733 732/749/732 683/700/683
f 684/701/684 685/702/685 734/751/734
f 734/751/734 733/750/733 684/701/684
f 685/702/685 686/703/686 735/752/735
f 735/752/735 734/751/734 685/702/685
f 686/703/686 687/704/687 736/753/736
f 736/753/736 735/752/735 686/703/686
f 687/704/687 688/705/688 737/754/737
f 737/754/737 736/753/736 687/704/687
f 688/705/688 689/706/689 738/755/738
f 738/755/738 737/754/737 688/705/688
f 689/706/689 690/707/690 739/756/739
f 739/756/739 738/755/738 689/706/689
f 690/707/690 691/708/691 740/757/740
f 740/757/740 739/756/739 690/707/690
f 691/708/691 692/709/692 741/758/741
f 741/758/741 740/757/740 691/708/691
f 692/709/692 693/710/693 742/759/742
f 742/759/742 741/758/741 692/709/692
f 693/710/693 694/711/694 743/760/743
f 743/760/743 742/759/742 693/710/693
f 694/711/694 695/712/695 744/761/744
f 744/761/744 743/760/743 694/711/694
f 695/712/695 696/713/696 745/762/745
f 745/762/745 744/761/744 695/712/695
f 696/713/696 697/714/697 746/763/746
f 746/763/746 745/762/745 696/713/696
f 697/714/697 698/715/698 747/764/747
f 747/764/747 746/763/746 697/714/697
f 698/715/698 699/716/699 748/765/748
f 748/765/748 747/764/747 698/715/698
f 699/716/699 700/717/700 749/766/749
f 749/766/749 748/765/748 699/716/699
f 700/717/700 701/718/701 750/767/750
f 750/767/750 749/766/749 700/717/700
f 701/718/701 702/719/702 751/768/751
f 751/768/751 750/767/750 701/718/701
f 702/719/702 703/720/703 752/769/752
f 752/769/752 751/768/751 702/719/702
f 703/720/703 704/721/704 753/770/753
f 753/770/753 752/769/752 703/720/703
f 704/721/704 705/722/705 754/771/754
f 754/771/754 753/770/753 704/721/704
f 705/722/705 706/723/706 755/772/755
f 755/772/755 754/771/754 705/722/705
f 707/724/707 756/773/756 755/772/755
f 755/772/755 706/723/706 707/724/707
f 757/774/757 708/725/708 758/775/758
f 758/775/758 759/776/759 757/774/757
f 708/725/708 709/726/709 760/777/760
f 760/777/760 758/775/758 708/725/708
f 709/726/709 710/727/710 761/778/761
f 761/778/761 760/777/760 709/726/709
f 710/727/710 711/728/711 762/779/762
f 762/779/762 761/778/761 710/727/710
f 711/728/711 712/729/712 763/780/763
f 763/780/763 762/779/762 711/728/711
f 712/729/712 713/730/713 764/781/764
f 764/781/764 763/780/763 712/729/712
f 713/730/713 714/731/714 765/782/765
f 765/782/765 764/781/764 713/730/713
f 714/731/714 715/732/715 766/783/766
f 766/783/766 765/782/765 714/731/714
f 715/732/715 716/733/716 767/784/767
f 767/784/767 766/783/766 715/732/715
f 716/733/716 717/734/717 768/785/768
f 768/785/768 767/784/767 716/733/716
f 717/734/717 718/735/718 769/786/769
f 769/786/769 768/785/768 717/734/717
f 718/735/718 719/736/719 770/787/770
f 770/787/770 769/786/769 718/735/718
f 719/736/719 720/737/720 771/788/771
f 771/788/771 770/787/770 719/736/719
f 720/737/720 721/738/721 772/789/772
f 772/789/772 771/788/771 720/737/720
f 721/738/721 722/739/722 773/790/773
f 773/790/773 772/789/772 721/738/721
f 722/739/722 723/740/723 774/791/774
f 774/791/774 773/790/773 722/739/722
f 723/740/723 724/741/724 775/792/775
f 775/792/775 774/791/774 723/740/723
f 724/741/724 725/742/725 776/793/776
f 776/793/776 775/792/775 724/741/724
f 725/742/725 726/743/726 777/794/777
f 777/794/777 776/793/776 725/742/725
f 726/743/726 727/744/727 778/795/778
f 778/795/778 777/794/777 726/743/726
f 727/744/727 728/745/728 779/796/779
f 779/796/779 778/795/778 727/744/727
f 728/745/728 729/746/729 780/797/780
f 780/797/780 779/796/779 728/745/728
f 729/746/729 730/747/730 781/798/781
f 781/798/781 780/797/780 729/746/729
f 730/747/730 731/748/731 782/799/782
f 782/799/782 781/798/781 730/747/730
f 731/748/731 732/749/732 783/800/783
f 783/800/783 782/799/782 731/748/731
f 732/749/732 733/750/733 784/801/784
f 784/801/784 783/800/783 732/749/732
f 733/750/733 734/751/734 785/802/785
f 785/802/785 784/801/784 733/750/733
f 734/751/734 735/752/735 786/803/786
f 786/803/786 785/802/785 734/751/734
f 735/752/735 736/753/736 787/804/787
f 787/804/787 786/803/786 735/752/735
f 736/753/736 737/754/737 788/805/788
f 788/805/788 787/804/787 736/753/736
f 737/754/737 738/755/738 789/806/789
f 789/806/789 788/805/788 737/754/737
f 738/755/738 739/756/739 790/807/790
f 790/807/790 789/806/789 738/755/738
f 739/756/739 740/757/740 791/808/791
f 791/808/791 790/807/790 739/756/739
f 740/757/740 741/758/741 792/809/792
f 792/809/792 791/808/791 740/757/740
f 741/758/741 742/759/742 793/810/793
f 793/810/793 792/809/792 741/758/741
f 742/759/742 743/760/743 794/811/794
f 794/811/794 793/810/793 742/759/742
f 743/760/743 744/761/744 795/812/795
f 795/812/795 794/811/794 743/760/743
f 744/761/744 745/762/745 796/813/796
f 796/813/796 795/812/795 744/761/744
f 745/762/745 746/763/746 797/814/797
f 797/814/797 796/813/796 745/762/745
f 746/763/746 747/764/747 798/815/798
f 798/815/798 797/814/797 746/763/746
f 747/764/747 748/765/748 799/816/799
f 799/816/799 798/815/798 747/764/747
f 748/765/748 749/766/749 800/817/800
f 800/817/800 799/816/799 748/765/748
f 749/766/749 750/767/750 801/818/801
f 801/818/801 800/817/800 749/766/749
f 750/767/750 751/768/751 802/819/802
f 802/819/802 801/818/801 750/767/750
f 751/768/751 752/769/752 803/820/803
f 803/820/803 802/819/802 751/768/751
f 752/769/752 753/770/753 804/821/804
f 804/821/804 803/820/803 752/769/752
f 753/770/753 754/771/754 805/822/805
f 805/822/805 804/821/804 753/770/753
f 754/771/754 755/772/755 806/823/806
f 806/823/806 805/822/805 754/771/754
f 806/823/806 755/772/755 756/773/756
f 756/773/756 807/824/807 806/823/806
f 758/775/758 760/777/760 809/826/809
f 809/826/809 808/825/808 758/775/758
f 760/777/760 761/778/761 810/827/810
f 810/827/810 809/826/809 760/777/760
f 761/778/761 762/779/762 811/828/811
f 811/828/811 810/827/810 761/778/761
f 762/779/762 763/780/763 812/829/812
f 812/829/812 811/828/811 762/779/762
f 763/780/763 764/781/764 813/830/813
f 813/830/813 812/829/812 763/780/763
f 764/781/764 765/782/765 814/831/814
f 814/831/814 813/830/813 764/781/764
f 765/782/765 766/783/766 815/832/815
f 815/832/815 814/831/814 765/782/765
f 766/783/766 767/784/767 816/833/816
f 816/833/816 815/832/815 766/783/766
f 767/784/767 768/785/768 817/834/817
f 817/834/817 816/833/816 767/784/767
f 768/785/768 769/786/769 818/835/818
f 818/835/818 817/834/817 768/785/768
f 769/786/769 770/787/770 819/836/819
f 819/836/819 818/835/818 769/786/769
f 770/787/770 771/788/771 820/837/820
f 820/837/820 819/836/819 770/787/770
f 771/788/771 772/789/772 821/838/821
f 821/838/821 820/837/820 771/788/771
f 772/789/772 773/790/773 822/839/822
f 822/839/822 821/838/821 772/789/772
f 773/790/773 774/791/774 823/840/823
f 823/840/823 822/839/822 773/790/773
f 774/791/774 775/792/775 824/841/824
f 824/841/824 823/840/823 774/791/774
f 775/792/775 776/793/776 825/842/825
f 825/842/825 824/841/824 775/792/775
f 776/793/776 777/794/777 826/843/826
f 826/843/826 825/842/825 776/793/776
f 777/794/777 778/795/778 827/844/827
f 827/844/827 826/843/826 777/794/777
f 778/795/778 779/796/779 828/845/828
f 828/845/828 827/844/827 778/795/778
f 779/796/779 780/797/780 829/846/829
f 829/846/829 828/845/828 779/796/779
f 780/797/780 781/798/781 830/847/830
f 830/847/830 829/846/829 780/797/780
f 781/798/781 782/799/782 831/848/831
f 831/848/831 830/847/830 781/798/781
f 782/799/782 783/800/783 832/849/832
f 832/849/832 831/848/831 782/799/782
f 783/800/783 784/801/784 833/850/833
f 833/850/833 832/849/832 783/800/783
f 784/801/784 785/802/785 834/851/834
f 834/851/834 833/850/833 784/801/784
f 785/802/785 786/803/786 835/852/835
f 835/852/835 834/851/834 785/802/785
f 786/803/786 787/804/787 836/853/836
f 836/853/836 835/852/835 786/803/786
f 787/804/787 788/805/788 837/854/837
f 837/854/837 836/853/836 787/804/787
f 788/805/788 789/806/789 838/855/838
f 838/855/838 837/854/837 788/805/788
f 789/806/789 790/807/790 839/856/839
f 839/856/839 838/855/838 789/806/789
f 790/807/790 791/808/791 840/857/840
f 840/857/840 839/856/839 790/807/790
f 791/808/791 792/809/792 841/858/841
f 841/858/841 840/857/840 791/808/791
f 792/809/792 793/810/793 842/859/842
f 842/859/842 841/858/841 792/809/792
f 793/810/793 794/811/794 843/860/843
f 843/860/843 842/859/842 793/810/793
f 794/811/794 795/812/795 844/861/844
f 844/861/844 843/860/843 794/811/794
f 795/812/795 796/813/796 845/862/845
f 845/862/845 844/861/844 795/812/795
f 796/813/796 797/814/797 846/863/846
f 846/863/846 845/862/845 796/813/796
f 797/814/797 798/815/798 847/864/847
f 847/864/847 846/863/846 797/814/797
f 798/815/798 799/816/799 848/865/848
f 848/865/848 847/864/847 798/815/798
f 799/816/799 800/817/800 849/866/849
f 849/866/849 848/865/848 799/816/799
f 800/817/800 801/818/801 850/867/850
f 850/867/850 849/866/849 800/817/800
f 801/818/801 802/819/802 851/868/851
f 851/868/851 850/867/850 801/818/801
f 802/819/802 803/820/803 852/869/852
f 852/869/852 851/868/851 802/819/802
f 803/820/803 804/821/804 853/870/853
f 853/870/853 852/869/852 803/820/803
f 804/821/804 805/822/805 854/871/854
f 854/871/854 853/870/853 804/821/804
f 806/823/806 807/824/807 855/872/855
f 805/822/805 806/823/806 855/872/855
f 854/871/854 805/822/805 855/872/855
f 856/873/856 808/825/808 857/874/857
f 808/825/808 809/826/809 858/875/858
f 857/874/857 808/825/808 858/875/858
f 857/874/857 858/875/858 859/876/859
f 809/826/809 810/827/810 860/877/860
f 860/877/860 858/875/858 809/826/809
f 810/827/810 811/828/811 861/878/861
f 861/878/861 860/877/860 810/827/810
f 811/828/811 812/829/812 862/879/862
f 862/879/862 861/878/861 811/828/811
f 812/829/812 813/830/813 863/880/863
f 863/880/863 862/879/862 812/829/812
f 813/830/813 814/831/814 864/881/864
f 864/881/864 863/880/863 813/830/813
f 814/831/814 815/832/815 865/882/865
f 865/882/865 864/881/864 814/831/814
f 815/832/815 816/833/816 866/883/866
f 866/883/866 865/882/865 815/832/815
f 816/833/816 817/834/817 867/884/867
f 867/884/867 866/883/866 816/833/816
f 817/834/817 818/835/818 868/885/868
f 868/885/868 867/884/867 817/834/817
f 818/835/818 819/836/819 869/886/869
f 869/886/869 868/885/868 818/835/818
f 819/836/819 820/837/820 870/887/870
f 870/887/870 869/886/869 819/836/819
f 820/837/820 821/838/821 871/888/871
f 871/888/871 870/887/870 820/837/820
f 821/838/821 822/839/822 872/889/872
f 872/889/872 871/888/871 821/838/821
f 822/839/822 823/840/823 873/890/873
f 873/890/873 872/889/872 822/839/822
f 823/840/823 824/841/824 874/891/874
f 874/891/874 873/890/873 823/840/823
f 824/841/824 825/842/825 875/892/875
f 875/892/875 874/891/874 824/841/824
f 825/842/825 826/843/826 876/893/876
f 876/893/876 875/892/875 825/842/825
f 826/843/826 827/844/827 877/894/877
f 877/894/877 876/893/876 826/843/826
f 827/844/827 828/845/828 878/895/878
f 878/895/878 877/894/877 827/844/827
f 828/845/828 829/846/829 879/896/879
f 879/896/879 878/895/878 828/845/828
f 829/846/829 830/847/830 880/897/880
f 880/897/880 879/896/879 829/846/829
f 830/847/830 831/848/831 881/898/881
f 881/898/881 880/897/880 830/847/830
f 831/848/831 832/849/832 882/899/882
f 882/899/882 881/898/881 831/848/831
f 832/849/832 833/850/833 883/900/883
f 883/900/883 882/899/882 832/849/832
f 833/850/833 834/851/834 884/901/884
f 884/901/884 883/900/883 833/850/833
f 834/851/834 835/852/835 885/902/885
f 885/902/885 884/901/884 834/851/834
f 835/852/835 836/853/836 886/903/886
f 886/903/886 885/902/885 835/852/835
f 836/853/836 837/854/837 887/904/887
f 887/904/887 886/903/886 836/853/836
f 837/854/837 838/855/838 888/905/888
f 888/905/888 887/904/887 837/854/837
f 838/855/838 839/856/839 889/906/889
f 889/906/889 888/905/888 838/855/838
f 839/856/839 840/857/840 890/907/890
f 890/907/890 889/906/889 839/856/839
f 840/857/840 841/858/841 891/908/891
f 891/908/891 890/907/890 840/857/840
f 841/858/841 842/859/842 892/909/892
f 892/909/892 891/908/891 841/858/841
f 842/859/842 843/860/843 893/910/893
f 893/910/893 892/909/892 842/859/842
f 843/860/843 844/861/844 894/911/894
f 894/911/894 893/910/893 843/860/843
f 844/861/844 845/862/845 895/912/895
f 895/912/895 894/911/894 844/861/844
f 845/862/845 846/863/846 896/913/896
f 896/913/896 895/912/895 845/862/845
f 846/863/846 847/864/847 897/914/897
f 897/914/897 896/913/896 846/863/846
f 847/864/847 848/865/848 898/915/898
f 898/915/898 897/914/897 847/864/847
f 848/865/848 849/866/849 899/916/899
f 899/916/899 898/915/898 848/865/848
f 849/866/849 850/867/850 900/917/900
f 900/917/900 899/916/899 849/866/849
f 850/867/850 851/868/851 901/918/901
f 901/918/901 900/917/900 850/867/850
f 851/868/851 852/869/852 902/919/902
f 902/919/902 901/918/901 851/868/851
f 852/869/852 853/870/853 903/920/903
f 903/920/903 902/919/902 852/869/852
f 853/870/853 854/871/854 904/921/904
f 904/921/904 903/920/903 853/870/853
f 858/875/858 860/877/860 906/923/906
f 906/923/906 905/922/905 858/875/858
f 861/878/861 862/879/862 908/925/908
f 908/925/908 907/924/907 861/878/861
f 863/880/863 864/881/864 910/927/910
f 863/880/863 910/927/910 911/928/911
f 909/926/909 863/880/863 911/928/911
f 864/881/864 865/882/865 912/929/912
f 912/929/912 910/927/910 864/881/864
f 865/882/865 866/883/866 913/930/913
f 913/930/913 912/929/912 865/882/865
f 866/883/866 867/884/867 914/931/914
f 914/931/914 913/930/913 866/883/866
f 868/885/868 915/932/915 916/933/916
f 867/884/867 868/885/868 916/933/916
f 914/931/914 867/884/867 916/933/916
f 869/886/869 870/887/870 918/935/918
f 918/935/918 917/934/917 869/886/869
f 870/887/870 871/888/871 919/936/919
f 918/935/918 870/887/870 919/936/919
f 918/935/918 919/936/919 920/937/920
f 871/888/871 872/889/872 921/938/921
f 921/938/921 919/936/919 871/888/871
f 872/889/872 873/890/873 922/939/922
f 922/939/922 921/938/921 872/889/872
f 873/890/873 874/891/874 923/940/923
f 923/940/923 922/939/922 873/890/873
f 874/891/874 875/892/875 924/941/924
f 924/941/924 923/940/923 874/891/874
f 875/892/875 876/893/876 925/942/925
f 925/942/925 924/941/924 875/892/875
f 876/893/876 877/894/877 926/943/926
f 926/943/926 925/942/925 876/893/876
f 877/894/877 878/895/878 927/944/927
f 927/944/927 926/943/926 877/894/877
f 878/895/878 879/896/879 928/945/928
f 928/945/928 927/944/927 878/895/878
f 879/896/879 880/897/880 929/946/929
f 929/946/929 928/945/928 879/896/879
f 880/897/880 881/898/881 930/947/930
f 930/947/930 929/946/929 880/897/880
f 881/898/881 882/899/882 931/948/931
f 931/948/931 930/947/930 881/898/881
f 882/899/882 883/900/883 932/949/932
f 932/949/932 931/948/931 882/899/882
f 883/900/883 884/901/884 933/950/933
f 933/950/933 932/949/932 883/900/883
f 884/901/884 885/902/885 934/951/934
f 934/951/934 933/950/933 884/901/884
f 885/902/885 886/903/886 935/952/935
f 935/952/935 934/951/934 885/902/885
f 886/903/886 887/904/887 936/953/936
f 936/953/936 935/952/935 886/903/886
f 887/904/887 888/905/888 937/954/937
f 937/954/937 936/953/936 887/904/887
f 888/905/888 889/906/889 938/955/938
f 938/955/938 937/954/937 888/905/888
f 889/906/889 890/907/890 939/956/939
f 939/956/939 938/955/938 889/906/889
f 890/907/890 891/908/891 940/957/940
f 940/957/940 939/956/939 890/907/890
f 891/908/891 892/909/892 941/958/941
f 941/958/941 940/957/940 891/908/891
f 892/909/892 893/910/893 942/959/942
f 942/959/942 941/958/941 892/909/892
f 894/911/894 943/960/943 944/961/944
f 893/910/893 894/911/894 944/961/944
f 942/959/942 893/910/893 944/961/944
f 896/913/896 946/963/946 947/964/947
f 895/912/895 896/913/896 947/964/947
f 945/962/945 895/912/895 947/964/947
f 896/913/896 897/914/897 948/965/948
f 948/965/948 946/963/946 896/913/896
f 897/914/897 898/915/898 949/966/949
f 949/966/949 948/965/948 897/914/897
f 899/916/899 950/967/950 951/968/951
f 898/915/898 899/916/899 951/968/951
f 949/966/949 898/915/898 951/968/951
f 952/969/952 900/917/900 901/918/901
f 901/918/901 953/970/953 952/969/952
f 954/971/954 902/919/902 903/920/903
f 903/920/903 955/972/955 954/971/954
f 910/927/910 912/929/912 957/974/957
f 957/974/957 956/973/956 910/927/910
f 957/974/957 912/929/912 913/930/913
f 913/930/913 958/975/958 957/974/957
f 958/975/958 913/930/913 914/931/914
f 914/931/914 959/976/959 958/975/958
f 919/936/919 921/938/921 961/978/961
f 961/978/961 960/977/960 919/936/919
f 961/978/961 921/938/921 922/939/922
f 961/978/961 922/939/922 962/979/962
f 961/978/961 962/979/962 963/980/963
f 922/939/922 923/940/923 964/981/964
f 964/981/964 962/979/962 922/939/922
f 923/940/923 924/941/924 965/982/965
f 965/982/965 964/981/964 923/940/923
f 924/941/924 925/942/925 966/983/966
f 966/983/966 965/982/965 924/941/924
f 925/942/925 926/943/926 967/984/967
f 967/984/967 966/983/966 925/942/925
f 926/943/926 927/944/927 968/985/968
f 968/985/968 967/984/967 926/943/926
f 927/944/927 928/945/928 969/986/969
f 969/986/969 968/985/968 927/944/927
f 928/945/928 929/946/929 970/987/970
f 970/987/970 969/986/969 928/945/928
f 929/946/929 930/947/930 971/988/971
f 971/988/971 970/987/970 929/946/929
f 930/947/930 931/948/931 972/989/972
f 972/989/972 971/988/971 930/947/930
f 931/948/931 932/949/932 973/990/973
f 973/990/973 972/989/972 931/948/931
f 932/949/932 933/950/933 974/991/974
f 974/991/974 973/990/973 932/949/932
f 933/950/933 934/951/934 975/992/975
f 975/992/975 974/991/974 933/950/933
f 934/951/934 935/952/935 976/993/976
f 976/993/976 975/992/975 934/951/934
f 935/952/935 936/953/936 977/994/977
f 977/994/977 976/993/976 935/952/935
f 936/953/936 937/954/937 978/995/978
f 978/995/978 977/994/977 936/953/936
f 937/954/937 938/955/938 979/996/979
f 979/996/979 978/995/978 937/954/937
f 939/956/939 980/997/980 981/998/981
f 938/955/938 939/956/939 981/998/981
f 979/996/979 938/955/938 981/998/981
f 982/999/982 940/957/940 941/958/941
f 941/958/941 983/1000/983 982/999/982
f 983/1000/983 941/958/941 942/959/942
f 942/959/942 984/1001/984 983/1000/983
f 946/963/946 948/965/948 986/1003/986
f 986/1003/986 985/1002/985 946/963/946
f 986/1003/986 948/965/948 949/966/949
f 949/966/949 987/1004/987 986/1003/986
f 962/979/962 964/981/964 989/1006/989
f 962/979/962 989/1006/989 990/1007/990
f 988/1005/988 962/979/962 990/1007/990
f 964/981/964 965/982/965 991/1008/991
f 991/1008/991 989/1006/989 964/981/964
f 965/982/965 966/983/966 992/1009/992
f 992/1009/992 991/1008/991 965/982/965
f 966/983/966 967/984/967 993/1010/993
f 993/1010/993 992/1009/992 966/983/966
f 967/984/967 968/985/968 994/1011/994
f 994/1011/994 993/1010/993 967/984/967
f 968/985/968 969/986/969 995/1012/995
f 995/1012/995 994/1011/994 968/985/968
f 969/986/969 970/987/970 996/1013/996
f 996/1013/996 995/1012/995 969/986/969
f 970/987/970 971/988/971 997/1014/997
f 997/1014/997 996/1013/996 970/987/970
f 971/988/971 972/989/972 998/1015/998
f 998/1015/998 997/1014/997 971/988/971
f 972/989/972 973/990/973 999/1016/999
f 999/1016/999 998/1015/998 972/989/972
f 973/990/973 974/991/974 1000/1017/1000
f 1000/1017/1000 999/1016/999 973/990/973
f 974/991/974 975/992/975 1001/1018/1001
f 1001/1018/1001 1000/1017/1000 974/991/974
f 975/992/975 976/993/976 1002/1019/1002
f 1002/1019/1002 1001/1018/1001 975/992/975
f 976/993/976 977/994/977 1003/1020/1003
f 1003/1020/1003 1002/1019/1002 976/993/976
f 977/994/977 978/995/978 1004/1021/1004
f 1004/1021/1004 1003/1020/1003 977/994/977
f 979/996/979 1005/1022/1005 1006/1023/1006
f 978/995/978 979/996/979 1006/1023/1006
f 1004/1021/1004 978/995/978 1006/1023/1006
f 990/1007/990 989/1006/989 1007/1024/1007
f 1007/1024/1007 1008/1025/1008 990/1007/990
f 989/1006/989 991/1008/991 1009/1026/1009
f 1009/1026/1009 1007/1024/1007 989/1006/989
f 991/1008/991 992/1009/992 1010/1027/1010
f 1010/1027/1010 1009/1026/1009 991/1008/991
f 992/1009/992 993/1010/993 1011/1028/1011
f 1011/1028/1011 1010/1027/1010 992/1009/992
f 993/1010/993 994/1011/994 1012/1029/1012
f 1012/1029/1012 1011/1028/1011 993/1010/993
f 994/1011/994 995/1012/995 1013/1030/1013
f 1013/1030/1013 1012/1029/1012 994/1011/994
f 995/1012/995 996/1013/996 1014/1031/1014
f 1014/1031/1014 1013/1030/1013 995/1012/995
f 996/1013/996 997/1014/997 1015/1032/1015
f 1015/1032/1015 1014/1031/1014 996/1013/996
f 997/1014/997 998/1015/998 1016/1033/1016
f 1016/1033/1016 1015/1032/1015 997/1014/997
f 998/1015/998 999/1016/999 1017/1034/1017
f 1017/1034/1017 1016/1033/1016 998/1015/998
f 999/1016/999 1000/1017/1000 1018/1035/1018
f 1018/1035/1018 1017/1034/1017 999/1016/999
f 1000/1017/1000 1001/1018/1001 1019/1036/1019
f 1019/1036/1019 1018/1035/1018 1000/1017/1000
f 1001/1018/1001 1002/1019/1002 1020/1037/1020
f 1020/1037/1020 1019/1036/1019 1001/1018/1001
f 1002/1019/1002 1003/1020/1003 1021/1038/1021
f 1021/1038/1021 1020/1037/1020 1002/1019/1002
f 1003/1020/1003 1004/1021/1004 1022/1039/1022
f 1022/1039/1022 1021/1038/1021 1003/1020/1003
f 1006/1023/1006 1023/1040/1023 1024/1041/1024
f 1004/1021/1004 1006/1023/1006 1024/1041/1024
f 1022/1039/1022 1004/1021/1004 1024/1041/1024
f 1024/1041/1024 1023/1040/1023 1025/1042/1025
f 1026/1043/1026 1027/1044/1027 1028/1045/1028
f 1026/1043/1026 1029/1046/1029 1030/1047/1030
f 1030/1047/1030 1027/1044/1027 1026/1043/1026
f 1030/1047/1030 1029/1046/1029 1031/1048/1031
f 1031/1048/1031 1032/1049/1032 1030/1047/1030
f 1031/1048/1031 1033/1050/1033 1034/1051/1034
f 1034/1051/1034 1032/1049/1032 1031/1048/1031
f 1033/1050/1033 1035/1052/1035 1036/1053/1036
f 1036/1053/1036 1034/1051/1034 1033/1050/1033
f 1035/1052/1035 1037/1054/1037 1038/1055/1038
f 1038/1055/1038 1036/1053/1036 1035/1052/1035
f 1037/1054/1037 1039/1056/1039 1040/1057/1040
f 1040/1057/1040 1038/1055/1038 1037/1054/1037
f 1039/1056/1039 1041/1058/1041 1042/1059/1042
f 1042/1059/1042 1040/1057/1040 1039/1056/1039
f 1042/1059/1042 1041/1058/1041 1043/1060/1043
f 1043/1060/1043 1044/1061/1044 1042/1059/1042
f 1043/1060/1043 1045/1062/1045 1046/1063/1046
f 1046/1063/1046 1044/1061/1044 1043/1060/1043
f 1046/1063/1046 1045/1062/1045 1047/1064/1047
f 1047/1064/1047 1048/1065/1048 1046/1063/1046
f 1047/1064/1047 1049/1066/1049 1050/1067/1050
f 1050/1067/1050 1048/1065/1048 1047/1064/1047
f 1050/1067/1050 1049/1066/1049 1008/1025/1008
f 1050/1067/1050 1008/1025/1008 1007/1024/1007
f 1050/1067/1050 1007/1024/1007 1051/1068/1051
f 1007/1024/1007 1009/1026/1009 1052/1069/1052
f 1052/1069/1052 1051/1068/1051 1007/1024/1007
f 1009/1026/1009 1010/1027/1010 1053/1070/1053
f 1053/1070/1053 1052/1069/1052 1009/1026/1009
f 1010/1027/1010 1011/1028/1011 1054/1071/1054
f 1054/1071/1054 1053/1070/1053 1010/1027/1010
f 1011/1028/1011 1012/1029/1012 1055/1072/1055
f 1055/1072/1055 1054/1071/1054 1011/1028/1011
f 1012/1029/1012 1013/1030/1013 1056/1073/1056
f 1056/1073/1056 1055/1072/1055 1012/1029/1012
f 1013/1030/1013 1014/1031/1014 1057/1074/1057
f 1057/1074/1057 1056/1073/1056 1013/1030/1013
f 1014/1031/1014 1015/1032/1015 1058/1075/1058
f 1058/1075/1058 1057/1074/1057 1014/1031/1014
f 1015/1032/1015 1016/1033/1016 1059/1076/1059
f 1059/1076/1059 1058/1075/1058 1015/1032/1015
f 1016/1033/1016 1017/1034/1017 1060/1077/1060
f 1060/1077/1060 1059/1076/1059 1016/1033/1016
f 1017/1034/1017 1018/1035/1018 1061/1078/1061
f 1061/1078/1061 1060/1077/1060 1017/1034/1017
f 1018/1035/1018 1019/1036/1019 1062/1079/1062
f 1062/1079/1062 1061/1078/1061 1018/1035/1018
f 1019/1036/1019 1020/1037/1020 1063/1080/1063
f 1063/1080/1063 1062/1079/1062 1019/1036/1019
f 1020/1037/1020 1021/1038/1021 1064/1081/1064
f 1064/1081/1064 1063/1080/1063 1020/1037/1020
f 1021/1038/1021 1022/1039/1022 1065/1082/1065
f 1065/1082/1065 1064/1081/1064 1021/1038/1021
f 1022/1039/1022 1024/1041/1024 1066/1083/1066
f 1066/1083/1066 1065/1082/1065 1022/1039/1022
f 1066/1083/1066 1024/1041/1024 1025/1042/1025
f 1066/1083/1066 1025/1042/1025 1067/1084/1067
f 1066/1083/1066 1067/1084/1067 1068/1085/1068
f 1067/1084/1067 1069/1086/1069 1070/1087/1070
f 1070/1087/1070 1068/1085/1068 1067/1084/1067
f 1069/1086/1069 1071/1088/1071 1072/1089/1072
f 1072/1089/1072 1070/1087/1070 1069/1086/1069
f 1071/1088/1071 1073/1090/1073 1074/1091/1074
f 1074/1091/1074 1072/1089/1072 1071/1088/1071
f 1073/1090/1073 1075/1092/1075 1076/1093/1076
f 1076/1093/1076 1074/1091/1074 1073/1090/1073
f 1075/1092/1075 1077/1094/1077 1078/1095/1078
f 1078/1095/1078 1076/1093/1076 1075/1092/1075
f 1077/1094/1077 1079/1096/1079 1080/1097/1080
f 1080/1097/1080 1078/1095/1078 1077/1094/1077
f 1079/1096/1079 1081/1098/1081 1082/1099/1082
f 1082/1099/1082 1080/1097/1080 1079/1096/1079
f 1082/1099/1082 1081/1098/1081 1083/1100/1083
f 1084/1101/1084 1085/1102/1085 1086/1103/1086
f 1085/1102/1085 1084/1101/1084 1087/1104/1087
f 1087/1104/1087 1088/1105/1088 1085/1102/1085
f 1088/1105/1088 1087/1104/1087 1089/1106/1089
f 1089/1106/1089 1090/1107/1090 1088/1105/1088
f 1090/1107/1090 1089/1106/1089 1028/1045/1028
f 1090/1107/1090 1028/1045/1028 1027/1044/1027
f 1090/1107/1090 1027/1044/1027 1091/1108/1091
f 1027/1044/1027 1030/1047/1030 1092/1109/1092
f 1092/1109/1092 1091/1108/1091 1027/1044/1027
f 1030/1047/1030 1032/1049/1032 1093/1110/1093
f 1093/1110/1093 1092/1109/1092 1030/1047/1030
f 1032/1049/1032 1034/1051/1034 1094/1111/1094
f 1094/1111/1094 1093/1110/1093 1032/1049/1032
f 1034/1051/1034 1036/1053/1036 1095/1112/1095
f 1095/1112/1095 1094/1111/1094 1034/1051/1034
f 1036/1053/1036 1038/1055/1038 1096/1113/1096
f 1096/1113/1096 1095/1112/1095 1036/1053/1036
f 1038/1055/1038 1040/1057/1040 1097/1114/1097
f 1097/1114/1097 1096/1113/1096 1038/1055/1038
f 1040/1057/1040 1042/1059/1042 1098/1115/1098
f 1098/1115/1098 1097/1114/1097 1040/1057/1040
f 1042/1059/1042 1044/1061/1044 1099/1116/1099
f 1099/1116/1099 1098/1115/1098 1042/1059/1042
f 1044/1061/1044 1046/1063/1046 1100/1117/1100
f 1100/1117/1100 1099/1116/1099 1044/1061/1044
f 1046/1063/1046 1048/1065/1048 1101/1118/1101
f 1101/1118/1101 1100/1117/1100 1046/1063/1046
f 1048/1065/1048 1050/1067/1050 1102/1119/1102
f 1102/1119/1102 1101/1118/1101 1048/1065/1048
f 1050/1067/1050 1051/1068/1051 1103/1120/1103
f 1103/1120/1103 1102/1119/1102 1050/1067/1050
f 1051/1068/1051 1052/1069/1052 1104/1121/1104
f 1104/1121/1104 1103/1120/1103 1051/1068/1051
f 1052/1069/1052 1053/1070/1053 1105/1122/1105
f 1105/1122/1105 1104/1121/1104 1052/1069/1052
f 1053/1070/1053 1054/1071/1054 1106/1123/1106
f 1106/1123/1106 1105/1122/1105 1053/1070/1053
f 1054/1071/1054 1055/1072/1055 1107/1124/1107
f 1107/1124/1107 1106/1123/1106 1054/1071/1054
f 1055/1072/1055 1056/1073/1056 1108/1125/1108
f 1108/1125/1108 1107/1124/1107 1055/1072/1055
f 1056/1073/1056 1057/1074/1057 1109/1126/1109
f 1109/1126/1109 1108/1125/1108 1056/1073/1056
f 1057/1074/1057 1058/1075/1058 1110/1127/1110
f 1110/1127/1110 1109/1126/1109 1057/1074/1057
f 1058/1075/1058 1059/1076/1059 1111/1128/1111
f 1111/1128/1111 1110/1127/1110 1058/1075/1058
f 1059/1076/1059 1060/1077/1060 1112/1129/1112
f 1112/1129/1112 1111/1128/1111 1059/1076/1059
f 1060/1077/1060 1061/1078/1061 1113/1130/1113
f 1113/1130/1113 1112/1129/1112 1060/1077/1060
f 1061/1078/1061 1062/1079/1062 1114/1131/1114
f 1114/1131/1114 1113/1130/1113 1061/1078/1061
f 1062/1079/1062 1063/1080/1063 1115/1132/1115
f 1115/1132/1115 1114/1131/1114 1062/1079/1062
f 1063/1080/1063 1064/1081/1064 1116/1133/1116
f 1116/1133/1116 1115/1132/1115 1063/1080/1063
f 1064/1081/1064 1065/1082/1065 1117/1134/1117
f 1117/1134/1117 1116/1133/1116 1064/1081/1064
f 1065/1082/1065 1066/1083/1066 1118/1135/1118
f 1118/1135/1118 1117/1134/1117 1065/1082/1065
f 1066/1083/1066 1068/1085/1068 1119/1136/1119
f 1119/1136/1119 1118/1135/1118 1066/1083/1066
f 1068/1085/1068 1070/1087/1070 1120/1137/1120
f 1120/1137/1120 1119/1136/1119 1068/1085/1068
f 1070/1087/1070 1072/1089/1072 1121/1138/1121
f 1121/1138/1121 1120/1137/1120 1070/1087/1070
f 1072/1089/1072 1074/1091/1074 1122/1139/1122
f 1122/1139/1122 1121/1138/1121 1072/1089/1072
f 1074/1091/1074 1076/1093/1076 1123/1140/1123
f 1123/1140/1123 1122/1139/1122 1074/1091/1074
f 1076/1093/1076 1078/1095/1078 1124/1141/1124
f 1124/1141/1124 1123/1140/1123 1076/1093/1076
f 1078/1095/1078 1080/1097/1080 1125/1142/1125
f 1125/1142/1125 1124/1141/1124 1078/1095/1078
f 1080/1097/1080 1082/1099/1082 1126/1143/1126
f 1126/1143/1126 1125/1142/1125 1080/1097/1080
f 1126/1143/1126 1082/1099/1082 1083/1100/1083
f 1083/1100/1083 1127/1144/1127 1128/1145/1128
f 1126/1143/1126 1083/1100/1083 1128/1145/1128
f 1127/1144/1127 1129/1146/1129 1130/1147/1130
f 1130/1147/1130 1128/1145/1128 1127/1144/1127
f 1129/1146/1129 1131/1148/1131 1132/1149/1132
f 1132/1149/1132 1130/1147/1130 1129/1146/1129
f 1131/1148/1131 1133/1150/1133 1134/1151/1134
f 1134/1151/1134 1132/1149/1132 1131/1148/1131
f 1133/1150/1133 1135/1152/1135 1136/1153/1136
f 1136/1153/1136 1134/1151/1134 1133/1150/1133
f 1135/1152/1135 1137/1154/1137 1138/1155/1138
f 1138/1155/1138 1136/1153/1136 1135/1152/1135
f 1138/1155/1138 1137/1154/1137 1139/1156/1139
f 1140/1157/1140 1141/1158/1141 1142/1159/1142
f 1141/1158/1141 1140/1157/1140 1086/1103/1086
f 1141/1158/1141 1086/1103/1086 1085/1102/1085
f 1141/1158/1141 1085/1102/1085 1143/1160/1143
f 1085/1102/1085 1088/1105/1088 1144/1161/1144
f 1144/1161/1144 1143/1160/1143 1085/1102/1085
f 1088/1105/1088 1090/1107/1090 1145/1162/1145
f 1145/1162/1145 1144/1161/1144 1088/1105/1088
f 1090/1107/1090 1091/1108/1091 1146/1163/1146
f 1146/1163/1146 1145/1162/1145 1090/1107/1090
f 1091/1108/1091 1092/1109/1092 1147/1164/1147
f 1147/1164/1147 1146/1163/1146 1091/1108/1091
f 1092/1109/1092 1093/1110/1093 1148/1165/1148
f 1148/1165/1148 1147/1164/1147 1092/1109/1092
f 1093/1110/1093 1094/1111/1094 1149/1166/1149
f 1149/1166/1149 1148/1165/1148 1093/1110/1093
f 1094/1111/1094 1095/1112/1095 1150/1167/1150
f 1150/1167/1150 1149/1166/1149 1094/1111/1094
f 1095/1112/1095 1096/1113/1096 1151/1168/1151
f 1151/1168/1151 1150/1167/1150 1095/1112/1095
f 1096/1113/1096 1097/1114/1097 1152/1169/1152
f 1152/1169/1152 1151/1168/1151 1096/1113/1096
f 1097/1114/1097 1098/1115/1098 1153/1170/1153
f 1153/1170/1153 1152/1169/1152 1097/1114/1097
f 1098/1115/1098 1099/1116/1099 1154/1171/1154
f 1154/1171/1154 1153/1170/1153 1098/1115/1098
f 1099/1116/1099 1100/1117/1100 1155/1172/1155
f 1155/1172/1155 1154/1171/1154 1099/1116/1099
f 1100/1117/1100 1101/1118/1101 1156/1173/1156
f 1156/1173/1156 1155/1172/1155 1100/1117/1100
f 1101/1118/1101 1102/1119/1102 1157/1174/1157
f 1157/1174/1157 1156/1173/1156 1101/1118/1101
f 1102/1119/1102 1103/1120/1103 1158/1175/1158
f 1158/1175/1158 1157/1174/1157 1102/1119/1102
f 1103/1120/1103 1104/1121/1104 1159/1176/1159
f 1159/1176/1159 1158/1175/1158 1103/1120/1103
f 1104/1121/1104 1105/1122/1105 1160/1177/1160
f 1160/1177/1160 1159/1176/1159 1104/1121/1104
f 1105/1122/1105 1106/1123/1106 1161/1178/1161
f 1161/1178/1161 1160/1177/1160 1105/1122/1105
f 1106/1123/1106 1107/1124/1107 1162/1179/1162
f 1162/1179/1162 1161/1178/1161 1106/1123/1106
f 1107/1124/1107 1108/1125/1108 1163/1180/1163
f 1163/1180/1163 1162/1179/1162 1107/1124/1107
f 1108/1125/1108 1109/1126/1109 1164/1181/1164
f 1164/1181/1164 1163/1180/1163 1108/1125/1108
f 1109/1126/1109 1110/1127/1110 1165/1182/1165
f 1165/1182/1165 1164/1181/1164 1109/1126/1109
f 1110/1127/1110 1111/1128/1111 1166/1183/1166
f 1166/1183/1166 1165/1182/1165 1110/1127/1110
f 1111/1128/1111 1112/1129/1112 1167/1184/1167
f 1167/1184/1167 1166/1183/1166 1111/1128/1111
f 1112/1129/1112 1113/1130/1113 1168/1185/1168
f 1168/1185/1168 1167/1184/1167 1112/1129/1112
f 1113/1130/1113 1114/1131/1114 1169/1186/1169
f 1169/1186/1169 1168/1185/1168 1113/1130/1113
f 1114/1131/1114 1115/1132/1115 1170/1187/1170
f 1170/1187/1170 1169/1186/1169 1114/1131/1114
f 1115/1132/1115 1116/1133/1116 1171/1188/1171
f 1171/1188/1171 1170/1187/1170 1115/1132/1115
f 1116/1133/1116 1117/1134/1117 1172/1189/1172
f 1172/1189/1172 1171/1188/1171 1116/1133/1116
f 1117/1134/1117 1118/1135/1118 1173/1190/1173
f 1173/1190/1173 1172/1189/1172 1117/1134/1117
f 1118/1135/1118 1119/1136/1119 1174/1191/1174
f 1174/1191/1174 1173/1190/1173 1118/1135/1118
f 1119/1136/1119 1120/1137/1120 1175/1192/1175
f 1175/1192/1175 1174/1191/1174 1119/1136/1119
f 1120/1137/1120 1121/1138/1121 1176/1193/1176
f 1176/1193/1176 1175/1192/1175 1120/1137/1120
f 1121/1138/1121 1122/1139/1122 1177/1194/1177
f 1177/1194/1177 1176/1193/1176 1121/1138/1121
f 1122/1139/1122 1123/1140/1123 1178/1195/1178
f 1178/1195/1178 1177/1194/1177 1122/1139/1122
f 1123/1140/1123 1124/1141/1124 1179/1196/1179
f 1179/1196/1179 1178/1195/1178 1123/1140/1123
f 1124/1141/1124 1125/1142/1125 1180/1197/1180
f 1180/1197/1180 1179/1196/1179 1124/1141/1124
f 1125/1142/1125 1126/1143/1126 1181/1198/1181
f 1181/1198/1181 1180/1197/1180 1125/1142/1125
f 1126/1143/1126 1128/1145/1128 1182/1199/1182
f 1182/1199/1182 1181/1198/1181 1126/1143/1126
f 1128/1145/1128 1130/1147/1130 1183/1200/1183
f 1183/1200/1183 1182/1199/1182 1128/1145/1128
f 1130/1147/1130 1132/1149/1132 1184/1201/1184
f 1184/1201/1184 1183/1200/1183 1130/1147/1130
f 1132/1149/1132 1134/1151/1134 1185/1202/1185
f 1185/1202/1185 1184/1201/1184 1132/1149/1132
f 1134/1151/1134 1136/1153/1136 1186/1203/1186
f 1186/1203/1186 1185/1202/1185 1134/1151/1134
f 1136/1153/1136 1138/1155/1138 1187/1204/1187
f 1187/1204/1187 1186/1203/1186 1136/1153/1136
f 1139/1156/1139 1188/1205/1188 1189/1206/1189
f 1138/1155/1138 1139/1156/1139 1189/1206/1189
f 1187/1204/1187 1138/1155/1138 1189/1206/1189
f 1189/1206/1189 1188/1205/1188 1190/1207/1190
f 1191/1208/1191 1192/1209/1192 1193/1210/1193
f 1192/1209/1192 1191/1208/1191 1142/1159/1142
f 1192/1209/1192 1142/1159/1142 1141/1158/1141
f 1192/1209/1192 1141/1158/1141 1194/1211/1194
f 1141/1158/1141 1143/1160/1143 1195/1212/1195
f 1195/1212/1195 1194/1211/1194 1141/1158/1141
f 1143/1160/1143 1144/1161/1144 1196/1213/1196
f 1196/1213/1196 1195/1212/1195 1143/1160/1143
f 1144/1161/1144 1145/1162/1145 1197/1214/1197
f 1197/1214/1197 1196/1213/1196 1144/1161/1144
f 1145/1162/1145 1146/1163/1146 1198/1215/1198
f 1198/1215/1198 1197/1214/1197 1145/1162/1145
f 1146/1163/1146 1147/1164/1147 1199/1216/1199
f 1199/1216/1199 1198/1215/1198 1146/1163/1146
f 1147/1164/1147 1148/1165/1148 1200/1217/1200
f 1200/1217/1200 1199/1216/1199 1147/1164/1147
f 1148/1165/1148 1149/1166/1149 1201/1218/1201
f 1201/1218/1201 1200/1217/1200 1148/1165/1148
f 1149/1166/1149 1150/1167/1150 1202/1219/1202
f 1202/1219/1202 1201/1218/1201 1149/1166/1149
f 1150/1167/1150 1151/1168/1151 1203/1220/1203
f 1203/1220/1203 1202/1219/1202 1150/1167/1150
f 1151/1168/1151 1152/1169/1152 1204/1221/1204
f 1204/1221/1204 1203/1220/1203 1151/1168/1151
f 1152/1169/1152 1153/1170/1153 1205/1222/1205
f 1205/1222/1205 1204/1221/1204 1152/1169/1152
f 1153/1170/1153 1154/1171/1154 1206/1223/1206
f 1206/1223/1206 1205/1222/1205 1153/1170/1153
f 1154/1171/1154 1155/1172/1155 1207/1224/1207
f 1207/1224/1207 1206/1223/1206 1154/1171/1154
f 1155/1172/1155 1156/1173/1156 1208/1225/1208
f 1208/1225/1208 1207/1224/1207 1155/1172/1155
f 1156/1173/1156 1157/1174/1157 1209/1226/1209
f 1209/1226/1209 1208/1225/1208 1156/1173/1156
f 1157/1174/1157 1158/1175/1158 1210/1227/1210
f 1210/1227/1210 1209/1226/1209 1157/1174/1157
f 1158/1175/1158 1159/1176/1159 1211/1228/1211
f 1211/1228/1211 1210/1227/1210 1158/1175/1158
f 1159/1176/1159 1160/1177/1160 1212/1229/1212
f 1212/1229/1212 1211/1228/1211 1159/1176/1159
f 1160/1177/1160 1161/1178/1161 1213/1230/1213
f 1213/1230/1213 1212/1229/1212 1160/1177/1160
f 1161/1178/1161 1162/1179/1162 1214/1231/1214
f 1214/1231/1214 1213/1230/1213 1161/1178/1161
f 1162/1179/1162 1163/1180/1163 1215/1232/1215
f 1215/1232/1215 1214/1231/1214 1162/1179/1162
f 1163/1180/1163 1164/1181/1164 1216/1233/1216
f 1216/1233/1216 1215/1232/1215 1163/1180/1163
f 1164/1181/1164 1165/1182/1165 1217/1234/1217
f 1217/1234/1217 1216/1233/1216 1164/1181/1164
f 1165/1182/1165 1166/1183/1166 1218/1235/1218
f 1218/1235/1218 1217/1234/1217 1165/1182/1165
f 1166/1183/1166 1167/1184/1167 1219/1236/1219
f 1219/1236/1219 1218/1235/1218 1166/1183/1166
f 1167/1184/1167 1168/1185/1168 1220/1237/1220
f 1220/1237/1220 1219/1236/1219 1167/1184/1167
f 1168/1185/1168 1169/1186/1169 1221/1238/1221
f 1221/1238/1221 1220/1237/1220 1168/1185/1168
f 1169/1186/1169 1170/1187/1170 1222/1239/1222
f 1222/1239/1222 1221/1238/1221 1169/1186/1169
f 1170/1187/1170 1171/1188/1171 1223/1240/1223
f 1223/1240/1223 1222/1239/1222 1170/1187/1170
f 1171/1188/1171 1172/1189/1172 1224/1241/1224
f 1224/1241/1224 1223/1240/1223 1171/1188/1171
f 1172/1189/1172 1173/1190/1173 1225/1242/1225
f 1225/1242/1225 1224/1241/1224 1172/1189/1172
f 1173/1190/1173 1174/1191/1174 1226/1243/1226
f 1226/1243/1226 1225/1242/1225 1173/1190/1173
f 1174/1191/1174 1175/1192/1175 1227/1244/1227
f 1227/1244/1227 1226/1243/1226 1174/1191/1174
f 1175/1192/1175 1176/1193/1176 1228/1245/1228
f 1228/1245/1228 1227/1244/1227 1175/1192/1175
f 1176/1193/1176 1177/1194/1177 1229/1246/1229
f 1229/1246/1229 1228/1245/1228 1176/1193/1176
f 1177/1194/1177 1178/1195/1178 1230/1247/1230
f 1230/1247/1230 1229/1246/1229 1177/1194/1177
f 1178/1195/1178 1179/1196/1179 1231/1248/1231
f 1231/1248/1231 1230/1247/1230 1178/1195/1178
f 1179/1196/1179 1180/1197/1180 1232/1249/1232
f 1232/1249/1232 1231/1248/1231 1179/1196/1179
f 1180/1197/1180 1181/1198/1181 1233/1250/1233
f 1233/1250/1233 1232/1249/1232 1180/1197/1180
f 1181/1198/1181 1182/1199/1182 1234/1251/1234
f 1234/1251/1234 1233/1250/1233 1181/1198/1181
f 1182/1199/1182 1183/1200/1183 1235/1252/1235
f 1235/1252/1235 1234/1251/1234 1182/1199/1182
f 1183/1200/1183 1184/1201/1184 1236/1253/1236
f 1236/1253/1236 1235/1252/1235 1183/1200/1183
f 1184/1201/1184 1185/1202/1185 1237/1254/1237
f 1237/1254/1237 1236/1253/1236 1184/1201/1184
f 1185/1202/1185 1186/1203/1186 1238/1255/1238
f 1238/1255/1238 1237/1254/1237 1185/1202/1185
f 1186/1203/1186 1187/1204/1187 1239/1256/1239
f 1239/1256/1239 1238/1255/1238 1186/1203/1186
f 1187/1204/1187 1189/1206/1189 1240/1257/1240
f 1240/1257/1240 1239/1256/1239 1187/1204/1187
f 1190/1207/1190 1241/1258/1241 1242/1259/1242
f 1189/1206/1189 1190/1207/1190 1242/1259/1242
f 1240/1257/1240 1189/1206/1189 1242/1259/1242
f 1242/1259/1242 1241/1258/1241 1243/1260/1243
f 1193/1210/1193 1192/1209/1192 1244/1261/1244
f 1244/1261/1244 1245/1262/1245 1193/1210/1193
f 1192/1209/1192 1194/1211/1194 1246/1263/1246
f 1246/1263/1246 1244/1261/1244 1192/1209/1192
f 1194/1211/1194 1195/1212/1195 1247/1264/1247
f 1247/1264/1247 1246/1263/1246 1194/1211/1194
f 1195/1212/1195 1196/1213/1196 1248/1265/1248
f 1248/1265/1248 1247/1264/1247 1195/1212/1195
f 1196/1213/1196 1197/1214/1197 1249/1266/1249
f 1249/1266/1249 1248/1265/1248 1196/1213/1196
f 1197/1214/1197 1198/1215/1198 1250/1267/1250
f 1250/1267/1250 1249/1266/1249 1197/1214/1197
f 1198/1215/1198 1199/1216/1199 1251/1268/1251
f 1251/1268/1251 1250/1267/1250 1198/1215/1198
f 1199/1216/1199 1200/1217/1200 1252/1269/1252
f 1252/1269/1252 1251/1268/1251 1199/1216/1199
f 1200/1217/1200 1201/1218/1201 1253/1270/1253
f 1253/1270/1253 1252/1269/1252 1200/1217/1200
f 1201/1218/1201 1202/1219/1202 1254/1271/1254
f 1254/1271/1254 1253/1270/1253 1201/1218/1201
f 1202/1219/1202 1203/1220/1203 1255/1272/1255
f 1255/1272/1255 1254/1271/1254 1202/1219/1202
f 1203/1220/1203 1204/1221/1204 1256/1273/1256
f 1256/1273/1256 1255/1272/1255 1203/1220/1203
f 1204/1221/1204 1205/1222/1205 1257/1274/1257
f 1257/1274/1257 1256/1273/1256 1204/1221/1204
f 1205/1222/1205 1206/1223/1206 1258/1275/1258
f 1258/1275/1258 1257/1274/1257 1205/1222/1205
f 1206/1223/1206 1207/1224/1207 1259/1276/1259
f 1259/1276/1259 1258/1275/1258 1206/1223/1206
f 1207/1224/1207 1208/1225/1208 1260/1277/1260
f 1260/1277/1260 1259/1276/1259 1207/1224/1207
f 1208/1225/1208 1209/1226/1209 1261/1278/1261
f 1261/1278/1261 1260/1277/1260 1208/1225/1208
f 1209/1226/1209 1210/1227/1210 1262/1279/1262
f 1262/1279/1262 1261/1278/1261 1209/1226/1209
f 1210/1227/1210 1211/1228/1211 1263/1280/1263
f 1263/1280/1263 1262/1279/1262 1210/1227/1210
f 1211/1228/1211 1212/1229/1212 1264/1281/1264
f 1264/1281/1264 1263/1280/1263 1211/1228/1211
f 1212/1229/1212 1213/1230/1213 1265/1282/1265
f 1265/1282/1265 1264/1281/1264 1212/1229/1212
f 1213/1230/1213 1214/1231/1214 1266/1283/1266
f 1266/1283/1266 1265/1282/1265 1213/1230/1213
f 1214/1231/1214 1215/1232/1215 1267/1284/1267
f 1267/1284/1267 1266/1283/1266 1214/1231/1214
f 1215/1232/1215 1216/1233/1216 1268/1285/1268
f 1268/1285/1268 1267/1284/1267 1215/1232/1215
f 1216/1233/1216 1217/1234/1217 1269/1286/1269
f 1269/1286/1269 1268/1285/1268 1216/1233/1216
f 1217/1234/1217 1218/1235/1218 1270/1287/1270
f 1270/1287/1270 1269/1286/1269 1217/1234/1217
f 1218/1235/1218 1219/1236/1219 1271/1288/1271
f 1271/1288/1271 1270/1287/1270 1218/1235/1218
f 1219/1236/1219 1220/1237/1220 1272/1289/1272
f 1272/1289/1272 1271/1288/1271 1219/1236/1219
f 1220/1237/1220 1221/1238/1221 1273/1290/1273
f 1273/1290/1273 1272/1289/1272 1220/1237/1220
f 1221/1238/1221 1222/1239/1222 1274/1291/1274
f 1274/1291/1274 1273/1290/1273 1221/1238/1221
f 1222/1239/1222 1223/1240/1223 1275/1292/1275
f 1275/1292/1275 1274/1291/1274 1222/1239/1222
f 1223/1240/1223 1224/1241/1224 1276/1293/1276
f 1276/1293/1276 1275/1292/1275 1223/1240/1223
f 1224/1241/1224 1225/1242/1225 1277/1294/1277
f 1277/1294/1277 1276/1293/1276 1224/1241/1224
f 1225/1242/1225 1226/1243/1226 1278/1295/1278
f 1278/1295/1278 1277/1294/1277 1225/1242/1225
f 1226/1243/1226 1227/1244/1227 1279/1296/1279
f 1279/1296/1279 1278/1295/1278 1226/1243/1226
f 1227/1244/1227 1228/1245/1228 1280/1297/1280
f 1280/1297/1280 1279/1296/1279 1227/1244/1227
f 1228/1245/1228 1229/1246/1229 1281/1298/1281
f 1281/1298/1281 1280/1297/1280 1228/1245/1228
f 1229/1246/1229 1230/1247/1230 1282/1299/1282
f 1282/1299/1282 1281/1298/1281 1229/1246/1229
f 1230/1247/1230 1231/1248/1231 1283/1300/1283
f 1283/1300/1283 1282/1299/1282 1230/1247/1230
f 1231/1248/1231 1232/1249/1232 1284/1301/1284
f 1284/1301/1284 1283/1300/1283 1231/1248/1231
f 1232/1249/1232 1233/1250/1233 1285/1302/1285
f 1285/1302/1285 1284/1301/1284 1232/1249/1232
f 1233/1250/1233 1234/1251/1234 1286/1303/1286
f 1286/1303/1286 1285/1302/1285 1233/1250/1233
f 1234/1251/1234 1235/1252/1235 1287/1304/1287
f 1287/1304/1287 1286/1303/1286 1234/1251/1234
f 1235/1252/1235 1236/1253/1236 1288/1305/1288
f 1288/1305/1288 1287/1304/1287 1235/1252/1235
f 1236/1253/1236 1237/1254/1237 1289/1306/1289
f 1289/1306/1289 1288/1305/1288 1236/1253/1236
f 1237/1254/1237 1238/1255/1238 1290/1307/1290
f 1290/1307/1290 1289/1306/1289 1237/1254/1237
f 1238/1255/1238 1239/1256/1239 1291/1308/1291
f 1291/1308/1291 1290/1307/1290 1238/1255/1238
f 1239/1256/1239 1240/1257/1240 1292/1309/1292
f 1292/1309/1292 1291/1308/1291 1239/1256/1239
f 1240/1257/1240 1242/1259/1242 1293/1310/1293
f 1293/1310/1293 1292/1309/1292 1240/1257/1240
f 1243/1260/1243 1294/1311/1294 1293/1310/1293
f 1293/1310/1293 1242/1259/1242 1243/1260/1243
f 1245/1262/1245 1244/1261/1244 1295/1312/1295
f 1295/1312/1295 1296/1313/1296 1245/1262/1245
f 1244/1261/1244 1246/1263/1246 1297/1314/1297
f 1297/1314/1297 1295/1312/1295 1244/1261/1244
f 1246/1263/1246 1247/1264/1247 1298/1315/1298
f 1298/1315/1298 1297/1314/1297 1246/1263/1246
f 1247/1264/1247 1248/1265/1248 1299/1316/1299
f 1299/1316/1299 1298/1315/1298 1247/1264/1247
f 1248/1265/1248 1249/1266/1249 1300/1317/1300
f 1300/1317/1300 1299/1316/1299 1248/1265/1248
f 1249/1266/1249 1250/1267/1250 1301/1318/1301
f 1301/1318/1301 1300/1317/1300 1249/1266/1249
f 1250/1267/1250 1251/1268/1251 1302/1319/1302
f 1302/1319/1302 1301/1318/1301 1250/1267/1250
f 1251/1268/1251 1252/1269/1252 1303/1320/1303
f 1303/1320/1303 1302/1319/1302 1251/1268/1251
f 1252/1269/1252 1253/1270/1253 1304/1321/1304
f 1304/1321/1304 1303/1320/1303 1252/1269/1252
f 1253/1270/1253 1254/1271/1254 1305/1322/1305
f 1305/1322/1305 1304/1321/1304 1253/1270/1253
f 1254/1271/1254 1255/1272/1255 1306/1323/1306
f 1306/1323/1306 1305/1322/1305 1254/1271/1254
f 1255/1272/1255 1256/1273/1256 1307/1324/1307
f 1307/1324/1307 1306/1323/1306 1255/1272/1255
f 1256/1273/1256 1257/1274/1257 1308/1325/1308
f 1308/1325/1308 1307/1324/1307 1256/1273/1256
f 1257/1274/1257 1258/1275/1258 1309/1326/1309
f 1309/1326/1309 1308/1325/1308 1257/1274/1257
f 1258/1275/1258 1259/1276/1259 1310/1327/1310
f 1310/1327/1310 1309/1326/1309 1258/1275/1258
f 1259/1276/1259 1260/1277/1260 1311/1328/1311
f 1311/1328/1311 1310/1327/1310 1259/1276/1259
f 1260/1277/1260 1261/1278/1261 1312/1329/1312
f 1312/1329/1312 1311/1328/1311 1260/1277/1260
f 1261/1278/1261 1262/1279/1262 1313/1330/1313
f 1313/1330/1313 1312/1329/1312 1261/1278/1261
f 1262/1279/1262 1263/1280/1263 1314/1331/1314
f 1314/1331/1314 1313/1330/1313 1262/1279/1262
f 1263/1280/1263 1264/1281/1264 1315/1332/1315
f 1315/1332/1315 1314/1331/1314 1263/1280/1263
f 1264/1281/1264 1265/1282/1265 1316/1333/1316
f 1316/1333/1316 1315/1332/1315 1264/1281/1264
f 1265/1282/1265 1266/1283/1266 1317/1334/1317
f 1317/1334/1317 1316/1333/1316 1265/1282/1265
f 1266/1283/1266 1267/1284/1267 1318/1335/1318
f 1318/1335/1318 1317/1334/1317 1266/1283/1266
f 1267/1284/1267 1268/1285/1268 1319/1336/1319
f 1319/1336/1319 1318/1335/1318 1267/1284/1267
f 1268/1285/1268 1269/1286/1269 1320/1337/1320
f 1320/1337/1320 1319/1336/1319 1268/1285/1268
f 1269/1286/1269 1270/1287/1270 1321/1338/1321
f 1321/1338/1321 1320/1337/1320 1269/1286/1269
f 1270/1287/1270 1271/1288/1271 1322/1339/1322
f 1322/1339/1322 1321/1338/1321 1270/1287/1270
f 1271/1288/1271 1272/1289/1272 1323/1340/1323
f 1323/1340/1323 1322/1339/1322 1271/1288/1271
f 1272/1289/1272 1273/1290/1273 1324/1341/1324
f 1324/1341/1324 1323/1340/1323 1272/1289/1272
f 1273/1290/1273 1274/1291/1274 1325/1342/1325
f 1325/1342/1325 1324/1341/1324 1273/1290/1273
f 1274/1291/1274 1275/1292/1275 1326/1343/1326
f 1326/1343/1326 1325/1342/1325 1274/1291/1274
f 1275/1292/1275 1276/1293/1276 1327/1344/1327
f 1327/1344/1327 1326/1343/1326 1275/1292/1275
f 1276/1293/1276 1277/1294/1277 1328/1345/1328
f 1328/1345/1328 1327/1344/1327 1276/1293/1276
f 1277/1294/1277 1278/1295/1278 1329/1346/1329
f 1329/1346/1329 1328/1345/1328 1277/1294/1277
f 1278/1295/1278 1279/1296/1279 1330/1347/1330
f 1330/1347/1330 1329/1346/1329 1278/1295/1278
f 1279/1296/1279 1280/1297/1280 1331/1348/1331
f 1331/1348/1331 1330/1347/1330 1279/1296/1279
f 1280/1297/1280 1281/1298/1281 1332/1349/1332
f 1332/1349/1332 1331/1348/1331 1280/1297/1280
f 1281/1298/1281 1282/1299/1282 1333/1350/1333
f 1333/1350/1333 1332/1349/1332 1281/1298/1281
f 1282/1299/1282 1283/1300/1283 1334/1351/1334
f 1334/1351/1334 1333/1350/1333 1282/1299/1282
f 1283/1300/1283 1284/1301/1284 1335/1352/1335
f 1335/1352/1335 1334/1351/1334 1283/1300/1283
f 1284/1301/1284 1285/1302/1285 1336/1353/1336
f 1336/1353/1336 1335/1352/1335 1284/1301/1284
f 1285/1302/1285 1286/1303/1286 1337/1354/1337
f 1337/1354/1337 1336/1353/1336 1285/1302/1285
f 1286/1303/1286 1287/1304/1287 1338/1355/1338
f 1338/1355/1338 1337/1354/1337 1286/1303/1286
f 1287/1304/1287 1288/1305/1288 1339/1356/1339
f 1339/1356/1339 1338/1355/1338 1287/1304/1287
f 1288/1305/1288 1289/1306/1289 1340/1357/1340
f 1340/1357/1340 1339/1356/1339 1288/1305/1288
f 1289/1306/1289 1290/1307/1290 1341/1358/1341
f 1341/1358/1341 1340/1357/1340 1289/1306/1289
f 1290/1307/1290 1291/1308/1291 1342/1359/1342
f 1342/1359/1342 1341/1358/1341 1290/1307/1290
f 1291/1308/1291 1292/1309/1292 1343/1360/1343
f 1343/1360/1343 1342/1359/1342 1291/1308/1291
f 1292/1309/1292 1293/1310/1293 1344/1361/1344
f 1344/1361/1344 1343/1360/1343 1292/1309/1292
f 1293/1310/1293 1294/1311/1294 1345/1362/1345
f 1345/1362/1345 1344/1361/1344 1293/1310/1293
f 1296/1313/1296 1295/1312/1295 1346/1363/1346
f 1346/1363/1346 1347/1364/1347 1296/1313/1296
f 1295/1312/1295 1297/1314/1297 1348/1365/1348
f 1348/1365/1348 1346/1363/1346 1295/1312/1295
f 1297/1314/1297 1298/1315/1298 1349/1366/1349
f 1349/1366/1349 1348/1365/1348 1297/1314/1297
f 1298/1315/1298 1299/1316/1299 1350/1367/1350
f 1350/1367/1350 1349/1366/1349 1298/1315/1298
f 1299/1316/1299 1300/1317/1300 1351/1368/1351
f 1351/1368/1351 1350/1367/1350 1299/1316/1299
f 1300/1317/1300 1301/1318/1301 1352/1369/1352
f 1352/1369/1352 1351/1368/1351 1300/1317/1300
f 1301/1318/1301 1302/1319/1302 1353/1370/1353
f 1353/1370/1353 1352/1369/1352 1301/1318/1301
f 1302/1319/1302 1303/1320/1303 1354/1371/1354
f 1354/1371/1354 1353/1370/1353 1302/1319/1302
f 1303/1320/1303 1304/1321/1304 1355/1372/1355
f 1355/1372/1355 1354/1371/1354 1303/1320/1303
f 1304/1321/1304 1305/1322/1305 1356/1373/1356
f 1356/1373/1356 1355/1372/1355 1304/1321/1304
f 1305/1322/1305 1306/1323/1306 1357/1374/1357
f 1357/1374/1357 1356/1373/1356 1305/1322/1305
f 1306/1323/1306 1307/1324/1307 1358/1375/1358
f 1358/1375/1358 1357/1374/1357 1306/1323/1306
f 1307/1324/1307 1308/1325/1308 1359/1376/1359
f 1359/1376/1359 1358/1375/1358 1307/1324/1307
f 1308/1325/1308 1309/1326/1309 1360/1377/1360
f 1360/1377/1360 1359/1376/1359 1308/1325/1308
f 1309/1326/1309 1310/1327/1310 1361/1378/1361
f 1361/1378/1361 1360/1377/1360 1309/1326/1309
f 1310/1327/1310 1311/1328/1311 1362/1379/1362
f 1362/1379/1362 1361/1378/1361 1310/1327/1310
f 1311/1328/1311 1312/1329/1312 1363/1380/1363
f 1363/1380/1363 1362/1379/1362 1311/1328/1311
f 1312/1329/1312 1313/1330/1313 1364/1381/1364
f 1364/1381/1364 1363/1380/1363 1312/1329/1312
f 1313/1330/1313 1314/1331/1314 1365/1382/1365
f 1365/1382/1365 1364/1381/1364 1313/1330/1313
f 1314/1331/1314 1315/1332/1315 1366/1383/1366
f 1366/1383/1366 1365/1382/1365 1314/1331/1314
f 1315/1332/1315 1316/1333/1316 1367/1384/1367
f 1367/1384/1367 1366/1383/1366 1315/1332/1315
f 1316/1333/1316 1317/1334/1317 1368/1385/1368
f 1368/1385/1368 1367/1384/1367 1316/1333/1316
f 1317/1334/1317 1318/1335/1318 1369/1386/1369
f 1369/1386/1369 1368/1385/1368 1317/1334/1317
f 1318/1335/1318 1319/1336/1319 1370/1387/1370
f 1370/1387/1370 1369/1386/1369 1318/1335/1318
f 1319/1336/1319 1320/1337/1320 1371/1388/1371
f 1371/1388/1371 1370/1387/1370 1319/1336/1319
f 1320/1337/1320 1321/1338/1321 1372/1389/1372
f 1372/1389/1372 1371/1388/1371 1320/1337/1320
f 1321/1338/1321 1322/1339/1322 1373/1390/1373
f 1373/1390/1373 1372/1389/1372 1321/1338/1321
f 1322/1339/1322 1323/1340/1323 1374/1391/1374
f 1374/1391/1374 1373/1390/1373 1322/1339/1322
f 1323/1340/1323 1324/1341/1324 1375/1392/1375
f 1375/1392/1375 1374/1391/1374 1323/1340/1323
f 1324/1341/1324 1325/1342/1325 1376/1393/1376
f 1376/1393/1376 1375/1392/1375 1324/1341/1324
f 1325/1342/1325 1326/1343/1326 1377/1394/1377
f 1377/1394/1377 1376/1393/1376 1325/1342/1325
f 1326/1343/1326 1327/1344/1327 1378/1395/1378
f 1378/1395/1378 1377/1394/1377 1326/1343/1326
f 1327/1344/1327 1328/1345/1328 1379/1396/1379
f 1379/1396/1379 1378/1395/1378 1327/1344/1327
f 1328/1345/1328 1329/1346/1329 1380/1397/1380
f 1380/1397/1380 1379/1396/1379 1328/1345/1328
f 1329/1346/1329 1330/1347/1330 1381/1398/1381
f 1381/1398/1381 1380/1397/1380 1329/1346/1329
f 1330/1347/1330 1331/1348/1331 1382/1399/1382
f 1382/1399/1382 1381/1398/1381 1330/1347/1330
f 1331/1348/1331 1332/1349/1332 1383/1400/1383
f 1383/1400/1383 1382/1399/1382 1331/1348/1331
f 1332/1349/1332 1333/1350/1333 1384/1401/1384
f 1384/1401/1384 1383/1400/1383 1332/1349/1332
f 1333/1350/1333 1334/1351/1334 1385/1402/1385
f 1385/1402/1385 1384/1401/1384 1333/1350/1333
f 1334/1351/1334 1335/1352/1335 1386/1403/1386
f 1386/1403/1386 1385/1402/1385 1334/1351/1334
f 1335/1352/1335 1336/1353/1336 1387/1404/1387
f 1387/1404/1387 1386/1403/1386 1335/1352/1335
f 1336/1353/1336 1337/1354/1337 1388/1405/1388
f 1388/1405/1388 1387/1404/1387 1336/1353/1336
f 1337/1354/1337 1338/1355/1338 1389/1406/1389
f 1389/1406/1389 1388/1405/1388 1337/1354/1337
f 1338/1355/1338 1339/1356/1339 1390/1407/1390
f 1390/1407/1390 1389/1406/1389 1338/1355/1338
f 1339/1356/1339 1340/1357/1340 1391/1408/1391
f 1391/1408/1391 1390/1407/1390 1339/1356/1339
f 1340/1357/1340 1341/1358/1341 1392/1409/1392
f 1392/1409/1392 1391/1408/1391 1340/1357/1340
f 1341/1358/1341 1342/1359/1342 1393/1410/1393
f 1393/1410/1393 1392/1409/1392 1341/1358/1341
f 1342/1359/1342 1343/1360/1343 1394/1411/1394
f 1394/1411/1394 1393/1410/1393 1342/1359/1342
f 1343/1360/1343 1344/1361/1344 1395/1412/1395
f 1395/1412/1395 1394/1411/1394 1343/1360/1343
f 1395/1412/1395 1344/1361/1344 1345/1362/1345
f 1345/1362/1345 1396/1413/1396 1395/1412/1395
f 1347/1364/1347 1346/1363/1346 1397/1414/1397
f 1397/1414/1397 1398/1415/1398 1347/1364/1347
f 1346/1363/1346 1348/1365/1348 1399/1416/1399
f 1399/1416/1399 1397/1414/1397 1346/1363/1346
f 1348/1365/1348 1349/1366/1349 1400/1417/1400
f 1400/1417/1400 1399/1416/1399 1348/1365/1348
f 1349/1366/1349 1350/1367/1350 1401/1418/1401
f 1401/1418/1401 1400/1417/1400 1349/1366/1349
f 1350/1367/1350 1351/1368/1351 1402/1419/1402
f 1402/1419/1402 1401/1418/1401 1350/1367/1350
f 1351/1368/1351 1352/1369/1352 1403/1420/1403
f 1403/1420/1403 1402/1419/1402 1351/1368/1351
f 1352/1369/1352 1353/1370/1353 1404/1421/1404
f 1404/1421/1404 1403/1420/1403 1352/1369/1352
f 1353/1370/1353 1354/1371/1354 1405/1422/1405
f 1405/1422/1405 1404/1421/1404 1353/1370/1353
f 1354/1371/1354 1355/1372/1355 1406/1423/1406
f 1406/1423/1406 1405/1422/1405 1354/1371/1354
f 1355/1372/1355 1356/1373/1356 1407/1424/1407
f 1407/1424/1407 1406/1423/1406 1355/1372/1355
f 1356/1373/1356 1357/1374/1357 1408/1425/1408
f 1408/1425/1408 1407/1424/1407 1356/1373/1356
f 1357/1374/1357 1358/1375/1358 1409/1426/1409
f 1409/1426/1409 1408/1425/1408 1357/1374/1357
f 1358/1375/1358 1359/1376/1359 1410/1427/1410
f 1410/1427/1410 1409/1426/1409 1358/1375/1358
f 1359/1376/1359 1360/1377/1360 1411/1428/1411
f 1411/1428/1411 1410/1427/1410 1359/1376/1359
f 1360/1377/1360 1361/1378/1361 1412/1429/1412
f 1412/1429/1412 1411/1428/1411 1360/1377/1360
f 1361/1378/1361 1362/1379/1362 1413/1430/1413
f 1413/1430/1413 1412/1429/1412 1361/1378/1361
f 1362/1379/1362 1363/1380/1363 1414/1431/1414
f 1414/1431/1414 1413/1430/1413 1362/1379/1362
f 1363/1380/1363 1364/1381/1364 1415/1432/1415
f 1415/1432/1415 1414/1431/1414 1363/1380/1363
f 1364/1381/1364 1365/1382/1365 1416/1433/1416
f 1416/1433/1416 1415/1432/1415 1364/1381/1364
f 1365/1382/1365 1366/1383/1366 1417/1434/1417
f 1417/1434/1417 1416/1433/1416 1365/1382/1365
f 1366/1383/1366 1367/1384/1367 1418/1435/1418
f 1418/1435/1418 1417/1434/1417 1366/1383/1366
f 1367/1384/1367 1368/1385/1368 1419/1436/1419
f 1419/1436/1419 1418/1435/1418 1367/1384/1367
f 1368/1385/1368 1369/1386/1369 1420/1437/1420
f 1420/1437/1420 1419/1436/1419 1368/1385/1368
f 1369/1386/1369 1370/1387/1370 1421/1438/1421
f 1421/1438/1421 1420/1437/1420 1369/1386/1369
f 1370/1387/1370 1371/1388/1371 1422/1439/1422
f 1422/1439/1422 1421/1438/1421 1370/1387/1370
f 1371/1388/1371 1372/1389/1372 1423/1440/1423
f 1423/1440/1423 1422/1439/1422 1371/1388/1371
f 1372/1389/1372 1373/1390/1373 1424/1441/1424
f 1424/1441/1424 1423/1440/1423 1372/1389/1372
f 1373/1390/1373 1374/1391/1374 1425/1442/1425
f 1425/1442/1425 1424/1441/1424 1373/1390/1373
f 1374/1391/1374 1375/1392/1375 1426/1443/1426
f 1426/1443/1426 1425/1442/1425 1374/1391/1374
f 1375/1392/1375 1376/1393/1376 1427/1444/1427
f 1427/1444/1427 1426/1443/1426 1375/1392/1375
f 1376/1393/1376 1377/1394/1377 1428/1445/1428
f 1428/1445/1428 1427/1444/1427 1376/1393/1376
f 1377/1394/1377 1378/1395/1378 1429/1446/1429
f 1429/1446/1429 1428/1445/1428 1377/1394/1377
f 1378/1395/1378 1379/1396/1379 1430/1447/1430
f 1430/1447/1430 1429/1446/1429 1378/1395/1378
f 1379/1396/1379 1380/1397/1380 1431/1448/1431
f 1431/1448/1431 1430/1447/1430 1379/1396/1379
f 1380/1397/1380 1381/1398/1381 1432/1449/1432
f 1432/1449/1432 1431/1448/1431 1380/1397/1380
f 1381/1398/1381 1382/1399/1382 1433/1450/1433
f 1433/1450/1433 1432/1449/1432 1381/1398/1381
f 1382/1399/1382 1383/1400/1383 1434/1451/1434
f 1434/1451/1434 1433/1450/1433 1382/1399/1382
f 1383/1400/1383 1384/1401/1384 1435/1452/1435
f 1435/1452/1435 1434/1451/1434 1383/1400/1383
f 1384/1401/1384 1385/1402/1385 1436/1453/1436
f 1436/1453/1436 1435/1452/1435 1384/1401/1384
f 1385/1402/1385 1386/1403/1386 1437/1454/1437
f 1437/1454/1437 1436/1453/1436 1385/1402/1385
f 1386/1403/1386 1387/1404/1387 1438/1455/1438
f 1438/1455/1438 1437/1454/1437 1386/1403/1386
f 1387/1404/1387 1388/1405/1388 1439/1456/1439
f 1439/1456/1439 1438/1455/1438 1387/1404/1387
f 1388/1405/1388 1389/1406/1389 1440/1457/1440
f 1440/1457/1440 1439/1456/1439 1388/1405/1388
f 1389/1406/1389 1390/1407/1390 1441/1458/1441
f 1441/1458/1441 1440/1457/1440 1389/1406/1389
f 1390/1407/1390 1391/1408/1391 1442/1459/1442
f 1442/1459/1442 1441/1458/1441 1390/1407/1390
f 1391/1408/1391 1392/1409/1392 1443/1460/1443
f 1443/1460/1443 1442/1459/1442 1391/1408/1391
f 1392/1409/1392 1393/1410/1393 1444/1461/1444
f 1444/1461/1444 1443/1460/1443 1392/1409/1392
f 1393/1410/1393 1394/1411/1394 1445/1462/1445
f 1445/1462/1445 1444/1461/1444 1393/1410/1393
f 1394/1411/1394 1395/1412/1395 1446/1463/1446
f 1446/1463/1446 1445/1462/1445 1394/1411/1394
f 1446/1463/1446 1395/1412/1395 1396/1413/1396
f 1396/1413/1396 1447/1464/1447 1446/1463/1446
f 1397/1414/1397 1399/1416/1399 1449/1466/1449
f 1397/1414/1397 1449/1466/1449 1450/1467/1450
f 1448/1465/1448 1397/1414/1397 1450/1467/1450
f 1399/1416/1399 1400/1417/1400 1451/1468/1451
f 1451/1468/1451 1449/1466/1449 1399/1416/1399
f 1400/1417/1400 1401/1418/1401 1452/1469/1452
f 1452/1469/1452 1451/1468/1451 1400/1417/1400
f 1401/1418/1401 1402/1419/1402 1453/1470/1453
f 1453/1470/1453 1452/1469/1452 1401/1418/1401
f 1402/1419/1402 1403/1420/1403 1454/1471/1454
f 1454/1471/1454 1453/1470/1453 1402/1419/1402
f 1403/1420/1403 1404/1421/1404 1455/1472/1455
f 1455/1472/1455 1454/1471/1454 1403/1420/1403
f 1404/1421/1404 1405/1422/1405 1456/1473/1456
f 1456/1473/1456 1455/1472/1455 1404/1421/1404
f 1405/1422/1405 1406/1423/1406 1457/1474/1457
f 1457/1474/1457 1456/1473/1456 1405/1422/1405
f 1406/1423/1406 1407/1424/1407 1458/1475/1458
f 1458/1475/1458 1457/1474/1457 1406/1423/1406
f 1407/1424/1407 1408/1425/1408 1459/1476/1459
f 1459/1476/1459 1458/1475/1458 1407/1424/1407
f 1408/1425/1408 1409/1426/1409 1460/1477/1460
f 1460/1477/1460 1459/1476/1459 1408/1425/1408
f 1409/1426/1409 1410/1427/1410 1461/1478/1461
f 1461/1478/1461 1460/1477/1460 1409/1426/1409
f 1410/1427/1410 1411/1428/1411 1462/1479/1462
f 1462/1479/1462 1461/1478/1461 1410/1427/1410
f 1411/1428/1411 1412/1429/1412 1463/1480/1463
f 1463/1480/1463 1462/1479/1462 1411/1428/1411
f 1412/1429/1412 1413/1430/1413 1464/1481/1464
f 1464/1481/1464 1463/1480/1463 1412/1429/1412
f 1413/1430/1413 1414/1431/1414 1465/1482/1465
f 1465/1482/1465 1464/1481/1464 1413/1430/1413
f 1414/1431/1414 1415/1432/1415 1466/1483/1466
f 1466/1483/1466 1465/1482/1465 1414/1431/1414
f 1415/1432/1415 1416/1433/1416 1467/1484/1467
f 1467/1484/1467 1466/1483/1466 1415/1432/1415
f 1416/1433/1416 1417/1434/1417 1468/1485/1468
f 1468/1485/1468 1467/1484/1467 1416/1433/1416
f 1417/1434/1417 1418/1435/1418 1469/1486/1469
f 1469/1486/1469 1468/1485/1468 1417/1434/1417
f 1418/1435/1418 1419/1436/1419 1470/1487/1470
f 1470/1487/1470 1469/1486/1469 1418/1435/1418
f 1419/1436/1419 1420/1437/1420 1471/1488/1471
f 1471/1488/1471 1470/1487/1470 1419/1436/1419
f 1420/1437/1420 1421/1438/1421 1472/1489/1472
f 1472/1489/1472 1471/1488/1471 1420/1437/1420
f 1421/1438/1421 1422/1439/1422 1473/1490/1473
f 1473/1490/1473 1472/1489/1472 1421/1438/1421
f 1422/1439/1422 1423/1440/1423 1474/1491/1474
f 1474/1491/1474 1473/1490/1473 1422/1439/1422
f 1423/1440/1423 1424/1441/1424 1475/1492/1475
f 1475/1492/1475 1474/1491/1474 1423/1440/1423
f 1424/1441/1424 1425/1442/1425 1476/1493/1476
f 1476/1493/1476 1475/1492/1475 1424/1441/1424
f 1425/1442/1425 1426/1443/1426 1477/1494/1477
f 1477/1494/1477 1476/1493/1476 1425/1442/1425
f 1426/1443/1426 1427/1444/1427 1478/1495/1478
f 1478/1495/1478 1477/1494/1477 1426/1443/1426
f 1427/1444/1427 1428/1445/1428 1479/1496/1479
f 1479/1496/1479 1478/1495/1478 1427/1444/1427
f 1428/1445/1428 1429/1446/1429 1480/1497/1480
f 1480/1497/1480 1479/1496/1479 1428/1445/1428
f 1429/1446/1429 1430/1447/1430 1481/1498/1481
f 1481/1498/1481 1480/1497/1480 1429/1446/1429
f 1430/1447/1430 1431/1448/1431 1482/1499/1482
f 1482/1499/1482 1481/1498/1481 1430/1447/1430
f 1431/1448/1431 1432/1449/1432 1483/1500/1483
f 1483/1500/1483 1482/1499/1482 1431/1448/1431
f 1432/1449/1432 1433/1450/1433 1484/1501/1484
f 1484/1501/1484 1483/1500/1483 1432/1449/1432
f 1433/1450/1433 1434/1451/1434 1485/1502/1485
f 1485/1502/1485 1484/1501/1484 1433/1450/1433
f 1434/1451/1434 1435/1452/1435 1486/1503/1486
f 1486/1503/1486 1485/1502/1485 1434/1451/1434
f 1435/1452/1435 1436/1453/1436 1487/1504/1487
f 1487/1504/1487 1486/1503/1486 1435/1452/1435
f 1436/1453/1436 1437/1454/1437 1488/1505/1488
f 1488/1505/1488 1487/1504/1487 1436/1453/1436
f 1437/1454/1437 1438/1455/1438 1489/1506/1489
f 1489/1506/1489 1488/1505/1488 1437/1454/1437
f 1438/1455/1438 1439/1456/1439 1490/1507/1490
f 1490/1507/1490 1489/1506/1489 1438/1455/1438
f 1439/1456/1439 1440/1457/1440 1491/1508/1491
f 1491/1508/1491 1490/1507/1490 1439/1456/1439
f 1440/1457/1440 1441/1458/1441 1492/1509/1492
f 1492/1509/1492 1491/1508/1491 1440/1457/1440
f 1441/1458/1441 1442/1459/1442 1493/1510/1493
f 1493/1510/1493 1492/1509/1492 1441/1458/1441
f 1442/1459/1442 1443/1460/1443 1494/1511/1494
f 1494/1511/1494 1493/1510/1493 1442/1459/1442
f 1443/1460/1443 1444/1461/1444 1495/1512/1495
f 1495/1512/1495 1494/1511/1494 1443/1460/1443
f 1444/1461/1444 1445/1462/1445 1496/1513/1496
f 1496/1513/1496 1495/1512/1495 1444/1461/1444
f 1446/1463/1446 1497/1514/1497 1498/1515/1498
f 1445/1462/1445 1446/1463/1446 1498/1515/1498
f 1496/1513/1496 1445/1462/1445 1498/1515/1498
f 1449/1466/1449 1451/1468/1451 1500/1517/1500
f 1449/1466/1449 1500/1517/1500 1501/1518/1501
f 1499/1516/1499 1449/1466/1449 1501/1518/1501
f 1451/1468/1451 1452/1469/1452 1502/1519/1502
f 1502/1519/1502 1500/1517/1500 1451/1468/1451
f 1452/1469/1452 1453/1470/1453 1503/1520/1503
f 1503/1520/1503 1502/1519/1502 1452/1469/1452
f 1453/1470/1453 1454/1471/1454 1504/1521/1504
f 1504/1521/1504 1503/1520/1503 1453/1470/1453
f 1454/1471/1454 1455/1472/1455 1505/1522/1505
f 1505/1522/1505 1504/1521/1504 1454/1471/1454
f 1455/1472/1455 1456/1473/1456 1506/1523/1506
f 1506/1523/1506 1505/1522/1505 1455/1472/1455
f 1456/1473/1456 1457/1474/1457 1507/1524/1507
f 1507/1524/1507 1506/1523/1506 1456/1473/1456
f 1457/1474/1457 1458/1475/1458 1508/1525/1508
f 1508/1525/1508 1507/1524/1507 1457/1474/1457
f 1458/1475/1458 1459/1476/1459 1509/1526/1509
f 1509/1526/1509 1508/1525/1508 1458/1475/1458
f 1459/1476/1459 1460/1477/1460 1510/1527/1510
f 1510/1527/1510 1509/1526/1509 1459/1476/1459
f 1460/1477/1460 1461/1478/1461 1511/1528/1511
f 1511/1528/1511 1510/1527/1510 1460/1477/1460
f 1461/1478/1461 1462/1479/1462 1512/1529/1512
f 1512/1529/1512 1511/1528/1511 1461/1478/1461
f 1462/1479/1462 1463/1480/1463 1513/1530/1513
f 1513/1530/1513 1512/1529/1512 1462/1479/1462
f 1463/1480/1463 1464/1481/1464 1514/1531/1514
f 1514/1531/1514 1513/1530/1513 1463/1480/1463
f 1464/1481/1464 1465/1482/1465 1515/1532/1515
f 1515/1532/1515 1514/1531/1514 1464/1481/1464
f 1465/1482/1465 1466/1483/1466 1516/1533/1516
f 1516/1533/1516 1515/1532/1515 1465/1482/1465
f 1466/1483/1466 1467/1484/1467 1517/1534/1517
f 1517/1534/1517 1516/1533/1516 1466/1483/1466
f 1467/1484/1467 1468/1485/1468 1518/1535/1518
f 1518/1535/1518 1517/1534/1517 1467/1484/1467
f 1468/1485/1468 1469/1486/1469 1519/1536/1519
f 1519/1536/1519 1518/1535/1518 1468/1485/1468
f 1469/1486/1469 1470/1487/1470 1520/1537/1520
f 1520/1537/1520 1519/1536/1519 1469/1486/1469
f 1470/1487/1470 1471/1488/1471 1521/1538/1521
f 1521/1538/1521 1520/1537/1520 1470/1487/1470
f 1471/1488/1471 1472/1489/1472 1522/1539/1522
f 1522/1539/1522 1521/1538/1521 1471/1488/1471
f 1472/1489/1472 1473/1490/1473 1523/1540/1523
f 1523/1540/1523 1522/1539/1522 1472/1489/1472
f 1473/1490/1473 1474/1491/1474 1524/1541/1524
f 1524/1541/1524 1523/1540/1523 1473/1490/1473
f 1474/1491/1474 1475/1492/1475 1525/1542/1525
f 1525/1542/1525 1524/1541/1524 1474/1491/1474
f 1475/1492/1475 1476/1493/1476 1526/1543/1526
f 1526/1543/1526 1525/1542/1525 1475/1492/1475
f 1476/1493/1476 1477/1494/1477 1527/1544/1527
f 1527/1544/1527 1526/1543/1526 1476/1493/1476
f 1477/1494/1477 1478/1495/1478 1528/1545/1528
f 1528/1545/1528 1527/1544/1527 1477/1494/1477
f 1478/1495/1478 1479/1496/1479 1529/1546/1529
f 1529/1546/1529 1528/1545/1528 1478/1495/1478
f 1479/1496/1479 1480/1497/1480 1530/1547/1530
f 1530/1547/1530 1529/1546/1529 1479/1496/1479
f 1480/1497/1480 1481/1498/1481 1531/1548/1531
f 1531/1548/1531 1530/1547/1530 1480/1497/1480
f 1481/1498/1481 1482/1499/1482 1532/1549/1532
f 1532/1549/1532 1531/1548/1531 1481/1498/1481
f 1482/1499/1482 1483/1500/1483 1533/1550/1533
f 1533/1550/1533 1532/1549/1532 1482/1499/1482
f 1483/1500/1483 1484/1501/1484 1534/1551/1534
f 1534/1551/1534 1533/1550/1533 1483/1500/1483
f 1484/1501/1484 1485/1502/1485 1535/1552/1535
f 1535/1552/1535 1534/1551/1534 1484/1501/1484
f 1485/1502/1485 1486/1503/1486 1536/1553/1536
f 1536/1553/1536 1535/1552/1535 1485/1502/1485
f 1486/1503/1486 1487/1504/1487 1537/1554/1537
f 1537/1554/1537 1536/1553/1536 1486/1503/1486
f 1487/1504/1487 1488/1505/1488 1538/1555/1538
f 1538/1555/1538 1537/1554/1537 1487/1504/1487
f 1488/1505/1488 1489/1506/1489 1539/1556/1539
f 1539/1556/1539 1538/1555/1538 1488/1505/1488
f 1489/1506/1489 1490/1507/1490 1540/1557/1540
f 1540/1557/1540 1539/1556/1539 1489/1506/1489
f 1490/1507/1490 1491/1508/1491 1541/1558/1541
f 1541/1558/1541 1540/1557/1540 1490/1507/1490
f 1491/1508/1491 1492/1509/1492 1542/1559/1542
f 1542/1559/1542 1541/1558/1541 1491/1508/1491
f 1492/1509/1492 1493/1510/1493 1543/1560/1543
f 1543/1560/1543 1542/1559/1542 1492/1509/1492
f 1493/1510/1493 1494/1511/1494 1544/1561/1544
f 1544/1561/1544 1543/1560/1543 1493/1510/1493
f 1494/1511/1494 1495/1512/1495 1545/1562/1545
f 1545/1562/1545 1544/1561/1544 1494/1511/1494
f 1496/1513/1496 1546/1563/1546 1547/1564/1547
f 1495/1512/1495 1496/1513/1496 1547/1564/1547
f 1545/1562/1545 1495/1512/1495 1547/1564/1547
f 1500/1517/1500 1502/1519/1502 1549/1566/1549
f 1549/1566/1549 1548/1565/1548 1500/1517/1500
f 1503/1520/1503 1504/1521/1504 1551/1568/1551
f 1551/1568/1551 1550/1567/1550 1503/1520/1503
f 1505/1522/1505 1506/1523/1506 1553/1570/1553
f 1505/1522/1505 1553/1570/1553 1554/1571/1554
f 1552/1569/1552 1505/1522/1505 1554/1571/1554
f 1506/1523/1506 1507/1524/1507 1555/1572/1555
f 1555/1572/1555 1553/1570/1553 1506/1523/1506
f 1507/1524/1507 1508/1525/1508 1556/1573/1556
f 1556/1573/1556 1555/1572/1555 1507/1524/1507
f 1508/1525/1508 1509/1526/1509 1557/1574/1557
f 1557/1574/1557 1556/1573/1556 1508/1525/1508
f 1509/1526/1509 1510/1527/1510 1558/1575/1558
f 1558/1575/1558 1557/1574/1557 1509/1526/1509
f 1510/1527/1510 1511/1528/1511 1559/1576/1559
f 1559/1576/1559 1558/1575/1558 1510/1527/1510
f 1511/1528/1511 1512/1529/1512 1560/1577/1560
f 1560/1577/1560 1559/1576/1559 1511/1528/1511
f 1512/1529/1512 1513/1530/1513 1561/1578/1561
f 1561/1578/1561 1560/1577/1560 1512/1529/1512
f 1513/1530/1513 1514/1531/1514 1562/1579/1562
f 1562/1579/1562 1561/1578/1561 1513/1530/1513
f 1514/1531/1514 1515/1532/1515 1563/1580/1563
f 1563/1580/1563 1562/1579/1562 1514/1531/1514
f 1515/1532/1515 1516/1533/1516 1564/1581/1564
f 1564/1581/1564 1563/1580/1563 1515/1532/1515
f 1516/1533/1516 1517/1534/1517 1565/1582/1565
f 1565/1582/1565 1564/1581/1564 1516/1533/1516
f 1517/1534/1517 1518/1535/1518 1566/1583/1566
f 1566/1583/1566 1565/1582/1565 1517/1534/1517
f 1518/1535/1518 1519/1536/1519 1567/1584/1567
f 1567/1584/1567 1566/1583/1566 1518/1535/1518
f 1519/1536/1519 1520/1537/1520 1568/1585/1568
f 1568/1585/1568 1567/1584/1567 1519/1536/1519
f 1520/1537/1520 1521/1538/1521 1569/1586/1569
f 1569/1586/1569 1568/1585/1568 1520/1537/1520
f 1521/1538/1521 1522/1539/1522 1570/1587/1570
f 1570/1587/1570 1569/1586/1569 1521/1538/1521
f 1522/1539/1522 1523/1540/1523 1571/1588/1571
f 1571/1588/1571 1570/1587/1570 1522/1539/1522
f 1523/1540/1523 1524/1541/1524 1572/1589/1572
f 1572/1589/1572 1571/1588/1571 1523/1540/1523
f 1524/1541/1524 1525/1542/1525 1573/1590/1573
f 1573/1590/1573 1572/1589/1572 1524/1541/1524
f 1525/1542/1525 1526/1543/1526 1574/1591/1574
f 1574/1591/1574 1573/1590/1573 1525/1542/1525
f 1526/1543/1526 1527/1544/1527 1575/1592/1575
f 1575/1592/1575 1574/1591/1574 1526/1543/1526
f 1527/1544/1527 1528/1545/1528 1576/1593/1576
f 1576/1593/1576 1575/1592/1575 1527/1544/1527
f 1528/1545/1528 1529/1546/1529 1577/1594/1577
f 1577/1594/1577 1576/1593/1576 1528/1545/1528
f 1529/1546/1529 1530/1547/1530 1578/1595/1578
f 1578/1595/1578 1577/1594/1577 1529/1546/1529
f 1530/1547/1530 1531/1548/1531 1579/1596/1579
f 1579/1596/1579 1578/1595/1578 1530/1547/1530
f 1531/1548/1531 1532/1549/1532 1580/1597/1580
f 1580/1597/1580 1579/1596/1579 1531/1548/1531
f 1532/1549/1532 1533/1550/1533 1581/1598/1581
f 1581/1598/1581 1580/1597/1580 1532/1549/1532
f 1533/1550/1533 1534/1551/1534 1582/1599/1582
f 1582/1599/1582 1581/1598/1581 1533/1550/1533
f 1534/1551/1534 1535/1552/1535 1583/1600/1583
f 1583/1600/1583 1582/1599/1582 1534/1551/1534
f 1535/1552/1535 1536/1553/1536 1584/1601/1584
f 1584/1601/1584 1583/1600/1583 1535/1552/1535
f 1536/1553/1536 1537/1554/1537 1585/1602/1585
f 1585/1602/1585 1584/1601/1584 1536/1553/1536
f 1537/1554/1537 1538/1555/1538 1586/1603/1586
f 1586/1603/1586 1585/1602/1585 1537/1554/1537
f 1538/1555/1538 1539/1556/1539 1587/1604/1587
f 1587/1604/1587 1586/1603/1586 1538/1555/1538
f 1540/1557/1540 1588/1605/1588 1589/1606/1589
f 1539/1556/1539 1540/1557/1540 1589/1606/1589
f 1587/1604/1587 1539/1556/1539 1589/1606/1589
f 1590/1607/1590 1541/1558/1541 1542/1559/1542
f 1542/1559/1542 1591/1608/1591 1590/1607/1590
f 1592/1609/1592 1543/1560/1543 1544/1561/1544
f 1544/1561/1544 1593/1610/1593 1592/1609/1592
f 1594/1611/1594 1545/1562/1545 1547/1564/1547
f 1553/1570/1553 1555/1572/1555 1596/1613/1596
f 1596/1613/1596 1595/1612/1595 1553/1570/1553
f 1596/1613/1596 1555/1572/1555 1556/1573/1556
f 1556/1573/1556 1597/1614/1597 1596/1613/1596
f 1597/1614/1597 1556/1573/1556 1557/1574/1557
f 1557/1574/1557 1598/1615/1598 1597/1614/1597
f 1557/1574/1557 1558/1575/1558 1599/1616/1599
f 1598/1615/1598 1557/1574/1557 1599/1616/1599
f 1598/1615/1598 1599/1616/1599 1600/1617/1600
f 1558/1575/1558 1559/1576/1559 1601/1618/1601
f 1601/1618/1601 1599/1616/1599 1558/1575/1558
f 1559/1576/1559 1560/1577/1560 1602/1619/1602
f 1602/1619/1602 1601/1618/1601 1559/1576/1559
f 1560/1577/1560 1561/1578/1561 1603/1620/1603
f 1603/1620/1603 1602/1619/1602 1560/1577/1560
f 1561/1578/1561 1562/1579/1562 1604/1621/1604
f 1604/1621/1604 1603/1620/1603 1561/1578/1561
f 1562/1579/1562 1563/1580/1563 1605/1622/1605
f 1605/1622/1605 1604/1621/1604 1562/1579/1562
f 1563/1580/1563 1564/1581/1564 1606/1623/1606
f 1606/1623/1606 1605/1622/1605 1563/1580/1563
f 1564/1581/1564 1565/1582/1565 1607/1624/1607
f 1607/1624/1607 1606/1623/1606 1564/1581/1564
f 1565/1582/1565 1566/1583/1566 1608/1625/1608
f 1608/1625/1608 1607/1624/1607 1565/1582/1565
f 1566/1583/1566 1567/1584/1567 1609/1626/1609
f 1609/1626/1609 1608/1625/1608 1566/1583/1566
f 1567/1584/1567 1568/1585/1568 1610/1627/1610
f 1610/1627/1610 1609/1626/1609 1567/1584/1567
f 1568/1585/1568 1569/1586/1569 1611/1628/1611
f 1611/1628/1611 1610/1627/1610 1568/1585/1568
f 1569/1586/1569 1570/1587/1570 1612/1629/1612
f 1612/1629/1612 1611/1628/1611 1569/1586/1569
f 1570/1587/1570 1571/1588/1571 1613/1630/1613
f 1613/1630/1613 1612/1629/1612 1570/1587/1570
f 1571/1588/1571 1572/1589/1572 1614/1631/1614
f 1614/1631/1614 1613/1630/1613 1571/1588/1571
f 1572/1589/1572 1573/1590/1573 1615/1632/1615
f 1615/1632/1615 1614/1631/1614 1572/1589/1572
f 1573/1590/1573 1574/1591/1574 1616/1633/1616
f 1616/1633/1616 1615/1632/1615 1573/1590/1573
f 1574/1591/1574 1575/1592/1575 1617/1634/1617
f 1617/1634/1617 1616/1633/1616 1574/1591/1574
f 1575/1592/1575 1576/1593/1576 1618/1635/1618
f 1618/1635/1618 1617/1634/1617 1575/1592/1575
f 1576/1593/1576 1577/1594/1577 1619/1636/1619
f 1619/1636/1619 1618/1635/1618 1576/1593/1576
f 1577/1594/1577 1578/1595/1578 1620/1637/1620
f 1620/1637/1620 1619/1636/1619 1577/1594/1577
f 1578/1595/1578 1579/1596/1579 1621/1638/1621
f 1621/1638/1621 1620/1637/1620 1578/1595/1578
f 1579/1596/1579 1580/1597/1580 1622/1639/1622
f 1622/1639/1622 1621/1638/1621 1579/1596/1579
f 1580/1597/1580 1581/1598/1581 1623/1640/1623
f 1623/1640/1623 1622/1639/1622 1580/1597/1580
f 1581/1598/1581 1582/1599/1582 1624/1641/1624
f 1624/1641/1624 1623/1640/1623 1581/1598/1581
f 1582/1599/1582 1583/1600/1583 1625/1642/1625
f 1625/1642/1625 1624/1641/1624 1582/1599/1582
f 1583/1600/1583 1584/1601/1584 1626/1643/1626
f 1626/1643/1626 1625/1642/1625 1583/1600/1583
f 1585/1602/1585 1627/1644/1627 1628/1645/1628
f 1584/1601/1584 1585/1602/1585 1628/1645/1628
f 1626/1643/1626 1584/1601/1584 1628/1645/1628
f 1629/1646/1629 1586/1603/1586 1587/1604/1587
f 1587/1604/1587 1630/1647/1630 1629/1646/1629
f 1599/1616/1599 1601/1618/1601 1632/1649/1632
f 1599/1616/1599 1632/1649/1632 1633/1650/1633
f 1631/1648/1631 1599/1616/1599 1633/1650/1633
f 1601/1618/1601 1602/1619/1602 1634/1651/1634
f 1634/1651/1634 1632/1649/1632 1601/1618/1601
f 1602/1619/1602 1603/1620/1603 1635/1652/1635
f 1635/1652/1635 1634/1651/1634 1602/1619/1602
f 1603/1620/1603 1604/1621/1604 1636/1653/1636
f 1636/1653/1636 1635/1652/1635 1603/1620/1603
f 1604/1621/1604 1605/1622/1605 1637/1654/1637
f 1637/1654/1637 1636/1653/1636 1604/1621/1604
f 1605/1622/1605 1606/1623/1606 1638/1655/1638
f 1638/1655/1638 1637/1654/1637 1605/1622/1605
f 1606/1623/1606 1607/1624/1607 1639/1656/1639
f 1639/1656/1639 1638/1655/1638 1606/1623/1606
f 1607/1624/1607 1608/1625/1608 1640/1657/1640
f 1640/1657/1640 1639/1656/1639 1607/1624/1607
f 1608/1625/1608 1609/1626/1609 1641/1658/1641
f 1641/1658/1641 1640/1657/1640 1608/1625/1608
f 1609/1626/1609 1610/1627/1610 1642/1659/1642
f 1642/1659/1642 1641/1658/1641 1609/1626/1609
f 1610/1627/1610 1611/1628/1611 1643/1660/1643
f 1643/1660/1643 1642/1659/1642 1610/1627/1610
f 1611/1628/1611 1612/1629/1612 1644/1661/1644
f 1644/1661/1644 1643/1660/1643 1611/1628/1611
f 1612/1629/1612 1613/1630/1613 1645/1662/1645
f 1645/1662/1645 1644/1661/1644 1612/1629/1612
f 1613/1630/1613 1614/1631/1614 1646/1663/1646
f 1646/1663/1646 1645/1662/1645 1613/1630/1613
f 1614/1631/1614 1615/1632/1615 1647/1664/1647
f 1647/1664/1647 1646/1663/1646 1614/1631/1614
f 1615/1632/1615 1616/1633/1616 1648/1665/1648
f 1648/1665/1648 1647/1664/1647 1615/1632/1615
f 1616/1633/1616 1617/1634/1617 1649/1666/1649
f 1649/1666/1649 1648/1665/1648 1616/1633/1616
f 1617/1634/1617 1618/1635/1618 1650/1667/1650
f 1650/1667/1650 1649/1666/1649 1617/1634/1617
f 1618/1635/1618 1619/1636/1619 1651/1668/1651
f 1651/1668/1651 1650/1667/1650 1618/1635/1618
f 1619/1636/1619 1620/1637/1620 1652/1669/1652
f 1652/1669/1652 1651/1668/1651 1619/1636/1619
f 1620/1637/1620 1621/1638/1621 1653/1670/1653
f 1653/1670/1653 1652/1669/1652 1620/1637/1620
f 1621/1638/1621 1622/1639/1622 1654/1671/1654
f 1654/1671/1654 1653/1670/1653 1621/1638/1621
f 1622/1639/1622 1623/1640/1623 1655/1672/1655
f 1655/1672/1655 1654/1671/1654 1622/1639/1622
f 1623/1640/1623 1624/1641/1624 1656/1673/1656
f 1656/1673/1656 1655/1672/1655 1623/1640/1623
f 1624/1641/1624 1625/1642/1625 1657/1674/1657
f 1657/1674/1657 1656/1673/1656 1624/1641/1624
f 1626/1643/1626 1658/1675/1658 1659/1676/1659
f 1625/1642/1625 1626/1643/1626 1659/1676/1659
f 1657/1674/1657 1625/1642/1625 1659/1676/1659
f 1632/1649/1632 1634/1651/1634 1661/1678/1661
f 1661/1678/1661 1660/1677/1660 1632/1649/1632
f 1634/1651/1634 1635/1652/1635 1662/1679/1662
f 1662/1679/1662 1661/1678/1661 1634/1651/1634
f 1635/1652/1635 1636/1653/1636 1663/1680/1663
f 1663/1680/1663 1662/1679/1662 1635/1652/1635
f 1636/1653/1636 1637/1654/1637 1664/1681/1664
f 1664/1681/1664 1663/1680/1663 1636/1653/1636
f 1637/1654/1637 1638/1655/1638 1665/1682/1665
f 1665/1682/1665 1664/1681/1664 1637/1654/1637
f 1638/1655/1638 1639/1656/1639 1666/1683/1666
f 1666/1683/1666 1665/1682/1665 1638/1655/1638
f 1639/1656/1639 1640/1657/1640 1667/1684/1667
f 1667/1684/1667 1666/1683/1666 1639/1656/1639
f 1640/1657/1640 1641/1658/1641 1668/1685/1668
f 1668/1685/1668 1667/1684/1667 1640/1657/1640
f 1641/1658/1641 1642/1659/1642 1669/1686/1669
f 1669/1686/1669 1668/1685/1668 1641/1658/1641
f 1642/1659/1642 1643/1660/1643 1670/1687/1670
f 1670/1687/1670 1669/1686/1669 1642/1659/1642
f 1643/1660/1643 1644/1661/1644 1671/1688/1671
f 1671/1688/1671 1670/1687/1670 1643/1660/1643
f 1644/1661/1644 1645/1662/1645 1672/1689/1672
f 1672/1689/1672 1671/1688/1671 1644/1661/1644
f 1645/1662/1645 1646/1663/1646 1673/1690/1673
f 1673/1690/1673 1672/1689/1672 1645/1662/1645
f 1646/1663/1646 1647/1664/1647 1674/1691/1674
f 1674/1691/1674 1673/1690/1673 1646/1663/1646
f 1647/1664/1647 1648/1665/1648 1675/1692/1675
f 1675/1692/1675 1674/1691/1674 1647/1664/1647
f 1648/1665/1648 1649/1666/1649 1676/1693/1676
f 1676/1693/1676 1675/1692/1675 1648/1665/1648
f 1649/1666/1649 1650/1667/1650 1677/1694/1677
f 1677/1694/1677 1676/1693/1676 1649/1666/1649
f 1650/1667/1650 1651/1668/1651 1678/1695/1678
f 1678/1695/1678 1677/1694/1677 1650/1667/1650
f 1651/1668/1651 1652/1669/1652 1679/1696/1679
f 1679/1696/1679 1678/1695/1678 1651/1668/1651
f 1652/1669/1652 1653/1670/1653 1680/1697/1680
f 1680/1697/1680 1679/1696/1679 1652/1669/1652
f 1653/1670/1653 1654/1671/1654 1681/1698/1681
f 1681/1698/1681 1680/1697/1680 1653/1670/1653
f 1654/1671/1654 1655/1672/1655 1682/1699/1682
f 1682/1699/1682 1681/1698/1681 1654/1671/1654
f 1655/1672/1655 1656/1673/1656 1683/1700/1683
f 1683/1700/1683 1682/1699/1682 1655/1672/1655
f 1656/1673/1656 1657/1674/1657 1684/1701/1684
f 1684/1701/1684 1683/1700/1683 1656/1673/1656
f 1657/1674/1657 1659/1676/1659 1685/1702/1685
f 1685/1702/1685 1684/1701/1684 1657/1674/1657
f 1686/1703/1686 1687/1704/1687 1688/1705/1688
f 1686/1703/1686 1689/1706/1689 1660/1677/1660
f 1687/1704/1687 1686/1703/1686 1660/1677/1660
f 1687/1704/1687 1660/1677/1660 1690/1707/1690
f 1660/1677/1660 1661/1678/1661 1691/1708/1691
f 1691/1708/1691 1690/1707/1690 1660/1677/1660
f 1661/1678/1661 1662/1679/1662 1692/1709/1692
f 1692/1709/1692 1691/1708/1691 1661/1678/1661
f 1662/1679/1662 1663/1680/1663 1693/1710/1693
f 1693/1710/1693 1692/1709/1692 1662/1679/1662
f 1663/1680/1663 1664/1681/1664 1694/1711/1694
f 1694/1711/1694 1693/1710/1693 1663/1680/1663
f 1664/1681/1664 1665/1682/1665 1695/1712/1695
f 1695/1712/1695 1694/1711/1694 1664/1681/1664
f 1665/1682/1665 1666/1683/1666 1696/1713/1696
f 1696/1713/1696 1695/1712/1695 1665/1682/1665
f 1666/1683/1666 1667/1684/1667 1697/1714/1697
f 1697/1714/1697 1696/1713/1696 1666/1683/1666
f 1667/1684/1667 1668/1685/1668 1698/1715/1698
f 1698/1715/1698 1697/1714/1697 1667/1684/1667
f 1668/1685/1668 1669/1686/1669 1699/1716/1699
f 1699/1716/1699 1698/1715/1698 1668/1685/1668
f 1669/1686/1669 1670/1687/1670 1700/1717/1700
f 1700/1717/1700 1699/1716/1699 1669/1686/1669
f 1670/1687/1670 1671/1688/1671 1701/1718/1701
f 1701/1718/1701 1700/1717/1700 1670/1687/1670
f 1671/1688/1671 1672/1689/1672 1702/1719/1702
f 1702/1719/1702 1701/1718/1701 1671/1688/1671
f 1672/1689/1672 1673/1690/1673 1703/1720/1703
f 1703/1720/1703 1702/1719/1702 1672/1689/1672
f 1673/1690/1673 1674/1691/1674 1704/1721/1704
f 1704/1721/1704 1703/1720/1703 1673/1690/1673
f 1674/1691/1674 1675/1692/1675 1705/1722/1705
f 1705/1722/1705 1704/1721/1704 1674/1691/1674
f 1675/1692/1675 1676/1693/1676 1706/1723/1706
f 1706/1723/1706 1705/1722/1705 1675/1692/1675
f 1676/1693/1676 1677/1694/1677 1707/1724/1707
f 1707/1724/1707 1706/1723/1706 1676/1693/1676
f 1677/1694/1677 1678/1695/1678 1708/1725/1708
f 1708/1725/1708 1707/1724/1707 1677/1694/1677
f 1678/1695/1678 1679/1696/1679 1709/1726/1709
f 1709/1726/1709 1708/1725/1708 1678/1695/1678
f 1679/1696/1679 1680/1697/1680 1710/1727/1710
f 1710/1727/1710 1709/1726/1709 1679/1696/1679
f 1680/1697/1680 1681/1698/1681 1711/1728/1711
f 1711/1728/1711 1710/1727/1710 1680/1697/1680
f 1681/1698/1681 1682/1699/1682 1712/1729/1712
f 1712/1729/1712 1711/1728/1711 1681/1698/1681
f 1682/1699/1682 1683/1700/1683 1713/1730/1713
f 1713/1730/1713 1712/1729/1712 1682/1699/1682
f 1683/1700/1683 1684/1701/1684 1714/1731/1714
f 1714/1731/1714 1713/1730/1713 1683/1700/1683
f 1685/1702/1685 1715/1732/1715 1716/1733/1716
f 1684/1701/1684 1685/1702/1685 1716/1733/1716
f 1714/1731/1714 1684/1701/1684 1716/1733/1716
f 1716/1733/1716 1715/1732/1715 1717/1734/1717
f 1688/1705/1688 1687/1704/1687 1718/1735/1718
f 1718/1735/1718 1719/1736/1719 1688/1705/1688
f 1687/1704/1687 1690/1707/1690 1720/1737/1720
f 1720/1737/1720 1718/1735/1718 1687/1704/1687
f 1690/1707/1690 1691/1708/1691 1721/1738/1721
f 1721/1738/1721 1720/1737/1720 1690/1707/1690
f 1691/1708/1691 1692/1709/1692 1722/1739/1722
f 1722/1739/1722 1721/1738/1721 1691/1708/1691
f 1692/1709/1692 1693/1710/1693 1723/1740/1723
f 1723/1740/1723 1722/1739/1722 1692/1709/1692
f 1693/1710/1693 1694/1711/1694 1724/1741/1724
f 1724/1741/1724 1723/1740/1723 1693/1710/1693
f 1694/1711/1694 1695/1712/1695 1725/1742/1725
f 1725/1742/1725 1724/1741/1724 1694/1711/1694
f 1695/1712/1695 1696/1713/1696 1726/1743/1726
f 1726/1743/1726 1725/1742/1725 1695/1712/1695
f 1696/1713/1696 1697/1714/1697 1727/1744/1727
f 1727/1744/1727 1726/1743/1726 1696/1713/1696
f 1697/1714/1697 1698/1715/1698 1728/1745/1728
f 1728/1745/1728 1727/1744/1727 1697/1714/1697
f 1698/1715/1698 1699/1716/1699 1729/1746/1729
f 1729/1746/1729 1728/1745/1728 1698/1715/1698
f 1699/1716/1699 1700/1717/1700 1730/1747/1730
f 1730/1747/1730 1729/1746/1729 1699/1716/1699
f 1700/1717/1700 1701/1718/1701 1731/1748/1731
f 1731/1748/1731 1730/1747/1730 1700/1717/1700
f 1701/1718/1701 1702/1719/1702 1732/1749/1732
f 1732/1749/1732 1731/1748/1731 1701/1718/1701
f 1702/1719/1702 1703/1720/1703 1733/1750/1733
f 1733/1750/1733 1732/1749/1732 1702/1719/1702
f 1703/1720/1703 1704/1721/1704 1734/1751/1734
f 1734/1751/1734 1733/1750/1733 1703/1720/1703
f 1704/1721/1704 1705/1722/1705 1735/1752/1735
f 1735/1752/1735 1734/1751/1734 1704/1721/1704
f 1705/1722/1705 1706/1723/1706 1736/1753/1736
f 1736/1753/1736 1735/1752/1735 1705/1722/1705
f 1706/1723/1706 1707/1724/1707 1737/1754/1737
f 1737/1754/1737 1736/1753/1736 1706/1723/1706
f 1707/1724/1707 1708/1725/1708 1738/1755/1738
f 1738/1755/1738 1737/1754/1737 1707/1724/1707
f 1708/1725/1708 1709/1726/1709 1739/1756/1739
f 1739/1756/1739 1738/1755/1738 1708/1725/1708
f 1709/1726/1709 1710/1727/1710 1740/1757/1740
f 1740/1757/1740 1739/1756/1739 1709/1726/1709
f 1710/1727/1710 1711/1728/1711 1741/1758/1741
f 1741/1758/1741 1740/1757/1740 1710/1727/1710
f 1711/1728/1711 1712/1729/1712 1742/1759/1742
f 1742/1759/1742 1741/1758/1741 1711/1728/1711
f 1712/1729/1712 1713/1730/1713 1743/1760/1743
f 1743/1760/1743 1742/1759/1742 1712/1729/1712
f 1713/1730/1713 1714/1731/1714 1744/1761/1744
f 1744/1761/1744 1743/1760/1743 1713/1730/1713
f 1714/1731/1714 1716/1733/1716 1745/1762/1745
f 1745/1762/1745 1744/1761/1744 1714/1731/1714
f 1717/1734/1717 1746/1763/1746 1745/1762/1745
f 1745/1762/1745 1716/1733/1716 1717/1734/1717
f 1747/1764/1747 1748/1765/1748 1749/1766/1749
f 1748/1765/1748 1747/1764/1747 1719/1736/1719
f 1748/1765/1748 1719/1736/1719 1718/1735/1718
f 1748/1765/1748 1718/1735/1718 1750/1767/1750
f 1718/1735/1718 1720/1737/1720 1751/1768/1751
f 1751/1768/1751 1750/1767/1750 1718/1735/1718
f 1720/1737/1720 1721/1738/1721 1752/1769/1752
f 1752/1769/1752 1751/1768/1751 1720/1737/1720
f 1721/1738/1721 1722/1739/1722 1753/1770/1753
f 1753/1770/1753 1752/1769/1752 1721/1738/1721
f 1722/1739/1722 1723/1740/1723 1754/1771/1754
f 1754/1771/1754 1753/1770/1753 1722/1739/1722
f 1723/1740/1723 1724/1741/1724 1755/1772/1755
f 1755/1772/1755 1754/1771/1754 1723/1740/1723
f 1724/1741/1724 1725/1742/1725 1756/1773/1756
f 1756/1773/1756 1755/1772/1755 1724/1741/1724
f 1725/1742/1725 1726/1743/1726 1757/1774/1757
f 1757/1774/1757 1756/1773/1756 1725/1742/1725
f 1726/1743/1726 1727/1744/1727 1758/1775/1758
f 1758/1775/1758 1757/1774/1757 1726/1743/1726
f 1727/1744/1727 1728/1745/1728 1759/1776/1759
f 1759/1776/1759 1758/1775/1758 1727/1744/1727
f 1728/1745/1728 1729/1746/1729 1760/1777/1760
f 1760/1777/1760 1759/1776/1759 1728/1745/1728
f 1729/1746/1729 1730/1747/1730 1761/1778/1761
f 1761/1778/1761 1760/1777/1760 1729/1746/1729
f 1730/1747/1730 1731/1748/1731 1762/1779/1762
f 1762/1779/1762 1761/1778/1761 1730/1747/1730
f 1731/1748/1731 1732/1749/1732 1763/1780/1763
f 1763/1780/1763 1762/1779/1762 1731/1748/1731
f 1732/1749/1732 1733/1750/1733 1764/1781/1764
f 1764/1781/1764 1763/1780/1763 1732/1749/1732
f 1733/1750/1733 1734/1751/1734 1765/1782/1765
f 1765/1782/1765 1764/1781/1764 1733/1750/1733
f 1734/1751/1734 1735/1752/1735 1766/1783/1766
f 1766/1783/1766 1765/1782/1765 1734/1751/1734
f 1735/1752/1735 1736/1753/1736 1767/1784/1767
f 1767/1784/1767 1766/1783/1766 1735/1752/1735
f 1736/1753/1736 1737/1754/1737 1768/1785/1768
f 1768/1785/1768 1767/1784/1767 1736/1753/1736
f 1737/1754/1737 1738/1755/1738 1769/1786/1769
f 1769/1786/1769 1768/1785/1768 1737/1754/1737
f 1738/1755/1738 1739/1756/1739 1770/1787/1770
f 1770/1787/1770 1769/1786/1769 1738/1755/1738
f 1739/1756/1739 1740/1757/1740 1771/1788/1771
f 1771/1788/1771 1770/1787/1770 1739/1756/1739
f 1740/1757/1740 1741/1758/1741 1772/1789/1772
f 1772/1789/1772 1771/1788/1771 1740/1757/1740
f 1741/1758/1741 1742/1759/1742 1773/1790/1773
f 1773/1790/1773 1772/1789/1772 1741/1758/1741
f 1742/1759/1742 1743/1760/1743 1774/1791/1774
f 1774/1791/1774 1773/1790/1773 1742/1759/1742
f 1743/1760/1743 1744/1761/1744 1775/1792/1775
f 1775/1792/1775 1774/1791/1774 1743/1760/1743
f 1744/1761/1744 1745/1762/1745 1776/1793/1776
f 1776/1793/1776 1775/1792/1775 1744/1761/1744
f 1746/1763/1746 1777/1794/1777 1778/1795/1778
f 1745/1762/1745 1746/1763/1746 1778/1795/1778
f 1776/1793/1776 1745/1762/1745 1778/1795/1778
f 1778/1795/1778 1777/1794/1777 1779/1796/1779
f 1749/1766/1749 1748/1765/1748 1780/1797/1780
f 1780/1797/1780 1781/1798/1781 1749/1766/1749
f 1748/1765/1748 1750/1767/1750 1782/1799/1782
f 1782/1799/1782 1780/1797/1780 1748/1765/1748
f 1750/1767/1750 1751/1768/1751 1783/1800/1783
f 1783/1800/1783 1782/1799/1782 1750/1767/1750
f 1751/1768/1751 1752/1769/1752 1784/1801/1784
f 1784/1801/1784 1783/1800/1783 1751/1768/1751
f 1752/1769/1752 1753/1770/1753 1785/1802/1785
f 1785/1802/1785 1784/1801/1784 1752/1769/1752
f 1753/1770/1753 1754/1771/1754 1786/1803/1786
f 1786/1803/1786 1785/1802/1785 1753/1770/1753
f 1754/1771/1754 1755/1772/1755 1787/1804/1787
f 1787/1804/1787 1786/1803/1786 1754/1771/1754
f 1755/1772/1755 1756/1773/1756 1788/1805/1788
f 1788/1805/1788 1787/1804/1787 1755/1772/1755
f 1756/1773/1756 1757/1774/1757 1789/1806/1789
f 1789/1806/1789 1788/1805/1788 1756/1773/1756
f 1757/1774/1757 1758/1775/1758 1790/1807/1790
f 1790/1807/1790 1789/1806/1789 1757/1774/1757
f 1758/1775/1758 1759/1776/1759 1791/1808/1791
f 1791/1808/1791 1790/1807/1790 1758/1775/1758
f 1759/1776/1759 1760/1777/1760 1792/1809/1792
f 1792/1809/1792 1791/1808/1791 1759/1776/1759
f 1760/1777/1760 1761/1778/1761 1793/1810/1793
f 1793/1810/1793 1792/1809/1792 1760/1777/1760
f 1761/1778/1761 1762/1779/1762 1794/1811/1794
f 1794/1811/1794 1793/1810/1793 1761/1778/1761
f 1763/1780/1763 1795/1812/1795 1796/1813/1796
f 1762/1779/1762 1763/1780/1763 1796/1813/1796
f 1794/1811/1794 1762/1779/1762 1796/1813/1796
f 1764/1781/1764 1765/1782/1765 1797/1814/1797
f 1797/1814/1797 1798/1815/1798 1764/1781/1764
f 1765/1782/1765 1766/1783/1766 1799/1816/1799
f 1799/1816/1799 1797/1814/1797 1765/1782/1765
f 1766/1783/1766 1767/1784/1767 1800/1817/1800
f 1800/1817/1800 1799/1816/1799 1766/1783/1766
f 1767/1784/1767 1768/1785/1768 1801/1818/1801
f 1801/1818/1801 1800/1817/1800 1767/1784/1767
f 1768/1785/1768 1769/1786/1769 1802/1819/1802
f 1802/1819/1802 1801/1818/1801 1768/1785/1768
f 1769/1786/1769 1770/1787/1770 1803/1820/1803
f 1803/1820/1803 1802/1819/1802 1769/1786/1769
f 1770/1787/1770 1771/1788/1771 1804/1821/1804
f 1804/1821/1804 1803/1820/1803 1770/1787/1770
f 1771/1788/1771 1772/1789/1772 1805/1822/1805
f 1805/1822/1805 1804/1821/1804 1771/1788/1771
f 1772/1789/1772 1773/1790/1773 1806/1823/1806
f 1806/1823/1806 1805/1822/1805 1772/1789/1772
f 1773/1790/1773 1774/1791/1774 1807/1824/1807
f 1807/1824/1807 1806/1823/1806 1773/1790/1773
f 1774/1791/1774 1775/1792/1775 1808/1825/1808
f 1808/1825/1808 1807/1824/1807 1774/1791/1774
f 1775/1792/1775 1776/1793/1776 1809/1826/1809
f 1809/1826/1809 1808/1825/1808 1775/1792/1775
f 1776/1793/1776 1778/1795/1778 1810/1827/1810
f 1810/1827/1810 1809/1826/1809 1776/1793/1776
f 1779/1796/1779 1811/1828/1811 1810/1827/1810
f 1810/1827/1810 1778/1795/1778 1779/1796/1779
f 1812/1829/1812 1813/1830/1813 1814/1831/1814
f 1813/1830/1813 1812/1829/1812 1781/1798/1781
f 1813/1830/1813 1781/1798/1781 1780/1797/1780
f 1813/1830/1813 1780/1797/1780 1815/1832/1815
f 1780/1797/1780 1782/1799/1782 1816/1833/1816
f 1816/1833/1816 1815/1832/1815 1780/1797/1780
f 1782/1799/1782 1783/1800/1783 1817/1834/1817
f 1817/1834/1817 1816/1833/1816 1782/1799/1782
f 1783/1800/1783 1784/1801/1784 1818/1835/1818
f 1818/1835/1818 1817/1834/1817 1783/1800/1783
f 1784/1801/1784 1785/1802/1785 1819/1836/1819
f 1819/1836/1819 1818/1835/1818 1784/1801/1784
f 1785/1802/1785 1786/1803/1786 1820/1837/1820
f 1820/1837/1820 1819/1836/1819 1785/1802/1785
f 1786/1803/1786 1787/1804/1787 1821/1838/1821
f 1821/1838/1821 1820/1837/1820 1786/1803/1786
f 1787/1804/1787 1788/1805/1788 1822/1839/1822
f 1822/1839/1822 1821/1838/1821 1787/1804/1787
f 1788/1805/1788 1789/1806/1789 1823/1840/1823
f 1823/1840/1823 1822/1839/1822 1788/1805/1788
f 1789/1806/1789 1790/1807/1790 1824/1841/1824
f 1824/1841/1824 1823/1840/1823 1789/1806/1789
f 1790/1807/1790 1791/1808/1791 1825/1842/1825
f 1825/1842/1825 1824/1841/1824 1790/1807/1790
f 1791/1808/1791 1792/1809/1792 1826/1843/1826
f 1826/1843/1826 1825/1842/1825 1791/1808/1791
f 1792/1809/1792 1793/1810/1793 1827/1844/1827
f 1827/1844/1827 1826/1843/1826 1792/1809/1792
f 1794/1811/1794 1828/1845/1828 1829/1846/1829
f 1793/1810/1793 1794/1811/1794 1829/1846/1829
f 1827/1844/1827 1793/1810/1793 1829/1846/1829
f 1797/1814/1797 1799/1816/1799 1831/1848/1831
f 1797/1814/1797 1831/1848/1831 1832/1849/1832
f 1830/1847/1830 1797/1814/1797 1832/1849/1832
f 1799/1816/1799 1800/1817/1800 1833/1850/1833
f 1833/1850/1833 1831/1848/1831 1799/1816/1799
f 1800/1817/1800 1801/1818/1801 1834/1851/1834
f 1834/1851/1834 1833/1850/1833 1800/1817/1800
f 1801/1818/1801 1802/1819/1802 1835/1852/1835
f 1835/1852/1835 1834/1851/1834 1801/1818/1801
f 1802/1819/1802 1803/1820/1803 1836/1853/1836
f 1836/1853/1836 1835/1852/1835 1802/1819/1802
f 1803/1820/1803 1804/1821/1804 1837/1854/1837
f 1837/1854/1837 1836/1853/1836 1803/1820/1803
f 1804/1821/1804 1805/1822/1805 1838/1855/1838
f 1838/1855/1838 1837/1854/1837 1804/1821/1804
f 1805/1822/1805 1806/1823/1806 1839/1856/1839
f 1839/1856/1839 1838/1855/1838 1805/1822/1805
f 1806/1823/1806 1807/1824/1807 1840/1857/1840
f 1840/1857/1840 1839/1856/1839 1806/1823/1806
f 1807/1824/1807 1808/1825/1808 1841/1858/1841
f 1841/1858/1841 1840/1857/1840 1807/1824/1807
f 1808/1825/1808 1809/1826/1809 1842/1859/1842
f 1842/1859/1842 1841/1858/1841 1808/1825/1808
f 1809/1826/1809 1810/1827/1810 1843/1860/1843
f 1843/1860/1843 1842/1859/1842 1809/1826/1809
f 1811/1828/1811 1844/1861/1844 1845/1862/1845
f 1810/1827/1810 1811/1828/1811 1845/1862/1845
f 1843/1860/1843 1810/1827/1810 1845/1862/1845
f 1845/1862/1845 1844/1861/1844 1846/1863/1846
f 1814/1831/1814 1813/1830/1813 1847/1864/1847
f 1847/1864/1847 1848/1865/1848 1814/1831/1814
f 1813/1830/1813 1815/1832/1815 1849/1866/1849
f 1849/1866/1849 1847/1864/1847 1813/1830/1813
f 1815/1832/1815 1816/1833/1816 1850/1867/1850
f 1850/1867/1850 1849/1866/1849 1815/1832/1815
f 1816/1833/1816 1817/1834/1817 1851/1868/1851
f 1851/1868/1851 1850/1867/1850 1816/1833/1816
f 1817/1834/1817 1818/1835/1818 1852/1869/1852
f 1852/1869/1852 1851/1868/1851 1817/1834/1817
f 1818/1835/1818 1819/1836/1819 1853/1870/1853
f 1853/1870/1853 1852/1869/1852 1818/1835/1818
f 1819/1836/1819 1820/1837/1820 1854/1871/1854
f 1854/1871/1854 1853/1870/1853 1819/1836/1819
f 1820/1837/1820 1821/1838/1821 1855/1872/1855
f 1855/1872/1855 1854/1871/1854 1820/1837/1820
f 1821/1838/1821 1822/1839/1822 1856/1873/1856
f 1856/1873/1856 1855/1872/1855 1821/1838/1821
f 1822/1839/1822 1823/1840/1823 1857/1874/1857
f 1857/1874/1857 1856/1873/1856 1822/1839/1822
f 1823/1840/1823 1824/1841/1824 1858/1875/1858
f 1858/1875/1858 1857/1874/1857 1823/1840/1823
f 1824/1841/1824 1825/1842/1825 1859/1876/1859
f 1859/1876/1859 1858/1875/1858 1824/1841/1824
f 1825/1842/1825 1826/1843/1826 1860/1877/1860
f 1860/1877/1860 1859/1876/1859 1825/1842/1825
f 1826/1843/1826 1827/1844/1827 1861/1878/1861
f 1861/1878/1861 1860/1877/1860 1826/1843/1826
f 1861/1878/1861 1827/1844/1827 1829/1846/1829
f 1829/1846/1829 1862/1879/1862 1861/1878/1861
f 1831/1848/1831 1833/1850/1833 1864/1881/1864
f 1864/1881/1864 1863/1880/1863 1831/1848/1831
f 1833/1850/1833 1834/1851/1834 1865/1882/1865
f 1865/1882/1865 1864/1881/1864 1833/1850/1833
f 1834/1851/1834 1835/1852/1835 1866/1883/1866
f 1866/1883/1866 1865/1882/1865 1834/1851/1834
f 1835/1852/1835 1836/1853/1836 1867/1884/1867
f 1867/1884/1867 1866/1883/1866 1835/1852/1835
f 1836/1853/1836 1837/1854/1837 1868/1885/1868
f 1868/1885/1868 1867/1884/1867 1836/1853/1836
f 1837/1854/1837 1838/1855/1838 1869/1886/1869
f 1869/1886/1869 1868/1885/1868 1837/1854/1837
f 1838/1855/1838 1839/1856/1839 1870/1887/1870
f 1870/1887/1870 1869/1886/1869 1838/1855/1838
f 1839/1856/1839 1840/1857/1840 1871/1888/1871
f 1871/1888/1871 1870/1887/1870 1839/1856/1839
f 1840/1857/1840 1841/1858/1841 1872/1889/1872
f 1872/1889/1872 1871/1888/1871 1840/1857/1840
f 1841/1858/1841 1842/1859/1842 1873/1890/1873
f 1873/1890/1873 1872/1889/1872 1841/1858/1841
f 1842/1859/1842 1843/1860/1843 1874/1891/1874
f 1874/1891/1874 1873/1890/1873 1842/1859/1842
f 1843/1860/1843 1845/1862/1845 1875/1892/1875
f 1875/1892/1875 1874/1891/1874 1843/1860/1843
f 1846/1863/1846 1876/1893/1876 1875/1892/1875
f 1875/1892/1875 1845/1862/1845 1846/1863/1846
f 1877/1894/1877 1878/1895/1878 1879/1896/1879
f 1878/1895/1878 1877/1894/1877 1848/1865/1848
f 1878/1895/1878 1848/1865/1848 1847/1864/1847
f 1878/1895/1878 1847/1864/1847 1880/1897/1880
f 1847/1864/1847 1849/1866/1849 1881/1898/1881
f 1881/1898/1881 1880/1897/1880 1847/1864/1847
f 1849/1866/1849 1850/1867/1850 1882/1899/1882
f 1882/1899/1882 1881/1898/1881 1849/1866/1849
f 1850/1867/1850 1851/1868/1851 1883/1900/1883
f 1883/1900/1883 1882/1899/1882 1850/1867/1850
f 1851/1868/1851 1852/1869/1852 1884/1901/1884
f 1884/1901/1884 1883/1900/1883 1851/1868/1851
f 1852/1869/1852 1853/1870/1853 1885/1902/1885
f 1885/1902/1885 1884/1901/1884 1852/1869/1852
f 1853/1870/1853 1854/1871/1854 1886/1903/1886
f 1886/1903/1886 1885/1902/1885 1853/1870/1853
f 1854/1871/1854 1855/1872/1855 1887/1904/1887
f 1887/1904/1887 1886/1903/1886 1854/1871/1854
f 1855/1872/1855 1856/1873/1856 1888/1905/1888
f 1888/1905/1888 1887/1904/1887 1855/1872/1855
f 1856/1873/1856 1857/1874/1857 1889/1906/1889
f 1889/1906/1889 1888/1905/1888 1856/1873/1856
f 1857/1874/1857 1858/1875/1858 1890/1907/1890
f 1890/1907/1890 1889/1906/1889 1857/1874/1857
f 1858/1875/1858 1859/1876/1859 1891/1908/1891
f 1891/1908/1891 1890/1907/1890 1858/1875/1858
f 1859/1876/1859 1860/1877/1860 1892/1909/1892
f 1892/1909/1892 1891/1908/1891 1859/1876/1859
f 1861/1878/1861 1893/1910/1893 1894/1911/1894
f 1860/1877/1860 1861/1878/1861 1894/1911/1894
f 1892/1909/1892 1860/1877/1860 1894/1911/1894
f 1895/1912/1895 1863/1880/1863 1896/1913/1896
f 1863/1880/1863 1864/1881/1864 1897/1914/1897
f 1896/1913/1896 1863/1880/1863 1897/1914/1897
f 1896/1913/1896 1897/1914/1897 1898/1915/1898
f 1864/1881/1864 1865/1882/1865 1899/1916/1899
f 1899/1916/1899 1897/1914/1897 1864/1881/1864
f 1865/1882/1865 1866/1883/1866 1900/1917/1900
f 1900/1917/1900 1899/1916/1899 1865/1882/1865
f 1866/1883/1866 1867/1884/1867 1901/1918/1901
f 1901/1918/1901 1900/1917/1900 1866/1883/1866
f 1867/1884/1867 1868/1885/1868 1902/1919/1902
f 1902/1919/1902 1901/1918/1901 1867/1884/1867
f 1868/1885/1868 1869/1886/1869 1903/1920/1903
f 1903/1920/1903 1902/1919/1902 1868/1885/1868
f 1869/1886/1869 1870/1887/1870 1904/1921/1904
f 1904/1921/1904 1903/1920/1903 1869/1886/1869
f 1870/1887/1870 1871/1888/1871 1905/1922/1905
f 1905/1922/1905 1904/1921/1904 1870/1887/1870
f 1871/1888/1871 1872/1889/1872 1906/1923/1906
f 1906/1923/1906 1905/1922/1905 1871/1888/1871
f 1872/1889/1872 1873/1890/1873 1907/1924/1907
f 1907/1924/1907 1906/1923/1906 1872/1889/1872
f 1873/1890/1873 1874/1891/1874 1908/1925/1908
f 1908/1925/1908 1907/1924/1907 1873/1890/1873
f 1874/1891/1874 1875/1892/1875 1909/1926/1909
f 1909/1926/1909 1908/1925/1908 1874/1891/1874
f 1876/1893/1876 1910/1927/1910 1911/1928/1911
f 1875/1892/1875 1876/1893/1876 1911/1928/1911
f 1909/1926/1909 1875/1892/1875 1911/1928/1911
f 1911/1928/1911 1910/1927/1910 1912/1929/1912
f 1879/1896/1879 1878/1895/1878 1913/1930/1913
f 1913/1930/1913 1914/1931/1914 1879/1896/1879
f 1878/1895/1878 1880/1897/1880 1915/1932/1915
f 1915/1932/1915 1913/1930/1913 1878/1895/1878
f 1880/1897/1880 1881/1898/1881 1916/1933/1916
f 1916/1933/1916 1915/1932/1915 1880/1897/1880
f 1881/1898/1881 1882/1899/1882 1917/1934/1917
f 1917/1934/1917 1916/1933/1916 1881/1898/1881
f 1882/1899/1882 1883/1900/1883 1918/1935/1918
f 1918/1935/1918 1917/1934/1917 1882/1899/1882
f 1883/1900/1883 1884/1901/1884 1919/1936/1919
f 1919/1936/1919 1918/1935/1918 1883/1900/1883
f 1884/1901/1884 1885/1902/1885 1920/1937/1920
f 1920/1937/1920 1919/1936/1919 1884/1901/1884
f 1885/1902/1885 1886/1903/1886 1921/1938/1921
f 1921/1938/1921 1920/1937/1920 1885/1902/1885
f 1886/1903/1886 1887/1904/1887 1922/1939/1922
f 1922/1939/1922 1921/1938/1921 1886/1903/1886
f 1887/1904/1887 1888/1905/1888 1923/1940/1923
f 1923/1940/1923 1922/1939/1922 1887/1904/1887
f 1888/1905/1888 1889/1906/1889 1924/1941/1924
f 1924/1941/1924 1923/1940/1923 1888/1905/1888
f 1889/1906/1889 1890/1907/1890 1925/1942/1925
f 1925/1942/1925 1924/1941/1924 1889/1906/1889
f 1890/1907/1890 1891/1908/1891 1926/1943/1926
f 1926/1943/1926 1925/1942/1925 1890/1907/1890
f 1891/1908/1891 1892/1909/1892 1927/1944/1927
f 1927/1944/1927 1926/1943/1926 1891/1908/1891
f 1927/1944/1927 1892/1909/1892 1894/1911/1894
f 1894/1911/1894 1928/1945/1928 1927/1944/1927
f 1897/1914/1897 1899/1916/1899 1930/1947/1930
f 1930/1947/1930 1929/1946/1929 1897/1914/1897
f 1899/1916/1899 1900/1917/1900 1931/1948/1931
f 1931/1948/1931 1930/1947/1930 1899/1916/1899
f 1900/1917/1900 1901/1918/1901 1932/1949/1932
f 1932/1949/1932 1931/1948/1931 1900/1917/1900
f 1901/1918/1901 1902/1919/1902 1933/1950/1933
f 1933/1950/1933 1932/1949/1932 1901/1918/1901
f 1902/1919/1902 1903/1920/1903 1934/1951/1934
f 1934/1951/1934 1933/1950/1933 1902/1919/1902
f 1903/1920/1903 1904/1921/1904 1935/1952/1935
f 1935/1952/1935 1934/1951/1934 1903/1920/1903
f 1904/1921/1904 1905/1922/1905 1936/1953/1936
f 1936/1953/1936 1935/1952/1935 1904/1921/1904
f 1905/1922/1905 1906/1923/1906 1937/1954/1937
f 1937/1954/1937 1936/1953/1936 1905/1922/1905
f 1906/1923/1906 1907/1924/1907 1938/1955/1938
f 1938/1955/1938 1937/1954/1937 1906/1923/1906
f 1907/1924/1907 1908/1925/1908 1939/1956/1939
f 1939/1956/1939 1938/1955/1938 1907/1924/1907
f 1908/1925/1908 1909/1926/1909 1940/1957/1940
f 1940/1957/1940 1939/1956/1939 1908/1925/1908
f 1909/1926/1909 1911/1928/1911 1941/1958/1941
f 1941/1958/1941 1940/1957/1940 1909/1926/1909
f 1912/1929/1912 1942/1959/1942 1941/1958/1941
f 1941/1958/1941 1911/1928/1911 1912/1929/1912
f 1943/1960/1943 1944/1961/1944 1945/1962/1945
f 1944/1961/1944 1943/1960/1943 1914/1931/1914
f 1944/1961/1944 1914/1931/1914 1913/1930/1913
f 1944/1961/1944 1913/1930/1913 1946/1963/1946
f 1913/1930/1913 1915/1932/1915 1947/1964/1947
f 1947/1964/1947 1946/1963/1946 1913/1930/1913
f 1915/1932/1915 1916/1933/1916 1948/1965/1948
f 1948/1965/1948 1947/1964/1947 1915/1932/1915
f 1916/1933/1916 1917/1934/1917 1949/1966/1949
f 1949/1966/1949 1948/1965/1948 1916/1933/1916
f 1917/1934/1917 1918/1935/1918 1950/1967/1950
f 1950/1967/1950 1949/1966/1949 1917/1934/1917
f 1918/1935/1918 1919/1936/1919 1951/1968/1951
f 1951/1968/1951 1950/1967/1950 1918/1935/1918
f 1919/1936/1919 1920/1937/1920 1952/1969/1952
f 1952/1969/1952 1951/1968/1951 1919/1936/1919
f 1920/1937/1920 1921/1938/1921 1953/1970/1953
f 1953/1970/1953 1952/1969/1952 1920/1937/1920
f 1921/1938/1921 1922/1939/1922 1954/1971/1954
f 1954/1971/1954 1953/1970/1953 1921/1938/1921
f 1922/1939/1922 1923/1940/1923 1955/1972/1955
f 1955/1972/1955 1954/1971/1954 1922/1939/1922
f 1923/1940/1923 1924/1941/1924 1956/1973/1956
f 1956/1973/1956 1955/1972/1955 1923/1940/1923
f 1924/1941/1924 1925/1942/1925 1957/1974/1957
f 1957/1974/1957 1956/1973/1956 1924/1941/1924
f 1925/1942/1925 1926/1943/1926 1958/1975/1958
f 1958/1975/1958 1957/1974/1957 1925/1942/1925
f 1927/1944/1927 1959/1976/1959 1960/1977/1960
f 1926/1943/1926 1927/1944/1927 1960/1977/1960
f 1958/1975/1958 1926/1943/1926 1960/1977/1960
f 1961/1978/1961 1929/1946/1929 1962/1979/1962
f 1929/1946/1929 1930/1947/1930 1963/1980/1963
f 1962/1979/1962 1929/1946/1929 1963/1980/1963
f 1962/1979/1962 1963/1980/1963 1964/1981/1964
f 1930/1947/1930 1931/1948/1931 1965/1982/1965
f 1965/1982/1965 1963/1980/1963 1930/1947/1930
f 1931/1948/1931 1932/1949/1932 1966/1983/1966
f 1966/1983/1966 1965/1982/1965 1931/1948/1931
f 1932/1949/1932 1933/1950/1933 1967/1984/1967
f 1967/1984/1967 1966/1983/1966 1932/1949/1932
f 1933/1950/1933 1934/1951/1934 1968/1985/1968
f 1968/1985/1968 1967/1984/1967 1933/1950/1933
f 1934/1951/1934 1935/1952/1935 1969/1986/1969
f 1969/1986/1969 1968/1985/1968 1934/1951/1934
f 1935/1952/1935 1936/1953/1936 1970/1987/1970
f 1970/1987/1970 1969/1986/1969 1935/1952/1935
f 1936/1953/1936 1937/1954/1937 1971/1988/1971
f 1971/1988/1971 1970/1987/1970 1936/1953/1936
f 1937/1954/1937 1938/1955/1938 1972/1989/1972
f 1972/1989/1972 1971/1988/1971 1937/1954/1937
f 1938/1955/1938 1939/1956/1939 1973/1990/1973
f 1973/1990/1973 1972/1989/1972 1938/1955/1938
f 1939/1956/1939 1940/1957/1940 1974/1991/1974
f 1974/1991/1974 1973/1990/1973 1939/1956/1939
f 1940/1957/1940 1941/1958/1941 1975/1992/1975
f 1975/1992/1975 1974/1991/1974 1940/1957/1940
f 1941/1958/1941 1942/1959/1942 1976/1993/1976
f 1976/1993/1976 1975/1992/1975 1941/1958/1941
f 1976/1993/1976 1942/1959/1942 1977/1994/1977
f 1945/1962/1945 1944/1961/1944 1978/1995/1978
f 1978/1995/1978 1979/1996/1979 1945/1962/1945
f 1944/1961/1944 1946/1963/1946 1980/1997/1980
f 1980/1997/1980 1978/1995/1978 1944/1961/1944
f 1946/1963/1946 1947/1964/1947 1981/1998/1981
f 1981/1998/1981 1980/1997/1980 1946/1963/1946
f 1947/1964/1947 1948/1965/1948 1982/1999/1982
f 1982/1999/1982 1981/1998/1981 1947/1964/1947
f 1948/1965/1948 1949/1966/1949 1983/2000/1983
f 1983/2000/1983 1982/1999/1982 1948/1965/1948
f 1949/1966/1949 1950/1967/1950 1984/2001/1984
f 1984/2001/1984 1983/2000/1983 1949/1966/1949
f 1950/1967/1950 1951/1968/1951 1985/2002/1985
f 1985/2002/1985 1984/2001/1984 1950/1967/1950
f 1951/1968/1951 1952/1969/1952 1986/2003/1986
f 1986/2003/1986 1985/2002/1985 1951/1968/1951
f 1952/1969/1952 1953/1970/1953 1987/2004/1987
f 1987/2004/1987 1986/2003/1986 1952/1969/1952
f 1953/1970/1953 1954/1971/1954 1988/2005/1988
f 1988/2005/1988 1987/2004/1987 1953/1970/1953
f 1954/1971/1954 1955/1972/1955 1989/2006/1989
f 1989/2006/1989 1988/2005/1988 1954/1971/1954
f 1955/1972/1955 1956/1973/1956 1990/2007/1990
f 1990/2007/1990 1989/2006/1989 1955/1972/1955
f 1956/1973/1956 1957/1974/1957 1991/2008/1991
f 1991/2008/1991 1990/2007/1990 1956/1973/1956
f 1957/1974/1957 1958/1975/1958 1992/2009/1992
f 1992/2009/1992 1991/2008/1991 1957/1974/1957
f 1992/2009/1992 1958/1975/1958 1960/1977/1960
f 1960/1977/1960 1993/2010/1993 1992/2009/1992
f 1963/1980/1963 1965/1982/1965 1995/2012/1995
f 1995/2012/1995 1994/2011/1994 1963/1980/1963
f 1965/1982/1965 1966/1983/1966 1996/2013/1996
f 1996/2013/1996 1995/2012/1995 1965/1982/1965
f 1966/1983/1966 1967/1984/1967 1997/2014/1997
f 1997/2014/1997 1996/2013/1996 1966/1983/1966
f 1967/1984/1967 1968/1985/1968 1998/2015/1998
f 1998/2015/1998 1997/2014/1997 1967/1984/1967
f 1968/1985/1968 1969/1986/1969 1999/2016/1999
f 1999/2016/1999 1998/2015/1998 1968/1985/1968
f 1969/1986/1969 1970/1987/1970 2000/2017/2000
f 2000/2017/2000 1999/2016/1999 1969/1986/1969
f 1970/1987/1970 1971/1988/1971 2001/2018/2001
f 2001/2018/2001 2000/2017/2000 1970/1987/1970
f 1971/1988/1971 1972/1989/1972 2002/2019/2002
f 2002/2019/2002 2001/2018/2001 1971/1988/1971
f 1972/1989/1972 1973/1990/1973 2003/2020/2003
f 2003/2020/2003 2002/2019/2002 1972/1989/1972
f 1973/1990/1973 1974/1991/1974 2004/2021/2004
f 2004/2021/2004 2003/2020/2003 1973/1990/1973
f 1974/1991/1974 1975/1992/1975 2005/2022/2005
f 2005/2022/2005 2004/2021/2004 1974/1991/1974
f 1975/1992/1975 1976/1993/1976 2006/2023/2006
f 2006/2023/2006 2005/2022/2005 1975/1992/1975
f 1977/1994/1977 2007/2024/2007 2008/2025/2008
f 1976/1993/1976 1977/1994/1977 2008/2025/2008
f 2006/2023/2006 1976/1993/1976 2008/2025/2008
f 2008/2025/2008 2007/2024/2007 2009/2026/2009
f 2010/2027/2010 2011/2028/2011 2012/2029/2012
f 2011/2028/2011 2010/2027/2010 1979/1996/1979
f 2011/2028/2011 1979/1996/1979 1978/1995/1978
f 2011/2028/2011 1978/1995/1978 2013/2030/2013
f 1978/1995/1978 1980/1997/1980 2014/2031/2014
f 2014/2031/2014 2013/2030/2013 1978/1995/1978
f 1980/1997/1980 1981/1998/1981 2015/2032/2015
f 2015/2032/2015 2014/2031/2014 1980/1997/1980
f 1981/1998/1981 1982/1999/1982 2016/2033/2016
f 2016/2033/2016 2015/2032/2015 1981/1998/1981
f 1982/1999/1982 1983/2000/1983 2017/2034/2017
f 2017/2034/2017 2016/2033/2016 1982/1999/1982
f 1983/2000/1983 1984/2001/1984 2018/2035/2018
f 2018/2035/2018 2017/2034/2017 1983/2000/1983
f 1984/2001/1984 1985/2002/1985 2019/2036/2019
f 2019/2036/2019 2018/2035/2018 1984/2001/1984
f 1985/2002/1985 1986/2003/1986 2020/2037/2020
f 2020/2037/2020 2019/2036/2019 1985/2002/1985
f 1986/2003/1986 1987/2004/1987 2021/2038/2021
f 2021/2038/2021 2020/2037/2020 1986/2003/1986
f 1987/2004/1987 1988/2005/1988 2022/2039/2022
f 2022/2039/2022 2021/2038/2021 1987/2004/1987
f 1988/2005/1988 1989/2006/1989 2023/2040/2023
f 2023/2040/2023 2022/2039/2022 1988/2005/1988
f 1989/2006/1989 1990/2007/1990 2024/2041/2024
f 2024/2041/2024 2023/2040/2023 1989/2006/1989
f 1990/2007/1990 1991/2008/1991 2025/2042/2025
f 2025/2042/2025 2024/2041/2024 1990/2007/1990
f 1992/2009/1992 2026/2043/2026 2027/2044/2027
f 1991/2008/1991 1992/2009/1992 2027/2044/2027
f 2025/2042/2025 1991/2008/1991 2027/2044/2027
f 2028/2045/2028 1994/2011/1994 2029/2046/2029
f 2029/2046/2029 1994/2011/1994 1995/2012/1995
f 2029/2046/2029 1995/2012/1995 2030/2047/2030
f 2029/2046/2029 2030/2047/2030 2031/2048/2031
f 1995/2012/1995 1996/2013/1996 2032/2049/2032
f 2032/2049/2032 2030/2047/2030 1995/2012/1995
f 1996/2013/1996 1997/2014/1997 2033/2050/2033
f 2033/2050/2033 2032/2049/2032 1996/2013/1996
f 1997/2014/1997 1998/2015/1998 2034/2051/2034
f 2034/2051/2034 2033/2050/2033 1997/2014/1997
f 1998/2015/1998 1999/2016/1999 2035/2052/2035
f 2035/2052/2035 2034/2051/2034 1998/2015/1998
f 1999/2016/1999 2000/2017/2000 2036/2053/2036
f 2036/2053/2036 2035/2052/2035 1999/2016/1999
f 2000/2017/2000 2001/2018/2001 2037/2054/2037
f 2037/2054/2037 2036/2053/2036 2000/2017/2000
f 2001/2018/2001 2002/2019/2002 2038/2055/2038
f 2038/2055/2038 2037/2054/2037 2001/2018/2001
f 2002/2019/2002 2003/2020/2003 2039/2056/2039
f 2039/2056/2039 2038/2055/2038 2002/2019/2002
f 2003/2020/2003 2004/2021/2004 2040/2057/2040
f 2040/2057/2040 2039/2056/2039 2003/2020/2003
f 2004/2021/2004 2005/2022/2005 2041/2058/2041
f 2041/2058/2041 2040/2057/2040 2004/2021/2004
f 2005/2022/2005 2006/2023/2006 2042/2059/2042
f 2042/2059/2042 2041/2058/2041 2005/2022/2005
f 2006/2023/2006 2008/2025/2008 2043/2060/2043
f 2043/2060/2043 2042/2059/2042 2006/2023/2006
f 2009/2026/2009 2044/2061/2044 2043/2060/2043
f 2043/2060/2043 2008/2025/2008 2009/2026/2009
f 2045/2062/2045 2046/2063/2046 2047/2064/2047
f 2012/2029/2012 2011/2028/2011 2048/2065/2048
f 2045/2062/2045 2012/2029/2012 2048/2065/2048
f 2046/2063/2046 2045/2062/2045 2048/2065/2048
f 2011/2028/2011 2013/2030/2013 2049/2066/2049
f 2049/2066/2049 2048/2065/2048 2011/2028/2011
f 2013/2030/2013 2014/2031/2014 2050/2067/2050
f 2050/2067/2050 2049/2066/2049 2013/2030/2013
f 2014/2031/2014 2015/2032/2015 2051/2068/2051
f 2051/2068/2051 2050/2067/2050 2014/2031/2014
f 2015/2032/2015 2016/2033/2016 2052/2069/2052
f 2052/2069/2052 2051/2068/2051 2015/2032/2015
f 2016/2033/2016 2017/2034/2017 2053/2070/2053
f 2053/2070/2053 2052/2069/2052 2016/2033/2016
f 2017/2034/2017 2018/2035/2018 2054/2071/2054
f 2054/2071/2054 2053/2070/2053 2017/2034/2017
f 2018/2035/2018 2019/2036/2019 2055/2072/2055
f 2055/2072/2055 2054/2071/2054 2018/2035/2018
f 2019/2036/2019 2020/2037/2020 2056/2073/2056
f 2056/2073/2056 2055/2072/2055 2019/2036/2019
f 2020/2037/2020 2021/2038/2021 2057/2074/2057
f 2057/2074/2057 2056/2073/2056 2020/2037/2020
f 2021/2038/2021 2022/2039/2022 2058/2075/2058
f 2058/2075/2058 2057/2074/2057 2021/2038/2021
f 2022/2039/2022 2023/2040/2023 2059/2076/2059
f 2059/2076/2059 2058/2075/2058 2022/2039/2022
f 2023/2040/2023 2024/2041/2024 2060/2077/2060
f 2060/2077/2060 2059/2076/2059 2023/2040/2023
f 2024/2041/2024 2025/2042/2025 2061/2078/2061
f 2061/2078/2061 2060/2077/2060 2024/2041/2024
f 2061/2078/2061 2025/2042/2025 2027/2044/2027
f 2027/2044/2027 2062/2079/2062 2061/2078/2061
f 2030/2047/2030 2032/2049/2032 2064/2081/2064
f 2064/2081/2064 2063/2080/2063 2030/2047/2030
f 2032/2049/2032 2033/2050/2033 2065/2082/2065
f 2065/2082/2065 2064/2081/2064 2032/2049/2032
f 2033/2050/2033 2034/2051/2034 2066/2083/2066
f 2066/2083/2066 2065/2082/2065 2033/2050/2033
f 2034/2051/2034 2035/2052/2035 2067/2084/2067
f 2067/2084/2067 2066/2083/2066 2034/2051/2034
f 2035/2052/2035 2036/2053/2036 2068/2085/2068
f 2068/2085/2068 2067/2084/2067 2035/2052/2035
f 2036/2053/2036 2037/2054/2037 2069/2086/2069
f 2069/2086/2069 2068/2085/2068 2036/2053/2036
f 2037/2054/2037 2038/2055/2038 2070/2087/2070
f 2070/2087/2070 2069/2086/2069 2037/2054/2037
f 2038/2055/2038 2039/2056/2039 2071/2088/2071
f 2071/2088/2071 2070/2087/2070 2038/2055/2038
f 2039/2056/2039 2040/2057/2040 2072/2089/2072
f 2072/2089/2072 2071/2088/2071 2039/2056/2039
f 2040/2057/2040 2041/2058/2041 2073/2090/2073
f 2073/2090/2073 2072/2089/2072 2040/2057/2040
f 2041/2058/2041 2042/2059/2042 2074/2091/2074
f 2074/2091/2074 2073/2090/2073 2041/2058/2041
f 2042/2059/2042 2043/2060/2043 2075/2092/2075
f 2075/2092/2075 2074/2091/2074 2042/2059/2042
f 2044/2061/2044 2076/2093/2076 2077/2094/2077
f 2043/2060/2043 2044/2061/2044 2077/2094/2077
f 2075/2092/2075 2043/2060/2043 2077/2094/2077
f 2077/2094/2077 2076/2093/2076 2078/2095/2078
f 2047/2064/2047 2046/2063/2046 2079/2096/2079
f 2079/2096/2079 2080/2097/2080 2047/2064/2047
f 2046/2063/2046 2048/2065/2048 2081/2098/2081
f 2081/2098/2081 2079/2096/2079 2046/2063/2046
f 2048/2065/2048 2049/2066/2049 2082/2099/2082
f 2082/2099/2082 2081/2098/2081 2048/2065/2048
f 2049/2066/2049 2050/2067/2050 2083/2100/2083
f 2083/2100/2083 2082/2099/2082 2049/2066/2049
f 2050/2067/2050 2051/2068/2051 2084/2101/2084
f 2084/2101/2084 2083/2100/2083 2050/2067/2050
f 2051/2068/2051 2052/2069/2052 2085/2102/2085
f 2085/2102/2085 2084/2101/2084 2051/2068/2051
f 2052/2069/2052 2053/2070/2053 2086/2103/2086
f 2086/2103/2086 2085/2102/2085 2052/2069/2052
f 2053/2070/2053 2054/2071/2054 2087/2104/2087
f 2087/2104/2087 2086/2103/2086 2053/2070/2053
f 2054/2071/2054 2055/2072/2055 2088/2105/2088
f 2088/2105/2088 2087/2104/2087 2054/2071/2054
f 2055/2072/2055 2056/2073/2056 2089/2106/2089
f 2089/2106/2089 2088/2105/2088 2055/2072/2055
f 2056/2073/2056 2057/2074/2057 2090/2107/2090
f 2090/2107/2090 2089/2106/2089 2056/2073/2056
f 2057/2074/2057 2058/2075/2058 2091/2108/2091
f 2091/2108/2091 2090/2107/2090 2057/2074/2057
f 2058/2075/2058 2059/2076/2059 2092/2109/2092
f 2092/2109/2092 2091/2108/2091 2058/2075/2058
f 2059/2076/2059 2060/2077/2060 2093/2110/2093
f 2093/2110/2093 2092/2109/2092 2059/2076/2059
f 2061/2078/2061 2094/2111/2094 2095/2112/2095
f 2060/2077/2060 2061/2078/2061 2095/2112/2095
f 2093/2110/2093 2060/2077/2060 2095/2112/2095
f 2096/2113/2096 2063/2080/2063 2097/2114/2097
f 2063/2080/2063 2064/2081/2064 2098/2115/2098
f 2097/2114/2097 2063/2080/2063 2098/2115/2098
f 2097/2114/2097 2098/2115/2098 2099/2116/2099
f 2064/2081/2064 2065/2082/2065 2100/2117/2100
f 2100/2117/2100 2098/2115/2098 2064/2081/2064
f 2065/2082/2065 2066/2083/2066 2101/2118/2101
f 2101/2118/2101 2100/2117/2100 2065/2082/2065
f 2066/2083/2066 2067/2084/2067 2102/2119/2102
f 2102/2119/2102 2101/2118/2101 2066/2083/2066
f 2067/2084/2067 2068/2085/2068 2103/2120/2103
f 2103/2120/2103 2102/2119/2102 2067/2084/2067
f 2068/2085/2068 2069/2086/2069 2104/2121/2104
f 2104/2121/2104 2103/2120/2103 2068/2085/2068
f 2069/2086/2069 2070/2087/2070 2105/2122/2105
f 2105/2122/2105 2104/2121/2104 2069/2086/2069
f 2070/2087/2070 2071/2088/2071 2106/2123/2106
f 2106/2123/2106 2105/2122/2105 2070/2087/2070
f 2071/2088/2071 2072/2089/2072 2107/2124/2107
f 2107/2124/2107 2106/2123/2106 2071/2088/2071
f 2072/2089/2072 2073/2090/2073 2108/2125/2108
f 2108/2125/2108 2107/2124/2107 2072/2089/2072
f 2073/2090/2073 2074/2091/2074 2109/2126/2109
f 2109/2126/2109 2108/2125/2108 2073/2090/2073
f 2074/2091/2074 2075/2092/2075 2110/2127/2110
f 2110/2127/2110 2109/2126/2109 2074/2091/2074
f 2075/2092/2075 2077/2094/2077 2111/2128/2111
f 2111/2128/2111 2110/2127/2110 2075/2092/2075
f 2078/2095/2078 2112/2129/2112 2111/2128/2111
f 2111/2128/2111 2077/2094/2077 2078/2095/2078
f 2113/2130/2113 2114/2131/2114 2115/2132/2115
f 2114/2131/2114 2113/2130/2113 2080/2097/2080
f 2114/2131/2114 2080/2097/2080 2079/2096/2079
f 2114/2131/2114 2079/2096/2079 2116/2133/2116
f 2079/2096/2079 2081/2098/2081 2117/2134/2117
f 2117/2134/2117 2116/2133/2116 2079/2096/2079
f 2081/2098/2081 2082/2099/2082 2118/2135/2118
f 2118/2135/2118 2117/2134/2117 2081/2098/2081
f 2082/2099/2082 2083/2100/2083 2119/2136/2119
f 2119/2136/2119 2118/2135/2118 2082/2099/2082
f 2083/2100/2083 2084/2101/2084 2120/2137/2120
f 2120/2137/2120 2119/2136/2119 2083/2100/2083
f 2084/2101/2084 2085/2102/2085 2121/2138/2121
f 2121/2138/2121 2120/2137/2120 2084/2101/2084
f 2085/2102/2085 2086/2103/2086 2122/2139/2122
f 2122/2139/2122 2121/2138/2121 2085/2102/2085
f 2086/2103/2086 2087/2104/2087 2123/2140/2123
f 2123/2140/2123 2122/2139/2122 2086/2103/2086
f 2087/2104/2087 2088/2105/2088 2124/2141/2124
f 2124/2141/2124 2123/2140/2123 2087/2104/2087
f 2088/2105/2088 2089/2106/2089 2125/2142/2125
f 2125/2142/2125 2124/2141/2124 2088/2105/2088
f 2089/2106/2089 2090/2107/2090 2126/2143/2126
f 2126/2143/2126 2125/2142/2125 2089/2106/2089
f 2090/2107/2090 2091/2108/2091 2127/2144/2127
f 2127/2144/2127 2126/2143/2126 2090/2107/2090
f 2091/2108/2091 2092/2109/2092 2128/2145/2128
f 2128/2145/2128 2127/2144/2127 2091/2108/2091
f 2092/2109/2092 2093/2110/2093 2129/2146/2129
f 2129/2146/2129 2128/2145/2128 2092/2109/2092
f 2129/2146/2129 2093/2110/2093 2095/2112/2095
f 2095/2112/2095 2130/2147/2130 2129/2146/2129
f 2098/2115/2098 2100/2117/2100 2132/2149/2132
f 2132/2149/2132 2131/2148/2131 2098/2115/2098
f 2100/2117/2100 2101/2118/2101 2133/2150/2133
f 2133/2150/2133 2132/2149/2132 2100/2117/2100
f 2101/2118/2101 2102/2119/2102 2134/2151/2134
f 2134/2151/2134 2133/2150/2133 2101/2118/2101
f 2102/2119/2102 2103/2120/2103 2135/2152/2135
f 2135/2152/2135 2134/2151/2134 2102/2119/2102
f 2103/2120/2103 2104/2121/2104 2136/2153/2136
f 2136/2153/2136 2135/2152/2135 2103/2120/2103
f 2104/2121/2104 2105/2122/2105 2137/2154/2137
f 2137/2154/2137 2136/2153/2136 2104/2121/2104
f 2105/2122/2105 2106/2123/2106 2138/2155/2138
f 2138/2155/2138 2137/2154/2137 2105/2122/2105
f 2106/2123/2106 2107/2124/2107 2139/2156/2139
f 2139/2156/2139 2138/2155/2138 2106/2123/2106
f 2107/2124/2107 2108/2125/2108 2140/2157/2140
f 2140/2157/2140 2139/2156/2139 2107/2124/2107
f 2108/2125/2108 2109/2126/2109 2141/2158/2141
f 2141/2158/2141 2140/2157/2140 2108/2125/2108
f 2109/2126/2109 2110/2127/2110 2142/2159/2142
f 2142/2159/2142 2141/2158/2141 2109/2126/2109
f 2110/2127/2110 2111/2128/2111 2143/2160/2143
f 2143/2160/2143 2142/2159/2142 2110/2127/2110
f 2112/2129/2112 2144/2161/2144 2145/2162/2145
f 2111/2128/2111 2112/2129/2112 2145/2162/2145
f 2143/2160/2143 2111/2128/2111 2145/2162/2145
f 2145/2162/2145 2144/2161/2144 2146/2163/2146
f 2115/2132/2115 2114/2131/2114 2147/2164/2147
f 2147/2164/2147 2148/2165/2148 2115/2132/2115
f 2114/2131/2114 2116/2133/2116 2149/2166/2149
f 2149/2166/2149 2147/2164/2147 2114/2131/2114
f 2116/2133/2116 2117/2134/2117 2150/2167/2150
f 2150/2167/2150 2149/2166/2149 2116/2133/2116
f 2117/2134/2117 2118/2135/2118 2151/2168/2151
f 2151/2168/2151 2150/2167/2150 2117/2134/2117
f 2118/2135/2118 2119/2136/2119 2152/2169/2152
f 2152/2169/2152 2151/2168/2151 2118/2135/2118
f 2119/2136/2119 2120/2137/2120 2153/2170/2153
f 2153/2170/2153 2152/2169/2152 2119/2136/2119
f 2120/2137/2120 2121/2138/2121 2154/2171/2154
f 2154/2171/2154 2153/2170/2153 2120/2137/2120
f 2121/2138/2121 2122/2139/2122 2155/2172/2155
f 2155/2172/2155 2154/2171/2154 2121/2138/2121
f 2122/2139/2122 2123/2140/2123 2156/2173/2156
f 2156/2173/2156 2155/2172/2155 2122/2139/2122
f 2123/2140/2123 2124/2141/2124 2157/2174/2157
f 2157/2174/2157 2156/2173/2156 2123/2140/2123
f 2124/2141/2124 2125/2142/2125 2158/2175/2158
f 2158/2175/2158 2157/2174/2157 2124/2141/2124
f 2125/2142/2125 2126/2143/2126 2159/2176/2159
f 2159/2176/2159 2158/2175/2158 2125/2142/2125
f 2126/2143/2126 2127/2144/2127 2160/2177/2160
f 2160/2177/2160 2159/2176/2159 2126/2143/2126
f 2127/2144/2127 2128/2145/2128 2161/2178/2161
f 2161/2178/2161 2160/2177/2160 2127/2144/2127
f 2129/2146/2129 2162/2179/2162 2163/2180/2163
f 2128/2145/2128 2129/2146/2129 2163/2180/2163
f 2161/2178/2161 2128/2145/2128 2163/2180/2163
f 2164/2181/2164 2131/2148/2131 2165/2182/2165
f 2131/2148/2131 2132/2149/2132 2166/2183/2166
f 2165/2182/2165 2131/2148/2131 2166/2183/2166
f 2165/2182/2165 2166/2183/2166 2167/2184/2167
f 2132/2149/2132 2133/2150/2133 2168/2185/2168
f 2168/2185/2168 2166/2183/2166 2132/2149/2132
f 2133/2150/2133 2134/2151/2134 2169/2186/2169
f 2169/2186/2169 2168/2185/2168 2133/2150/2133
f 2134/2151/2134 2135/2152/2135 2170/2187/2170
f 2170/2187/2170 2169/2186/2169 2134/2151/2134
f 2135/2152/2135 2136/2153/2136 2171/2188/2171
f 2171/2188/2171 2170/2187/2170 2135/2152/2135
f 2136/2153/2136 2137/2154/2137 2172/2189/2172
f 2172/2189/2172 2171/2188/2171 2136/2153/2136
f 2137/2154/2137 2138/2155/2138 2173/2190/2173
f 2173/2190/2173 2172/2189/2172 2137/2154/2137
f 2138/2155/2138 2139/2156/2139 2174/2191/2174
f 2174/2191/2174 2173/2190/2173 2138/2155/2138
f 2139/2156/2139 2140/2157/2140 2175/2192/2175
f 2175/2192/2175 2174/2191/2174 2139/2156/2139
f 2140/2157/2140 2141/2158/2141 2176/2193/2176
f 2176/2193/2176 2175/2192/2175 2140/2157/2140
f 2141/2158/2141 2142/2159/2142 2177/2194/2177
f 2177/2194/2177 2176/2193/2176 2141/2158/2141
f 2142/2159/2142 2143/2160/2143 2178/2195/2178
f 2178/2195/2178 2177/2194/2177 2142/2159/2142
f 2143/2160/2143 2145/2162/2145 2179/2196/2179
f 2179/2196/2179 2178/2195/2178 2143/2160/2143
f 2146/2163/2146 2180/2197/2180 2179/2196/2179
f 2179/2196/2179 2145/2162/2145 2146/2163/2146
f 2181/2198/2181 2182/2199/2182 2183/2200/2183
f 2182/2199/2182 2181/2198/2181 2148/2165/2148
f 2182/2199/2182 2148/2165/2148 2147/2164/2147
f 2182/2199/2182 2147/2164/2147 2184/2201/2184
f 2147/2164/2147 2149/2166/2149 2185/2202/2185
f 2185/2202/2185 2184/2201/2184 2147/2164/2147
f 2149/2166/2149 2150/2167/2150 2186/2203/2186
f 2186/2203/2186 2185/2202/2185 2149/2166/2149
f 2150/2167/2150 2151/2168/2151 2187/2204/2187
f 2187/2204/2187 2186/2203/2186 2150/2167/2150
f 2151/2168/2151 2152/2169/2152 2188/2205/2188
f 2188/2205/2188 2187/2204/2187 2151/2168/2151
f 2152/2169/2152 2153/2170/2153 2189/2206/2189
f 2189/2206/2189 2188/2205/2188 2152/2169/2152
f 2153/2170/2153 2154/2171/2154 2190/2207/2190
f 2190/2207/2190 2189/2206/2189 2153/2170/2153
f 2154/2171/2154 2155/2172/2155 2191/2208/2191
f 2191/2208/2191 2190/2207/2190 2154/2171/2154
f 2155/2172/2155 2156/2173/2156 2192/2209/2192
f 2192/2209/2192 2191/2208/2191 2155/2172/2155
f 2156/2173/2156 2157/2174/2157 2193/2210/2193
f 2193/2210/2193 2192/2209/2192 2156/2173/2156
f 2157/2174/2157 2158/2175/2158 2194/2211/2194
f 2194/2211/2194 2193/2210/2193 2157/2174/2157
f 2158/2175/2158 2159/2176/2159 2195/2212/2195
f 2195/2212/2195 2194/2211/2194 2158/2175/2158
f 2159/2176/2159 2160/2177/2160 2196/2213/2196
f 2196/2213/2196 2195/2212/2195 2159/2176/2159
f 2160/2177/2160 2161/2178/2161 2197/2214/2197
f 2197/2214/2197 2196/2213/2196 2160/2177/2160
f 2197/2214/2197 2161/2178/2161 2163/2180/2163
f 2163/2180/2163 2198/2215/2198 2197/2214/2197
f 2166/2183/2166 2168/2185/2168 2200/2217/2200
f 2200/2217/2200 2199/2216/2199 2166/2183/2166
f 2168/2185/2168 2169/2186/2169 2201/2218/2201
f 2201/2218/2201 2200/2217/2200 2168/2185/2168
f 2169/2186/2169 2170/2187/2170 2202/2219/2202
f 2202/2219/2202 2201/2218/2201 2169/2186/2169
f 2170/2187/2170 2171/2188/2171 2203/2220/2203
f 2203/2220/2203 2202/2219/2202 2170/2187/2170
f 2171/2188/2171 2172/2189/2172 2204/2221/2204
f 2204/2221/2204 2203/2220/2203 2171/2188/2171
f 2172/2189/2172 2173/2190/2173 2205/2222/2205
f 2205/2222/2205 2204/2221/2204 2172/2189/2172
f 2173/2190/2173 2174/2191/2174 2206/2223/2206
f 2206/2223/2206 2205/2222/2205 2173/2190/2173
f 2174/2191/2174 2175/2192/2175 2207/2224/2207
f 2207/2224/2207 2206/2223/2206 2174/2191/2174
f 2175/2192/2175 2176/2193/2176 2208/2225/2208
f 2208/2225/2208 2207/2224/2207 2175/2192/2175
f 2176/2193/2176 2177/2194/2177 2209/2226/2209
f 2209/2226/2209 2208/2225/2208 2176/2193/2176
f 2177/2194/2177 2178/2195/2178 2210/2227/2210
f 2210/2227/2210 2209/2226/2209 2177/2194/2177
f 2178/2195/2178 2179/2196/2179 2211/2228/2211
f 2211/2228/2211 2210/2227/2210 2178/2195/2178
f 2180/2197/2180 2212/2229/2212 2213/2230/2213
f 2179/2196/2179 2180/2197/2180 2213/2230/2213
f 2211/2228/2211 2179/2196/2179 2213/2230/2213
f 2213/2230/2213 2212/2229/2212 2214/2231/2214
f 2215/2232/2215 2216/2233/2216 2217/2234/2217
f 2183/2200/2183 2182/2199/2182 2218/2235/2218
f 2215/2232/2215 2183/2200/2183 2218/2235/2218
f 2216/2233/2216 2215/2232/2215 2218/2235/2218
f 2182/2199/2182 2184/2201/2184 2219/2236/2219
f 2219/2236/2219 2218/2235/2218 2182/2199/2182
f 2184/2201/2184 2185/2202/2185 2220/2237/2220
f 2220/2237/2220 2219/2236/2219 2184/2201/2184
f 2185/2202/2185 2186/2203/2186 2221/2238/2221
f 2221/2238/2221 2220/2237/2220 2185/2202/2185
f 2186/2203/2186 2187/2204/2187 2222/2239/2222
f 2222/2239/2222 2221/2238/2221 2186/2203/2186
f 2187/2204/2187 2188/2205/2188 2223/2240/2223
f 2223/2240/2223 2222/2239/2222 2187/2204/2187
f 2188/2205/2188 2189/2206/2189 2224/2241/2224
f 2224/2241/2224 2223/2240/2223 2188/2205/2188
f 2189/2206/2189 2190/2207/2190 2225/2242/2225
f 2225/2242/2225 2224/2241/2224 2189/2206/2189
f 2190/2207/2190 2191/2208/2191 2226/2243/2226
f 2226/2243/2226 2225/2242/2225 2190/2207/2190
f 2191/2208/2191 2192/2209/2192 2227/2244/2227
f 2227/2244/2227 2226/2243/2226 2191/2208/2191
f 2192/2209/2192 2193/2210/2193 2228/2245/2228
f 2228/2245/2228 2227/2244/2227 2192/2209/2192
f 2193/2210/2193 2194/2211/2194 2229/2246/2229
f 2229/2246/2229 2228/2245/2228 2193/2210/2193
f 2194/2211/2194 2195/2212/2195 2230/2247/2230
f 2230/2247/2230 2229/2246/2229 2194/2211/2194
f 2195/2212/2195 2196/2213/2196 2231/2248/2231
f 2231/2248/2231 2230/2247/2230 2195/2212/2195
f 2197/2214/2197 2232/2249/2232 2233/2250/2233
f 2196/2213/2196 2197/2214/2197 2233/2250/2233
f 2231/2248/2231 2196/2213/2196 2233/2250/2233
f 2234/2251/2234 2199/2216/2199 2235/2252/2235
f 2199/2216/2199 2200/2217/2200 2236/2253/2236
f 2235/2252/2235 2199/2216/2199 2236/2253/2236
f 2235/2252/2235 2236/2253/2236 2237/2254/2237
f 2200/2217/2200 2201/2218/2201 2238/2255/2238
f 2238/2255/2238 2236/2253/2236 2200/2217/2200
f 2201/2218/2201 2202/2219/2202 2239/2256/2239
f 2239/2256/2239 2238/2255/2238 2201/2218/2201
f 2202/2219/2202 2203/2220/2203 2240/2257/2240
f 2240/2257/2240 2239/2256/2239 2202/2219/2202
f 2203/2220/2203 2204/2221/2204 2241/2258/2241
f 2241/2258/2241 2240/2257/2240 2203/2220/2203
f 2204/2221/2204 2205/2222/2205 2242/2259/2242
f 2242/2259/2242 2241/2258/2241 2204/2221/2204
f 2205/2222/2205 2206/2223/2206 2243/2260/2243
f 2243/2260/2243 2242/2259/2242 2205/2222/2205
f 2206/2223/2206 2207/2224/2207 2244/2261/2244
f 2244/2261/2244 2243/2260/2243 2206/2223/2206
f 2207/2224/2207 2208/2225/2208 2245/2262/2245
f 2245/2262/2245 2244/2261/2244 2207/2224/2207
f 2208/2225/2208 2209/2226/2209 2246/2263/2246
f 2246/2263/2246 2245/2262/2245 2208/2225/2208
f 2209/2226/2209 2210/2227/2210 2247/2264/2247
f 2247/2264/2247 2246/2263/2246 2209/2226/2209
f 2210/2227/2210 2211/2228/2211 2248/2265/2248
f 2248/2265/2248 2247/2264/2247 2210/2227/2210
f 2211/2228/2211 2213/2230/2213 2249/2266/2249
f 2249/2266/2249 2248/2265/2248 2211/2228/2211
f 2214/2231/2214 2250/2267/2250 2249/2266/2249
f 2249/2266/2249 2213/2230/2213 2214/2231/2214
f 2217/2234/2217 2216/2233/2216 2251/2268/2251
f 2251/2268/2251 2252/2269/2252 2217/2234/2217
f 2216/2233/2216 2218/2235/2218 2253/2270/2253
f 2253/2270/2253 2251/2268/2251 2216/2233/2216
f 2218/2235/2218 2219/2236/2219 2254/2271/2254
f 2254/2271/2254 2253/2270/2253 2218/2235/2218
f 2219/2236/2219 2220/2237/2220 2255/2272/2255
f 2255/2272/2255 2254/2271/2254 2219/2236/2219
f 2220/2237/2220 2221/2238/2221 2256/2273/2256
f 2256/2273/2256 2255/2272/2255 2220/2237/2220
f 2221/2238/2221 2222/2239/2222 2257/2274/2257
f 2257/2274/2257 2256/2273/2256 2221/2238/2221
f 2222/2239/2222 2223/2240/2223 2258/2275/2258
f 2258/2275/2258 2257/2274/2257 2222/2239/2222
f 2223/2240/2223 2224/2241/2224 2259/2276/2259
f 2259/2276/2259 2258/2275/2258 2223/2240/2223
f 2224/2241/2224 2225/2242/2225 2260/2277/2260
f 2260/2277/2260 2259/2276/2259 2224/2241/2224
f 2225/2242/2225 2226/2243/2226 2261/2278/2261
f 2261/2278/2261 2260/2277/2260 2225/2242/2225
f 2226/2243/2226 2227/2244/2227 2262/2279/2262
f 2262/2279/2262 2261/2278/2261 2226/2243/2226
f 2227/2244/2227 2228/2245/2228 2263/2280/2263
f 2263/2280/2263 2262/2279/2262 2227/2244/2227
f 2228/2245/2228 2229/2246/2229 2264/2281/2264
f 2264/2281/2264 2263/2280/2263 2228/2245/2228
f 2229/2246/2229 2230/2247/2230 2265/2282/2265
f 2265/2282/2265 2264/2281/2264 2229/2246/2229
f 2230/2247/2230 2231/2248/2231 2266/2283/2266
f 2266/2283/2266 2265/2282/2265 2230/2247/2230
f 2266/2283/2266 2231/2248/2231 2233/2250/2233
f 2233/2250/2233 2267/2284/2267 2266/2283/2266
f 2236/2253/2236 2238/2255/2238 2269/2286/2269
f 2269/2286/2269 2268/2285/2268 2236/2253/2236
f 2238/2255/2238 2239/2256/2239 2270/2287/2270
f 2270/2287/2270 2269/2286/2269 2238/2255/2238
f 2239/2256/2239 2240/2257/2240 2271/2288/2271
f 2271/2288/2271 2270/2287/2270 2239/2256/2239
f 2240/2257/2240 2241/2258/2241 2272/2289/2272
f 2272/2289/2272 2271/2288/2271 2240/2257/2240
f 2241/2258/2241 2242/2259/2242 2273/2290/2273
f 2273/2290/2273 2272/2289/2272 2241/2258/2241
f 2242/2259/2242 2243/2260/2243 2274/2291/2274
f 2274/2291/2274 2273/2290/2273 2242/2259/2242
f 2243/2260/2243 2244/2261/2244 2275/2292/2275
f 2275/2292/2275 2274/2291/2274 2243/2260/2243
f 2244/2261/2244 2245/2262/2245 2276/2293/2276
f 2276/2293/2276 2275/2292/2275 2244/2261/2244
f 2245/2262/2245 2246/2263/2246 2277/2294/2277
f 2277/2294/2277 2276/2293/2276 2245/2262/2245
f 2246/2263/2246 2247/2264/2247 2278/2295/2278
f 2278/2295/2278 2277/2294/2277 2246/2263/2246
f 2247/2264/2247 2248/2265/2248 2279/2296/2279
f 2279/2296/2279 2278/2295/2278 2247/2264/2247
f 2248/2265/2248 2249/2266/2249 2280/2297/2280
f 2280/2297/2280 2279/2296/2279 2248/2265/2248
f 2250/2267/2250 2281/2298/2281 2282/2299/2282
f 2249/2266/2249 2250/2267/2250 2282/2299/2282
f 2280/2297/2280 2249/2266/2249 2282/2299/2282
f 2282/2299/2282 2281/2298/2281 2283/2300/2283
f 2284/2301/2284 2285/2302/2285 2286/2303/2286
f 2285/2302/2285 2284/2301/2284 2252/2269/2252
f 2285/2302/2285 2252/2269/2252 2251/2268/2251
f 2285/2302/2285 2251/2268/2251 2287/2304/2287
f 2251/2268/2251 2253/2270/2253 2288/2305/2288
f 2288/2305/2288 2287/2304/2287 2251/2268/2251
f 2253/2270/2253 2254/2271/2254 2289/2306/2289
f 2289/2306/2289 2288/2305/2288 2253/2270/2253
f 2254/2271/2254 2255/2272/2255 2290/2307/2290
f 2290/2307/2290 2289/2306/2289 2254/2271/2254
f 2255/2272/2255 2256/2273/2256 2291/2308/2291
f 2291/2308/2291 2290/2307/2290 2255/2272/2255
f 2256/2273/2256 2257/2274/2257 2292/2309/2292
f 2292/2309/2292 2291/2308/2291 2256/2273/2256
f 2257/2274/2257 2258/2275/2258 2293/2310/2293
f 2293/2310/2293 2292/2309/2292 2257/2274/2257
f 2258/2275/2258 2259/2276/2259 2294/2311/2294
f 2294/2311/2294 2293/2310/2293 2258/2275/2258
f 2259/2276/2259 2260/2277/2260 2295/2312/2295
f 2295/2312/2295 2294/2311/2294 2259/2276/2259
f 2260/2277/2260 2261/2278/2261 2296/2313/2296
f 2296/2313/2296 2295/2312/2295 2260/2277/2260
f 2261/2278/2261 2262/2279/2262 2297/2314/2297
f 2297/2314/2297 2296/2313/2296 2261/2278/2261
f 2262/2279/2262 2263/2280/2263 2298/2315/2298
f 2298/2315/2298 2297/2314/2297 2262/2279/2262
f 2263/2280/2263 2264/2281/2264 2299/2316/2299
f 2299/2316/2299 2298/2315/2298 2263/2280/2263
f 2264/2281/2264 2265/2282/2265 2300/2317/2300
f 2300/2317/2300 2299/2316/2299 2264/2281/2264
f 2266/2283/2266 2301/2318/2301 2302/2319/2302
f 2265/2282/2265 2266/2283/2266 2302/2319/2302
f 2300/2317/2300 2265/2282/2265 2302/2319/2302
f 2303/2320/2303 2268/2285/2268 2304/2321/2304
f 2268/2285/2268 2269/2286/2269 2305/2322/2305
f 2304/2321/2304 2268/2285/2268 2305/2322/2305
f 2304/2321/2304 2305/2322/2305 2306/2323/2306
f 2269/2286/2269 2270/2287/2270 2307/2324/2307
f 2307/2324/2307 2305/2322/2305 2269/2286/2269
f 2270/2287/2270 2271/2288/2271 2308/2325/2308
f 2308/2325/2308 2307/2324/2307 2270/2287/2270
f 2271/2288/2271 2272/2289/2272 2309/2326/2309
f 2309/2326/2309 2308/2325/2308 2271/2288/2271
f 2272/2289/2272 2273/2290/2273 2310/2327/2310
f 2310/2327/2310 2309/2326/2309 2272/2289/2272
f 2273/2290/2273 2274/2291/2274 2311/2328/2311
f 2311/2328/2311 2310/2327/2310 2273/2290/2273
f 2274/2291/2274 2275/2292/2275 2312/2329/2312
f 2312/2329/2312 2311/2328/2311 2274/2291/2274
f 2275/2292/2275 2276/2293/2276 2313/2330/2313
f 2313/2330/2313 2312/2329/2312 2275/2292/2275
f 2276/2293/2276 2277/2294/2277 2314/2331/2314
f 2314/2331/2314 2313/2330/2313 2276/2293/2276
f 2277/2294/2277 2278/2295/2278 2315/2332/2315
f 2315/2332/2315 2314/2331/2314 2277/2294/2277
f 2278/2295/2278 2279/2296/2279 2316/2333/2316
f 2316/2333/2316 2315/2332/2315 2278/2295/2278
f 2279/2296/2279 2280/2297/2280 2317/2334/2317
f 2317/2334/2317 2316/2333/2316 2279/2296/2279
f 2280/2297/2280 2282/2299/2282 2318/2335/2318
f 2318/2335/2318 2317/2334/2317 2280/2297/2280
f 2283/2300/2283 2319/2336/2319 2318/2335/2318
f 2318/2335/2318 2282/2299/2282 2283/2300/2283
f 2286/2303/2286 2285/2302/2285 2320/2337/2320
f 2320/2337/2320 2321/2338/2321 2286/2303/2286
f 2285/2302/2285 2287/2304/2287 2322/2339/2322
f 2322/2339/2322 2320/2337/2320 2285/2302/2285
f 2287/2304/2287 2288/2305/2288 2323/2340/2323
f 2323/2340/2323 2322/2339/2322 2287/2304/2287
f 2288/2305/2288 2289/2306/2289 2324/2341/2324
f 2324/2341/2324 2323/2340/2323 2288/2305/2288
f 2289/2306/2289 2290/2307/2290 2325/2342/2325
f 2325/2342/2325 2324/2341/2324 2289/2306/2289
f 2290/2307/2290 2291/2308/2291 2326/2343/2326
f 2326/2343/2326 2325/2342/2325 2290/2307/2290
f 2291/2308/2291 2292/2309/2292 2327/2344/2327
f 2327/2344/2327 2326/2343/2326 2291/2308/2291
f 2292/2309/2292 2293/2310/2293 2328/2345/2328
f 2328/2345/2328 2327/2344/2327 2292/2309/2292
f 2293/2310/2293 2294/2311/2294 2329/2346/2329
f 2329/2346/2329 2328/2345/2328 2293/2310/2293
f 2294/2311/2294 2295/2312/2295 2330/2347/2330
f 2330/2347/2330 2329/2346/2329 2294/2311/2294
f 2295/2312/2295 2296/2313/2296 2331/2348/2331
f 2331/2348/2331 2330/2347/2330 2295/2312/2295
f 2296/2313/2296 2297/2314/2297 2332/2349/2332
f 2332/2349/2332 2331/2348/2331 2296/2313/2296
f 2297/2314/2297 2298/2315/2298 2333/2350/2333
f 2333/2350/2333 2332/2349/2332 2297/2314/2297
f 2298/2315/2298 2299/2316/2299 2334/2351/2334
f 2334/2351/2334 2333/2350/2333 2298/2315/2298
f 2299/2316/2299 2300/2317/2300 2335/2352/2335
f 2335/2352/2335 2334/2351/2334 2299/2316/2299
f 2335/2352/2335 2300/2317/2300 2302/2319/2302
f 2302/2319/2302 2336/2353/2336 2335/2352/2335
f 2305/2322/2305 2307/2324/2307 2338/2355/2338
f 2338/2355/2338 2337/2354/2337 2305/2322/2305
f 2307/2324/2307 2308/2325/2308 2339/2356/2339
f 2339/2356/2339 2338/2355/2338 2307/2324/2307
f 2308/2325/2308 2309/2326/2309 2340/2357/2340
f 2340/2357/2340 2339/2356/2339 2308/2325/2308
f 2309/2326/2309 2310/2327/2310 2341/2358/2341
f 2341/2358/2341 2340/2357/2340 2309/2326/2309
f 2310/2327/2310 2311/2328/2311 2342/2359/2342
f 2342/2359/2342 2341/2358/2341 2310/2327/2310
f 2311/2328/2311 2312/2329/2312 2343/2360/2343
f 2343/2360/2343 2342/2359/2342 2311/2328/2311
f 2312/2329/2312 2313/2330/2313 2344/2361/2344
f 2344/2361/2344 2343/2360/2343 2312/2329/2312
f 2313/2330/2313 2314/2331/2314 2345/2362/2345
f 2345/2362/2345 2344/2361/2344 2313/2330/2313
f 2314/2331/2314 2315/2332/2315 2346/2363/2346
f 2346/2363/2346 2345/2362/2345 2314/2331/2314
f 2315/2332/2315 2316/2333/2316 2347/2364/2347
f 2347/2364/2347 2346/2363/2346 2315/2332/2315
f 2316/2333/2316 2317/2334/2317 2348/2365/2348
f 2348/2365/2348 2347/2364/2347 2316/2333/2316
f 2317/2334/2317 2318/2335/2318 2349/2366/2349
f 2349/2366/2349 2348/2365/2348 2317/2334/2317
f 2319/2336/2319 2350/2367/2350 2351/2368/2351
f 2318/2335/2318 2319/2336/2319 2351/2368/2351
f 2349/2366/2349 2318/2335/2318 2351/2368/2351
f 2351/2368/2351 2350/2367/2350 2352/2369/2352
f 2320/2337/2320 2322/2339/2322 2354/2371/2354
f 2354/2371/2354 2353/2370/2353 2320/2337/2320
f 2322/2339/2322 2323/2340/2323 2355/2372/2355
f 2355/2372/2355 2354/2371/2354 2322/2339/2322
f 2323/2340/2323 2324/2341/2324 2356/2373/2356
f 2356/2373/2356 2355/2372/2355 2323/2340/2323
f 2324/2341/2324 2325/2342/2325 2357/2374/2357
f 2357/2374/2357 2356/2373/2356 2324/2341/2324
f 2325/2342/2325 2326/2343/2326 2358/2375/2358
f 2358/2375/2358 2357/2374/2357 2325/2342/2325
f 2326/2343/2326 2327/2344/2327 2359/2376/2359
f 2359/2376/2359 2358/2375/2358 2326/2343/2326
f 2327/2344/2327 2328/2345/2328 2360/2377/2360
f 2360/2377/2360 2359/2376/2359 2327/2344/2327
f 2328/2345/2328 2329/2346/2329 2361/2378/2361
f 2361/2378/2361 2360/2377/2360 2328/2345/2328
f 2329/2346/2329 2330/2347/2330 2362/2379/2362
f 2362/2379/2362 2361/2378/2361 2329/2346/2329
f 2330/2347/2330 2331/2348/2331 2363/2380/2363
f 2363/2380/2363 2362/2379/2362 2330/2347/2330
f 2331/2348/2331 2332/2349/2332 2364/2381/2364
f 2364/2381/2364 2363/2380/2363 2331/2348/2331
f 2332/2349/2332 2333/2350/2333 2365/2382/2365
f 2365/2382/2365 2364/2381/2364 2332/2349/2332
f 2333/2350/2333 2334/2351/2334 2366/2383/2366
f 2366/2383/2366 2365/2382/2365 2333/2350/2333
f 2335/2352/2335 2336/2353/2336 2367/2384/2367
f 2334/2351/2334 2335/2352/2335 2367/2384/2367
f 2366/2383/2366 2334/2351/2334 2367/2384/2367
f 2368/2385/2368 2337/2354/2337 2369/2386/2369
f 2337/2354/2337 2338/2355/2338 2370/2387/2370
f 2369/2386/2369 2337/2354/2337 2370/2387/2370
f 2369/2386/2369 2370/2387/2370 2371/2388/2371
f 2338/2355/2338 2339/2356/2339 2372/2389/2372
f 2372/2389/2372 2370/2387/2370 2338/2355/2338
f 2339/2356/2339 2340/2357/2340 2373/2390/2373
f 2373/2390/2373 2372/2389/2372 2339/2356/2339
f 2340/2357/2340 2341/2358/2341 2374/2391/2374
f 2374/2391/2374 2373/2390/2373 2340/2357/2340
f 2341/2358/2341 2342/2359/2342 2375/2392/2375
f 2375/2392/2375 2374/2391/2374 2341/2358/2341
f 2342/2359/2342 2343/2360/2343 2376/2393/2376
f 2376/2393/2376 2375/2392/2375 2342/2359/2342
f 2343/2360/2343 2344/2361/2344 2377/2394/2377
f 2377/2394/2377 2376/2393/2376 2343/2360/2343
f 2344/2361/2344 2345/2362/2345 2378/2395/2378
f 2378/2395/2378 2377/2394/2377 2344/2361/2344
f 2345/2362/2345 2346/2363/2346 2379/2396/2379
f 2379/2396/2379 2378/2395/2378 2345/2362/2345
f 2346/2363/2346 2347/2364/2347 2380/2397/2380
f 2380/2397/2380 2379/2396/2379 2346/2363/2346
f 2347/2364/2347 2348/2365/2348 2381/2398/2381
f 2381/2398/2381 2380/2397/2380 2347/2364/2347
f 2348/2365/2348 2349/2366/2349 2382/2399/2382
f 2382/2399/2382 2381/2398/2381 2348/2365/2348
f 2349/2366/2349 2351/2368/2351 2383/2400/2383
f 2383/2400/2383 2382/2399/2382 2349/2366/2349
f 2352/2369/2352 2384/2401/2384 2383/2400/2383
f 2383/2400/2383 2351/2368/2351 2352/2369/2352
f 2385/2402/2385 2386/2403/2386 2387/2404/2387
f 2385/2402/2385 2388/2405/2388 2353/2370/2353
f 2386/2403/2386 2385/2402/2385 2353/2370/2353
f 2386/2403/2386 2353/2370/2353 2389/2406/2389
f 2353/2370/2353 2354/2371/2354 2390/2407/2390
f 2390/2407/2390 2389/2406/2389 2353/2370/2353
f 2354/2371/2354 2355/2372/2355 2391/2408/2391
f 2391/2408/2391 2390/2407/2390 2354/2371/2354
f 2355/2372/2355 2356/2373/2356 2392/2409/2392
f 2392/2409/2392 2391/2408/2391 2355/2372/2355
f 2356/2373/2356 2357/2374/2357 2393/2410/2393
f 2393/2410/2393 2392/2409/2392 2356/2373/2356
f 2357/2374/2357 2358/2375/2358 2394/2411/2394
f 2394/2411/2394 2393/2410/2393 2357/2374/2357
f 2358/2375/2358 2359/2376/2359 2395/2412/2395
f 2395/2412/2395 2394/2411/2394 2358/2375/2358
f 2359/2376/2359 2360/2377/2360 2396/2413/2396
f 2396/2413/2396 2395/2412/2395 2359/2376/2359
f 2360/2377/2360 2361/2378/2361 2397/2414/2397
f 2397/2414/2397 2396/2413/2396 2360/2377/2360
f 2361/2378/2361 2362/2379/2362 2398/2415/2398
f 2398/2415/2398 2397/2414/2397 2361/2378/2361
f 2362/2379/2362 2363/2380/2363 2399/2416/2399
f 2399/2416/2399 2398/2415/2398 2362/2379/2362
f 2363/2380/2363 2364/2381/2364 2400/2417/2400
f 2400/2417/2400 2399/2416/2399 2363/2380/2363
f 2364/2381/2364 2365/2382/2365 2401/2418/2401
f 2401/2418/2401 2400/2417/2400 2364/2381/2364
f 2365/2382/2365 2366/2383/2366 2402/2419/2402
f 2402/2419/2402 2401/2418/2401 2365/2382/2365
f 2402/2419/2402 2366/2383/2366 2367/2384/2367
f 2367/2384/2367 2403/2420/2403 2402/2419/2402
f 2370/2387/2370 2372/2389/2372 2405/2422/2405
f 2405/2422/2405 2404/2421/2404 2370/2387/2370
f 2372/2389/2372 2373/2390/2373 2406/2423/2406
f 2406/2423/2406 2405/2422/2405 2372/2389/2372
f 2373/2390/2373 2374/2391/2374 2407/2424/2407
f 2407/2424/2407 2406/2423/2406 2373/2390/2373
f 2374/2391/2374 2375/2392/2375 2408/2425/2408
f 2408/2425/2408 2407/2424/2407 2374/2391/2374
f 2375/2392/2375 2376/2393/2376 2409/2426/2409
f 2409/2426/2409 2408/2425/2408 2375/2392/2375
f 2376/2393/2376 2377/2394/2377 2410/2427/2410
f 2410/2427/2410 2409/2426/2409 2376/2393/2376
f 2377/2394/2377 2378/2395/2378 2411/2428/2411
f 2411/2428/2411 2410/2427/2410 2377/2394/2377
f 2378/2395/2378 2379/2396/2379 2412/2429/2412
f 2412/2429/2412 2411/2428/2411 2378/2395/2378
f 2379/2396/2379 2380/2397/2380 2413/2430/2413
f 2413/2430/2413 2412/2429/2412 2379/2396/2379
f 2380/2397/2380 2381/2398/2381 2414/2431/2414
f 2414/2431/2414 2413/2430/2413 2380/2397/2380
f 2381/2398/2381 2382/2399/2382 2415/2432/2415
f 2415/2432/2415 2414/2431/2414 2381/2398/2381
f 2382/2399/2382 2383/2400/2383 2416/2433/2416
f 2416/2433/2416 2415/2432/2415 2382/2399/2382
f 2384/2401/2384 2417/2434/2417 2418/2435/2418
f 2383/2400/2383 2384/2401/2384 2418/2435/2418
f 2416/2433/2416 2383/2400/2383 2418/2435/2418
f 2418/2435/2418 2417/2434/2417 2419/2436/2419
f 2420/2437/2420 2421/2438/2421 2422/2439/2422
f 2421/2438/2421 2420/2437/2420 2387/2404/2387
f 2421/2438/2421 2387/2404/2387 2386/2403/2386
f 2421/2438/2421 2386/2403/2386 2423/2440/2423
f 2386/2403/2386 2389/2406/2389 2424/2441/2424
f 2424/2441/2424 2423/2440/2423 2386/2403/2386
f 2389/2406/2389 2390/2407/2390 2425/2442/2425
f 2425/2442/2425 2424/2441/2424 2389/2406/2389
f 2390/2407/2390 2391/2408/2391 2426/2443/2426
f 2426/2443/2426 2425/2442/2425 2390/2407/2390
f 2391/2408/2391 2392/2409/2392 2427/2444/2427
f 2427/2444/2427 2426/2443/2426 2391/2408/2391
f 2392/2409/2392 2393/2410/2393 2428/2445/2428
f 2428/2445/2428 2427/2444/2427 2392/2409/2392
f 2393/2410/2393 2394/2411/2394 2429/2446/2429
f 2429/2446/2429 2428/2445/2428 2393/2410/2393
f 2394/2411/2394 2395/2412/2395 2430/2447/2430
f 2430/2447/2430 2429/2446/2429 2394/2411/2394
f 2395/2412/2395 2396/2413/2396 2431/2448/2431
f 2431/2448/2431 2430/2447/2430 2395/2412/2395
f 2396/2413/2396 2397/2414/2397 2432/2449/2432
f 2432/2449/2432 2431/2448/2431 2396/2413/2396
f 2397/2414/2397 2398/2415/2398 2433/2450/2433
f 2433/2450/2433 2432/2449/2432 2397/2414/2397
f 2398/2415/2398 2399/2416/2399 2434/2451/2434
f 2434/2451/2434 2433/2450/2433 2398/2415/2398
f 2399/2416/2399 2400/2417/2400 2435/2452/2435
f 2435/2452/2435 2434/2451/2434 2399/2416/2399
f 2400/2417/2400 2401/2418/2401 2436/2453/2436
f 2436/2453/2436 2435/2452/2435 2400/2417/2400
f 2402/2419/2402 2437/2454/2437 2438/2455/2438
f 2401/2418/2401 2402/2419/2402 2438/2455/2438
f 2436/2453/2436 2401/2418/2401 2438/2455/2438
f 2439/2456/2439 2404/2421/2404 2440/2457/2440
f 2440/2457/2440 2441/2458/2441 2439/2456/2439
f 2404/2421/2404 2405/2422/2405 2442/2459/2442
f 2442/2459/2442 2440/2457/2440 2404/2421/2404
f 2405/2422/2405 2406/2423/2406 2443/2460/2443
f 2443/2460/2443 2442/2459/2442 2405/2422/2405
f 2406/2423/2406 2407/2424/2407 2444/2461/2444
f 2444/2461/2444 2443/2460/2443 2406/2423/2406
f 2407/2424/2407 2408/2425/2408 2445/2462/2445
f 2445/2462/2445 2444/2461/2444 2407/2424/2407
f 2408/2425/2408 2409/2426/2409 2446/2463/2446
f 2446/2463/2446 2445/2462/2445 2408/2425/2408
f 2409/2426/2409 2410/2427/2410 2447/2464/2447
f 2447/2464/2447 2446/2463/2446 2409/2426/2409
f 2410/2427/2410 2411/2428/2411 2448/2465/2448
f 2448/2465/2448 2447/2464/2447 2410/2427/2410
f 2411/2428/2411 2412/2429/2412 2449/2466/2449
f 2449/2466/2449 2448/2465/2448 2411/2428/2411
f 2412/2429/2412 2413/2430/2413 2450/2467/2450
f 2450/2467/2450 2449/2466/2449 2412/2429/2412
f 2413/2430/2413 2414/2431/2414 2451/2468/2451
f 2451/2468/2451 2450/2467/2450 2413/2430/2413
f 2414/2431/2414 2415/2432/2415 2452/2469/2452
f 2452/2469/2452 2451/2468/2451 2414/2431/2414
f 2415/2432/2415 2416/2433/2416 2453/2470/2453
f 2453/2470/2453 2452/2469/2452 2415/2432/2415
f 2416/2433/2416 2418/2435/2418 2454/2471/2454
f 2454/2471/2454 2453/2470/2453 2416/2433/2416
f 2454/2471/2454 2418/2435/2418 2419/2436/2419
f 2454/2471/2454 2419/2436/2419 2455/2472/2455
f 2454/2471/2454 2455/2472/2455 2456/2473/2456
f 2456/2473/2456 2455/2472/2455 2457/2474/2457
f 2422/2439/2422 2421/2438/2421 2458/2475/2458
f 2458/2475/2458 2459/2476/2459 2422/2439/2422
f 2421/2438/2421 2423/2440/2423 2460/2477/2460
f 2460/2477/2460 2458/2475/2458 2421/2438/2421
f 2423/2440/2423 2424/2441/2424 2461/2478/2461
f 2461/2478/2461 2460/2477/2460 2423/2440/2423
f 2424/2441/2424 2425/2442/2425 2462/2479/2462
f 2462/2479/2462 2461/2478/2461 2424/2441/2424
f 2425/2442/2425 2426/2443/2426 2463/2480/2463
f 2463/2480/2463 2462/2479/2462 2425/2442/2425
f 2426/2443/2426 2427/2444/2427 2464/2481/2464
f 2464/2481/2464 2463/2480/2463 2426/2443/2426
f 2427/2444/2427 2428/2445/2428 2465/2482/2465
f 2465/2482/2465 2464/2481/2464 2427/2444/2427
f 2428/2445/2428 2429/2446/2429 2466/2483/2466
f 2466/2483/2466 2465/2482/2465 2428/2445/2428
f 2429/2446/2429 2430/2447/2430 2467/2484/2467
f 2467/2484/2467 2466/2483/2466 2429/2446/2429
f 2430/2447/2430 2431/2448/2431 2468/2485/2468
f 2468/2485/2468 2467/2484/2467 2430/2447/2430
f 2431/2448/2431 2432/2449/2432 2469/2486/2469
f 2469/2486/2469 2468/2485/2468 2431/2448/2431
f 2432/2449/2432 2433/2450/2433 2470/2487/2470
f 2470/2487/2470 2469/2486/2469 2432/2449/2432
f 2433/2450/2433 2434/2451/2434 2471/2488/2471
f 2471/2488/2471 2470/2487/2470 2433/2450/2433
f 2434/2451/2434 2435/2452/2435 2472/2489/2472
f 2472/2489/2472 2471/2488/2471 2434/2451/2434
f 2435/2452/2435 2436/2453/2436 2473/2490/2473
f 2473/2490/2473 2472/2489/2472 2435/2452/2435
f 2473/2490/2473 2436/2453/2436 2438/2455/2438
f 2438/2455/2438 2474/2491/2474 2473/2490/2473
f 2440/2457/2440 2442/2459/2442 2476/2493/2476
f 2440/2457/2440 2476/2493/2476 2477/2494/2477
f 2475/2492/2475 2440/2457/2440 2477/2494/2477
f 2442/2459/2442 2443/2460/2443 2478/2495/2478
f 2478/2495/2478 2476/2493/2476 2442/2459/2442
f 2443/2460/2443 2444/2461/2444 2479/2496/2479
f 2479/2496/2479 2478/2495/2478 2443/2460/2443
f 2444/2461/2444 2445/2462/2445 2480/2497/2480
f 2480/2497/2480 2479/2496/2479 2444/2461/2444
f 2445/2462/2445 2446/2463/2446 2481/2498/2481
f 2481/2498/2481 2480/2497/2480 2445/2462/2445
f 2446/2463/2446 2447/2464/2447 2482/2499/2482
f 2482/2499/2482 2481/2498/2481 2446/2463/2446
f 2447/2464/2447 2448/2465/2448 2483/2500/2483
f 2483/2500/2483 2482/2499/2482 2447/2464/2447
f 2448/2465/2448 2449/2466/2449 2484/2501/2484
f 2484/2501/2484 2483/2500/2483 2448/2465/2448
f 2449/2466/2449 2450/2467/2450 2485/2502/2485
f 2485/2502/2485 2484/2501/2484 2449/2466/2449
f 2450/2467/2450 2451/2468/2451 2486/2503/2486
f 2486/2503/2486 2485/2502/2485 2450/2467/2450
f 2451/2468/2451 2452/2469/2452 2487/2504/2487
f 2487/2504/2487 2486/2503/2486 2451/2468/2451
f 2452/2469/2452 2453/2470/2453 2488/2505/2488
f 2488/2505/2488 2487/2504/2487 2452/2469/2452
f 2453/2470/2453 2454/2471/2454 2489/2506/2489
f 2489/2506/2489 2488/2505/2488 2453/2470/2453
f 2454/2471/2454 2456/2473/2456 2490/2507/2490
f 2490/2507/2490 2489/2506/2489 2454/2471/2454
f 2457/2474/2457 2491/2508/2491 2490/2507/2490
f 2490/2507/2490 2456/2473/2456 2457/2474/2457
f 2459/2476/2459 2458/2475/2458 2494/2511/2494
f 2493/2510/2493 2459/2476/2459 2494/2511/2494
f 2492/2509/2492 2493/2510/2493 2494/2511/2494
f 2458/2475/2458 2460/2477/2460 2495/2512/2495
f 2495/2512/2495 2494/2511/2494 2458/2475/2458
f 2460/2477/2460 2461/2478/2461 2496/2513/2496
f 2496/2513/2496 2495/2512/2495 2460/2477/2460
f 2461/2478/2461 2462/2479/2462 2497/2514/2497
f 2497/2514/2497 2496/2513/2496 2461/2478/2461
f 2462/2479/2462 2463/2480/2463 2498/2515/2498
f 2498/2515/2498 2497/2514/2497 2462/2479/2462
f 2463/2480/2463 2464/2481/2464 2499/2516/2499
f 2499/2516/2499 2498/2515/2498 2463/2480/2463
f 2464/2481/2464 2465/2482/2465 2500/2517/2500
f 2500/2517/2500 2499/2516/2499 2464/2481/2464
f 2465/2482/2465 2466/2483/2466 2501/2518/2501
f 2501/2518/2501 2500/2517/2500 2465/2482/2465
f 2466/2483/2466 2467/2484/2467 2502/2519/2502
f 2502/2519/2502 2501/2518/2501 2466/2483/2466
f 2467/2484/2467 2468/2485/2468 2503/2520/2503
f 2503/2520/2503 2502/2519/2502 2467/2484/2467
f 2468/2485/2468 2469/2486/2469 2504/2521/2504
f 2504/2521/2504 2503/2520/2503 2468/2485/2468
f 2469/2486/2469 2470/2487/2470 2505/2522/2505
f 2505/2522/2505 2504/2521/2504 2469/2486/2469
f 2470/2487/2470 2471/2488/2471 2506/2523/2506
f 2506/2523/2506 2505/2522/2505 2470/2487/2470
f 2471/2488/2471 2472/2489/2472 2507/2524/2507
f 2507/2524/2507 2506/2523/2506 2471/2488/2471
f 2473/2490/2473 2508/2525/2508 2509/2526/2509
f 2472/2489/2472 2473/2490/2473 2509/2526/2509
f 2507/2524/2507 2472/2489/2472 2509/2526/2509
f 2476/2493/2476 2478/2495/2478 2511/2528/2511
f 2511/2528/2511 2510/2527/2510 2476/2493/2476
f 2478/2495/2478 2479/2496/2479 2512/2529/2512
f 2512/2529/2512 2511/2528/2511 2478/2495/2478
f 2479/2496/2479 2480/2497/2480 2513/2530/2513
f 2513/2530/2513 2512/2529/2512 2479/2496/2479
f 2480/2497/2480 2481/2498/2481 2514/2531/2514
f 2514/2531/2514 2513/2530/2513 2480/2497/2480
f 2481/2498/2481 2482/2499/2482 2515/2532/2515
f 2515/2532/2515 2514/2531/2514 2481/2498/2481
f 2482/2499/2482 2483/2500/2483 2516/2533/2516
f 2516/2533/2516 2515/2532/2515 2482/2499/2482
f 2483/2500/2483 2484/2501/2484 2517/2534/2517
f 2517/2534/2517 2516/2533/2516 2483/2500/2483
f 2484/2501/2484 2485/2502/2485 2518/2535/2518
f 2518/2535/2518 2517/2534/2517 2484/2501/2484
f 2485/2502/2485 2486/2503/2486 2519/2536/2519
f 2519/2536/2519 2518/2535/2518 2485/2502/2485
f 2486/2503/2486 2487/2504/2487 2520/2537/2520
f 2520/2537/2520 2519/2536/2519 2486/2503/2486
f 2487/2504/2487 2488/2505/2488 2521/2538/2521
f 2521/2538/2521 2520/2537/2520 2487/2504/2487
f 2488/2505/2488 2489/2506/2489 2522/2539/2522
f 2522/2539/2522 2521/2538/2521 2488/2505/2488
f 2489/2506/2489 2490/2507/2490 2523/2540/2523
f 2523/2540/2523 2522/2539/2522 2489/2506/2489
f 2491/2508/2491 2524/2541/2524 2525/2542/2525
f 2490/2507/2490 2491/2508/2491 2525/2542/2525
f 2523/2540/2523 2490/2507/2490 2525/2542/2525
f 2525/2542/2525 2524/2541/2524 2526/2543/2526
f 2493/2510/2493 2492/2509/2492 2527/2544/2527
f 2527/2544/2527 2528/2545/2528 2493/2510/2493
f 2492/2509/2492 2494/2511/2494 2529/2546/2529
f 2529/2546/2529 2527/2544/2527 2492/2509/2492
f 2494/2511/2494 2495/2512/2495 2530/2547/2530
f 2530/2547/2530 2529/2546/2529 2494/2511/2494
f 2495/2512/2495 2496/2513/2496 2531/2548/2531
f 2531/2548/2531 2530/2547/2530 2495/2512/2495
f 2496/2513/2496 2497/2514/2497 2532/2549/2532
f 2532/2549/2532 2531/2548/2531 2496/2513/2496
f 2497/2514/2497 2498/2515/2498 2533/2550/2533
f 2533/2550/2533 2532/2549/2532 2497/2514/2497
f 2498/2515/2498 2499/2516/2499 2534/2551/2534
f 2534/2551/2534 2533/2550/2533 2498/2515/2498
f 2499/2516/2499 2500/2517/2500 2535/2552/2535
f 2535/2552/2535 2534/2551/2534 2499/2516/2499
f 2500/2517/2500 2501/2518/2501 2536/2553/2536
f 2536/2553/2536 2535/2552/2535 2500/2517/2500
f 2501/2518/2501 2502/2519/2502 2537/2554/2537
f 2537/2554/2537 2536/2553/2536 2501/2518/2501
f 2502/2519/2502 2503/2520/2503 2538/2555/2538
f 2538/2555/2538 2537/2554/2537 2502/2519/2502
f 2503/2520/2503 2504/2521/2504 2539/2556/2539
f 2539/2556/2539 2538/2555/2538 2503/2520/2503
f 2504/2521/2504 2505/2522/2505 2540/2557/2540
f 2540/2557/2540 2539/2556/2539 2504/2521/2504
f 2505/2522/2505 2506/2523/2506 2541/2558/2541
f 2541/2558/2541 2540/2557/2540 2505/2522/2505
f 2507/2524/2507 2542/2559/2542 2543/2560/2543
f 2506/2523/2506 2507/2524/2507 2543/2560/2543
f 2541/2558/2541 2506/2523/2506 2543/2560/2543
f 2544/2561/2544 2510/2527/2510 2545/2562/2545
f 2510/2527/2510 2511/2528/2511 2546/2563/2546
f 2545/2562/2545 2510/2527/2510 2546/2563/2546
f 2545/2562/2545 2546/2563/2546 2547/2564/2547
f 2511/2528/2511 2512/2529/2512 2548/2565/2548
f 2548/2565/2548 2546/2563/2546 2511/2528/2511
f 2512/2529/2512 2513/2530/2513 2549/2566/2549
f 2549/2566/2549 2548/2565/2548 2512/2529/2512
f 2513/2530/2513 2514/2531/2514 2550/2567/2550
f 2550/2567/2550 2549/2566/2549 2513/2530/2513
f 2514/2531/2514 2515/2532/2515 2551/2568/2551
f 2551/2568/2551 2550/2567/2550 2514/2531/2514
f 2515/2532/2515 2516/2533/2516 2552/2569/2552
f 2552/2569/2552 2551/2568/2551 2515/2532/2515
f 2516/2533/2516 2517/2534/2517 2553/2570/2553
f 2553/2570/2553 2552/2569/2552 2516/2533/2516
f 2517/2534/2517 2518/2535/2518 2554/2571/2554
f 2554/2571/2554 2553/2570/2553 2517/2534/2517
f 2518/2535/2518 2519/2536/2519 2555/2572/2555
f 2555/2572/2555 2554/2571/2554 2518/2535/2518
f 2519/2536/2519 2520/2537/2520 2556/2573/2556
f 2556/2573/2556 2555/2572/2555 2519/2536/2519
f 2520/2537/2520 2521/2538/2521 2557/2574/2557
f 2557/2574/2557 2556/2573/2556 2520/2537/2520
f 2521/2538/2521 2522/2539/2522 2558/2575/2558
f 2558/2575/2558 2557/2574/2557 2521/2538/2521
f 2522/2539/2522 2523/2540/2523 2559/2576/2559
f 2559/2576/2559 2558/2575/2558 2522/2539/2522
f 2523/2540/2523 2525/2542/2525 2560/2577/2560
f 2560/2577/2560 2559/2576/2559 2523/2540/2523
f 2526/2543/2526 2561/2578/2561 2560/2577/2560
f 2560/2577/2560 2525/2542/2525 2526/2543/2526
f 2527/2544/2527 2529/2546/2529 2563/2580/2563
f 2563/2580/2563 2562/2579/2562 2527/2544/2527
f 2529/2546/2529 2530/2547/2530 2564/2581/2564
f 2564/2581/2564 2563/2580/2563 2529/2546/2529
f 2530/2547/2530 2531/2548/2531 2565/2582/2565
f 2565/2582/2565 2564/2581/2564 2530/2547/2530
f 2531/2548/2531 2532/2549/2532 2566/2583/2566
f 2566/2583/2566 2565/2582/2565 2531/2548/2531
f 2532/2549/2532 2533/2550/2533 2567/2584/2567
f 2567/2584/2567 2566/2583/2566 2532/2549/2532
f 2533/2550/2533 2534/2551/2534 2568/2585/2568
f 2568/2585/2568 2567/2584/2567 2533/2550/2533
f 2534/2551/2534 2535/2552/2535 2569/2586/2569
f 2569/2586/2569 2568/2585/2568 2534/2551/2534
f 2535/2552/2535 2536/2553/2536 2570/2587/2570
f 2570/2587/2570 2569/2586/2569 2535/2552/2535
f 2536/2553/2536 2537/2554/2537 2571/2588/2571
f 2571/2588/2571 2570/2587/2570 2536/2553/2536
f 2537/2554/2537 2538/2555/2538 2572/2589/2572
f 2572/2589/2572 2571/2588/2571 2537/2554/2537
f 2538/2555/2538 2539/2556/2539 2573/2590/2573
f 2573/2590/2573 2572/2589/2572 2538/2555/2538
f 2539/2556/2539 2540/2557/2540 2574/2591/2574
f 2574/2591/2574 2573/2590/2573 2539/2556/2539
f 2540/2557/2540 2541/2558/2541 2575/2592/2575
f 2575/2592/2575 2574/2591/2574 2540/2557/2540
f 2575/2592/2575 2541/2558/2541 2543/2560/2543
f 2543/2560/2543 2576/2593/2576 2575/2592/2575
f 2546/2563/2546 2548/2565/2548 2578/2595/2578
f 2578/2595/2578 2577/2594/2577 2546/2563/2546
f 2548/2565/2548 2549/2566/2549 2579/2596/2579
f 2579/2596/2579 2578/2595/2578 2548/2565/2548
f 2549/2566/2549 2550/2567/2550 2580/2597/2580
f 2580/2597/2580 2579/2596/2579 2549/2566/2549
f 2550/2567/2550 2551/2568/2551 2581/2598/2581
f 2581/2598/2581 2580/2597/2580 2550/2567/2550
f 2551/2568/2551 2552/2569/2552 2582/2599/2582
f 2582/2599/2582 2581/2598/2581 2551/2568/2551
f 2552/2569/2552 2553/2570/2553 2583/2600/2583
f 2583/2600/2583 2582/2599/2582 2552/2569/2552
f 2553/2570/2553 2554/2571/2554 2584/2601/2584
f 2584/2601/2584 2583/2600/2583 2553/2570/2553
f 2554/2571/2554 2555/2572/2555 2585/2602/2585
f 2585/2602/2585 2584/2601/2584 2554/2571/2554
f 2555/2572/2555 2556/2573/2556 2586/2603/2586
f 2586/2603/2586 2585/2602/2585 2555/2572/2555
f 2556/2573/2556 2557/2574/2557 2587/2604/2587
f 2587/2604/2587 2586/2603/2586 2556/2573/2556
f 2557/2574/2557 2558/2575/2558 2588/2605/2588
f 2588/2605/2588 2587/2604/2587 2557/2574/2557
f 2558/2575/2558 2559/2576/2559 2589/2606/2589
f 2589/2606/2589 2588/2605/2588 2558/2575/2558
f 2559/2576/2559 2560/2577/2560 2590/2607/2590
f 2590/2607/2590 2589/2606/2589 2559/2576/2559
f 2561/2578/2561 2591/2608/2591 2592/2609/2592
f 2560/2577/2560 2561/2578/2561 2592/2609/2592
f 2590/2607/2590 2560/2577/2560 2592/2609/2592
f 2592/2609/2592 2591/2608/2591 2593/2610/2593
f 2594/2611/2594 2595/2612/2595 2596/2613/2596
f 2595/2612/2595 2594/2611/2594 2562/2579/2562
f 2562/2579/2562 2597/2614/2597 2595/2612/2595
f 2562/2579/2562 2563/2580/2563 2598/2615/2598
f 2598/2615/2598 2597/2614/2597 2562/2579/2562
f 2563/2580/2563 2564/2581/2564 2599/2616/2599
f 2599/2616/2599 2598/2615/2598 2563/2580/2563
f 2564/2581/2564 2565/2582/2565 2600/2617/2600
f 2600/2617/2600 2599/2616/2599 2564/2581/2564
f 2565/2582/2565 2566/2583/2566 2601/2618/2601
f 2601/2618/2601 2600/2617/2600 2565/2582/2565
f 2566/2583/2566 2567/2584/2567 2602/2619/2602
f 2602/2619/2602 2601/2618/2601 2566/2583/2566
f 2567/2584/2567 2568/2585/2568 2603/2620/2603
f 2603/2620/2603 2602/2619/2602 2567/2584/2567
f 2568/2585/2568 2569/2586/2569 2604/2621/2604
f 2604/2621/2604 2603/2620/2603 2568/2585/2568
f 2569/2586/2569 2570/2587/2570 2605/2622/2605
f 2605/2622/2605 2604/2621/2604 2569/2586/2569
f 2570/2587/2570 2571/2588/2571 2606/2623/2606
f 2606/2623/2606 2605/2622/2605 2570/2587/2570
f 2571/2588/2571 2572/2589/2572 2607/2624/2607
f 2607/2624/2607 2606/2623/2606 2571/2588/2571
f 2572/2589/2572 2573/2590/2573 2608/2625/2608
f 2608/2625/2608 2607/2624/2607 2572/2589/2572
f 2573/2590/2573 2574/2591/2574 2609/2626/2609
f 2609/2626/2609 2608/2625/2608 2573/2590/2573
f 2574/2591/2574 2575/2592/2575 2610/2627/2610
f 2610/2627/2610 2609/2626/2609 2574/2591/2574
f 2610/2627/2610 2575/2592/2575 2576/2593/2576
f 2576/2593/2576 2611/2628/2611 2610/2627/2610
f 2612/2629/2612 2577/2594/2577 2613/2630/2613
f 2613/2630/2613 2614/2631/2614 2612/2629/2612
f 2577/2594/2577 2578/2595/2578 2615/2632/2615
f 2615/2632/2615 2613/2630/2613 2577/2594/2577
f 2578/2595/2578 2579/2596/2579 2616/2633/2616
f 2616/2633/2616 2615/2632/2615 2578/2595/2578
f 2579/2596/2579 2580/2597/2580 2617/2634/2617
f 2617/2634/2617 2616/2633/2616 2579/2596/2579
f 2580/2597/2580 2581/2598/2581 2618/2635/2618
f 2618/2635/2618 2617/2634/2617 2580/2597/2580
f 2581/2598/2581 2582/2599/2582 2619/2636/2619
f 2619/2636/2619 2618/2635/2618 2581/2598/2581
f 2582/2599/2582 2583/2600/2583 2620/2637/2620
f 2620/2637/2620 2619/2636/2619 2582/2599/2582
f 2583/2600/2583 2584/2601/2584 2621/2638/2621
f 2621/2638/2621 2620/2637/2620 2583/2600/2583
f 2584/2601/2584 2585/2602/2585 2622/2639/2622
f 2622/2639/2622 2621/2638/2621 2584/2601/2584
f 2585/2602/2585 2586/2603/2586 2623/2640/2623
f 2623/2640/2623 2622/2639/2622 2585/2602/2585
f 2586/2603/2586 2587/2604/2587 2624/2641/2624
f 2624/2641/2624 2623/2640/2623 2586/2603/2586
f 2587/2604/2587 2588/2605/2588 2625/2642/2625
f 2625/2642/2625 2624/2641/2624 2587/2604/2587
f 2588/2605/2588 2589/2606/2589 2626/2643/2626
f 2626/2643/2626 2625/2642/2625 2588/2605/2588
f 2589/2606/2589 2590/2607/2590 2627/2644/2627
f 2627/2644/2627 2626/2643/2626 2589/2606/2589
f 2590/2607/2590 2592/2609/2592 2628/2645/2628
f 2628/2645/2628 2627/2644/2627 2590/2607/2590
f 2593/2610/2593 2629/2646/2629 2628/2645/2628
f 2628/2645/2628 2592/2609/2592 2593/2610/2593
f 2595/2612/2595 2597/2614/2597 2631/2648/2631
f 2631/2648/2631 2630/2647/2630 2595/2612/2595
f 2597/2614/2597 2598/2615/2598 2632/2649/2632
f 2632/2649/2632 2631/2648/2631 2597/2614/2597
f 2598/2615/2598 2599/2616/2599 2633/2650/2633
f 2633/2650/2633 2632/2649/2632 2598/2615/2598
f 2599/2616/2599 2600/2617/2600 2634/2651/2634
f 2634/2651/2634 2633/2650/2633 2599/2616/2599
f 2600/2617/2600 2601/2618/2601 2635/2652/2635
f 2635/2652/2635 2634/2651/2634 2600/2617/2600
f 2601/2618/2601 2602/2619/2602 2636/2653/2636
f 2636/2653/2636 2635/2652/2635 2601/2618/2601
f 2602/2619/2602 2603/2620/2603 2637/2654/2637
f 2637/2654/2637 2636/2653/2636 2602/2619/2602
f 2603/2620/2603 2604/2621/2604 2638/2655/2638
f 2638/2655/2638 2637/2654/2637 2603/2620/2603
f 2604/2621/2604 2605/2622/2605 2639/2656/2639
f 2639/2656/2639 2638/2655/2638 2604/2621/2604
f 2605/2622/2605 2606/2623/2606 2640/2657/2640
f 2640/2657/2640 2639/2656/2639 2605/2622/2605
f 2606/2623/2606 2607/2624/2607 2641/2658/2641
f 2641/2658/2641 2640/2657/2640 2606/2623/2606
f 2607/2624/2607 2608/2625/2608 2642/2659/2642
f 2642/2659/2642 2641/2658/2641 2607/2624/2607
f 2608/2625/2608 2609/2626/2609 2643/2660/2643
f 2643/2660/2643 2642/2659/2642 2608/2625/2608
f 2610/2627/2610 2644/2661/2644 2645/2662/2645
f 2609/2626/2609 2610/2627/2610 2645/2662/2645
f 2643/2660/2643 2609/2626/2609 2645/2662/2645
f 2613/2630/2613 2615/2632/2615 2646/2663/2646
f 2613/2630/2613 2646/2663/2646 2647/2664/2647
f 2614/2631/2614 2613/2630/2613 2647/2664/2647
f 2615/2632/2615 2616/2633/2616 2648/2665/2648
f 2648/2665/2648 2646/2663/2646 2615/2632/2615
f 2616/2633/2616 2617/2634/2617 2649/2666/2649
f 2649/2666/2649 2648/2665/2648 2616/2633/2616
f 2617/2634/2617 2618/2635/2618 2650/2667/2650
f 2650/2667/2650 2649/2666/2649 2617/2634/2617
f 2618/2635/2618 2619/2636/2619 2651/2668/2651
f 2651/2668/2651 2650/2667/2650 2618/2635/2618
f 2619/2636/2619 2620/2637/2620 2652/2669/2652
f 2652/2669/2652 2651/2668/2651 2619/2636/2619
f 2620/2637/2620 2621/2638/2621 2653/2670/2653
f 2653/2670/2653 2652/2669/2652 2620/2637/2620
f 2621/2638/2621 2622/2639/2622 2654/2671/2654
f 2654/2671/2654 2653/2670/2653 2621/2638/2621
f 2622/2639/2622 2623/2640/2623 2655/2672/2655
f 2655/2672/2655 2654/2671/2654 2622/2639/2622
f 2623/2640/2623 2624/2641/2624 2656/2673/2656
f 2656/2673/2656 2655/2672/2655 2623/2640/2623
f 2624/2641/2624 2625/2642/2625 2657/2674/2657
f 2657/2674/2657 2656/2673/2656 2624/2641/2624
f 2625/2642/2625 2626/2643/2626 2658/2675/2658
f 2658/2675/2658 2657/2674/2657 2625/2642/2625
f 2626/2643/2626 2627/2644/2627 2659/2676/2659
f 2659/2676/2659 2658/2675/2658 2626/2643/2626
f 2627/2644/2627 2628/2645/2628 2660/2677/2660
f 2660/2677/2660 2659/2676/2659 2627/2644/2627
f 2628/2645/2628 2629/2646/2629 2661/2678/2661
f 2661/2678/2661 2660/2677/2660 2628/2645/2628
f 2662/2679/2662 2630/2647/2630 2663/2680/2663
f 2663/2680/2663 2664/2681/2664 2662/2679/2662
f 2630/2647/2630 2631/2648/2631 2665/2682/2665
f 2665/2682/2665 2663/2680/2663 2630/2647/2630
f 2631/2648/2631 2632/2649/2632 2666/2683/2666
f 2666/2683/2666 2665/2682/2665 2631/2648/2631
f 2632/2649/2632 2633/2650/2633 2667/2684/2667
f 2667/2684/2667 2666/2683/2666 2632/2649/2632
f 2633/2650/2633 2634/2651/2634 2668/2685/2668
f 2668/2685/2668 2667/2684/2667 2633/2650/2633
f 2634/2651/2634 2635/2652/2635 2669/2686/2669
f 2669/2686/2669 2668/2685/2668 2634/2651/2634
f 2635/2652/2635 2636/2653/2636 2670/2687/2670
f 2670/2687/2670 2669/2686/2669 2635/2652/2635
f 2636/2653/2636 2637/2654/2637 2671/2688/2671
f 2671/2688/2671 2670/2687/2670 2636/2653/2636
f 2637/2654/2637 2638/2655/2638 2672/2689/2672
f 2672/2689/2672 2671/2688/2671 2637/2654/2637
f 2638/2655/2638 2639/2656/2639 2673/2690/2673
f 2673/2690/2673 2672/2689/2672 2638/2655/2638
f 2639/2656/2639 2640/2657/2640 2674/2691/2674
f 2674/2691/2674 2673/2690/2673 2639/2656/2639
f 2640/2657/2640 2641/2658/2641 2675/2692/2675
f 2675/2692/2675 2674/2691/2674 2640/2657/2640
f 2641/2658/2641 2642/2659/2642 2676/2693/2676
f 2676/2693/2676 2675/2692/2675 2641/2658/2641
f 2643/2660/2643 2677/2694/2677 2678/2695/2678
f 2642/2659/2642 2643/2660/2643 2678/2695/2678
f 2676/2693/2676 2642/2659/2642 2678/2695/2678
f 2646/2663/2646 2648/2665/2648 2680/2697/2680
f 2646/2663/2646 2680/2697/2680 2681/2698/2681
f 2679/2696/2679 2646/2663/2646 2681/2698/2681
f 2648/2665/2648 2649/2666/2649 2682/2699/2682
f 2682/2699/2682 2680/2697/2680 2648/2665/2648
f 2649/2666/2649 2650/2667/2650 2683/2700/2683
f 2683/2700/2683 2682/2699/2682 2649/2666/2649
f 2650/2667/2650 2651/2668/2651 2684/2701/2684
f 2684/2701/2684 2683/2700/2683 2650/2667/2650
f 2651/2668/2651 2652/2669/2652 2685/2702/2685
f 2685/2702/2685 2684/2701/2684 2651/2668/2651
f 2652/2669/2652 2653/2670/2653 2686/2703/2686
f 2686/2703/2686 2685/2702/2685 2652/2669/2652
f 2653/2670/2653 2654/2671/2654 2687/2704/2687
f 2687/2704/2687 2686/2703/2686 2653/2670/2653
f 2654/2671/2654 2655/2672/2655 2688/2705/2688
f 2688/2705/2688 2687/2704/2687 2654/2671/2654
f 2655/2672/2655 2656/2673/2656 2689/2706/2689
f 2689/2706/2689 2688/2705/2688 2655/2672/2655
f 2656/2673/2656 2657/2674/2657 2690/2707/2690
f 2690/2707/2690 2689/2706/2689 2656/2673/2656
f 2657/2674/2657 2658/2675/2658 2691/2708/2691
f 2691/2708/2691 2690/2707/2690 2657/2674/2657
f 2658/2675/2658 2659/2676/2659 2692/2709/2692
f 2692/2709/2692 2691/2708/2691 2658/2675/2658
f 2659/2676/2659 2660/2677/2660 2693/2710/2693
f 2693/2710/2693 2692/2709/2692 2659/2676/2659
f 2693/2710/2693 2660/2677/2660 2661/2678/2661
f 2661/2678/2661 2694/2711/2694 2693/2710/2693
f 2663/2680/2663 2665/2682/2665 2696/2713/2696
f 2663/2680/2663 2696/2713/2696 2697/2714/2697
f 2695/2712/2695 2663/2680/2663 2697/2714/2697
f 2665/2682/2665 2666/2683/2666 2698/2715/2698
f 2698/2715/2698 2696/2713/2696 2665/2682/2665
f 2666/2683/2666 2667/2684/2667 2699/2716/2699
f 2699/2716/2699 2698/2715/2698 2666/2683/2666
f 2667/2684/2667 2668/2685/2668 2700/2717/2700
f 2700/2717/2700 2699/2716/2699 2667/2684/2667
f 2668/2685/2668 2669/2686/2669 2701/2718/2701
f 2701/2718/2701 2700/2717/2700 2668/2685/2668
f 2669/2686/2669 2670/2687/2670 2702/2719/2702
f 2702/2719/2702 2701/2718/2701 2669/2686/2669
f 2670/2687/2670 2671/2688/2671 2703/2720/2703
f 2703/2720/2703 2702/2719/2702 2670/2687/2670
f 2671/2688/2671 2672/2689/2672 2704/2721/2704
f 2704/2721/2704 2703/2720/2703 2671/2688/2671
f 2672/2689/2672 2673/2690/2673 2705/2722/2705
f 2705/2722/2705 2704/2721/2704 2672/2689/2672
f 2673/2690/2673 2674/2691/2674 2706/2723/2706
f 2706/2723/2706 2705/2722/2705 2673/2690/2673
f 2674/2691/2674 2675/2692/2675 2707/2724/2707
f 2707/2724/2707 2706/2723/2706 2674/2691/2674
f 2676/2693/2676 2708/2725/2708 2709/2726/2709
f 2675/2692/2675 2676/2693/2676 2709/2726/2709
f 2707/2724/2707 2675/2692/2675 2709/2726/2709
f 2680/2697/2680 2682/2699/2682 2711/2728/2711
f 2680/2697/2680 2711/2728/2711 2712/2729/2712
f 2710/2727/2710 2680/2697/2680 2712/2729/2712
f 2682/2699/2682 2683/2700/2683 2713/2730/2713
f 2713/2730/2713 2711/2728/2711 2682/2699/2682
f 2683/2700/2683 2684/2701/2684 2714/2731/2714
f 2714/2731/2714 2713/2730/2713 2683/2700/2683
f 2684/2701/2684 2685/2702/2685 2715/2732/2715
f 2715/2732/2715 2714/2731/2714 2684/2701/2684
f 2685/2702/2685 2686/2703/2686 2716/2733/2716
f 2716/2733/2716 2715/2732/2715 2685/2702/2685
f 2686/2703/2686 2687/2704/2687 2717/2734/2717
f 2717/2734/2717 2716/2733/2716 2686/2703/2686
f 2687/2704/2687 2688/2705/2688 2718/2735/2718
f 2718/2735/2718 2717/2734/2717 2687/2704/2687
f 2688/2705/2688 2689/2706/2689 2719/2736/2719
f 2719/2736/2719 2718/2735/2718 2688/2705/2688
f 2689/2706/2689 2690/2707/2690 2720/2737/2720
f 2720/2737/2720 2719/2736/2719 2689/2706/2689
f 2690/2707/2690 2691/2708/2691 2721/2738/2721
f 2721/2738/2721 2720/2737/2720 2690/2707/2690
f 2691/2708/2691 2692/2709/2692 2722/2739/2722
f 2722/2739/2722 2721/2738/2721 2691/2708/2691
f 2693/2710/2693 2723/2740/2723 2724/2741/2724
f 2692/2709/2692 2693/2710/2693 2724/2741/2724
f 2722/2739/2722 2692/2709/2692 2724/2741/2724
f 2696/2713/2696 2698/2715/2698 2726/2743/2726
f 2726/2743/2726 2725/2742/2725 2696/2713/2696
f 2699/2716/2699 2700/2717/2700 2728/2745/2728
f 2728/2745/2728 2727/2744/2727 2699/2716/2699
f 2701/2718/2701 2702/2719/2702 2730/2747/2730
f 2730/2747/2730 2729/2746/2729 2701/2718/2701
f 2731/2748/2731 2703/2720/2703 2704/2721/2704
f 2704/2721/2704 2732/2749/2732 2731/2748/2731
f 2733/2750/2733 2705/2722/2705 2706/2723/2706
f 2706/2723/2706 2734/2751/2734 2733/2750/2733
f 2735/2752/2735 2707/2724/2707 2709/2726/2709
f 2711/2728/2711 2713/2730/2713 2737/2754/2737
f 2737/2754/2737 2736/2753/2736 2711/2728/2711
f 2738/2755/2738 2714/2731/2714 2715/2732/2715
f 2715/2732/2715 2739/2756/2739 2738/2755/2738
f 2740/2757/2740 2716/2733/2716 2717/2734/2717
f 2717/2734/2717 2741/2758/2741 2740/2757/2740
f 2718/2735/2718 2719/2736/2719 2743/2760/2743
f 2743/2760/2743 2742/2759/2742 2718/2735/2718
f 2744/2761/2744 2720/2737/2720 2721/2738/2721
f 2721/2738/2721 2745/2762/2745 2744/2761/2744
f 2746/2763/2746 2722/2739/2722 2724/2741/2724
f 179/196/179 178/195/178 193/210/193
f 193/210/193 207/224/207 179/196/179
f 209/226/209 208/225/208 223/240/223
f 223/240/223 237/254/237 209/226/209
f 239/256/239 238/255/238 253/270/253
f 253/270/253 267/284/267 239/256/239
f 269/286/269 268/285/268 283/300/283
f 283/300/283 297/314/297 269/286/269
f 299/316/299 298/315/298 313/330/313
f 313/330/313 327/344/327 299/316/299
f 328/345/328 345/362/345 360/377/360
f 360/377/360 329/346/329 328/345/328
f 361/378/361 377/394/377 392/409/392
f 392/409/392 362/379/362 361/378/361
f 557/574/557 608/625/608 657/674/657
f 657/674/657 558/575/558 557/574/557
f 659/676/659 658/675/658 708/725/708
f 708/725/708 757/774/757 659/676/659
f 759/776/759 758/775/758 808/825/808
f 808/825/808 856/873/856 759/776/759
f 859/876/859 858/875/858 905/922/905
f 904/921/904 854/871/854 855/872/855
f 860/877/860 861/878/861 907/924/907
f 907/924/907 906/923/906 860/877/860
f 862/879/862 863/880/863 909/926/909
f 909/926/909 908/925/908 862/879/862
f 911/928/911 910/927/910 956/973/956
f 915/932/915 868/885/868 869/886/869
f 869/886/869 917/934/917 915/932/915
f 920/937/920 919/936/919 960/977/960
f 943/960/943 894/911/894 895/912/895
f 895/912/895 945/962/945 943/960/943
f 947/964/947 946/963/946 985/1002/985
f 950/967/950 899/916/899 900/917/900
f 900/917/900 952/969/952 950/967/950
f 953/970/953 901/918/901 902/919/902
f 902/919/902 954/971/954 953/970/953
f 955/972/955 903/920/903 904/921/904
f 959/976/959 914/931/914 916/933/916
f 963/980/963 962/979/962 988/1005/988
f 982/999/982 980/997/980 939/956/939
f 939/956/939 940/957/940 982/999/982
f 984/1001/984 942/959/942 944/961/944
f 987/1004/987 949/966/949 951/968/951
f 1005/1022/1005 979/996/979 981/998/981
f 1398/1415/1398 1397/1414/1397 1448/1465/1448
f 1450/1467/1450 1449/1466/1449 1499/1516/1499
f 1497/1514/1497 1446/1463/1446 1447/1464/1447
f 1501/1518/1501 1500/1517/1500 1548/1565/1548
f 1546/1563/1546 1496/1513/1496 1498/1515/1498
f 1502/1519/1502 1503/1520/1503 1550/1567/1550
f 1550/1567/1550 1549/1566/1549 1502/1519/1502
f 1504/1521/1504 1505/1522/1505 1552/1569/1552
f 1552/1569/1552 1551/1568/1551 1504/1521/1504
f 1554/1571/1554 1553/1570/1553 1595/1612/1595
f 1588/1605/1588 1540/1557/1540 1541/1558/1541
f 1541/1558/1541 1590/1607/1590 1588/1605/1588
f 1591/1608/1591 1542/1559/1542 1543/1560/1543
f 1543/1560/1543 1592/1609/1592 1591/1608/1591
f 1593/1610/1593 1544/1561/1544 1545/1562/1545
f 1545/1562/1545 1594/1611/1594 1593/1610/1593
f 1600/1617/1600 1599/1616/1599 1631/1648/1631
f 1629/1646/1629 1627/1644/1627 1585/1602/1585
f 1585/1602/1585 1586/1603/1586 1629/1646/1629
f 1630/1647/1630 1587/1604/1587 1589/1606/1589
f 1632/1649/1632 1660/1677/1660 1689/1706/1689
f 1689/1706/1689 1633/1650/1633 1632/1649/1632
f 1658/1675/1658 1626/1643/1626 1628/1645/1628
f 1763/1780/1763 1764/1781/1764 1798/1815/1798
f 1798/1815/1798 1795/1812/1795 1763/1780/1763
f 1798/1815/1798 1797/1814/1797 1830/1847/1830
f 1828/1845/1828 1794/1811/1794 1796/1813/1796
f 1895/1912/1895 1832/1849/1832 1831/1848/1831
f 1831/1848/1831 1863/1880/1863 1895/1912/1895
f 1893/1910/1893 1861/1878/1861 1862/1879/1862
f 1961/1978/1961 1898/1915/1898 1897/1914/1897
f 1897/1914/1897 1929/1946/1929 1961/1978/1961
f 1959/1976/1959 1927/1944/1927 1928/1945/1928
f 2028/2045/2028 1964/1981/1964 1963/1980/1963
f 1963/1980/1963 1994/2011/1994 2028/2045/2028
f 2026/2043/2026 1992/2009/1992 1993/2010/1993
f 2096/2113/2096 2031/2048/2031 2030/2047/2030
f 2030/2047/2030 2063/2080/2063 2096/2113/2096
f 2094/2111/2094 2061/2078/2061 2062/2079/2062
f 2164/2181/2164 2099/2116/2099 2098/2115/2098
f 2098/2115/2098 2131/2148/2131 2164/2181/2164
f 2162/2179/2162 2129/2146/2129 2130/2147/2130
f 2234/2251/2234 2167/2184/2167 2166/2183/2166
f 2166/2183/2166 2199/2216/2199 2234/2251/2234
f 2232/2249/2232 2197/2214/2197 2198/2215/2198
f 2303/2320/2303 2237/2254/2237 2236/2253/2236
f 2236/2253/2236 2268/2285/2268 2303/2320/2303
f 2301/2318/2301 2266/2283/2266 2267/2284/2267
f 2368/2385/2368 2306/2323/2306 2305/2322/2305
f 2305/2322/2305 2337/2354/2337 2368/2385/2368
f 2320/2337/2320 2353/2370/2353 2388/2405/2388
f 2388/2405/2388 2321/2338/2321 2320/2337/2320
f 2371/2388/2371 2370/2387/2370 2404/2421/2404
f 2404/2421/2404 2439/2456/2439 2371/2388/2371
f 2437/2454/2437 2402/2419/2402 2403/2420/2403
f 2441/2458/2441 2440/2457/2440 2475/2492/2475
f 2544/2561/2544 2477/2494/2477 2476/2493/2476
f 2476/2493/2476 2510/2527/2510 2544/2561/2544
f 2508/2525/2508 2473/2490/2473 2474/2491/2474
f 2527/2544/2527 2562/2579/2562 2594/2611/2594
f 2594/2611/2594 2528/2545/2528 2527/2544/2527
f 2542/2559/2542 2507/2524/2507 2509/2526/2509
f 2547/2564/2547 2546/2563/2546 2577/2594/2577
f 2577/2594/2577 2612/2629/2612 2547/2564/2547
f 2595/2612/2595 2630/2647/2630 2662/2679/2662
f 2662/2679/2662 2596/2613/2596 2595/2612/2595
f 2644/2661/2644 2610/2627/2610 2611/2628/2611
f 2647/2664/2647 2646/2663/2646 2679/2696/2679
f 2664/2681/2664 2663/2680/2663 2695/2712/2695
f 2677/2694/2677 2643/2660/2643 2645/2662/2645
f 2681/2698/2681 2680/2697/2680 2710/2727/2710
f 2697/2714/2697 2696/2713/2696 2725/2742/2725
f 2708/2725/2708 2676/2693/2676 2678/2695/2678
f 2712/2729/2712 2711/2728/2711 2736/2753/2736
f 2723/2740/2723 2693/2710/2693 2694/2711/2694
f 2698/2715/2698 2699/2716/2699 2727/2744/2727
f 2727/2744/2727 2726/2743/2726 2698/2715/2698
f 2700/2717/2700 2701/2718/2701 2729/2746/2729
f 2729/2746/2729 2728/2745/2728 2700/2717/2700
f 2702/2719/2702 2703/2720/2703 2731/2748/2731
f 2731/2748/2731 2730/2747/2730 2702/2719/2702
f 2732/2749/2732 2704/2721/2704 2705/2722/2705
f 2705/2722/2705 2733/2750/2733 2732/2749/2732
f 2735/2752/2735 2734/2751/2734 2706/2723/2706
f 2706/2723/2706 2707/2724/2707 2735/2752/2735
f 2713/2730/2713 2714/2731/2714 2738/2755/2738
f 2738/2755/2738 2737/2754/2737 2713/2730/2713
f 2739/2756/2739 2715/2732/2715 2716/2733/2716
f 2716/2733/2716 2740/2757/2740 2739/2756/2739
f 2717/2734/2717 2718/2735/2718 2742/2759/2742
f 2742/2759/2742 2741/2758/2741 2717/2734/2717
f 2743/2760/2743 2719/2736/2719 2720/2737/2720
f 2720/2737/2720 2744/2761/2744 2743/2760/2743
f 2745/2762/2745 2721/2738/2721 2722/2739/2722
f 2722/2739/2722 2746/2763/2746 2745/2762/2745
# 4840 faces

g
