# Max2Obj Version 4.0 Mar 10th, 2001
#
# object Máscara_de_Zorro to come ...
#
v  183.066437 55.069195 20.272800
v  183.016571 53.864079 21.250534
v  183.162598 51.853920 18.582874
v  183.279037 58.451862 16.166216
v  183.374954 52.081612 14.592412
v  183.401978 61.699909 13.745713
v  183.525482 65.048172 11.311302
v  183.869324 67.724838 4.768317
v  184.007843 67.090683 2.192888
v  184.335663 65.125397 -3.885605
v  184.159988 52.781551 2.901644
v  182.186523 53.825390 21.052116
v  181.760025 53.762543 20.614964
v  182.115417 54.181225 20.865088
v  182.255814 53.481155 20.885653
v  181.979187 52.128681 18.645830
v  182.439789 52.058090 19.105928
v  182.423080 51.922314 18.525345
v  181.225540 59.000137 14.369773
v  181.226151 58.025856 15.608073
v  180.655380 58.555767 14.054035
v  176.351074 59.538475 10.326013
v  176.553970 58.445782 10.686173
v  174.503845 59.725498 8.987714
v  173.573990 60.793514 7.233907
v  176.493576 61.932766 10.152738
v  173.246643 60.922653 4.738916
v  174.295486 62.814346 6.461298
v  174.138840 58.896317 1.815242
v  175.102448 61.855354 2.089535
v  172.779617 58.940876 3.474627
v  173.817444 54.071327 3.735692
v  172.632217 54.462471 2.358407
v  177.462891 54.567390 2.132539
v  180.441986 67.792068 6.828476
v  179.547318 66.668091 8.088278
v  178.967133 68.453056 7.162488
v  177.140167 65.205063 6.991793
v  178.231567 66.561737 7.002811
v  180.631927 66.851944 2.520191
v  180.213211 67.796303 4.933068
v  178.862396 66.589142 3.151538
v  173.848129 65.228302 2.714758
v  174.470459 63.013710 3.495583
v  175.885300 59.266117 -0.014885
v  177.024902 67.281227 3.595713
v  174.705475 68.405815 3.769244
v  175.635178 66.079315 2.650829
v  175.016495 56.447514 1.434207
v  173.023117 67.889412 3.373068
v  172.356644 70.248451 4.679960
v  173.097000 67.897392 3.843817
v  175.898972 70.593651 6.013789
v  174.007736 71.840988 6.328438
v  174.002319 70.292252 4.973656
v  172.854294 71.209229 5.762915
v  172.938889 71.425720 5.634287
v  174.203537 69.703773 5.133928
v  176.249176 70.302376 6.968493
v  177.444366 69.210991 6.962744
v  175.731659 69.851898 6.015872
v  181.619247 55.743279 18.979986
v  183.112320 56.052845 19.377455
v  181.878433 54.874168 20.040445
v  183.026794 54.321850 21.042624
v  181.485184 56.769623 17.510807
v  183.182693 57.027966 18.023287
v  181.169785 54.314552 19.630878
v  180.582794 55.048103 18.519346
v  180.108963 55.914051 16.818598
v  183.028763 53.421486 21.037468
v  183.059631 52.855957 20.478636
v  182.294159 52.935448 20.358316
v  181.607544 53.143101 19.937426
v  183.091553 52.332737 19.898455
v  182.334900 52.418777 19.806890
v  181.662262 52.574364 19.357714
v  180.918869 53.555103 18.970306
v  181.056519 52.840549 18.492174
v  180.249985 54.128361 17.713211
v  179.663025 54.821400 15.975229
v  180.483887 53.237774 17.154068
v  183.124451 52.018055 19.292383
v  181.551163 52.253719 17.834276
v  181.119598 52.452545 16.616522
v  182.127823 51.938263 17.624874
v  183.213272 51.832867 17.633211
v  181.847305 52.027477 16.445738
v  183.278885 51.906239 16.400154
v  181.568909 52.218658 14.569245
v  180.619812 52.705170 14.750719
v  179.899185 53.633545 15.291175
v  179.596786 56.928394 14.858427
v  183.332825 59.446522 15.122358
v  178.642685 57.771790 12.744846
v  183.373428 60.637993 14.318540
v  181.175446 60.158783 13.722950
v  180.285004 61.141731 12.850531
v  178.904968 55.702488 14.027833
v  179.087708 54.265095 13.204941
v  179.833054 53.123051 12.596225
v  181.191010 52.427071 12.388330
v  178.007965 54.964508 11.046220
v  178.979553 53.441185 10.486793
v  180.773071 52.484203 10.329734
v  177.705139 56.619942 11.984214
v  177.818146 53.639591 8.323070
v  176.567596 55.214680 8.911929
v  180.241074 52.506325 7.965878
v  176.025909 57.053322 9.948602
v  177.753769 60.800896 11.361462
v  174.153275 57.328018 7.514085
v  174.839966 55.367512 6.584875
v  183.490692 52.161350 12.418927
v  183.599976 52.070927 10.372518
v  183.726685 51.809776 8.005643
v  179.917160 62.880833 11.862553
v  183.439087 63.318668 12.992680
v  179.901810 64.707481 10.229737
v  176.975540 63.641422 8.813979
v  176.006653 53.971466 6.006381
v  173.164093 55.637325 4.328993
v  172.895493 58.050488 5.264059
v  183.634735 66.580727 9.208243
v  174.141846 63.979404 4.994215
v  172.682495 56.093376 2.567331
v  179.478973 52.640743 5.468868
v  183.763824 67.635941 6.749832
v  177.901093 68.146927 6.896399
v  178.550400 68.371773 5.362925
v  173.266068 66.075531 3.819716
v  175.692932 66.255371 5.367482
v  177.527328 63.944256 1.314199
v  177.568588 61.706085 -1.511818
v  177.116592 66.943291 5.984876
v  175.171967 67.990379 4.800856
v  180.406998 65.412659 -0.079769
v  180.261459 63.883450 -2.993967
v  177.169846 69.423729 5.586317
v  177.922852 69.526360 6.996721
v  184.169327 66.380066 -0.810420
v  173.708511 71.558105 6.568410
v  176.550568 70.600731 7.062172
v  174.964203 71.627007 7.002662
v  174.526291 71.537193 7.076396
v  176.859238 68.221298 5.734281
v  180.587830 58.890244 13.620728
v  180.850983 59.156487 13.787186
v  180.702805 59.899487 13.407738
v  179.934891 60.545673 12.726738
v  178.050491 60.334732 11.534566
v  176.904663 59.375000 10.607661
v  177.114151 58.669975 10.885749
v  178.908997 58.332256 12.472375
v  183.043732 54.644299 20.713486
v  183.020126 54.085812 21.176121
v  183.021439 53.644901 21.167074
v  183.042328 53.164738 20.792213
v  182.162964 53.999798 20.995275
v  181.895309 53.997997 20.735876
v  181.962524 53.794312 20.870564
v  182.231689 53.655918 20.997770
v  181.989410 53.591152 20.755758
v  182.480103 54.852741 20.320269
v  182.019241 54.475784 20.516733
v  182.552567 54.269253 20.964674
v  181.478149 53.997658 20.166391
v  181.565887 54.486950 20.004629
v  182.587738 53.848175 21.168859
v  182.633331 53.440708 20.972240
v  182.276184 53.234215 20.649025
v  182.669968 52.974434 20.517483
v  181.662109 53.478790 20.284758
v  181.945755 53.118324 20.250631
v  181.286484 53.423431 19.602064
v  181.115692 53.874039 19.489401
v  181.991928 53.921345 20.880011
v  182.043015 53.686531 20.882345
v  182.514511 54.580490 20.628670
v  181.721481 54.251316 20.354954
v  182.571259 54.050789 21.096197
v  182.610275 53.647896 21.092819
v  182.653534 53.189697 20.733166
v  181.963501 53.344692 20.490726
v  181.363831 53.688641 19.866978
v  176.050735 58.028252 10.845637
v  174.017746 59.076775 8.915803
v  172.967224 60.145977 7.012153
v  172.724823 60.437862 5.094448
v  172.443863 59.328068 4.308097
v  172.572006 58.684917 5.820016
v  173.783417 57.861629 8.047630
v  175.705414 57.483765 10.393453
v  177.491455 57.093521 12.449653
v  178.625473 56.179626 14.447331
v  179.304413 55.246983 16.352512
v  179.854233 54.485424 18.070093
v  180.353973 54.016689 18.989189
v  180.514236 54.068195 19.337280
v  180.468781 54.269241 19.284281
v  180.004395 54.738461 18.449448
v  179.498383 55.620663 16.767031
v  178.951889 56.648415 14.870287
v  177.998795 57.496098 12.876698
v  176.556046 58.474480 10.700805
v  174.546844 59.715508 8.989190
v  173.593994 60.771851 7.196570
v  173.234222 60.827904 4.776166
v  172.799149 59.003292 3.596153
v  181.066605 54.357571 19.449816
v  180.587616 55.052532 18.495785
v  180.108337 55.920563 16.812632
v  180.842422 53.692074 18.867010
v  180.254288 54.132259 17.693983
v  179.657639 54.827969 15.970357
v  179.586121 56.921982 14.852900
v  178.596832 57.761013 12.745614
v  178.890121 55.706184 14.023940
v  177.689087 56.600296 11.988398
v  176.017151 57.046494 9.929384
v  174.173538 57.348961 7.525469
v  172.936432 58.043591 5.261099
v  181.093399 53.893036 19.430399
v  180.173798 54.268692 18.968546
v  179.591949 55.001705 17.490040
v  179.052200 55.925976 15.649910
v  178.295059 56.917812 13.707074
v  176.829956 57.551167 11.699274
v  174.770126 58.053829 9.589016
v  173.134857 58.951942 7.480905
v  172.511124 59.741501 5.392873
v  175.201233 58.816212 9.905103
v  173.643082 60.071629 8.182603
v  173.074753 60.836967 6.046308
v  172.723419 59.978638 4.121960
v  172.502411 58.627213 4.441065
v  173.180267 57.867905 6.568826
v  174.835709 57.351158 8.961849
v  176.716858 57.111134 11.211256
v  178.185364 56.432743 13.219884
v  179.112259 55.468357 15.203525
v  179.724976 54.659737 17.059359
v  180.306702 54.029243 18.515316
v  180.679794 53.884357 19.249058
v  180.766495 54.120029 19.473923
v  180.522980 54.541069 19.066690
v  180.014572 55.304558 17.724989
v  179.531998 56.291431 15.881606
v  178.887634 57.265572 13.894365
v  177.396454 57.919147 11.828698
v  179.864044 54.610783 18.299307
v  179.330048 55.442646 16.584702
v  178.722107 56.428825 14.691453
v  177.686188 57.311726 12.707053
v  175.817551 57.755344 10.664647
v  173.832489 58.459862 8.514964
v  172.696198 59.416588 6.443823
v  174.961319 58.497166 9.862071
v  173.362885 59.656921 7.998965
v  172.773514 60.445595 5.910410
v  172.538269 59.917419 4.573850
v  172.392914 59.026154 4.827923
v  173.049713 58.256165 6.908554
v  174.707108 57.625904 9.235690
v  176.660706 57.338417 11.448725
v  178.136917 56.678764 13.453019
v  179.000320 55.694847 15.413226
v  179.578903 54.844292 17.260263
v  180.142410 54.180981 18.692987
v  180.402588 54.048794 19.195272
v  180.452454 54.165367 19.322884
v  180.269409 54.415550 19.018364
v  179.747406 55.149555 17.667309
v  179.243393 56.133324 15.831191
v  178.577820 57.121418 13.883738
v  177.116226 57.745319 11.857285
v  176.302368 58.263119 10.830194
v  174.267639 59.466698 9.036223
v  173.274963 60.556835 7.214762
v  172.927902 60.691376 4.929014
v  172.551971 59.143097 3.890657
v  172.686447 58.267479 5.457898
v  173.925034 57.525394 7.736063
v  175.801773 57.252708 10.149553
v  177.524673 56.852600 12.210139
v  178.707855 55.939098 14.226080
v  179.437637 55.040215 16.150295
v  180.008484 54.321091 17.869539
v  180.551224 53.863827 18.967012
v  180.745987 53.995029 19.407049
v  180.714920 54.286896 19.389545
v  180.264008 54.888786 18.499678
v  179.775421 55.776699 16.825895
v  179.252365 56.803810 14.903799
v  178.304489 57.639778 12.863914
v  175.461288 59.057583 9.812775
v  173.944412 60.306992 8.164602
v  173.398911 61.032700 5.986543
v  180.858749 54.678982 19.092339
v  180.339584 55.464661 17.713251
v  181.130188 54.100498 19.536137
v  180.570328 53.849586 18.360264
v  179.958099 54.459179 16.880362
v  179.869812 56.421070 15.855745
v  179.204498 57.375870 13.808777
v  179.314316 55.246548 15.014687
v  178.351364 56.185143 13.005590
v  176.902725 56.876347 10.988954
v  177.663971 58.081894 11.692403
v  175.072357 57.169495 8.743095
v  173.432571 57.668182 6.376434
v  173.002441 59.980263 3.868618
v  172.746826 58.412403 4.191499
v  181.007401 53.730167 19.213625
v  179.988083 54.380817 18.534168
v  180.252594 54.122219 18.987700
v  180.368713 54.133312 19.231636
v  180.326401 54.267895 19.176991
v  180.060196 54.495319 18.718649
v  179.432526 55.130341 16.929531
v  179.700409 54.732346 17.798294
v  179.783783 54.866394 18.007586
v  179.525848 55.298653 17.147301
v  178.839951 56.055618 15.055186
v  179.157089 55.574284 16.003450
v  179.268814 55.781071 16.223534
v  178.986313 56.290825 15.277659
v  177.904526 57.021111 13.082511
v  178.440247 56.557762 14.079467
v  178.643173 56.793270 14.306707
v  178.163818 57.234314 13.313220
v  177.432205 57.540424 12.305282
v  176.459625 57.761635 11.287401
v  176.241898 57.532944 11.063100
v  177.166840 57.343029 12.082071
v  174.231781 57.967560 8.839094
v  175.225143 57.712337 9.977771
v  175.384766 58.071545 10.260501
v  174.357834 58.524685 9.239593
v  172.803848 58.811630 6.645527
v  173.396881 58.349812 7.720920
v  173.540741 59.056496 8.253747
v  172.998734 59.580585 7.273931
v  172.700562 59.988701 6.212997
v  172.609482 60.184631 5.214664
v  172.428497 59.494961 4.704138
v  172.484528 59.206856 5.583628
v  175.868332 58.635353 10.309897
v  174.835297 59.269821 9.440155
v  174.576614 58.980347 9.452766
v  175.617981 58.388607 10.377359
v  174.061523 59.912407 8.611477
v  173.586914 60.457497 7.728486
v  173.281448 60.161304 7.661890
v  173.781143 59.607124 8.571558
v  173.321793 60.851021 6.640281
v  173.158127 60.931374 5.418812
v  172.865219 60.686150 5.490016
v  173.002228 60.569134 6.590864
v  172.969589 60.429386 4.358861
v  172.750824 59.505066 3.761182
v  172.536057 59.580925 4.123162
v  172.713440 60.309128 4.615807
v  172.617371 58.747589 3.932513
v  172.673996 58.318295 4.798306
v  172.477661 58.616886 5.075567
v  172.429855 58.984703 4.272855
v  173.014709 57.950691 5.902704
v  173.644913 57.576355 7.035838
v  173.436050 57.829170 7.284075
v  172.811707 58.236717 6.152745
v  174.481506 57.324974 8.233788
v  175.425568 57.200596 9.455360
v  175.240646 57.414211 9.688913
v  174.277451 57.549187 8.478742
v  176.362320 57.081665 10.582088
v  177.215393 56.878452 11.600687
v  177.091995 57.119797 11.829375
v  176.208389 57.304176 10.809754
v  177.946808 56.533092 12.603076
v  178.542587 56.067802 13.619763
v  178.410156 56.309792 13.835453
v  177.831345 56.782566 12.828859
v  179.012756 55.584919 14.619860
v  179.382462 55.139965 15.587523
v  179.203888 55.357098 15.779153
v  178.855881 55.814621 14.822620
v  179.691940 54.741650 16.521931
v  179.979187 54.389698 17.390589
v  179.773285 54.576477 17.577459
v  179.497375 54.944164 16.709181
v  180.280014 54.074829 18.129297
v  180.572800 53.838322 18.701687
v  180.332932 54.008156 18.817556
v  180.062180 54.248432 18.309387
v  180.778473 53.772034 19.099180
v  180.882751 53.869114 19.342625
v  180.576736 53.996212 19.321266
v  180.492172 53.941071 19.127775
v  180.936157 54.024044 19.482315
v  180.930557 54.204967 19.495083
v  180.596863 54.198818 19.397455
v  180.610626 54.083744 19.408506
v  180.799255 54.453697 19.284294
v  180.555984 54.781818 18.818743
v  180.254349 54.630360 18.796265
v  180.491241 54.360973 19.224236
v  180.294968 55.170677 18.132631
v  180.055267 55.610558 17.283783
v  179.747833 55.456909 17.269064
v  179.994522 55.010262 18.118362
v  179.820786 56.100685 16.353615
v  179.564835 56.615017 15.383396
v  179.243591 56.478546 15.390380
v  179.504684 55.956547 16.343887
v  179.250137 57.102242 14.374262
v  178.785461 57.523769 13.335859
v  178.478424 57.400654 13.400770
v  178.931198 56.975426 14.408118
v  178.025574 57.853687 12.286361
v  176.991074 58.166149 11.260557
v  176.730179 57.973396 11.356079
v  177.740479 57.708630 12.376050
v  180.001175 54.321495 18.414330
v  180.130325 54.234127 18.810188
v  180.011551 54.435669 18.643934
v  179.840057 54.550743 18.187563
v  180.368637 54.029671 19.086847
v  180.289413 54.141609 19.109697
v  180.264877 54.077084 18.884151
v  180.479462 54.109848 19.336807
v  180.319733 54.205563 19.187134
v  180.459122 54.060432 19.284880
v  180.384872 54.319851 19.192318
v  180.199265 54.354031 18.986988
v  180.454620 54.221348 19.307524
v  179.918579 54.672520 18.387127
v  180.139359 54.560104 18.766647
v  179.443344 55.039974 16.813837
v  179.565704 54.925568 17.375799
v  179.461258 55.216240 17.044577
v  179.297455 55.346600 16.468931
v  179.725204 54.799675 17.911480
v  179.714676 54.659565 17.682215
v  179.874207 54.935570 18.079058
v  179.653595 55.075565 17.590738
v  179.398315 55.534279 16.687996
v  179.622604 55.378548 17.226023
v  178.824432 55.933239 14.933935
v  179.006287 55.811314 15.532417
v  178.896057 56.176552 15.173909
v  178.652985 56.305126 14.571091
v  179.195282 55.680283 16.119989
v  179.158524 55.465683 15.885860
v  179.373383 55.874031 16.302147
v  179.132935 56.034695 15.753547
v  178.824509 56.545124 14.795506
v  179.104294 56.393227 15.353968
v  177.836502 56.903660 12.951039
v  178.193512 56.800701 13.582535
v  178.019073 57.132225 13.208245
v  177.565048 57.206161 12.581619
v  178.525589 56.679630 14.201999
v  178.398117 56.432781 13.952742
v  178.782028 56.893574 14.379959
v  178.427780 57.026062 13.812275
v  177.836792 57.408833 12.810554
v  178.322372 57.324684 13.382402
v  177.590195 57.628387 12.367409
v  176.967361 57.650791 11.797527
v  177.284927 57.445164 12.205049
v  175.926315 57.894653 10.775022
v  176.335953 57.648354 11.186791
v  176.596512 57.870682 11.349107
v  176.193909 57.417519 10.932146
v  176.721802 57.446892 11.577892
v  175.739029 57.616364 10.531720
v  177.096375 57.234432 11.951726
v  174.228210 57.726013 8.639682
v  174.717102 57.827271 9.410484
v  174.278290 58.243790 9.048542
v  173.786087 58.139606 8.272831
v  175.289398 57.890759 10.129886
v  175.204651 57.549191 9.824122
v  175.498520 58.241795 10.349648
v  174.855194 58.284245 9.747480
v  173.912949 58.784790 8.740469
v  174.460571 58.780212 9.383813
v  172.775253 58.476025 6.358679
v  173.068130 58.579910 7.179707
v  172.883133 59.195747 6.966280
v  172.607986 59.026703 6.114723
v  173.451324 58.701283 7.994771
v  173.388184 58.044853 7.471066
v  173.654266 59.372700 8.458968
v  173.237305 59.326275 7.768531
v  172.821121 59.805904 6.759054
v  173.136292 59.918369 7.521473
v  172.848404 60.328674 6.456672
v  172.631760 60.118450 5.682599
v  172.574112 59.598377 5.906451
v  172.635956 60.232952 4.846602
v  172.501434 59.846367 4.941789
v  172.736206 60.475861 5.428748
v  172.401138 59.188408 4.486301
v  172.426880 59.360229 5.098135
v  172.470993 59.579155 4.384769
v  172.447220 58.863308 5.291131
v  175.996353 58.747005 10.245447
v  175.330002 58.941753 9.867405
v  175.741730 58.517841 10.358990
v  176.429077 58.370270 10.772621
v  174.405411 59.599922 9.023175
v  174.702621 59.138931 9.465280
v  174.971298 59.386864 9.396217
v  175.077499 58.671253 9.908967
v  174.137192 59.298195 9.007410
v  176.176163 58.150093 10.859277
v  174.208374 60.024162 8.585122
v  173.792435 60.200516 8.186204
v  173.917999 59.780209 8.614672
v  173.433777 60.676582 7.219468
v  173.432281 60.333115 7.721971
v  173.743454 60.558170 7.708221
v  173.499023 59.897900 8.128584
v  173.118973 60.388126 7.154852
v  173.484558 60.942207 6.610246
v  173.235168 60.947166 6.027781
v  173.160522 60.734955 6.642947
v  173.074860 60.769993 4.850224
v  173.003525 60.832367 5.464643
v  173.320877 61.006779 5.362753
v  172.921021 60.677437 6.019417
v  172.805710 60.571350 5.017274
v  173.122757 60.459541 4.264073
v  172.856766 59.983192 3.983066
v  172.828979 60.384243 4.470493
v  172.666199 59.068649 3.731551
v  172.627914 59.542236 3.916303
v  172.889252 59.468651 3.631928
v  172.614761 59.959110 4.309732
v  172.475159 59.235733 4.097177
v  172.748108 58.662762 3.803420
v  172.616043 58.508575 4.307094
v  172.505112 58.849285 4.082143
v  172.802963 58.143440 5.349168
v  172.558899 58.443310 4.917702
v  172.806046 58.217567 4.698136
v  172.423065 58.790775 4.611791
v  172.603821 58.439907 5.607964
v  173.148727 57.855824 5.818141
v  173.298813 57.756260 6.463423
v  172.896942 58.069630 6.007496
v  174.042603 57.427189 7.624459
v  173.526337 57.680447 7.144239
v  173.777634 57.494587 6.943154
v  173.092163 58.026684 6.711063
v  173.834183 57.663551 7.872919
v  174.609940 57.245228 8.130548
v  174.947281 57.254509 8.849026
v  174.366272 57.420902 8.346649
v  175.902023 57.148048 10.037987
v  175.318985 57.300362 9.567527
v  175.546265 57.107880 9.347805
v  174.751144 57.471077 9.088441
v  175.731277 57.363579 10.267051
v  176.470520 56.971451 10.472534
v  176.801682 56.994209 11.099157
v  176.269730 57.192398 10.693779
v  177.598679 56.727158 12.098162
v  177.137177 57.000633 11.713030
v  177.310135 56.754765 11.490343
v  176.664459 57.226185 11.327151
v  177.483459 56.975197 12.326571
v  178.035965 56.406532 12.494827
v  178.261017 56.309040 13.111561
v  177.873352 56.658737 12.713645
v  178.792740 55.822166 14.123815
v  178.462830 56.188297 13.725246
v  178.635880 55.947803 13.516639
v  178.139099 56.556049 13.332926
v  178.647934 56.057938 14.333125
v  179.114685 55.471951 14.523450
v  179.207657 55.357159 15.107798
v  178.922577 55.698830 14.718756
v  179.542221 54.934433 16.058935
v  179.282196 55.248531 15.680619
v  179.493713 55.031406 15.497149
v  179.039398 55.580723 15.304459
v  179.354752 55.144623 16.247223
v  179.810822 54.637672 16.433819
v  179.836105 54.560459 16.968489
v  179.583847 54.844269 16.612795
v  180.125671 54.228207 17.780199
v  179.865143 54.485664 17.481194
v  180.104309 54.291153 17.302807
v  179.635620 54.755013 17.155703
v  179.914185 54.407852 17.965126
v  180.412903 53.981152 18.046705
v  180.432358 53.941040 18.436819
v  180.159119 54.165066 18.215616
v  180.691467 53.778160 18.922832
v  180.440857 53.925285 18.764526
v  180.716766 53.749310 18.633938
v  180.205627 54.110958 18.597698
v  180.432358 53.948654 18.987925
v  180.937500 53.689625 19.058762
v  180.840134 53.806747 19.237015
v  180.627396 53.855495 19.126535
v  180.912659 53.945942 19.422295
v  180.718842 53.934494 19.340586
v  181.057571 53.801903 19.336027
v  180.533325 53.964043 19.238445
v  180.607468 54.036476 19.377527
v  181.120300 53.991764 19.501169
v  180.944901 54.108643 19.510607
v  180.762695 54.055107 19.454439
v  180.884796 54.318241 19.423672
v  180.754929 54.195099 19.456676
v  181.114990 54.221630 19.523085
v  180.601868 54.137894 19.414913
v  180.568893 54.271515 19.339453
v  180.976944 54.510715 19.304127
v  180.685730 54.609001 19.081226
v  180.633408 54.402008 19.259361
v  180.421814 54.969822 18.501118
v  180.396210 54.704723 18.812098
v  180.724731 54.860287 18.820786
v  180.380768 54.477242 19.045338
v  180.122192 54.811108 18.484707
v  180.460144 55.253643 18.123676
v  180.173462 55.384289 17.723463
v  180.137283 55.089092 18.133541
v  179.938385 55.849392 16.823774
v  179.894440 55.534119 17.285345
v  180.223236 55.686619 17.273302
v  179.870148 55.226105 17.709167
v  179.626419 55.700962 16.809988
v  179.992218 56.167538 16.340044
v  179.697830 56.358032 15.873442
v  179.656052 56.031223 16.357967
v  179.417160 56.865223 14.883624
v  179.398880 56.551052 15.396863
v  179.736115 56.674709 15.359961
v  179.378464 56.217716 15.870698
v  179.095901 56.733093 14.902868
v  179.414764 57.156429 14.334792
v  179.045624 57.322838 13.857583
v  179.088089 57.043446 14.402465
v  178.451492 57.701797 12.811360
v  178.632568 57.465813 13.381020
v  178.937729 57.578125 13.278002
v  178.731400 57.199848 13.907099
v  178.154144 57.572147 12.890100
v  178.164261 57.922359 12.214771
v  177.531006 58.001213 11.767280
v  177.884949 57.783089 12.344575
v  176.861435 58.071358 11.321998
v  177.119904 58.259354 11.185437
v  177.258713 57.834312 11.863191
v  173.211273 70.344536 5.166221
v  176.472504 69.774376 6.566226
v  175.079834 65.387466 5.280553
v  177.072815 66.177307 6.293925
v  174.323425 66.991501 4.425582
v  173.771225 68.939850 4.550071
v  177.629044 67.467293 6.340891
v  177.071228 68.850136 6.321002
v  175.050186 70.784073 6.569296
v  174.133469 70.581696 5.809983
v  176.357605 67.289719 5.403819
v  175.617645 68.946342 5.294107
v  173.450714 69.789955 4.872766
v  173.652817 70.409157 5.431258
v  175.864365 70.188789 6.483894
v  176.657776 69.438736 6.405900
v  176.198456 65.710411 5.933197
v  174.635376 66.108292 4.766019
v  177.520920 66.793022 6.350431
v  176.593216 66.601860 5.760362
v  175.418076 67.068481 4.969794
v  174.191025 67.951340 4.394582
v  174.748489 68.882118 4.885126
v  177.393600 68.188950 6.256663
v  177.090942 67.483795 5.830918
v  176.384262 68.991463 5.785161
v  174.699020 70.667793 6.197688
v  174.947296 69.765297 5.509968
v  176.100204 68.118141 5.240979
v  176.784470 65.516708 6.445632
v  177.999237 66.632790 6.655769
v  177.685974 68.075546 6.566361
v  177.259933 69.097511 6.621126
v  176.112228 70.146957 6.626056
v  174.526276 71.265228 6.734485
v  173.910446 71.266304 6.369855
v  173.177612 70.963684 5.685053
v  172.771271 70.178955 4.764055
v  173.459412 67.944801 4.008364
v  173.613693 66.204742 3.999341
v  174.340439 64.446640 4.999469
v  176.784470 65.516708 6.445632
v  177.833847 66.672661 6.644076
v  177.671875 68.022949 6.584384
v  177.169724 69.100945 6.614897
v  176.057449 70.155563 6.638996
v  174.647537 71.125580 6.675352
v  173.895828 71.228340 6.329832
v  173.218430 70.903419 5.655529
v  172.908081 69.997772 4.784718
v  173.392685 68.006561 4.101698
v  173.685257 66.202484 4.125488
v  174.580704 64.799202 5.080976
v  173.113037 70.109558 4.922348
v  173.599747 70.071205 5.137996
v  173.038910 70.500473 5.201377
v  173.320587 70.587494 5.425142
v  176.158356 70.054932 6.575965
v  176.197006 69.834106 6.378531
v  176.617325 69.683823 6.613807
v  176.808395 69.452599 6.549504
v  176.083267 65.476677 5.971163
v  175.377060 65.793030 5.343994
v  174.331619 65.313141 4.760789
v  174.406754 65.850334 4.673486
v  175.456848 65.081245 5.644884
v  176.398056 66.133865 5.855429
v  177.357224 66.096107 6.538926
v  176.764053 65.762833 6.313105
v  177.554855 66.519371 6.453088
v  177.102020 66.606346 6.109612
v  175.005051 66.562477 4.872404
v  174.784683 67.482231 4.621755
v  173.804642 67.038460 4.142781
v  173.983841 67.619240 4.258984
v  174.173447 66.409599 4.385849
v  173.337799 69.020554 4.435693
v  173.317978 69.635933 4.715557
v  173.797791 68.276581 4.296990
v  174.481918 68.435326 4.624826
v  174.044052 69.324295 4.837349
v  177.784592 67.396126 6.523991
v  177.750015 66.963882 6.466577
v  177.604614 67.918442 6.401744
v  177.299240 67.852837 6.037480
v  177.383728 67.171890 6.132220
v  176.478485 69.303345 6.123119
v  176.967087 68.583580 6.018205
v  177.339233 68.686852 6.503864
v  177.405685 68.387596 6.393160
v  177.005722 69.146103 6.459455
v  175.336441 70.404709 6.328068
v  175.231979 70.746170 6.658914
v  175.684250 70.394707 6.583282
v  174.498062 71.119286 6.573512
v  174.544479 70.936333 6.398459
v  173.746124 70.934464 5.952055
v  174.242111 70.852028 6.126814
v  173.648071 70.659035 5.640550
v  174.235596 70.117691 5.458687
v  174.879105 70.229347 5.868557
v  176.026611 66.766113 5.367177
v  176.819260 67.066826 5.730551
v  176.652420 67.782799 5.524047
v  175.796814 67.603912 5.075888
v  176.286774 68.580170 5.482008
v  175.693085 69.396088 5.620686
v  174.902283 69.320023 5.178576
v  175.450882 68.482491 5.021262
v  173.150558 69.928848 4.812479
v  173.320160 70.082619 5.015833
v  173.022766 70.286942 5.010701
v  173.916626 70.080994 5.286422
v  173.426117 70.364372 5.288376
v  173.814667 69.720375 4.984241
v  173.176239 70.602608 5.366649
v  173.440643 70.662552 5.546521
v  175.959473 70.201859 6.573226
v  176.179550 69.976715 6.514083
v  176.341919 69.923180 6.602513
v  176.275162 69.614014 6.228487
v  176.542664 69.636749 6.488854
v  175.789047 70.078743 6.298337
v  176.791367 69.510231 6.594668
v  176.939880 69.287376 6.515809
v  176.514099 65.595375 6.228548
v  175.680191 65.547676 5.644251
v  175.892548 65.338753 5.887807
v  175.157471 66.151657 5.082629
v  174.847595 65.747406 5.009647
v  175.919189 65.938187 5.638572
v  174.792404 65.032265 5.172170
v  174.348206 65.664070 4.679293
v  174.189926 66.130714 4.449061
v  176.616226 65.919037 6.114052
v  176.797653 66.362450 6.007974
v  176.178528 66.413994 5.589164
v  177.498596 66.348694 6.489290
v  177.048431 65.878624 6.453258
v  177.721588 66.723717 6.492389
v  177.330551 66.512756 6.316549
v  176.916000 66.793312 5.893780
v  177.300812 66.873505 6.153353
v  175.536301 66.638611 5.142749
v  174.890533 67.010880 4.717412
v  174.521286 66.499031 4.604116
v  174.658234 67.961929 4.589529
v  174.315155 67.503593 4.412330
v  175.307037 67.525543 4.854025
v  173.983154 66.654663 4.237152
v  173.897171 67.392090 4.207692
v  173.848083 67.946922 4.228072
v  173.594437 68.544960 4.318924
v  173.302444 69.443336 4.612492
v  173.636185 69.422264 4.733880
v  174.053421 68.399216 4.451106
v  174.981628 68.443542 4.815700
v  174.271835 68.892700 4.712491
v  174.484970 69.303169 4.995679
v  177.685928 67.717537 6.460487
v  177.800598 67.118210 6.499043
v  177.596130 67.098656 6.335689
v  177.538895 68.145332 6.412568
v  177.507919 67.862762 6.269521
v  177.005203 67.841797 5.768148
v  177.375107 67.499130 6.081750
v  177.161469 68.218994 6.012078
v  177.121780 67.166862 5.911922
v  176.082077 69.393005 5.869762
v  176.733597 68.945427 6.055377
v  176.810364 69.197563 6.334957
v  177.225967 68.514610 6.256122
v  176.647781 68.602707 5.739978
v  177.169159 68.954491 6.477136
v  177.375671 68.509377 6.446871
v  175.490295 70.459145 6.508787
v  174.900970 70.720940 6.388013
v  175.155197 70.303932 6.096276
v  174.828445 70.989258 6.645776
v  175.521484 70.528542 6.621110
v  174.502609 71.037064 6.489505
v  174.340637 70.942757 6.276112
v  173.680542 70.782646 5.769723
v  174.012253 70.906548 6.062493
v  174.484268 70.592781 6.001486
v  173.912567 70.447540 5.583959
v  174.578415 69.723770 5.308854
v  174.556473 70.170685 5.653244
v  175.318192 69.813263 5.738217
v  176.459702 66.917877 5.558751
v  175.910110 67.169617 5.194429
v  176.751495 67.404221 5.610460
v  176.503647 68.181725 5.478746
v  176.247452 67.696587 5.296260
v  175.654465 68.048409 5.016514
v  176.012894 68.983246 5.530448
v  175.886871 68.534058 5.242898
v  175.302734 69.356964 5.386693
v  175.196640 68.906311 5.078997
v  177.494293 66.070915 6.653705
v  177.842606 67.354172 6.611065
v  177.472961 68.586533 6.593746
v  176.686081 69.622238 6.623590
v  175.319260 70.706093 6.680273
v  174.218369 71.265770 6.552170
v  173.544037 71.114990 6.027454
v  172.974442 70.571320 5.224556
v  173.115341 69.061882 4.386209
v  173.536560 67.074768 4.003852
v  173.977066 65.325691 4.499405
v  175.664886 64.977837 5.825552
v  183.066437 55.069195 20.272800
v  183.273712 58.398209 16.267866
v  183.403046 61.769516 13.723189
v  183.528336 65.023552 11.258592
v  184.335663 65.125397 -3.885605
v  173.942932 54.107738 3.847368
v  174.221344 54.203465 2.598470
v  178.161224 66.768768 6.946131
v  172.511398 70.074669 4.710810
v  173.025589 67.963539 3.945324
v  172.898865 71.132744 5.728234
v  176.381454 70.146523 6.924969
v  177.352066 69.214409 6.955171
v  183.115387 56.051781 19.320103
v  181.914581 54.823090 20.070948
v  183.185944 57.084061 17.960424
v  181.169785 54.314552 19.630878
v  183.058777 52.885757 20.493494
v  182.297592 52.963181 20.364754
v  181.609695 53.175045 19.934652
v  180.879059 53.608353 18.901749
v  183.331177 59.471123 15.152367
v  183.371918 60.621796 14.347418
v  179.058563 53.346363 10.196693
v  180.482376 52.606590 10.053881
v  177.736877 53.656273 8.303946
v  180.241074 52.506325 7.965878
v  183.345139 52.018318 7.362672
v  183.445236 63.332512 12.876637
v  175.959442 53.942467 6.012132
v  183.637207 66.521057 9.163824
v  174.057205 64.299828 4.848063
v  183.760880 67.515152 6.809442
v  177.885315 68.081787 6.917994
v  173.354416 66.041245 3.969544
v  173.703964 71.511879 6.531222
v  174.424072 71.505814 6.970157
v  182.480103 54.852741 20.320269
v  181.565887 54.486950 20.004629
v  182.669968 52.974434 20.517483
v  181.945755 53.118324 20.250631
v  181.286484 53.423431 19.602064
v  177.999237 66.632790 6.655769
v  176.112228 70.146957 6.626056
v  174.526276 71.265228 6.734485
v  174.340439 64.446640 4.999469
v  184.159988 52.781551 2.901644
v  184.159988 52.781551 2.901644
v  184.159988 52.781551 2.901644
v  183.482330 52.165371 19.597345
v  183.505737 51.933201 18.951370
v  182.272293 52.002056 18.751501
v  181.038132 58.559433 14.678929
v  175.729050 59.185738 9.955615
v  174.758652 60.914047 8.903889
v  173.604202 61.745235 6.123725
v  173.934204 59.830181 2.341805
v  177.873322 53.941563 2.452840
v  179.579025 67.726410 7.439752
v  178.280869 66.153702 7.345395
v  179.817215 67.178352 3.620500
v  174.544571 63.417446 2.684339
v  174.981674 60.052368 1.334939
v  175.677887 67.251755 3.235926
v  174.759369 58.150711 1.152252
v  172.722992 68.659630 3.883081
v  174.643066 71.013580 5.765516
v  172.650085 71.075905 5.360163
v  182.405899 55.333328 19.807985
v  182.311401 56.432415 18.510143
v  181.333969 54.904751 19.463703
v  180.906387 55.891808 18.023962
v  182.685638 52.679592 20.224453
v  181.953583 52.820713 19.976263
v  181.282303 53.088043 19.310831
v  180.638458 53.426567 18.147629
v  182.735626 52.163963 19.557529
v  182.077118 52.256153 19.254736
v  181.533432 52.404160 18.607300
v  181.026901 52.660713 17.570803
v  182.781921 51.931839 18.912769
v  182.707794 51.851604 18.115143
v  181.998337 52.023689 18.143026
v  181.614594 52.121616 17.156532
v  182.560654 51.883850 17.064577
v  182.454361 52.018780 15.550447
v  181.246307 52.289299 15.630926
v  180.519943 52.954010 15.978633
v  180.044769 53.928444 16.578457
v  182.281616 57.596207 16.879042
v  180.603912 56.936760 16.262411
v  182.223877 58.727718 15.329156
v  180.125656 57.877144 14.336710
v  182.188065 59.796734 14.360717
v  181.989899 60.894768 13.668657
v  179.384430 54.561115 14.632350
v  179.828842 53.362671 13.935105
v  180.723297 52.564079 13.540558
v  178.929749 53.937798 11.791218
v  180.131332 52.848686 11.415377
v  178.430878 55.405167 12.543802
v  177.810822 54.321667 9.662978
v  177.068954 55.996265 10.458748
v  175.352798 56.191650 8.222256
v  182.333466 52.188602 13.474675
v  182.222229 52.230103 11.355410
v  182.084793 52.181156 9.177434
v  178.563477 61.732681 11.697077
v  181.717880 62.254280 12.929269
v  181.651123 64.035973 11.670939
v  178.292603 63.352856 10.457696
v  175.261703 62.392109 8.308065
v  176.275696 54.513199 7.431112
v  173.634323 56.508980 5.864981
v  174.389359 54.689098 5.114390
v  181.614197 65.797569 9.745192
v  178.379074 65.073288 8.614882
v  175.595978 63.941261 6.847632
v  174.074661 62.820724 4.845567
v  172.632584 57.048145 3.701903
v  173.320587 57.440739 2.207093
v  172.886703 54.989273 3.159321
v  174.045837 55.323536 2.093940
v  181.776443 67.194679 7.732791
v  178.658554 67.507828 7.346208
v  181.983948 67.789726 5.872384
v  179.515503 68.209579 6.168581
v  182.095505 67.447525 3.616365
v  178.692627 67.561005 4.299854
v  173.949509 64.582169 3.687750
v  175.496918 64.255318 2.140110
v  176.520081 61.684616 0.488133
v  173.157593 66.782936 3.331483
v  174.070526 66.924210 2.965647
v  177.291504 65.899078 2.653109
v  179.289963 65.706863 1.737990
v  178.817444 63.745388 -0.840395
v  176.886292 68.426537 4.527440
v  178.337265 69.039757 6.375562
v  182.209885 66.511070 0.903494
v  182.195496 65.271225 -1.981566
v  173.316956 69.213295 4.068657
v  175.462204 69.729225 5.015854
v  173.198898 71.116333 5.402369
v  173.294846 71.681770 6.111863
v  175.409607 71.346329 6.731754
v  174.220047 71.825310 6.824205
v  177.145691 70.074554 6.518579
v  178.135406 68.885658 7.103761
v  177.155838 69.916595 7.102835
v  175.576767 71.110321 7.122188
v  176.216248 60.539604 10.262210
v  174.019882 61.229851 3.273631
v  180.898788 58.911495 13.982879
v  180.921585 59.518410 13.821441
v  180.521378 60.455032 13.214102
v  179.010498 60.757351 12.174887
v  177.186325 60.015732 10.917401
v  176.617325 58.938618 10.502970
v  177.793915 58.240696 11.651597
v  179.851013 58.408573 13.266678
v  177.589890 65.974358 6.801024
v  175.353485 70.812943 6.851361
v  175.652756 64.782242 5.884805
v  183.074295 52.617260 20.211901
v  183.107895 52.144466 19.598473
v  183.489212 52.031250 19.271830
v  183.142334 51.919125 18.960659
v  183.186340 51.828686 18.138655
v  183.243179 51.855919 17.071756
v  183.323303 51.992226 15.564250
v  183.432388 52.142120 13.513008
v  183.544922 52.126900 11.403097
v  183.660767 52.025581 9.234215
v  183.934402 67.454788 3.557290
v  184.082565 66.650391 0.807022
v  182.167587 52.001068 18.511734
v  182.475067 51.962448 18.834219
v  182.184357 52.094028 18.922558
v  180.961243 58.768852 14.245697
v  180.800232 58.294056 14.685044
v  181.386429 58.574909 15.009033
v  176.300415 58.979023 10.335910
v  175.646698 59.737892 9.864260
v  175.438751 59.048229 9.804722
v  173.912918 60.322823 8.182530
v  175.439224 60.828903 9.623629
v  174.991119 61.570705 8.735453
v  174.095566 62.017849 7.053261
v  173.749374 62.230373 5.489304
v  173.395111 61.090904 5.986589
v  173.453445 58.695717 2.364593
v  173.974808 60.432457 2.679979
v  174.504242 60.170467 1.928406
v  180.493866 53.681107 2.500054
v  175.344772 54.577057 2.250913
v  179.589996 68.102432 6.947025
v  179.184784 67.639221 7.567897
v  180.265671 67.370781 7.536407
v  178.660660 66.732185 7.458468
v  177.810425 65.970917 7.010781
v  178.317749 65.781593 7.748415
v  179.622925 66.619682 2.770554
v  179.383026 67.335777 4.063845
v  180.602295 67.374695 3.725271
v  174.661560 62.393463 2.868511
v  174.221039 64.068344 3.077290
v  174.709274 63.744282 2.369334
v  174.860611 59.095398 1.094016
v  175.647339 60.768337 0.976736
v  176.407410 66.597885 2.985251
v  174.940811 67.178497 3.100439
v  175.989120 67.852524 3.731695
v  175.210327 57.815697 0.767905
v  174.128540 57.671452 1.712041
v  172.923233 67.793251 3.545963
v  172.777985 68.988609 3.939287
v  175.039307 70.398453 5.399853
v  173.885406 71.144188 5.614949
v  175.039871 71.285881 6.245101
v  172.884628 71.434235 5.718136
v  172.736237 71.052681 5.270024
v  181.777634 55.232487 19.585272
v  182.330460 55.909073 19.181135
v  181.542084 56.243267 18.293482
v  182.308517 56.971935 17.755833
v  181.074020 55.411160 18.782553
v  180.866653 54.672466 19.122225
v  180.337494 55.459187 17.728008
v  180.770035 56.386929 17.184919
v  182.311279 52.703857 20.112011
v  182.706436 52.368919 19.887449
v  181.987778 52.495888 19.641487
v  181.613037 52.894718 19.667614
v  180.957382 53.215321 18.756796
v  181.353577 52.702698 18.990620
v  180.575806 53.833942 18.380207
v  180.332092 53.678654 17.436972
v  180.766891 53.031418 17.887140
v  182.763901 52.029881 19.233149
v  182.385406 52.206860 19.450844
v  181.797531 52.319397 18.972469
v  181.278610 52.516060 18.144865
v  181.766724 52.181480 18.283792
v  180.775070 52.814556 16.857817
v  181.336716 52.346703 17.295105
v  182.769836 51.871769 18.554173
v  182.627487 51.859562 17.612877
v  182.291077 51.917999 18.111359
v  181.801636 52.065384 17.679811
v  181.431412 52.195286 16.498474
v  181.982071 51.971867 17.098537
v  182.504013 51.933807 16.400383
v  182.401047 52.112473 14.560099
v  181.716980 52.113781 15.579884
v  180.896042 52.563370 15.748775
v  181.022507 52.410088 14.622188
v  180.206635 53.422085 16.271521
v  180.218781 53.122307 14.986610
v  179.958633 54.453949 16.892408
v  179.740799 54.210938 15.625710
v  181.387573 57.359489 16.617029
v  182.247726 58.212406 16.022552
v  179.875458 56.421021 15.861489
v  180.393860 57.460445 15.298863
v  182.205521 59.227406 14.781120
v  179.232758 57.384464 13.811152
v  179.908356 58.191605 13.588470
v  182.130035 60.373314 14.009409
v  181.288910 59.604389 14.046033
v  180.923859 60.647743 13.373287
v  181.831299 61.481590 13.316072
v  179.525543 53.921356 14.264680
v  179.324417 55.241413 15.019067
v  178.954758 54.964142 13.603382
v  180.244644 52.903950 13.681201
v  179.386902 53.644653 12.858514
v  180.406830 52.720528 12.450227
v  181.380875 52.329987 13.482081
v  178.417648 54.183125 10.727835
v  179.447556 53.325809 11.551785
v  178.587631 54.644348 12.124836
v  181.037445 52.489193 11.357933
v  178.366806 56.193119 13.005445
v  177.804901 55.782955 11.485095
v  177.331329 55.130959 9.990949
v  177.099945 54.412125 8.572213
v  176.915131 56.889584 10.996468
v  176.244461 56.110649 9.394542
v  175.066605 57.162434 8.747009
v  174.460556 56.303143 7.019772
v  175.726608 55.286648 7.762093
v  182.268295 52.232651 12.378377
v  182.169601 52.204945 10.317766
v  177.250793 61.301117 10.942225
v  178.890686 61.100780 12.063908
v  180.077942 61.996376 12.401259
v  178.280304 62.525791 11.139852
v  181.655762 63.132515 12.412731
v  179.895905 63.791466 11.127107
v  181.653931 64.934402 10.762294
v  178.394226 64.204979 9.624684
v  176.771179 62.844833 9.554189
v  175.490082 63.231285 7.664527
v  175.363647 54.610367 6.268795
v  173.939255 55.477921 5.423715
v  173.401978 57.661160 6.372222
v  172.987274 56.770275 4.758736
v  173.511002 54.798901 4.050395
v  179.822464 65.608070 9.205321
v  181.624252 66.569618 8.706423
v  177.048691 64.436577 7.865204
v  175.632492 64.474197 6.155137
v  174.458710 63.448822 5.771357
v  174.251038 63.582569 4.231915
v  174.057236 62.075047 4.027315
v  172.700333 57.289371 2.812134
v  172.654099 55.865177 3.351105
v  172.716599 58.384647 4.132213
v  173.522446 56.253822 2.054980
v  172.927856 55.188168 2.490669
v  175.702225 55.427135 1.833173
v  181.939941 67.619225 6.797156
v  178.431229 68.289398 7.173133
v  182.003967 67.725914 4.848708
v  180.450531 67.949364 6.003089
v  179.251160 68.033791 5.240745
v  178.903015 68.572388 6.311771
v  182.187744 67.020569 2.269807
v  177.989532 66.834877 3.414457
v  177.831802 67.906952 4.422916
v  173.481277 65.691605 3.343971
v  174.690201 65.632195 2.546767
v  176.495117 64.967827 2.175199
v  176.202835 62.902992 1.526846
v  177.582565 62.708027 -0.120900
v  176.643005 60.533222 -0.763301
v  173.373856 66.716492 2.989882
v  173.619064 68.121277 3.453893
v  178.271820 65.490387 2.237891
v  180.538483 66.172447 1.258243
v  178.970688 64.671555 0.531456
v  180.322479 64.649017 -1.513050
v  178.747192 62.873795 -2.294902
v  176.036331 69.055412 4.697168
v  177.844101 68.860161 5.462339
v  177.768173 69.558296 6.423367
v  178.417221 69.027527 7.008803
v  182.199844 65.925720 -0.505868
v  182.193985 64.582161 -3.490438
v  173.173721 70.208801 4.741095
v  174.243744 69.428551 4.388432
v  176.565216 69.987244 5.782158
v  173.277588 71.689461 5.907589
v  173.775162 71.813728 6.495747
v  174.568756 71.844398 6.801992
v  175.629501 71.264587 7.074455
v  176.387085 70.650063 6.631336
v  174.772812 71.622261 7.049075
v  177.307831 70.036041 7.025382
v  177.725479 69.395187 7.094772
v  176.436325 70.478691 7.115972
v  175.426437 70.940704 7.004608
v  176.871384 60.212944 10.725011
v  172.998886 59.996426 3.789230
v  180.941940 59.107086 13.991834
v  180.843582 59.020752 13.805276
v  180.599396 58.741901 13.754515
v  180.795471 60.012157 13.539575
v  180.820145 59.485607 13.641900
v  179.969620 60.739334 12.780659
v  180.450668 60.289482 13.123012
v  177.973053 60.514385 11.514549
v  179.026611 60.558151 12.157935
v  176.713394 59.433201 10.531025
v  177.331177 59.883236 10.974593
v  176.957672 58.538830 10.865685
v  176.807022 58.981365 10.563427
v  177.685852 58.072929 11.684701
v  178.850296 58.159008 12.554120
v  177.901993 58.408463 11.618492
v  179.873627 58.576797 13.158107
v  177.494293 66.070915 6.653705
v  176.842850 65.364876 6.557839
v  175.319260 70.706093 6.680273
v  175.664886 64.977837 5.825552
v  183.089371 55.561020 19.825129
v  183.147507 56.540405 18.700373
v  183.251053 52.915924 20.518656
v  183.230865 57.739914 17.094753
v  183.305923 58.949192 15.644287
v  183.353119 60.042255 14.720451
v  183.387711 61.168949 14.032126
v  183.420532 62.509289 13.369197
v  183.482285 64.183418 12.151988
v  183.580109 65.814445 10.259772
v  183.943329 52.295666 5.453643
v  183.699280 67.108330 7.979038
v  183.816574 67.680389 5.759074
v  184.252487 65.752731 -2.348011
v  173.224823 54.266899 3.047050
v  178.396103 53.622013 2.630026
v  172.726822 69.072922 4.261889
v  172.605469 70.728844 5.221437
v  182.179260 54.863457 20.180359
v  182.773270 54.960968 20.296532
v  181.367844 54.400749 19.817757
v  181.722168 54.680561 20.022537
v  182.864807 52.915195 20.498060
v  182.482071 52.954941 20.437899
v  182.119949 53.026886 20.304474
v  181.776657 53.130711 20.094028
v  181.447021 53.283268 19.769743
v  181.102676 53.489269 19.286182
v  179.876312 52.962692 10.408260
v  178.398849 53.540386 9.404928
v  180.507065 52.495266 9.147803
v  181.983871 52.158051 7.985760
v  176.912399 53.805531 7.164723
v  174.912048 54.021397 4.871037
v  178.066330 67.354332 6.949605
v  173.703964 65.027466 4.406968
v  173.181534 66.986465 3.831767
v  173.281403 71.383667 6.165662
v  174.117401 71.547653 6.822403
v  177.672729 68.678955 6.929572
v  176.846771 69.756683 6.965619
v  178.115402 66.597260 6.829288
v  176.180695 70.224670 6.797275
v  174.526291 71.401215 6.905438
v  174.241150 64.213020 4.996840
v  184.370010 52.809818 2.942338
v  184.371490 52.814137 2.914271
v  183.489777 56.000427 19.337580
v  183.438171 54.931580 20.343187
v  183.560593 56.987099 17.974590
v  183.656555 58.385643 16.125538
v  183.713120 59.365063 15.030077
v  183.751831 60.566448 14.261708
v  183.780319 61.629040 13.689819
v  183.817352 63.279484 12.937142
v  183.903885 65.030357 11.252283
v  184.012878 66.593231 9.153111
v  184.136414 67.660843 6.798656
v  184.240417 67.747749 4.844874
v  184.539108 66.300911 -0.705702
v  184.705215 65.030731 -3.775814
v  183.403229 54.282017 21.021397
v  183.420105 54.600861 20.693775
v  183.396805 54.058224 21.149845
v  183.393463 53.851711 21.219694
v  183.398102 53.649021 21.139854
v  183.405106 53.440975 21.016010
v  183.430496 52.972134 20.556168
v  183.418396 53.190044 20.775583
v  184.372192 52.836567 2.900543
v  184.371490 52.814137 2.914271
v  183.465149 52.369354 19.927650
v  183.446640 52.678970 20.263945
v  183.430496 52.972134 20.556168
v  183.445633 52.696339 20.282164
v  183.500931 52.032276 19.268621
v  183.537125 51.872318 18.595461
v  183.525513 51.909668 18.811911
v  183.518127 51.934460 18.949574
v  183.560379 51.848022 18.160170
v  183.587036 51.851345 17.660110
v  183.651962 51.920998 16.440170
v  183.616455 51.872673 17.107714
v  183.696686 52.005093 15.598194
v  183.748688 52.094891 14.619887
v  183.806152 52.159374 13.539848
v  183.864410 52.184612 12.446405
v  183.918686 52.157536 11.429497
v  183.973785 52.107430 10.398081
v  184.034515 52.063969 9.260620
v  184.123428 52.098427 7.591834
v  184.230194 52.317978 5.581896
v  184.256912 52.414837 5.077283
v  184.306854 67.454712 3.609266
v  184.380112 67.077606 2.248683
v  184.243378 67.683220 4.791618
v  184.534927 66.243309 -0.625057
v  184.454681 66.623810 0.866305
v  184.226761 67.741898 5.101437
v  184.219070 67.729759 5.245862
v  184.556915 66.111092 -1.032729
v  184.574402 66.034782 -1.357997
v  184.121765 60.639404 14.358441
v  184.081146 59.447929 15.162261
v  183.713120 59.365063 15.030077
v  183.751831 60.566448 14.261708
v  184.383057 66.582130 9.248145
v  184.012878 66.593231 9.153111
v  184.136414 67.660843 6.798656
v  184.512161 67.637352 6.789734
v  184.617645 67.726250 4.808219
v  184.240417 67.747749 4.844874
v  185.083984 65.126808 -3.845703
v  184.917648 66.381477 -0.770518
v  184.539108 66.300911 -0.705702
v  184.705215 65.030731 -3.775814
v  194.773560 54.110806 4.853109
v  196.097046 54.506676 3.609593
v  184.583267 52.782349 2.924214
v  190.309372 53.663124 8.989123
v  187.942429 52.520832 8.376528
v  187.162170 52.496243 10.670412
v  188.925217 53.459919 11.017113
v  192.355682 54.002266 6.878140
v  188.965240 52.658611 5.974693
v  184.475006 51.811188 8.045545
v  183.792068 54.645710 20.753387
v  183.775116 54.323261 21.082525
v  183.403229 54.282017 21.021397
v  183.420105 54.600861 20.693775
v  183.768448 54.087219 21.216022
v  183.764893 53.865490 21.290438
v  183.393463 53.851711 21.219694
v  183.396805 54.058224 21.149845
v  183.769760 53.646309 21.206976
v  183.777084 53.422894 21.077370
v  183.405106 53.440975 21.016010
v  183.398102 53.649021 21.139854
v  183.790649 53.166145 20.832115
v  183.807953 52.857368 20.518538
v  183.430496 52.972134 20.556168
v  183.418396 53.190044 20.775583
v  184.640289 54.004463 21.127371
v  184.700729 54.186092 21.002941
v  184.934021 54.003723 20.897905
v  184.822906 53.926678 21.030964
v  185.082275 53.768803 20.792112
v  184.853638 53.799755 21.024723
v  184.611481 53.829956 21.181419
v  184.572983 53.660328 21.122612
v  184.772751 53.691673 21.027901
v  184.839874 53.596523 20.907749
v  184.561569 53.485497 21.008600
v  184.393524 54.856346 20.422297
v  185.021454 54.880089 20.208036
v  184.832306 54.481083 20.666731
v  184.327545 54.583908 20.725344
v  184.255142 54.272461 21.055458
v  183.814758 55.070606 20.312704
v  185.409378 54.005066 20.376011
v  185.146423 54.257767 20.537577
v  185.337494 54.494053 20.205738
v  185.771744 54.323223 19.876263
v  184.223389 54.053902 21.184292
v  184.200027 53.851212 21.254831
v  184.177155 53.443615 21.054560
v  184.186478 53.650867 21.176867
v  184.567413 53.238529 20.771196
v  184.183426 53.192577 20.814743
v  184.581573 52.939754 20.480284
v  184.190826 52.977299 20.598577
v  185.215820 53.485485 20.474249
v  185.308258 53.150070 20.134752
v  184.938766 53.123962 20.410225
v  184.894745 53.350212 20.647026
v  185.662109 53.431675 19.835381
v  185.556046 53.696537 20.090513
v  185.842224 53.882942 19.741428
v  186.094330 53.564854 19.246269
v  187.245163 54.499344 18.464190
v  187.063065 54.334801 18.790880
v  187.063110 54.394146 18.911421
v  187.246521 54.564693 18.582489
v  186.893509 54.193699 19.052967
v  186.892883 54.246864 19.170778
v  186.832672 54.281239 19.323608
v  187.027893 54.448887 19.018059
v  187.210556 54.624622 18.691036
v  186.652267 54.028553 19.325026
v  186.627258 54.041462 19.420568
v  186.752838 54.134464 19.334303
v  186.751801 54.089302 19.230045
v  186.581909 54.060432 19.524765
v  186.703186 54.153694 19.451691
v  186.455719 54.079388 19.654091
v  186.490189 54.121170 19.657310
v  186.611404 54.145073 19.564507
v  186.516113 54.071842 19.607849
v  186.518311 54.176796 19.646326
v  186.664566 54.217514 19.525452
v  186.505798 54.280613 19.606184
v  186.598816 54.331554 19.523657
v  186.658768 54.279823 19.514643
v  186.517593 54.232769 19.630812
v  186.731750 54.427727 19.362947
v  186.805084 54.366474 19.339222
v  187.054565 54.751740 18.825375
v  187.146759 54.686138 18.772545
v  186.971359 54.508339 19.087164
v  186.887299 54.572815 19.126459
v  187.971649 55.263309 16.814665
v  187.785233 55.055687 17.258642
v  187.783340 55.146072 17.374809
v  187.965805 55.362930 16.931143
v  187.603699 54.859409 17.688160
v  187.604233 54.940712 17.804426
v  187.565689 55.016727 17.915213
v  187.742203 55.231842 17.486132
v  187.920731 55.458828 17.042772
v  187.426086 54.746899 18.210241
v  187.424515 54.674088 18.093317
v  187.389145 54.814110 18.320135
v  187.222656 54.949413 18.470888
v  187.320419 54.880592 18.409452
v  187.391708 55.163956 18.074917
v  187.493408 55.090332 18.008772
v  187.733276 55.636177 17.206129
v  187.841522 55.550186 17.138203
v  187.666748 55.313988 17.581388
v  187.561874 55.393505 17.649359
v  188.845810 56.198883 14.992298
v  188.597183 55.951649 15.455035
v  188.568375 56.073944 15.573922
v  188.804840 56.324249 15.112406
v  188.372208 55.712502 15.912951
v  188.353165 55.828918 16.030809
v  188.294586 55.943390 16.142731
v  188.499527 56.194641 15.685983
v  188.722839 56.447666 15.224710
v  188.154022 55.591228 16.483183
v  188.165512 55.482651 16.366129
v  188.103256 55.697063 16.594978
v  187.906067 55.890102 16.757126
v  188.018753 55.797554 16.690096
v  188.084412 56.149979 16.302608
v  188.202881 56.051781 16.237171
v  188.474518 56.666351 15.378050
v  188.609512 56.563557 15.317259
v  188.398315 56.308556 15.779525
v  188.272507 56.410500 15.842834
v  190.182404 57.117428 13.126357
v  189.786713 56.926170 13.588246
v  189.704651 57.043339 13.711715
v  190.094772 57.229763 13.249726
v  189.435471 56.700050 14.055477
v  189.364960 56.821743 14.178217
v  189.250305 56.938450 14.291226
v  189.576965 57.153996 13.824532
v  189.960587 57.334846 13.361546
v  189.067703 56.577782 14.646141
v  189.123535 56.452984 14.524640
v  188.969345 56.699303 14.758879
v  188.694641 56.912247 14.908516
v  188.840866 56.812481 14.850467
v  188.949600 57.140957 14.436778
v  189.106750 57.046177 14.381697
v  189.631012 57.518013 13.496948
v  189.799469 57.431366 13.448424
v  189.421494 57.255520 13.913500
v  189.256134 57.345284 13.965410
v  190.090958 57.651936 13.033971
v  190.255005 57.564579 12.989016
v  190.616058 57.770752 12.577120
v  190.770767 57.676796 12.533548
v  190.918213 57.577705 12.450484
v  190.412445 57.469894 12.905031
v  191.782013 58.057884 11.684457
v  191.913727 57.924770 11.627498
v  191.329453 57.789646 12.080286
v  191.186371 57.898167 12.127063
v  192.034134 57.785892 11.529345
v  191.463562 57.676849 11.993422
v  192.175507 57.514790 11.271667
v  191.632736 57.446602 11.755372
v  191.570663 57.561821 11.880456
v  192.126862 57.647232 11.405547
v  191.113953 57.365643 12.219397
v  191.039063 57.473862 12.341312
v  190.543335 57.368225 12.795330
v  190.627670 57.259922 12.673238
v  194.334610 57.900345 9.143456
v  193.829895 57.762939 9.684878
v  193.804230 58.004429 9.882731
v  194.306976 58.178261 9.367041
v  193.290710 57.660912 10.226601
v  193.261444 57.862206 10.399302
v  193.188889 58.088528 10.571136
v  193.734680 58.280441 10.085991
v  194.233887 58.498295 9.602802
v  192.696381 57.745251 10.909369
v  192.733704 57.582211 10.758802
v  192.615646 57.923397 11.053751
v  192.383026 58.273602 11.249960
v  192.506256 58.103798 11.173450
v  192.968079 58.531086 10.822223
v  193.086578 58.318588 10.719610
v  194.004730 59.114426 9.981544
v  194.128677 58.822872 9.818408
v  193.634216 58.560997 10.267443
v  193.515762 58.816109 10.399869
v  195.772934 58.728622 7.057131
v  195.514359 58.518864 7.571168
v  195.454163 58.854301 7.853281
v  195.704544 59.070213 7.346272
v  195.183807 58.297863 8.088782
v  195.135437 58.621483 8.356374
v  195.035660 58.993198 8.648694
v  195.339767 59.238049 8.163708
v  195.580368 59.459698 7.664047
v  194.751877 58.390041 8.859606
v  194.788239 58.085167 8.612155
v  194.667282 58.741249 9.126042
v  194.413605 59.411804 9.565892
v  194.549515 59.096073 9.373972
v  194.751190 59.697212 9.139427
v  194.901810 59.367085 8.923720
v  195.247711 60.187946 8.200188
v  195.421173 59.848480 7.964128
v  195.190659 59.622391 8.457243
v  195.026291 59.959606 8.688686
v  195.424240 60.371201 7.660454
v  195.598434 60.031837 7.433952
v  195.556366 60.488514 7.125231
v  195.722748 60.161949 6.913851
v  195.874939 59.785515 6.638673
v  195.758224 59.642048 7.142668
v  195.691574 60.481125 6.319076
v  195.807068 60.276604 6.082127
v  195.794418 60.228306 6.450926
v  195.644562 60.519016 6.650261
v  195.934387 59.961491 5.821372
v  195.932144 59.890503 6.191155
v  196.058731 59.372551 5.567283
v  196.082779 59.233021 5.749048
v  196.031265 59.539421 5.962679
v  196.022644 59.623520 5.640584
v  196.055237 59.070728 6.089640
v  195.991470 59.404621 6.354640
v  195.883102 59.250935 6.831282
v  195.952591 58.907585 6.544479
v  191.293289 58.502243 11.486620
v  191.897202 58.776962 11.093308
v  192.018066 58.665775 11.171029
v  191.412292 58.398495 11.571551
v  192.474075 59.089630 10.719926
v  192.599243 58.974285 10.788231
v  192.723740 58.849220 10.839433
v  192.139175 58.548733 11.233330
v  191.532562 58.291809 11.642294
v  193.468430 59.751152 9.998122
v  193.605881 59.636089 10.046978
v  193.135330 59.304295 10.415945
v  193.004349 59.420834 10.357771
v  193.741989 59.503384 10.074630
v  193.265076 59.173901 10.455062
v  193.392303 59.015789 10.456053
v  193.875381 59.335377 10.059885
v  192.846909 58.704727 10.856462
v  191.655380 58.179253 11.684655
v  192.260742 58.419960 11.264780
v  193.846786 60.061157 9.632277
v  193.990433 59.949947 9.674121
v  194.152908 60.345062 9.242155
v  194.302139 60.239155 9.279818
v  194.451492 60.110828 9.292143
v  194.133301 59.818291 9.692587
v  194.602539 60.811428 8.316783
v  194.759766 60.716755 8.356606
v  194.554184 60.496994 8.846498
v  194.400314 60.597084 8.809682
v  194.918625 60.597607 8.368840
v  194.709106 60.373196 8.856487
v  194.866119 60.201969 8.812822
v  195.080734 60.429497 8.325891
v  194.601135 59.937653 9.253786
v  194.274612 59.645729 9.664307
v  194.773056 60.982311 7.745387
v  194.932053 60.891731 7.792578
v  194.924194 61.073250 7.134309
v  195.082947 60.988323 7.192743
v  195.240891 60.878723 7.228245
v  195.092560 60.776272 7.812402
v  195.217438 60.869316 5.948349
v  195.368240 60.811989 6.038945
v  195.224380 60.972942 6.595423
v  195.068222 61.047745 6.522359
v  195.506287 60.733910 6.132933
v  195.373596 60.874508 6.657455
v  195.508972 60.728806 6.697421
v  195.618835 60.614326 6.233709
v  195.397217 60.719780 7.217887
v  195.256119 60.611057 7.777480
v  195.384109 60.501476 5.451087
v  195.526443 60.471878 5.561632
v  195.547592 60.022732 5.070765
v  195.680267 60.026188 5.200055
v  195.798096 60.022106 5.352343
v  195.654556 60.427242 5.687593
v  195.782379 59.046589 4.821659
v  195.899933 59.112415 4.970414
v  195.811005 59.548508 4.990792
v  195.687241 59.511600 4.847557
v  195.996307 59.187260 5.140751
v  195.916580 59.586105 5.158095
v  195.985764 59.625099 5.373541
v  196.050385 59.280144 5.354249
v  195.886261 60.002949 5.550610
v  195.754272 60.352531 5.844385
v  195.812378 58.706211 5.033247
v  195.928329 58.791504 5.175494
v  195.773315 58.455780 5.419311
v  195.890701 58.552422 5.548139
v  195.988998 58.671459 5.693411
v  196.023636 58.893589 5.336192
v  195.472427 58.086044 6.462758
v  195.595398 58.186375 6.564500
v  195.781555 58.361824 6.030441
v  195.661301 58.260624 5.916818
v  195.699234 58.310829 6.684979
v  195.882843 58.487244 6.161376
v  195.946182 58.661095 6.326949
v  195.764786 58.483540 6.842947
v  196.049133 58.835281 5.871574
v  196.077682 59.029251 5.533799
v  195.202805 57.897369 6.994102
v  195.326721 57.992722 7.092420
v  194.861908 57.708549 7.519084
v  194.985336 57.797112 7.619786
v  195.091568 57.909180 7.737175
v  195.432236 58.112080 7.209117
v  194.004166 57.386318 8.582873
v  194.123535 57.465019 8.695210
v  194.581009 57.615795 8.152187
v  194.459213 57.533546 8.045932
v  194.228195 57.563644 8.818663
v  194.686981 57.720306 8.272562
v  194.761337 57.869343 8.421177
v  194.303452 57.702110 8.964375
v  195.163452 58.068260 7.887943
v  195.500916 58.279461 7.362573
v  193.506287 57.280823 9.138133
v  193.622711 57.361034 9.254430
v  192.981644 57.203232 9.698050
v  193.094421 57.288692 9.816664
v  193.193008 57.385738 9.940692
v  193.724930 57.457371 9.378886
v  191.916519 57.076443 10.777166
v  192.019058 57.178410 10.897375
v  192.554581 57.232864 10.368709
v  192.446350 57.139717 10.248947
v  192.106491 57.283424 11.018949
v  192.648239 57.333008 10.491553
v  192.712814 57.447124 10.620560
v  192.163666 57.394535 11.143254
v  193.263168 57.505951 10.075535
v  193.798721 57.585964 9.519650
v  191.408249 56.999592 11.269040
v  191.503769 57.110188 11.389456
v  190.923935 56.902760 11.736588
v  191.012238 57.020981 11.856889
v  191.084229 57.138199 11.977349
v  191.583542 57.221249 11.510338
v  190.036789 56.623554 12.646798
v  190.114548 56.750736 12.765530
v  190.547989 56.903568 12.311604
v  190.465988 56.779545 12.191836
v  190.175751 56.876434 12.884718
v  190.613358 57.026020 12.431604
v  190.645462 57.145329 12.552070
v  190.203888 56.999157 13.004848
v  191.123566 57.253426 12.098136
v  191.631775 57.333233 11.632156
v  189.638763 56.428391 13.113508
v  189.715424 56.555260 13.230599
v  189.271667 56.205715 13.587880
v  189.349762 56.329929 13.702832
v  189.413010 56.453892 13.818562
v  189.776230 56.681160 13.348327
v  188.629471 55.724529 14.543259
v  188.715256 55.840858 14.652900
v  189.016663 56.087532 14.178260
v  188.935318 55.967205 14.065823
v  188.788345 55.958088 14.763590
v  189.084305 56.208309 14.291603
v  189.124496 56.329975 14.406761
v  188.836090 56.077129 14.876376
v  189.446533 56.577351 13.935857
v  189.805283 56.805122 13.467331
v  188.353943 55.489357 15.016104
v  188.444626 55.602688 15.122784
v  188.104065 55.263103 15.483372
v  188.199799 55.374096 15.587275
v  188.284058 55.485634 15.692580
v  188.523346 55.716915 15.230686
v  187.662628 54.843048 16.397196
v  187.767578 54.949928 16.497526
v  187.975784 55.156155 16.045732
v  187.875183 55.047195 15.944062
v  187.861465 55.056084 16.599468
v  188.065186 55.265076 16.148943
v  188.132156 55.373917 16.255224
v  187.933182 55.160782 16.704639
v  188.345352 55.598251 15.800669
v  188.578186 55.832939 15.341031
v  187.461746 54.652088 16.841780
v  187.570206 54.756493 16.942015
v  187.268494 54.472954 17.270164
v  187.380051 54.574669 17.370745
v  187.480499 54.674347 17.472898
v  187.667633 54.859497 17.043837
v  186.888687 54.144756 18.047739
v  187.007065 54.241169 18.147127
v  187.193527 54.403286 17.775270
v  187.078827 54.304295 17.674700
v  187.113724 54.334476 18.248404
v  187.296936 54.499664 17.877468
v  187.377701 54.590805 17.982939
v  187.196991 54.421570 18.353458
v  187.558762 54.769939 17.578178
v  187.742981 54.959694 17.148849
v  186.694046 53.992985 18.381628
v  186.817032 54.087143 18.477861
v  186.504669 53.860764 18.676693
v  186.633362 53.952721 18.767467
v  186.749634 54.041382 18.858864
v  186.927734 54.177818 18.576530
v  186.180817 53.702129 19.151663
v  186.324646 53.788773 19.223204
v  186.465927 53.849422 19.015919
v  186.330338 53.759884 18.933264
v  186.459076 53.874954 19.282030
v  186.590118 53.936871 19.092415
v  186.691483 54.020134 19.156605
v  186.574738 53.960224 19.315447
v  186.841049 54.123459 18.951511
v  187.013840 54.261528 18.680061
v  186.065903 53.699287 19.332218
v  186.219406 53.782280 19.389299
v  185.979767 53.739536 19.478760
v  186.143311 53.816738 19.519789
v  186.301163 53.894947 19.548800
v  186.366409 53.866306 19.432550
v  185.870605 53.902035 19.685127
v  186.050980 53.955624 19.696280
v  186.089462 53.878922 19.620256
v  185.916595 53.811058 19.595119
v  186.218124 54.005337 19.698833
v  186.252426 53.944916 19.635647
v  186.395554 54.007172 19.631536
v  186.358841 54.047314 19.684200
v  186.447632 53.975185 19.553806
v  186.500412 53.952389 19.448145
v  185.835953 54.000648 19.752617
v  186.020935 54.033623 19.753445
v  185.821991 54.109337 19.786310
v  186.008911 54.118183 19.780628
v  186.190170 54.130245 19.763123
v  186.196259 54.065342 19.744167
v  185.893417 54.366665 19.707190
v  186.077133 54.328026 19.700535
v  186.024460 54.214561 19.766699
v  185.838028 54.230530 19.774925
v  186.249786 54.297321 19.684675
v  186.203217 54.205360 19.747190
v  186.366669 54.209690 19.705112
v  186.400360 54.282497 19.650396
v  186.360062 54.148743 19.721951
v  186.352249 54.094559 19.714659
v  185.997498 54.520176 19.571831
v  186.176498 54.463829 19.571018
v  186.136917 54.688927 19.373779
v  186.310394 54.619598 19.381142
v  186.474014 54.552280 19.384010
v  186.344254 54.412766 19.563873
v  186.468536 55.063614 18.809366
v  186.633148 54.981522 18.832317
v  186.466660 54.792953 19.133911
v  186.298370 54.870785 19.117981
v  186.790512 54.901081 18.847683
v  186.626526 54.716457 19.144310
v  186.769547 54.642635 19.143665
v  186.933395 54.823940 18.847893
v  186.617935 54.488991 19.377914
v  186.489502 54.372272 19.544073
v  186.634094 55.265274 18.452883
v  186.797699 55.182926 18.479368
v  186.796829 55.476822 18.057562
v  186.961227 55.397076 18.085398
v  187.119354 55.317940 18.103827
v  186.954712 55.101933 18.497059
v  187.120819 55.933773 17.186550
v  187.288895 55.863235 17.215717
v  187.124649 55.623875 17.660734
v  186.958466 55.699306 17.632437
v  187.450989 55.791157 17.235170
v  187.284698 55.548042 17.679405
v  187.432480 55.471386 17.678822
v  187.601105 55.715988 17.235212
v  187.264938 55.240032 18.103470
v  187.098557 55.023643 18.497162
v  187.285614 56.181274 16.728941
v  187.454880 56.115067 16.760677
v  187.457870 56.435368 16.260355
v  187.627228 56.372971 16.296251
v  187.791504 56.306992 16.322018
v  187.618469 56.046223 16.782537
v  187.844711 56.937542 15.293262
v  188.009659 56.881409 15.341790
v  187.810608 56.630550 15.823075
v  187.642578 56.689606 15.781547
v  188.171600 56.820614 15.379388
v  187.974426 56.567204 15.854126
v  188.129807 56.495285 15.864208
v  188.327545 56.750484 15.395116
v  187.945602 56.233856 16.327513
v  187.770752 55.972118 16.784649
v  188.069305 57.172733 14.796267
v  188.229004 57.119156 14.853030
v  188.333496 57.393066 14.295550
v  188.486465 57.340626 14.360985
v  188.639877 57.283943 14.414371
v  188.387360 57.060963 14.898318
v  189.049316 57.780704 13.302958
v  189.187057 57.722023 13.383800
v  188.799881 57.542633 13.869846
v  188.654434 57.596432 13.796114
v  189.327881 57.660545 13.451701
v  188.947327 57.485245 13.931021
v  189.098740 57.420662 13.967065
v  189.474838 57.593475 13.493740
v  188.794113 57.218803 14.443660
v  188.543015 56.993534 14.920637
v  189.535278 57.943779 12.821094
v  189.665817 57.875618 12.907040
v  190.087677 58.105297 12.354857
v  190.212234 58.025101 12.443465
v  190.339798 57.943531 12.518861
v  189.799728 57.805534 12.979892
v  190.802368 58.192165 11.997000
v  190.681900 58.284901 11.908587
v  190.925095 58.097851 12.071897
v  191.052338 58.000378 12.119761
v  190.473404 57.859207 12.567821
v  189.940323 57.731613 13.026567
v  189.990143 66.583885 7.629798
v  190.324112 68.170326 7.558817
v  190.573364 68.099823 7.253540
v  190.257782 66.655884 7.309417
v  190.767181 69.236092 7.673139
v  190.987320 69.123367 7.353094
v  191.950882 70.331955 7.805736
v  192.124054 70.177124 7.479834
v  193.647873 71.573219 8.095991
v  194.514938 71.597298 7.677845
v  194.336365 71.304787 7.459000
v  193.685257 71.301323 7.756075
v  195.451279 71.251793 6.967825
v  195.138992 71.005051 6.856072
v  196.064880 70.293114 5.944124
v  195.643921 70.222038 5.983665
v  195.426468 67.939453 5.034464
v  195.048431 67.985474 5.159528
v  195.267761 66.116974 4.992885
v  194.902527 66.244843 5.134499
v  194.279938 64.017342 6.068014
v  194.080170 64.483826 6.052026
v  195.506378 70.040344 5.989698
v  195.262573 69.970505 5.991529
v  195.287521 70.151329 6.104731
v  195.367218 70.329033 6.202146
v  194.958237 69.830467 6.019586
v  195.071747 70.123596 6.175666
v  195.163025 70.385887 6.336727
v  194.182236 69.741409 6.199227
v  194.449890 70.119675 6.381291
v  194.780777 70.111107 6.267406
v  194.584763 69.759506 6.091739
v  194.695572 70.448799 6.553295
v  194.936340 70.404892 6.435338
v  195.101776 70.944641 6.822388
v  195.391464 70.613548 6.419871
v  195.330078 70.542465 6.389982
v  195.175568 70.644051 6.539692
v  194.893326 70.702965 6.690415
v  195.025894 70.628380 6.582506
v  192.177109 70.185928 7.498525
v  192.281342 70.232605 7.443537
v  192.083847 70.084930 7.425140
v  191.899002 69.952484 7.432043
v  192.385468 70.219917 7.364829
v  192.069641 70.006653 7.361371
v  191.773575 69.803207 7.382105
v  192.568451 69.883614 6.913640
v  192.006317 69.643646 7.067300
v  192.067245 69.864006 7.224761
v  192.480499 70.110184 7.188354
v  191.607666 69.466896 7.203054
v  191.712570 69.665321 7.297740
v  191.077667 69.127144 7.356493
v  191.555679 69.650246 7.416464
v  191.624863 69.712097 7.414035
v  191.454498 69.537857 7.376533
v  191.316055 69.314461 7.282372
v  191.442581 69.480164 7.329824
v  191.492203 65.544411 7.229874
v  191.783829 65.624138 7.042757
v  192.240021 65.507118 6.832670
v  192.439041 65.369919 6.770096
v  192.128647 65.740417 6.782623
v  192.675308 65.579689 6.550460
v  193.311554 65.421814 6.252700
v  192.689423 66.287392 6.273765
v  193.252533 66.185738 6.047489
v  193.007736 65.826241 6.284093
v  192.436813 65.969307 6.519320
v  193.805481 66.144402 5.788202
v  193.569916 65.782669 6.007954
v  194.817963 66.242294 5.252321
v  194.491348 65.364334 5.593263
v  194.111053 65.350403 5.815463
v  194.101913 65.701279 5.732596
v  193.831268 64.835472 6.107450
v  193.610199 65.067719 6.175567
v  194.282028 66.168564 5.520407
v  194.043610 65.887321 5.720558
v  192.673386 65.009880 6.732475
v  192.899078 65.114098 6.574934
v  191.936859 66.163139 6.683985
v  192.182419 66.444145 6.442520
v  191.693237 65.947441 6.917984
v  191.219131 66.203957 7.048231
v  191.522446 66.390190 6.793126
v  191.751160 66.630417 6.568610
v  190.762207 66.095909 7.361173
v  190.910599 66.121643 7.261615
v  191.227570 65.905334 7.209315
v  190.423340 66.696381 7.315370
v  190.774353 66.373703 7.197176
v  191.525681 65.790642 7.100220
v  190.550903 66.747887 7.176470
v  190.721634 66.544174 7.155163
v  190.765274 66.817970 7.056643
v  190.959213 66.538437 7.043252
v  191.205597 66.969833 6.736126
v  191.415298 66.820625 6.666908
v  191.208099 66.632919 6.861773
v  191.004776 66.899323 6.884073
v  192.867615 66.671257 6.066885
v  193.424896 66.597176 5.854582
v  193.001938 67.101608 5.907396
v  193.553543 67.046036 5.712556
v  194.148544 67.028847 5.482692
v  193.934677 66.535599 5.639273
v  193.261154 68.024452 5.765403
v  193.794556 67.997978 5.609911
v  193.667191 67.517807 5.628603
v  193.122940 67.559105 5.804000
v  194.279892 67.989182 5.465755
v  194.156265 67.540970 5.470292
v  195.104630 68.047462 5.259418
v  194.975479 67.115158 5.147013
v  194.694275 67.077812 5.256653
v  194.594040 67.431076 5.311285
v  194.508194 66.693321 5.331583
v  194.638611 67.986084 5.336660
v  194.501572 67.657890 5.353025
v  194.304092 66.447517 5.459250
v  195.346176 69.103760 5.571596
v  195.119888 69.061584 5.597151
v  195.134644 69.484459 5.776624
v  194.878906 68.585052 5.453850
v  194.677048 68.979233 5.664805
v  195.107513 69.676979 5.877412
v  194.789978 69.462112 5.861837
v  194.680038 68.315926 5.410468
v  194.409012 68.437561 5.536501
v  193.447128 68.478333 5.800313
v  193.964340 68.472031 5.663662
v  193.669937 68.917763 5.894051
v  194.162186 68.930168 5.773079
v  194.373779 69.362595 5.921366
v  193.918610 69.339775 6.031915
v  190.415573 67.377853 7.281478
v  190.482376 67.420044 7.201059
v  190.470154 67.142075 7.174606
v  190.585663 68.047272 7.272970
v  190.586014 67.741837 7.148342
v  190.656235 67.491837 7.035523
v  190.524475 66.987946 7.147734
v  190.690903 67.123329 7.033925
v  190.735703 68.170189 7.116245
v  190.672363 67.943062 7.098540
v  190.896591 68.214394 6.976665
v  190.782761 67.887772 6.977358
v  191.483337 68.248848 6.514063
v  191.336029 67.868797 6.532293
v  191.014969 67.878677 6.768826
v  191.153290 68.245354 6.758146
v  191.245438 67.510460 6.585660
v  190.936172 67.524673 6.804850
v  190.923447 67.197395 6.854181
v  191.207367 67.193398 6.662990
v  192.237289 69.423439 6.731187
v  191.816513 69.332237 6.940970
v  191.947327 69.020782 6.615012
v  191.571411 68.973381 6.846555
v  191.207809 68.876770 7.074789
v  191.464401 69.225166 7.116336
v  191.344543 68.610664 6.784836
v  191.691559 68.631050 6.542138
v  191.062103 68.540672 6.993889
v  190.780334 68.611595 7.303319
v  190.922485 68.712440 7.228147
v  190.892990 68.534843 7.167638
v  191.093430 68.980728 7.219602
v  190.869308 68.412956 7.111064
v  191.257095 69.172951 7.219364
v  192.926147 70.437843 7.265983
v  193.131393 70.337799 7.054799
v  192.753738 70.491661 7.429303
v  193.183701 70.818230 7.536207
v  193.351578 70.755692 7.371831
v  193.572830 70.703346 7.204072
v  192.904648 70.739220 7.617957
v  192.993546 70.779633 7.605991
v  192.710526 70.560921 7.537661
v  193.571503 71.161232 7.684410
v  193.395279 71.024231 7.635792
v  192.553207 70.426483 7.482764
v  194.010803 71.303055 7.607538
v  193.730988 71.155518 7.599045
v  194.355301 71.266884 7.420767
v  193.735703 71.073296 7.515047
v  193.919800 70.979645 7.320107
v  193.704132 70.972427 7.420085
v  194.737686 71.154915 7.157536
v  194.545425 70.973648 7.061109
v  194.269180 70.944710 7.142628
v  194.630600 70.822113 6.886817
v  194.176727 70.619453 6.878724
v  194.033997 70.889313 7.182152
v  193.807510 70.629189 7.031835
v  194.677078 70.698647 6.761854
v  194.420898 70.486168 6.677499
v  193.790817 69.759956 6.333292
v  194.114273 70.155144 6.518653
v  193.402481 69.800056 6.494031
v  193.774323 70.206886 6.677974
v  193.430405 70.264290 6.857745
v  193.009247 69.846588 6.681535
v  192.355743 66.796875 6.237875
v  191.904175 66.946976 6.382277
v  192.020767 67.319221 6.239006
v  192.488434 67.200844 6.078414
v  191.527832 67.094536 6.514838
v  191.606705 67.432205 6.402566
v  191.864243 68.210663 6.297800
v  191.712982 67.811165 6.327103
v  192.290909 68.148643 6.104296
v  192.140213 67.726524 6.143691
v  192.612076 67.635590 5.972508
v  192.758240 68.080627 5.928517
v  192.078033 68.609917 6.324025
v  192.343689 69.014015 6.401235
v  192.761963 68.978638 6.208272
v  192.501266 68.565361 6.128806
v  192.650543 69.428032 6.524888
v  193.063705 69.390419 6.333738
v  193.484161 69.355026 6.169393
v  193.203613 68.940231 6.039161
v  192.958542 68.515465 5.954801
v  184.583267 52.782349 2.924214
v  184.372192 52.836567 2.900543
v  184.371490 52.814137 2.914271
v  183.839874 52.334148 19.938358
v  183.465149 52.369354 19.927650
v  183.446640 52.678970 20.263945
v  183.822632 52.618671 20.251802
v  183.807114 52.887169 20.533396
v  183.445633 52.696339 20.282164
v  183.613129 52.916607 20.537962
v  183.856232 52.145874 19.638376
v  183.483963 52.165371 19.597431
v  183.872787 52.019463 19.332285
v  183.512238 52.031292 19.273056
v  183.890656 51.920536 19.000563
v  183.530258 51.933250 18.952677
v  183.910934 51.855331 18.622776
v  183.537125 51.872318 18.595461
v  183.525513 51.909668 18.811911
v  183.934662 51.830093 18.178556
v  183.560379 51.848022 18.160170
v  183.961609 51.834278 17.673115
v  183.587036 51.851345 17.660110
v  184.027222 51.907646 16.440058
v  183.651962 51.920998 16.440170
v  183.616455 51.872673 17.107714
v  183.991501 51.857327 17.111658
v  184.071625 51.993637 15.604153
v  183.696686 52.005093 15.598194
v  184.123276 52.083019 14.632314
v  183.748688 52.094891 14.619887
v  184.180725 52.143532 13.552911
v  183.806152 52.159374 13.539848
v  184.239029 52.162762 12.458829
v  183.864410 52.184612 12.446405
v  184.293259 52.128311 11.442999
v  183.918686 52.157536 11.429497
v  184.348312 52.072338 10.412420
v  183.973785 52.107430 10.398081
v  184.409088 52.026993 9.274117
v  184.034515 52.063969 9.260620
v  184.921967 52.021286 7.446751
v  184.123428 52.098427 7.591834
v  184.529144 52.296768 5.484879
v  184.230194 52.317978 5.581896
v  184.756165 67.092094 2.232791
v  184.682724 67.456192 3.597192
v  184.306854 67.454712 3.609266
v  184.380112 67.077606 2.248683
v  184.454681 66.623810 0.866305
v  184.830902 66.651802 0.846924
v  185.079895 52.134521 18.811165
v  184.907303 52.006229 18.657820
v  184.777695 52.006775 18.885094
v  184.846588 52.099045 19.064512
v  184.652100 51.926510 18.644201
v  184.567429 51.966389 18.945787
v  184.573242 52.062107 19.219687
v  186.258163 59.009617 14.638122
v  186.535034 58.779350 14.542902
v  186.413284 58.569561 14.965542
v  186.031815 58.583660 15.256734
v  186.860336 58.567455 14.384893
v  186.650192 58.305077 14.996975
v  186.129532 58.035091 15.869530
v  191.297028 58.473553 11.472300
v  191.584366 59.007816 11.150877
v  192.192154 59.216751 10.833457
v  192.497375 59.080364 10.714317
v  191.532959 59.567074 11.135537
v  192.281677 59.769230 10.751266
v  193.511307 59.761307 10.001225
v  194.618378 60.833157 8.356030
v  194.182266 60.361008 9.263329
v  193.262390 60.948906 9.890540
v  193.046692 61.604717 9.698208
v  192.509460 60.861061 10.533844
v  191.400696 61.960846 10.947612
v  194.114380 62.055561 8.120700
v  194.702820 61.784981 7.248740
v  194.927750 61.131466 7.134747
v  193.975540 62.851421 7.510673
v  194.624100 62.269695 6.602381
v  195.208694 60.964027 5.909972
v  194.640091 58.934937 2.908405
v  195.263931 58.736805 3.527567
v  194.784058 59.869457 3.453556
v  194.259933 60.207684 2.981813
v  195.814957 58.984272 4.702911
v  194.705460 60.471512 3.785374
v  193.641663 61.890278 3.078078
v  191.317429 54.593491 2.871286
v  188.267914 53.695751 2.914579
v  190.877625 53.966061 3.146252
v  193.410889 54.611092 3.214230
v  184.583267 52.782349 2.924214
v  190.340164 53.644512 3.266904
v  194.492386 54.241650 3.679358
v  187.806183 67.805939 7.221148
v  188.639572 68.119476 7.429565
v  188.599487 67.743401 7.920739
v  187.907806 67.385178 7.943900
v  189.234680 68.472397 7.709972
v  188.978210 67.657669 8.090099
v  188.566025 66.685081 8.569171
v  189.514389 66.752632 8.037209
v  189.906219 66.175598 7.965279
v  189.828094 65.803276 8.362167
v  190.065338 66.791191 7.580880
v  190.410263 65.994652 7.682626
v  191.081619 65.231323 7.735175
v  188.079010 66.865967 2.917283
v  189.056534 66.637451 3.273571
v  188.770859 67.195221 4.097925
v  187.978348 67.388588 4.118575
v  189.772339 66.609695 3.733275
v  189.154846 67.354187 4.584897
v  188.235214 67.811417 5.360815
v  193.995193 62.429882 3.899414
v  194.127243 63.454334 3.728521
v  193.995758 63.780613 3.397723
v  194.116196 63.050720 4.543128
v  194.404709 64.106361 4.153518
v  194.809708 65.267784 3.832467
v  193.096756 59.298542 0.902861
v  193.998352 59.131447 2.114474
v  193.848755 60.087910 2.340964
v  193.222290 60.801445 1.913863
v  191.549561 67.308586 4.370193
v  192.231033 66.627693 3.828995
v  192.927307 67.284248 4.155694
v  192.562866 67.883743 4.615437
v  193.036392 66.112099 3.578693
v  193.674881 67.213783 4.099372
v  193.833145 68.441849 4.789165
v  194.096375 58.187138 2.183335
v  194.665909 57.710140 2.807129
v  193.690109 57.850506 1.753280
v  193.817123 56.482929 2.436690
v  195.550018 67.931854 4.574243
v  195.631317 67.836029 4.756797
v  195.791306 68.703087 5.113124
v  195.729416 69.031845 5.163098
v  195.486435 68.005852 5.142975
v  195.745667 69.116287 5.489294
v  195.908371 70.118744 5.958378
v  192.399521 70.624733 6.893628
v  193.320328 70.432892 6.374629
v  193.673126 71.049423 6.780231
v  193.226547 71.320137 7.214847
v  194.397141 70.330673 6.061143
v  194.442001 71.182915 6.711062
v  194.241882 71.879105 7.407358
v  195.410934 71.175148 6.928617
v  195.425034 71.476692 6.920030
v  195.697662 71.119324 6.589100
v  195.758072 70.772453 6.455975
v  195.380035 71.467995 6.830889
v  195.621674 71.095787 6.490316
v  185.388672 55.750378 19.180979
v  185.168747 55.238873 19.766092
v  184.519989 55.337311 19.920712
v  184.659500 55.913460 19.305323
v  184.982468 54.828869 20.234533
v  184.707489 54.868217 20.315168
v  184.393524 54.856346 20.422297
v  184.104141 54.963474 20.367496
v  183.814758 55.070606 20.312704
v  183.837708 55.562431 19.865030
v  183.863708 56.053188 19.360004
v  185.674362 56.777515 17.734180
v  185.536530 56.250793 18.506472
v  184.747833 56.437004 18.640059
v  184.828888 56.976685 17.890223
v  183.895828 56.541817 18.740274
v  183.934265 57.085472 18.000326
v  185.953049 55.420349 19.042711
v  185.624054 54.912830 19.692457
v  186.470840 55.059196 18.833307
v  186.125900 54.682373 19.402657
v  185.771744 54.323223 19.876263
v  185.554611 54.408638 20.041002
v  185.337494 54.494053 20.205738
v  185.179474 54.687073 20.206888
v  187.119583 55.927258 17.192415
v  186.797363 55.471355 18.072460
v  186.198593 55.901775 18.306150
v  186.421539 56.397575 17.486267
v  184.207504 52.682461 20.305601
v  184.223846 52.371777 19.968359
v  183.999390 52.917336 20.558558
v  184.190826 52.977299 20.598577
v  184.386200 52.958527 20.539431
v  184.577377 52.967476 20.486317
v  184.591614 52.708153 20.233603
v  184.601639 52.423046 19.927757
v  185.317642 52.581249 19.552626
v  184.964096 52.501495 19.800190
v  184.961273 52.826378 20.136639
v  185.332428 52.901722 19.865940
v  184.760178 53.031857 20.445255
v  184.938766 53.123962 20.410225
v  185.123520 53.137016 20.272490
v  185.306305 53.182007 20.131763
v  185.485184 53.290874 19.985065
v  185.698502 53.096363 19.546312
v  185.662109 53.431675 19.835381
v  185.878220 53.498264 19.540823
v  186.141006 53.618267 19.182323
v  186.080017 53.224972 19.029943
v  186.010986 52.849884 18.756355
v  185.663132 52.710815 19.220411
v  186.497147 53.845097 18.695942
v  186.461105 53.437534 18.458103
v  186.890945 54.140873 18.067318
v  186.840378 53.690914 17.784004
v  186.721176 53.249523 17.486650
v  186.362595 53.041958 18.185513
v  184.237549 52.032658 19.311726
v  184.230667 52.166779 19.637247
v  184.590088 52.211014 19.568399
v  184.917297 52.261501 19.406179
v  185.225067 52.325855 19.155231
v  185.526184 52.411682 18.820202
v  185.828308 52.524632 18.387463
v  185.591324 52.261330 18.049706
v  185.329453 52.188190 18.473763
v  186.139099 52.670345 17.843393
v  186.464737 52.825275 17.161200
v  186.149185 52.462021 16.884708
v  185.861542 52.355225 17.536377
v  184.254074 51.934612 18.991268
v  184.304443 51.874660 18.636000
v  185.041397 51.943752 17.780231
v  184.546127 51.863174 17.715181
v  184.412903 51.854816 18.206062
v  184.827408 51.922775 18.246599
v  185.114731 52.029560 18.309196
v  185.359406 52.072086 17.869516
v  185.600815 52.129128 17.369083
v  185.852661 52.203617 16.734222
v  185.445374 52.034256 16.637594
v  185.242157 51.978008 17.272371
v  184.670807 51.887825 17.177094
v  184.797562 51.938129 16.522678
v  185.921021 52.226856 14.801308
v  185.094971 52.117550 14.703744
v  184.936996 52.023457 15.682827
v  185.666702 52.121223 15.790490
v  186.128632 52.298496 15.891260
v  186.457962 52.420326 14.912016
v  186.463333 52.573856 16.045631
v  186.843597 52.716896 15.082582
v  186.811386 52.965862 16.314104
v  187.215698 53.135487 15.359698
v  187.090012 53.435051 16.638554
v  187.499176 53.647861 15.696419
v  187.216415 53.941956 16.960861
v  187.618912 54.225777 16.045784
v  187.266708 54.467712 17.282087
v  187.656784 54.836460 16.401470
v  185.864243 57.367924 16.855734
v  184.946518 57.601227 17.021139
v  185.068985 58.217720 16.172987
v  183.979187 57.741325 17.134655
v  184.022034 58.399616 16.307768
v  187.833496 56.943913 15.297624
v  187.451645 56.435295 16.265465
v  186.682755 56.948212 16.586544
v  186.992111 57.472878 15.650694
v  185.164490 58.733261 15.485954
v  185.239166 59.233120 14.942879
v  184.054260 58.950600 15.684190
v  184.079498 59.472530 15.192268
v  189.003769 57.791306 13.297318
v  188.305115 57.401554 14.294906
v  187.359543 57.890770 14.722433
v  187.653992 58.206196 14.001481
v  184.120255 60.623207 14.387321
v  185.391968 60.379459 14.183342
v  185.299072 59.802593 14.526601
v  184.101456 60.043667 14.760354
v  186.372406 60.168575 14.000061
v  186.227310 59.613693 14.309357
v  187.346878 61.155033 13.227081
v  186.657913 60.658546 13.679036
v  185.565582 60.901505 13.859319
v  185.758575 61.488987 13.525481
v  184.136032 61.170361 14.072029
v  184.151382 61.770924 13.763092
v  188.525528 54.282875 13.708182
v  187.978760 53.937279 14.715420
v  188.077576 54.577492 15.095883
v  188.612717 54.982334 14.118361
v  188.093582 55.257935 15.486654
v  188.614319 55.720779 14.545553
v  187.853439 53.138161 13.023886
v  187.329620 52.917297 14.058985
v  187.714340 53.377525 14.355575
v  188.267197 53.661381 13.332027
v  187.299942 52.733513 12.817780
v  186.869919 52.575657 13.868308
v  186.527908 52.437122 12.672903
v  186.223175 52.339108 13.740282
v  189.826065 54.986771 11.676381
v  189.455505 54.203918 11.316393
v  188.834137 53.956455 12.319337
v  189.136185 54.664219 12.687304
v  188.877853 53.364861 10.720275
v  188.347046 53.342575 12.026322
v  188.043686 52.978081 10.843760
v  187.683441 52.862911 11.818069
v  187.480087 52.619774 10.427011
v  186.789932 52.500031 11.664666
v  189.244644 55.425537 13.120411
v  189.978226 55.805889 12.134199
v  189.256302 56.213634 13.586092
v  190.021210 56.643143 12.640929
v  190.392136 53.680115 8.978745
v  189.617294 53.561520 10.003116
v  190.171600 54.344955 10.322078
v  190.994095 54.438297 9.313074
v  190.610443 55.155975 10.699014
v  191.484283 55.242783 9.707313
v  190.818344 56.022167 11.191889
v  191.750900 56.139858 10.221372
v  190.910751 56.915947 11.742739
v  191.905731 57.083237 10.795341
v  192.986969 57.196194 9.702554
v  192.761856 56.224445 9.150537
v  194.025604 57.365452 8.573712
v  193.776474 56.339527 8.049730
v  193.448990 55.402569 7.577140
v  192.442490 55.318134 8.653413
v  185.458527 52.238659 12.548487
v  185.277313 52.194149 13.631647
v  185.775879 52.211739 10.510059
v  185.613129 52.236492 11.536219
v  187.942429 52.520832 8.376528
v  186.208725 52.166008 8.211036
v  185.981567 52.188496 9.385218
v  187.552307 52.508537 9.523467
v  190.566193 61.326202 11.652226
v  189.179077 61.752678 12.263119
v  189.516922 62.546959 11.739008
v  190.023361 60.824009 12.015698
v  188.817078 61.119480 12.593201
v  187.597321 62.010540 12.802205
v  187.811157 62.895702 12.283475
v  185.909592 62.262177 13.152778
v  186.022980 63.140739 12.645598
v  184.168854 62.510700 13.409099
v  184.193573 63.333923 12.916539
v  187.993195 64.722717 10.661184
v  187.907074 63.806557 11.554276
v  186.103073 64.044357 11.908326
v  186.193527 64.942955 11.004353
v  184.230606 64.184830 12.191891
v  184.276657 65.024956 11.298493
v  189.558441 64.226013 10.219979
v  189.574127 63.374107 11.059247
v  191.057404 63.667950 9.564849
v  191.184875 62.871986 10.322752
v  192.820023 62.425182 9.244306
v  192.658203 63.263626 8.579961
v  191.934631 54.542698 8.266074
v  191.332535 53.832695 7.933630
v  192.964737 54.643524 7.207316
v  192.402130 53.973442 6.888885
v  195.354218 55.679127 5.512209
v  194.467651 55.516590 6.518325
v  194.720047 56.548702 6.989308
v  195.480087 56.812645 5.958092
v  194.892807 57.701641 7.518151
v  195.512802 58.093094 6.470053
v  194.055954 54.726147 6.163048
v  193.564621 54.056538 5.865625
v  195.042068 54.839462 5.198470
v  194.636765 54.146721 4.950799
v  188.177643 65.623810 9.650833
v  186.337967 65.806473 9.997070
v  186.435532 66.578682 8.962968
v  184.328430 65.815857 10.299675
v  184.385544 66.522469 9.203727
v  189.677643 65.094574 9.217341
v  191.082581 64.463013 8.613516
v  192.637115 63.973362 7.756295
v  192.672440 64.506294 7.063736
v  194.378448 64.338104 5.931627
v  193.884232 63.485416 6.807159
v  194.366913 62.858952 5.927586
v  194.474045 62.113506 5.115975
v  194.253922 63.620251 5.298504
v  195.970459 57.333206 4.052938
v  195.944107 57.092060 4.944914
v  195.809784 58.428150 5.363583
v  196.018707 56.137337 3.811659
v  195.964447 55.909088 4.594053
v  195.417496 57.482365 3.385339
v  195.237411 56.294727 3.212860
v  195.786301 55.231228 3.709522
v  195.756866 55.032356 4.378798
v  195.435303 54.308743 4.231351
v  194.716354 55.362476 3.196128
v  193.096695 55.459904 2.760677
v  184.447601 67.109741 8.018940
v  186.385391 67.203362 7.978549
v  184.509201 67.516563 6.849344
v  186.320724 67.627480 7.030747
v  189.525513 67.528297 7.925653
v  189.766998 68.310753 7.777575
v  190.337738 68.105240 7.581980
v  190.157120 67.377106 7.594307
v  187.884872 67.963364 6.399501
v  186.374664 67.797997 6.106504
v  186.463852 67.734314 5.086516
v  184.564896 67.681801 5.798976
v  188.796021 68.227066 6.663435
v  189.388428 68.592140 6.870872
v  189.158188 68.052460 5.769004
v  189.840714 68.393036 5.964943
v  186.504944 67.455833 3.851484
v  186.558014 67.028801 2.502838
v  190.611374 66.858658 4.087475
v  189.815384 67.581963 4.892938
v  190.656937 67.931114 5.106775
v  194.607864 64.621086 4.789289
v  194.773849 65.067162 5.530452
v  195.164124 66.082329 5.132476
v  195.105804 65.732338 4.497029
v  193.235031 64.288734 3.085938
v  192.603424 62.933887 2.401354
v  193.988754 65.668549 3.575801
v  192.236084 64.997482 3.014535
v  191.305161 63.970211 2.048857
v  192.403015 61.714539 1.335038
v  192.418182 60.562939 0.077860
v  191.407471 62.734070 0.616268
v  191.573059 61.732464 -0.765075
v  195.424896 66.824883 4.518814
v  195.246429 66.757698 4.156166
v  195.347122 67.028214 5.013674
v  194.555511 66.962799 4.057941
v  194.947983 68.161453 4.591188
v  191.389908 65.925644 3.404859
v  190.460846 65.513351 2.887831
v  189.500824 65.726097 2.282451
v  189.950485 64.692238 1.116917
v  188.308670 66.187080 1.672564
v  188.584549 65.428062 0.356273
v  190.252228 63.766930 -0.230671
v  190.480026 62.895897 -1.669287
v  188.823868 64.665031 -1.059742
v  189.044907 63.899994 -2.525619
v  192.408722 69.086250 5.570172
v  191.584015 68.454224 5.311148
v  191.185715 69.450127 6.333668
v  190.530594 68.884056 6.138805
v  189.942444 69.061623 6.994371
v  190.501282 69.582283 7.102319
v  190.286606 69.549644 7.655978
v  189.795654 69.048965 7.615521
v  186.683212 66.519493 1.142019
v  186.845261 65.934471 -0.258166
v  185.083984 65.126808 -3.845703
v  187.173508 64.591537 -3.224921
v  187.008972 65.280296 -1.724903
v  185.000824 65.754143 -2.308109
v  195.178909 69.254478 5.234374
v  195.246078 70.250381 5.918032
v  194.222565 69.466187 5.453737
v  192.943176 69.762154 5.947971
v  191.763977 70.015877 6.592582
v  195.147308 71.157677 6.572697
v  195.013214 71.730408 7.066571
v  194.974350 71.722610 7.267851
v  194.455429 71.852684 7.598455
v  194.983109 71.424545 7.322835
v  194.523590 71.551102 7.641362
v  193.633667 71.880318 7.818566
v  192.806931 71.379105 7.659410
v  193.219940 71.661400 7.976089
v  192.552155 71.296471 7.976800
v  191.640121 70.629158 7.866774
v  191.848297 70.679192 7.455755
v  193.978104 71.862534 7.877739
v  194.081406 71.585258 7.886918
v  193.760925 71.542236 8.001232
v  193.405334 71.657364 8.042593
v  191.108154 70.100861 7.263083
v  190.893188 70.061630 7.749777
v  190.066284 68.908127 7.739936
v  190.545639 68.703209 7.615978
v  190.472931 69.419205 7.774488
v  190.859756 69.239853 7.675425
v  191.036530 69.942741 7.842978
v  191.359024 69.784019 7.739437
v  191.748444 70.507538 7.932441
v  191.824554 70.175613 7.748422
v  192.600082 71.142387 8.029901
v  192.762711 70.973366 7.929009
v  191.670044 60.568718 11.086234
v  190.970642 60.239506 11.476808
v  195.559525 60.038929 4.992202
v  194.594513 61.268608 4.370706
v  186.624542 58.922279 14.288186
v  186.947159 58.753857 14.092989
v  186.579941 59.117706 14.292461
v  186.691971 59.167492 14.098638
v  186.697906 59.031780 14.117439
v  186.972321 58.902271 13.961160
v  186.616760 59.529137 14.125118
v  186.770279 60.023415 13.858162
v  186.876862 59.911118 13.736950
v  186.736832 59.496754 13.957388
v  187.075760 60.467381 13.563593
v  187.669418 60.753838 13.191225
v  187.710419 60.560322 13.141343
v  187.156387 60.302113 13.480573
v  188.687439 60.775578 12.690878
v  189.790115 60.536648 12.144655
v  189.711670 60.356701 12.156360
v  188.673965 60.576328 12.672348
v  190.637756 60.041069 11.634656
v  191.151291 59.460400 11.300879
v  190.953171 59.401466 11.356751
v  190.488159 59.908020 11.676147
v  191.251648 58.966187 11.283297
v  190.876175 58.565052 11.607843
v  190.717957 58.695602 11.611128
v  191.056442 59.008209 11.323232
v  190.066788 58.096252 12.344874
v  189.962219 58.263618 12.300431
v  188.816162 58.177780 13.085518
v  188.765839 58.350826 12.997959
v  189.857651 58.430984 12.255989
v  187.744431 58.423443 13.687569
v  187.732849 58.591602 13.577175
v  190.651840 65.998962 7.497510
v  191.422791 65.392342 7.335268
v  190.123962 66.619881 7.469605
v  190.257782 66.655884 7.309417
v  190.762207 66.095909 7.361173
v  191.492203 65.544411 7.229874
v  192.852005 70.845901 7.784412
v  192.037460 70.254539 7.642785
v  193.666565 71.437271 7.926031
v  193.685257 71.301323 7.756075
v  192.904648 70.739220 7.617957
v  192.124054 70.177124 7.479834
v  192.679886 64.814316 6.792721
v  194.180054 64.250580 6.060018
v  192.673386 65.009880 6.732475
v  194.080170 64.483826 6.052026
v  184.370010 52.809818 2.942338
v  184.583267 52.782349 2.924214
v  184.371490 52.814137 2.914271
v  183.489777 56.000427 19.337580
v  183.860657 56.054256 19.417356
v  183.438171 54.931580 20.343187
v  183.560593 56.987099 17.974590
v  183.931015 57.029373 18.063189
v  183.656555 58.385643 16.125538
v  184.027359 58.453274 16.206120
v  183.780319 61.629040 13.689819
v  184.150314 61.701317 13.785616
v  183.817352 63.279484 12.937142
v  184.187408 63.320080 13.032582
v  183.903885 65.030357 11.252283
v  184.273804 65.049576 11.351204
v  183.430496 52.972134 20.556168
v  183.500931 52.032276 19.268621
v  183.518127 51.934460 18.949574
v  184.256912 52.414837 5.077283
v  184.243378 67.683220 4.791618
v  184.534927 66.243309 -0.625057
v  184.226761 67.741898 5.101437
v  184.219070 67.729759 5.245862
v  184.556915 66.111092 -1.032729
v  184.574402 66.034782 -1.357997
v  183.059998 54.928593 20.130709
v  183.027161 53.866531 21.050831
v  183.163467 52.052624 18.560133
v  183.239609 58.303474 16.038052
v  183.373947 52.281040 14.607473
v  183.360382 61.613857 13.570028
v  183.497620 64.900475 11.179349
v  183.883316 67.525497 4.760121
v  184.005035 66.899437 2.251354
v  184.270218 64.949196 -3.817256
v  184.128189 52.976959 2.930012
v  182.275787 53.839931 20.873734
v  181.919449 53.793060 20.498131
v  182.214050 54.078125 20.724945
v  182.333328 53.600708 20.745300
v  182.076172 52.298916 18.605677
v  182.493378 52.240086 19.042637
v  182.466797 52.116131 18.502485
v  181.339432 58.893196 14.244895
v  181.325455 57.887306 15.503462
v  180.784378 58.432938 13.963082
v  176.457687 59.538311 10.156792
v  176.643005 58.368374 10.524683
v  174.637375 59.695637 8.841845
v  173.735901 60.712524 7.148898
v  176.615723 61.853054 10.015889
v  173.422943 60.838577 4.781896
v  174.450546 62.707336 6.394164
v  174.273331 58.861645 1.959154
v  175.246201 61.809700 2.220881
v  172.954422 58.893250 3.559318
v  173.851257 54.267231 3.757576
v  172.659195 54.657993 2.390709
v  177.473145 54.661301 2.308823
v  180.400192 67.609390 6.758602
v  179.609207 66.552711 7.937091
v  178.898438 68.320854 7.029056
v  177.260208 65.089577 6.881103
v  178.397980 66.590836 6.895742
v  180.680313 66.677299 2.604799
v  180.203278 67.605484 4.992141
v  178.895905 66.437454 3.277507
v  173.987518 65.257103 2.855263
v  174.664246 63.019615 3.544682
v  176.037491 59.221401 0.106938
v  176.985855 67.159157 3.749254
v  174.670685 68.298668 3.934496
v  175.632950 66.004654 2.836357
v  175.092361 56.496464 1.612665
v  173.125504 67.846596 3.539456
v  172.408356 70.354446 4.518433
v  173.173065 67.942963 3.664548
v  175.814346 70.454140 6.129432
v  173.985184 71.655266 6.399151
v  173.960480 70.174171 5.129564
v  172.919983 71.340935 5.627500
v  172.980972 71.265862 5.746865
v  174.269211 69.809914 4.977657
v  176.364304 70.428993 6.864987
v  177.580368 69.311523 6.855986
v  175.821960 69.973663 5.885419
v  181.711548 55.612404 18.860186
v  183.078064 55.906872 19.245094
v  181.978989 54.757347 19.913006
v  183.035370 54.199566 20.884594
v  181.578156 56.626488 17.406555
v  183.150177 56.870430 17.904434
v  181.337265 54.295563 19.523209
v  180.716660 54.945274 18.412066
v  180.243179 55.798161 16.726088
v  183.037292 53.541546 20.877743
v  183.066818 52.998573 20.338600
v  182.369553 53.066944 20.227835
v  181.754822 53.228100 19.832142
v  183.097794 52.492828 19.778740
v  182.400970 52.572258 19.696989
v  181.788574 52.707062 19.277491
v  181.091507 53.597637 18.878716
v  181.212570 52.954647 18.440887
v  180.433136 54.190758 17.662588
v  179.851181 54.871490 15.929582
v  180.651001 53.342594 17.121103
v  183.127701 52.206326 19.224976
v  181.668152 52.414124 17.810127
v  181.250153 52.603268 16.601059
v  182.179276 52.131477 17.620424
v  183.212662 52.032810 17.637917
v  181.899628 52.220325 16.454214
v  183.277603 52.105480 16.417486
v  181.616028 52.412670 14.580956
v  180.747620 52.858402 14.737097
v  180.071304 53.729271 15.256368
v  179.726273 56.808022 14.764931
v  183.274368 59.323780 14.975667
v  178.752167 57.652771 12.627173
v  183.329453 60.538342 14.150802
v  181.260788 60.082371 13.559002
v  180.370743 61.077621 12.681596
v  179.088120 55.752357 13.964838
v  179.261597 54.351330 13.156756
v  179.962570 53.274448 12.578807
v  181.244949 52.619598 12.393025
v  178.167007 55.061321 10.973186
v  179.070206 53.616447 10.454201
v  180.859268 52.663082 10.305796
v  177.869186 56.692482 11.895765
v  177.899780 53.819450 8.291657
v  176.705231 55.327869 8.821115
v  180.297729 52.698124 7.963979
v  176.169189 57.146637 9.844849
v  177.866455 60.787189 11.196803
v  174.305878 57.415977 7.419347
v  174.976181 55.479580 6.490609
v  183.490311 52.361351 12.418432
v  183.599731 52.270737 10.363740
v  183.764648 52.002056 8.045477
v  179.994400 62.779606 11.708322
v  183.403717 63.208256 12.829712
v  179.976212 64.572510 10.102268
v  177.090149 63.515091 8.709545
v  176.072968 54.155315 5.963929
v  173.329224 55.710571 4.243160
v  173.083008 58.086178 5.204393
v  183.624802 66.409218 9.105836
v  174.251266 63.934715 4.832874
v  172.852005 56.109203 2.672283
v  179.514069 52.836647 5.488583
v  183.781265 67.441612 6.705885
v  178.059189 68.195305 6.783864
v  178.473816 68.214226 5.459435
v  173.363693 66.055641 3.646301
v  175.790497 66.193886 5.204078
v  177.624542 63.834904 1.450543
v  177.721970 61.603195 -1.435084
v  177.233475 66.888649 5.832054
v  175.249405 68.010963 4.617605
v  180.495193 65.253090 0.002440
v  180.361450 63.728264 -2.917024
v  177.081070 69.289505 5.705075
v  177.804886 69.398521 6.898018
v  184.110748 66.202240 -0.740087
v  173.781845 71.694458 6.441797
v  176.449692 70.465141 6.955199
v  174.890167 71.468040 6.906502
v  174.599274 71.680717 6.957757
v  176.979492 68.270950 5.582380
v  180.717224 58.792427 13.503723
v  181.030060 59.129574 13.702300
v  180.867493 59.897194 13.294295
v  180.052078 60.569675 12.566458
v  178.155426 60.361874 11.366479
v  176.984970 59.400860 10.426324
v  177.207504 58.579876 10.733543
v  179.021271 58.232243 12.340505
v  183.051422 54.500225 20.574980
v  183.029953 54.003853 20.993950
v  183.031082 53.731171 20.986897
v  183.049652 53.305080 20.649908
v  182.254959 53.932945 20.830755
v  182.043091 53.939831 20.614304
v  182.102905 53.822063 20.730852
v  182.308273 53.746758 20.836887
v  182.110504 53.693970 20.634254
v  182.529663 54.711426 20.187702
v  182.117432 54.358128 20.388227
v  182.600250 54.149029 20.812124
v  181.645157 53.983635 20.057264
v  181.706909 54.409199 19.886013
v  182.633179 53.853741 20.974167
v  182.671967 53.561340 20.817467
v  182.352051 53.365166 20.518274
v  182.707550 53.114475 20.379728
v  181.813049 53.555168 20.178076
v  182.059586 53.232170 20.131971
v  181.456345 53.472309 19.508463
v  181.289383 53.905521 19.395367
v  182.126389 53.876427 20.738928
v  182.155533 53.775795 20.743170
v  182.563446 54.439419 20.495613
v  181.864944 54.174286 20.238829
v  182.616943 53.970310 20.918894
v  182.649231 53.735786 20.917440
v  182.692093 53.328365 20.594303
v  182.078278 53.459198 20.373619
v  181.534164 53.727875 19.769781
v  176.166428 57.964699 10.695381
v  174.168228 59.075680 8.784064
v  173.148407 60.095978 6.943807
v  172.901779 60.345081 5.103154
v  172.639053 59.301739 4.342800
v  172.763153 58.724503 5.776494
v  173.938599 57.953209 7.960847
v  175.837875 57.589809 10.287585
v  177.653992 57.148891 12.347110
v  178.811249 56.229050 14.392121
v  179.488464 55.322010 16.330364
v  180.022339 54.592560 18.053949
v  180.487320 54.161690 18.954617
v  180.620483 54.166508 19.199280
v  180.559845 54.165943 19.139238
v  180.132889 54.630718 18.340458
v  179.632980 55.508381 16.670702
v  179.074692 56.528370 14.767775
v  178.095978 57.360737 12.766089
v  176.603485 58.328316 10.572798
v  174.607712 59.596714 8.840252
v  173.679504 60.609146 7.117732
v  173.324783 60.661716 4.840825
v  172.944138 59.013321 3.733547
v  181.110687 54.256668 19.282852
v  180.658463 54.902889 18.383587
v  180.169525 55.758694 16.712360
v  180.933884 53.868252 18.842607
v  180.379593 54.287476 17.708389
v  179.798386 54.969448 15.983650
v  179.626465 56.750603 14.758028
v  178.632721 57.582436 12.663026
v  179.040146 55.838261 14.016833
v  177.823502 56.739777 11.938609
v  176.109619 57.213860 9.870742
v  174.261826 57.526745 7.501039
v  173.061478 58.199093 5.274606
v  181.134445 54.013355 19.276003
v  180.349472 54.296116 18.876953
v  179.780182 54.985558 17.424397
v  179.235336 55.895290 15.575630
v  178.454361 56.860962 13.600345
v  176.972748 57.528580 11.561069
v  174.919098 58.101028 9.464198
v  173.313568 58.978649 7.395178
v  172.706696 59.706478 5.369993
v  175.279129 58.719315 9.748436
v  173.764542 59.974628 8.056753
v  173.202774 60.686150 6.016855
v  172.865234 59.879524 4.222281
v  172.678482 58.715977 4.474525
v  173.321686 58.006062 6.538608
v  174.937073 57.511871 8.899437
v  176.835556 57.253963 11.137023
v  178.344696 56.546890 13.180060
v  179.271210 55.589729 15.201073
v  179.869339 54.797768 17.069736
v  180.429428 54.187073 18.520704
v  180.759460 54.041874 19.155027
v  180.820404 54.129093 19.281538
v  180.595810 54.407272 18.937094
v  180.098007 55.154427 17.622524
v  179.601868 56.134964 15.778476
v  178.939316 57.096306 13.801211
v  177.456985 57.760166 11.723531
v  180.050018 54.610561 18.225716
v  179.517334 55.419182 16.518557
v  178.896408 56.386284 14.603087
v  177.832596 57.255894 12.582771
v  175.960709 57.779842 10.527156
v  173.994705 58.505741 8.407339
v  172.887741 59.411739 6.386508
v  175.092728 58.481579 9.712112
v  173.533005 59.639965 7.895182
v  172.954803 60.366726 5.880245
v  172.725647 59.852379 4.599469
v  172.592606 59.035107 4.821302
v  173.224213 58.325287 6.839482
v  174.845795 57.730549 9.136621
v  176.802765 57.425602 11.338192
v  178.315353 56.720791 13.373039
v  179.187317 55.756290 15.377820
v  179.756653 54.934559 17.244265
v  180.296692 54.306450 18.671585
v  180.536484 54.171658 19.111757
v  180.575638 54.155071 19.165661
v  180.384644 54.311306 18.892448
v  179.880920 55.037159 17.569620
v  179.375000 56.020126 15.731859
v  178.685318 56.990437 13.777479
v  177.218262 57.629333 11.730259
v  176.369171 58.133244 10.693550
v  174.367279 59.384415 8.883573
v  173.405746 60.429272 7.133382
v  173.057938 60.545654 4.972047
v  172.725128 59.137947 3.990617
v  172.847672 58.385498 5.449193
v  174.042313 57.680267 7.688519
v  175.904404 57.408916 10.078358
v  177.667740 56.977264 12.146979
v  178.870163 56.054546 14.207977
v  179.590103 55.169464 16.157160
v  180.143402 54.468369 17.879889
v  180.655930 54.032433 18.942396
v  180.804977 54.113113 19.256800
v  180.772430 54.177589 19.232243
v  180.346283 54.745533 18.386946
v  179.853302 55.623276 16.723938
v  179.313309 56.641354 14.804329
v  178.355591 57.468479 12.774218
v  175.509399 58.932766 9.664098
v  174.021561 60.170967 8.039919
v  173.486511 60.854183 5.965114
v  180.921722 54.542637 18.960262
v  180.409531 55.306931 17.612108
v  181.160278 54.121288 19.339506
v  180.683533 54.014267 18.368250
v  180.091873 54.607079 16.895620
v  179.920105 56.255634 15.755242
v  179.237411 57.198574 13.722271
v  179.460800 55.382572 15.020862
v  178.499664 56.316608 12.978706
v  177.014328 57.030266 10.926866
v  177.710587 57.913998 11.594226
v  175.154510 57.346161 8.697924
v  173.540390 57.836567 6.371639
v  173.106003 59.873684 4.002469
v  172.890915 58.537910 4.250560
v  181.069580 53.894211 19.117575
v  180.168304 54.453648 18.487112
v  180.410461 54.232944 18.934618
v  180.518753 54.192596 19.113436
v  180.462357 54.205444 19.044252
v  180.220215 54.439133 18.612638
v  179.625183 55.164085 16.887777
v  179.889633 54.782307 17.757135
v  179.949127 54.798805 17.917645
v  179.692932 55.227432 17.063562
v  179.028870 56.064003 14.990065
v  179.349655 55.595173 15.953623
v  179.434616 55.709293 16.137774
v  179.145889 56.213673 15.185021
v  178.071838 57.010368 12.973464
v  178.620544 56.551880 13.993103
v  178.789108 56.703201 14.203801
v  178.293289 57.133770 13.198650
v  177.555588 57.448738 12.177341
v  176.589920 57.715145 11.142961
v  176.386353 57.585140 10.935004
v  177.321152 57.356758 11.955591
v  174.385361 58.037998 8.732080
v  175.369202 57.783684 9.858787
v  175.523972 58.078163 10.117059
v  174.508942 58.552464 9.111543
v  172.989777 58.841309 6.578061
v  173.566925 58.405327 7.631482
v  173.709305 59.077209 8.148122
v  173.182709 59.575035 7.195683
v  172.891663 59.949875 6.168576
v  172.798233 60.118862 5.207918
v  172.625916 59.463196 4.708177
v  172.681320 59.203617 5.548179
v  175.920364 58.506466 10.166091
v  174.897949 59.158909 9.285968
v  174.694397 58.933468 9.298078
v  175.715073 58.308151 10.222122
v  174.143280 59.797295 8.469823
v  173.683167 60.317211 7.623337
v  173.440521 60.090118 7.563782
v  173.923065 59.561825 8.438120
v  173.421066 60.686195 6.585713
v  173.256821 60.757893 5.431634
v  173.023911 60.564545 5.484753
v  173.164246 60.465340 6.536309
v  173.074432 60.291164 4.458382
v  172.881607 59.442013 3.898728
v  172.715546 59.525555 4.191863
v  172.877655 60.205051 4.662700
v  172.777878 58.824528 4.023700
v  172.818268 58.454918 4.821127
v  172.666702 58.681309 5.064913
v  172.624954 59.005856 4.311436
v  173.142670 58.104370 5.899705
v  173.752213 57.743877 7.015233
v  173.587891 57.944408 7.223567
v  172.984665 58.328129 6.111198
v  174.570999 57.499096 8.192873
v  175.515137 57.370316 9.399031
v  175.357178 57.553581 9.605278
v  174.406342 57.682076 8.403059
v  176.465744 57.240208 10.517529
v  177.340271 57.022129 11.539366
v  177.232300 57.232510 11.742148
v  176.328690 57.437180 10.721221
v  178.092621 56.663509 12.561480
v  178.695801 56.194878 13.600438
v  178.584320 56.397240 13.790545
v  177.995346 56.873764 12.759667
v  179.164444 55.715248 14.617569
v  179.529266 55.275509 15.596209
v  179.374329 55.461376 15.770517
v  179.030563 55.909077 14.798807
v  179.831970 54.883827 16.535217
v  180.111343 54.539146 17.404663
v  179.926834 54.704605 17.579710
v  179.660339 55.060123 16.708689
v  180.402283 54.232658 18.141119
v  180.679749 54.007320 18.700102
v  180.460098 54.162121 18.806437
v  180.204346 54.389103 18.309816
v  180.859268 53.945896 19.042234
v  180.936798 54.011810 19.213333
v  180.667847 54.127739 19.201271
v  180.604050 54.096565 19.070282
v  180.975174 54.109161 19.305590
v  180.969711 54.146378 19.307909
v  180.674698 54.129189 19.226887
v  180.694168 54.149445 19.239082
v  180.857254 54.326782 19.141012
v  180.626480 54.639141 18.697611
v  180.348938 54.501717 18.675835
v  180.569962 54.239105 19.086571
v  180.369568 55.017879 18.027323
v  180.125153 55.452103 17.183743
v  179.850311 55.317883 17.168209
v  180.096573 54.874573 18.012651
v  179.880936 55.939201 16.252102
v  179.614960 56.448803 15.284096
v  179.335968 56.334541 15.286797
v  179.603546 55.816410 16.240978
v  179.291016 56.929367 14.282370
v  178.822174 57.346584 13.250670
v  178.550034 57.242226 13.301919
v  179.012909 56.823517 14.306891
v  178.070496 57.680511 12.196959
v  177.043213 58.010986 11.145640
v  176.813934 57.846092 11.226547
v  177.813812 57.554047 12.272491
v  180.163086 54.437523 18.396387
v  180.302658 54.322647 18.760586
v  180.194702 54.446552 18.564337
v  180.025665 54.611282 18.144140
v  180.504974 54.165611 19.032694
v  180.451691 54.220905 19.023783
v  180.408066 54.214127 18.857372
v  180.598831 54.166283 19.186594
v  180.478333 54.210655 19.065407
v  180.581955 54.164692 19.166386
v  180.486420 54.215000 19.055599
v  180.351013 54.296749 18.869974
v  180.561539 54.149258 19.154644
v  180.082138 54.610256 18.290310
v  180.262939 54.455860 18.648928
v  179.624527 55.122684 16.795742
v  179.757263 54.966591 17.335545
v  179.649429 55.195633 16.980034
v  179.490555 55.373695 16.424416
v  179.912903 54.789375 17.843216
v  179.888016 54.758183 17.667177
v  180.005997 54.824909 17.977146
v  179.820129 55.005138 17.505236
v  179.565338 55.462948 16.604250
v  179.757156 55.266071 17.129885
v  179.011246 55.988991 14.889307
v  179.197586 55.826237 15.475985
v  179.075623 56.140869 15.093401
v  178.838379 56.306988 14.496101
v  179.381058 55.653492 16.050913
v  179.344452 55.533970 15.858136
v  179.507141 55.762016 16.204378
v  179.296509 55.961071 15.665080
v  178.978546 56.462402 14.698392
v  179.232468 56.277477 15.253108
v  178.008179 56.948612 12.858814
v  178.367371 56.790108 13.484257
v  178.170792 57.072113 13.092618
v  177.725586 57.202766 12.462399
v  178.692825 56.629215 14.104574
v  178.580963 56.477493 13.885155
v  178.897293 56.767448 14.276005
v  178.564728 56.929047 13.703502
v  177.960800 57.307640 12.690631
v  178.422806 57.189255 13.274830
v  177.687881 57.497780 12.251656
v  177.093369 57.576164 11.661320
v  177.428528 57.400871 12.073082
v  176.061066 57.876850 10.628298
v  176.478958 57.649242 11.046975
v  176.705154 57.777924 11.209126
v  176.329285 57.516556 10.823230
v  176.870972 57.479294 11.448670
v  175.882431 57.680527 10.407954
v  177.248291 57.305210 11.842590
v  174.374313 57.825409 8.546016
v  174.865356 57.899536 9.297366
v  174.433197 58.292686 8.931870
v  173.947754 58.204174 8.174373
v  175.435181 57.929390 9.998517
v  175.338943 57.656258 9.721632
v  175.621643 58.206322 10.196092
v  174.999939 58.305130 9.611053
v  174.072632 58.812275 8.623231
v  174.600983 58.776321 9.241441
v  172.958496 58.531330 6.300707
v  173.246490 58.623898 7.100598
v  173.069016 59.208004 6.893496
v  172.800522 59.039417 6.062134
v  173.622131 58.739510 7.898000
v  173.553482 58.126030 7.393080
v  173.815399 59.367065 8.340612
v  173.414383 59.336040 7.676084
v  173.009933 59.782875 6.697263
v  173.313492 59.886250 7.434484
v  173.030518 60.262608 6.406950
v  172.822906 60.066021 5.655795
v  172.768829 59.577011 5.866050
v  172.817245 60.150082 4.862904
v  172.695282 59.797207 4.939292
v  172.915222 60.387066 5.420454
v  172.600189 59.178993 4.503217
v  172.625305 59.342255 5.080640
v  172.663300 59.534794 4.417246
v  172.644012 58.887302 5.264771
v  176.040970 58.613716 10.103169
v  175.385559 58.824074 9.715531
v  175.811890 58.406063 10.208714
v  176.480804 58.228249 10.641645
v  174.477310 59.490788 8.871781
v  174.790146 59.053272 9.307152
v  175.023712 59.268677 9.243627
v  175.183945 58.611343 9.750602
v  174.267197 59.257030 8.861108
v  176.265442 58.045712 10.713898
v  174.278137 59.899490 8.445152
v  173.882980 60.074669 8.059866
v  174.029556 59.694443 8.472546
v  173.532516 60.522511 7.138758
v  173.560501 60.221489 7.616621
v  173.826935 60.407810 7.606139
v  173.651276 59.842613 8.011272
v  173.281174 60.299725 7.078168
v  173.571991 60.769539 6.559853
v  173.333771 60.774967 6.002757
v  173.290588 60.594048 6.586164
v  173.175522 60.607349 4.908658
v  173.130676 60.678024 5.467741
v  173.410065 60.828846 5.382367
v  173.080704 60.561367 5.987326
v  172.966858 60.454914 5.039079
v  173.217102 60.320229 4.372200
v  172.970108 59.876289 4.108468
v  172.962830 60.257645 4.548313
v  172.819092 59.074284 3.860368
v  172.783798 59.481098 4.025679
v  173.010803 59.408699 3.779000
v  172.784882 59.874920 4.372755
v  172.664764 59.217781 4.158223
v  172.900558 58.742386 3.905492
v  172.769623 58.626427 4.357340
v  172.685425 58.902943 4.150029
v  172.939423 58.289490 5.356186
v  172.728043 58.549709 4.925869
v  172.939529 58.363625 4.727233
v  172.616928 58.838528 4.623406
v  172.785980 58.517548 5.579904
v  173.265427 58.018227 5.820902
v  173.416763 57.917332 6.451467
v  173.048950 58.197945 5.986826
v  174.138870 57.599819 7.593899
v  173.655777 57.827911 7.105530
v  173.874832 57.668774 6.928677
v  173.255020 58.130566 6.659257
v  173.973907 57.789207 7.804438
v  174.692856 57.423866 8.095694
v  175.034332 57.427605 8.799448
v  174.472931 57.580482 8.290438
v  175.997070 57.312885 9.976380
v  175.418488 57.460133 9.499901
v  175.633163 57.280544 9.296485
v  174.871811 57.608799 9.007985
v  175.847031 57.501972 10.180752
v  176.573349 57.132126 10.412459
v  176.915268 57.145462 11.034187
v  176.378769 57.342861 10.619802
v  177.735504 56.862957 12.044910
v  177.267746 57.134300 11.641727
v  177.434189 56.900833 11.433126
v  176.793350 57.350147 11.237582
v  177.636871 57.075127 12.246087
v  178.179337 56.540543 12.456238
v  178.412155 56.436478 13.081262
v  178.026749 56.776123 12.661768
v  178.945786 55.950535 14.113866
v  178.624863 56.302017 13.696803
v  178.785675 56.079189 13.499279
v  178.309647 56.643345 13.275545
v  178.822998 56.148602 14.299464
v  179.262756 55.606392 14.522464
v  179.357162 55.489941 15.111741
v  179.083572 55.817101 14.709081
v  179.685730 55.073250 16.070578
v  179.438110 55.373756 15.683656
v  179.637100 55.170513 15.506568
v  179.212296 55.680046 15.288999
v  179.521576 55.254864 16.243502
v  179.947800 54.782780 16.447405
v  179.972336 54.706207 16.982470
v  179.732285 54.978001 16.621849
v  180.253250 54.381641 17.793579
v  180.004913 54.628323 17.491913
v  180.233673 54.443047 17.316702
v  179.793945 54.877205 17.157177
v  180.062210 54.542339 17.967072
v  180.532394 54.141163 18.057482
v  180.548065 54.103989 18.444593
v  180.288467 54.317345 18.224611
v  180.786621 53.952606 18.900166
v  180.555725 54.088985 18.761217
v  180.820358 53.920330 18.629364
v  180.340775 54.258362 18.595100
v  180.552704 54.105675 18.958624
v  181.013306 53.864967 18.999533
v  180.906250 53.969490 19.141397
v  180.720627 54.022739 19.068775
v  180.958435 54.066643 19.269535
v  180.785675 54.073311 19.213058
v  181.107864 53.945457 19.206169
v  180.637909 54.108829 19.148443
v  180.687042 54.148205 19.231976
v  181.153198 54.074978 19.322302
v  180.978806 54.125366 19.314209
v  180.816879 54.136738 19.280079
v  180.934036 54.212029 19.261515
v  180.808960 54.127884 19.276226
v  181.148331 54.174339 19.331638
v  180.687698 54.133648 19.234316
v  180.642883 54.162327 19.189104
v  181.032806 54.388042 19.156372
v  180.751633 54.473133 18.950089
v  180.699295 54.275856 19.118841
v  180.495529 54.821716 18.388729
v  180.475021 54.566624 18.690788
v  180.792816 54.717018 18.698973
v  180.468704 54.351913 18.916660
v  180.221710 54.679207 18.372013
v  180.532166 55.099007 18.019266
v  180.246719 55.228344 17.621899
v  180.221313 54.941963 18.027285
v  180.003601 55.689388 16.723049
v  179.975662 55.382095 17.183897
v  180.289902 55.525833 17.174793
v  179.973114 55.088562 17.606794
v  179.727432 55.561558 16.708193
v  180.048279 56.003513 16.240276
v  179.752869 56.194542 15.772243
v  179.729996 55.876728 16.254702
v  179.462524 56.695744 14.787608
v  179.464386 56.392029 15.294778
v  179.781647 56.505936 15.262789
v  179.474533 56.076256 15.766966
v  179.183655 56.585518 14.800303
v  179.451004 56.981232 14.245389
v  179.082870 57.147160 13.769551
v  179.143875 56.877224 14.306240
v  178.490753 57.524654 12.727227
v  178.681992 57.294312 13.290779
v  178.969955 57.399178 13.194699
v  178.806961 57.043800 13.807393
v  178.224548 57.412815 12.791844
v  178.204849 57.747810 12.125962
v  177.580688 57.835499 11.666929
v  177.940674 57.615498 12.250729
v  176.925720 57.925152 11.201624
v  177.167084 58.102097 11.071226
v  177.336899 57.690033 11.748862
v  173.287018 70.462173 5.023305
v  176.582565 69.897766 6.453698
v  175.191895 65.338554 5.122287
v  177.177704 66.097565 6.143459
v  174.418732 66.981178 4.250054
v  173.835419 69.015694 4.376498
v  177.776062 67.476524 6.205614
v  177.198441 68.937180 6.193573
v  175.134979 70.921844 6.451702
v  174.202850 70.708603 5.671850
v  176.452850 67.257568 5.230918
v  175.698792 69.031387 5.132292
v  173.523346 69.891815 4.716725
v  173.720062 70.529037 5.285983
v  175.957718 70.320892 6.366282
v  176.767136 69.550735 6.281416
v  176.304459 65.633408 5.782092
v  174.743134 66.066208 4.602868
v  177.632355 66.747566 6.190696
v  176.694107 66.534767 5.601237
v  175.506271 67.034706 4.793494
v  174.272034 67.981850 4.214287
v  174.816132 68.957428 4.712637
v  177.537857 68.248878 6.131762
v  177.213638 67.471359 5.673456
v  176.490112 69.088699 5.646090
v  174.776123 70.801498 6.070495
v  175.019348 69.879112 5.362142
v  176.191498 68.146461 5.065292
v  176.896927 65.447472 6.295436
v  178.166351 66.662514 6.549981
v  177.844055 68.123627 6.453671
v  177.395432 69.197983 6.513684
v  176.227341 70.273529 6.522465
v  174.595673 71.412025 6.617717
v  173.982254 71.404053 6.243876
v  173.244507 71.095154 5.549990
v  172.822876 70.284203 4.602012
v  173.533997 67.990417 3.828482
v  173.710464 66.184486 3.825481
v  174.449371 64.401497 4.837933
v  176.889297 65.447800 6.289870
v  177.982224 66.617203 6.521971
v  177.841232 68.078392 6.493598
v  177.307892 69.202774 6.512224
v  176.171280 70.309441 6.581017
v  174.728088 71.259689 6.550734
v  173.967590 71.362770 6.200300
v  173.287109 71.030334 5.517057
v  172.952820 70.097282 4.617095
v  173.450134 68.045914 3.914212
v  173.784515 66.175308 3.954002
v  174.695801 64.756409 4.923107
v  173.179886 70.219322 4.769110
v  173.668106 70.183853 4.987539
v  173.111191 70.617699 5.056345
v  173.389267 70.710045 5.282788
v  176.267609 70.195007 6.484088
v  176.299942 69.956657 6.258602
v  176.747665 69.831482 6.579032
v  176.926743 69.568825 6.437782
v  176.192810 65.409882 5.817740
v  175.482162 65.735382 5.183904
v  174.445358 65.271965 4.601510
v  174.516968 65.808281 4.511980
v  175.571426 65.036636 5.487142
v  176.499405 66.058823 5.700199
v  177.465744 66.013885 6.392426
v  176.869415 65.682365 6.163363
v  177.669067 66.455467 6.301856
v  177.212891 66.539703 5.957080
v  175.101135 66.520515 4.702089
v  174.867508 67.478447 4.439748
v  173.894241 67.044785 3.964082
v  174.062134 67.631660 4.075367
v  174.280807 66.384079 4.219046
v  173.391556 69.094444 4.257790
v  173.380920 69.726868 4.548918
v  173.866241 68.332268 4.117503
v  174.550842 68.488388 4.444725
v  174.108292 69.414581 4.670847
v  177.951538 67.419380 6.416341
v  177.885483 66.938110 6.321722
v  177.765945 67.960358 6.291229
v  177.438766 67.880234 5.896821
v  177.514252 67.141846 5.983688
v  176.588852 69.412300 5.996837
v  177.094925 68.665253 5.887869
v  177.478592 68.762344 6.381875
v  177.559158 68.465523 6.291302
v  177.126709 69.245232 6.334819
v  175.422089 70.539902 6.208118
v  175.321671 70.887016 6.548820
v  175.783554 70.539726 6.487844
v  174.576782 71.252701 6.446998
v  174.623505 71.075409 6.278407
v  173.815125 71.066635 5.818744
v  174.312912 70.984634 5.994900
v  173.715652 70.783623 5.499445
v  174.302963 70.235733 5.311964
v  174.953094 70.354568 5.731283
v  176.119598 66.711555 5.198716
v  176.925247 67.019691 5.567625
v  176.757950 67.787552 5.354221
v  175.883652 67.593468 4.896032
v  176.384766 68.649452 5.322009
v  175.778290 69.502510 5.474356
v  174.972244 69.417397 5.018502
v  175.528717 68.536964 4.845267
v  173.211166 70.026802 4.648976
v  173.395569 70.193733 4.867622
v  173.040878 70.415108 4.858232
v  173.983429 70.196167 5.137181
v  173.495941 70.483101 5.143363
v  173.881226 69.823494 4.826326
v  173.249924 70.724709 5.226424
v  173.507324 70.786240 5.404194
v  176.063461 70.348289 6.485216
v  176.280792 70.100922 6.394397
v  176.469254 70.071754 6.561101
v  176.379684 69.729599 6.103135
v  176.650269 69.754440 6.368154
v  175.882385 70.209030 6.178699
v  176.932114 69.649773 6.567894
v  177.063339 69.401482 6.407479
v  176.621857 65.524162 6.075855
v  175.789200 65.482178 5.489883
v  176.003510 65.293755 5.727610
v  175.258499 66.099358 4.918135
v  174.956238 65.699333 4.848760
v  176.021179 65.868576 5.481247
v  174.907333 64.988670 5.014395
v  174.457214 65.622444 4.516862
v  174.295227 66.088348 4.284392
v  176.721390 65.837257 5.964881
v  176.902695 66.288177 5.854842
v  176.275101 66.345543 5.427959
v  177.621826 66.263870 6.356539
v  177.147430 65.803764 6.296432
v  177.850601 66.672661 6.348344
v  177.436630 66.449944 6.159062
v  177.024277 66.730705 5.737711
v  177.419052 66.820869 6.000880
v  175.628738 66.586365 4.973258
v  174.980209 66.983795 4.540701
v  174.625839 66.470284 4.436059
v  174.733368 67.986145 4.405768
v  174.398422 67.509178 4.230574
v  175.389893 67.514000 4.672362
v  174.078598 66.642990 4.061784
v  173.975540 67.404243 4.024085
v  173.917435 67.975204 4.042631
v  173.647308 68.610809 4.137626
v  173.352402 69.525276 4.437022
v  173.701797 69.510574 4.566855
v  174.125626 68.457466 4.273923
v  175.052780 68.493950 4.635706
v  174.335968 68.965904 4.537769
v  174.550659 69.396240 4.831292
v  177.854141 67.750931 6.357572
v  177.979095 67.119949 6.408858
v  177.722153 67.076759 6.181938
v  177.699280 68.213692 6.314565
v  177.656738 67.896133 6.140130
v  177.128677 67.860054 5.611877
v  177.513062 67.496239 5.936983
v  177.297791 68.277412 5.877898
v  177.240814 67.127228 5.756163
v  176.181107 69.503593 5.735734
v  176.852814 69.044800 5.929233
v  176.923370 69.297134 6.203382
v  177.365707 68.594315 6.137305
v  176.761581 68.682106 5.595942
v  177.306351 69.041901 6.360768
v  177.525543 68.584267 6.337647
v  175.579193 70.597496 6.394950
v  174.982544 70.858734 6.268190
v  175.235214 70.434074 5.967196
v  174.913116 71.126961 6.528016
v  175.622635 70.678757 6.536221
v  174.580688 71.173912 6.366313
v  174.415390 71.079964 6.151252
v  173.748962 70.912056 5.633446
v  174.081161 71.039001 5.929424
v  174.556564 70.722435 5.867450
v  173.980942 70.569809 5.441219
v  174.646301 69.833878 5.156319
v  174.626114 70.292389 5.510633
v  175.396088 69.931267 5.596781
v  176.556519 66.864159 5.392196
v  175.999619 67.132889 5.019387
v  176.856613 67.379776 5.442072
v  176.607376 68.220322 5.312165
v  176.341354 67.690826 5.119773
v  175.737396 68.069588 4.835757
v  176.104858 69.075584 5.378736
v  175.973495 68.595009 5.073246
v  175.378860 69.459511 5.232775
v  175.269958 68.985558 4.910645
v  177.606155 65.998993 6.504327
v  178.010788 67.362846 6.503183
v  177.607666 68.644112 6.457592
v  176.802795 69.733780 6.505534
v  175.409119 70.836952 6.558617
v  174.295685 71.394096 6.419672
v  173.612839 71.247566 5.894450
v  173.051132 70.687973 5.081349
v  173.168915 69.138542 4.209426
v  173.629959 67.090324 3.827686
v  174.093475 65.293602 4.339970
v  175.777374 64.928413 5.667738
v  183.110504 54.933231 20.132908
v  183.330719 58.247360 16.149563
v  183.462296 61.684612 13.552068
v  183.569244 64.876656 11.129175
v  184.392166 64.949661 -3.808632
v  174.078217 54.219288 3.751164
v  174.272156 54.296768 2.767913
v  178.306396 66.717773 6.818373
v  172.542648 69.964943 4.875080
v  173.203247 68.025642 3.877648
v  173.056961 71.135399 5.605774
v  176.452377 70.241638 6.763961
v  177.401810 69.261169 6.767184
v  183.164169 55.904999 19.193316
v  182.005264 54.698647 19.943323
v  183.233200 56.926640 17.846470
v  181.308548 54.240894 19.507114
v  183.065842 53.030624 20.355785
v  182.368484 53.097553 20.234692
v  181.748291 53.276840 19.832525
v  181.051956 53.673733 18.825378
v  183.400970 59.347721 15.011297
v  183.436890 60.524220 14.185374
v  179.186584 53.493870 10.153671
v  180.541763 52.797245 10.042686
v  177.866409 53.789715 8.230355
v  180.280273 52.702320 7.958837
v  183.335236 52.217945 7.369840
v  183.498596 63.220684 12.719639
v  176.077545 54.078884 5.925867
v  183.656281 66.351074 9.060180
v  174.256027 64.314522 4.832234
v  183.752731 67.322273 6.757169
v  177.970367 68.092621 6.737306
v  173.544983 66.101929 3.970593
v  173.828583 71.468002 6.381072
v  174.492203 71.504799 6.782123
v  182.528625 54.714794 20.183830
v  181.700180 54.403179 19.882355
v  182.706238 53.114048 20.378946
v  182.054138 53.233784 20.128479
v  181.450516 53.497280 19.514664
v  178.127106 66.528381 6.542865
v  176.206833 70.289696 6.522738
v  174.618057 71.404594 6.624236
v  174.457306 64.398399 4.844513
v  184.184616 52.976307 2.939916
v  184.133881 52.885658 3.070405
v  184.167496 52.887718 3.070977
v  183.472107 52.343033 19.506075
v  183.488129 52.126656 18.903769
v  182.342346 52.184380 18.708487
v  181.162613 58.435070 14.583847
v  175.837646 59.156239 9.790275
v  174.902832 60.850471 8.780720
v  173.785477 61.669579 6.086073
v  174.078827 59.768562 2.465435
v  177.883911 54.046120 2.623000
v  179.523972 67.602943 7.292357
v  178.405426 66.066826 7.215248
v  179.858536 67.004234 3.709793
v  174.722946 63.459759 2.764289
v  175.123703 59.994400 1.463280
v  175.646622 67.150986 3.405832
v  174.896652 58.163677 1.297114
v  172.917389 68.673065 3.928174
v  174.583923 70.884262 5.906157
v  172.831512 70.992439 5.370921
v  182.463058 55.196941 19.673330
v  182.369415 56.279167 18.395475
v  181.459717 54.810665 19.339859
v  181.031372 55.770451 17.925722
v  182.720398 52.823120 20.089575
v  182.060669 52.943142 19.859888
v  181.442383 53.173985 19.227232
v  180.814163 53.502964 18.090256
v  182.767914 52.340679 19.469616
v  182.163834 52.422989 19.186581
v  181.655594 52.557095 18.566248
v  181.168762 52.799629 17.546768
v  182.804932 52.125172 18.867023
v  182.728027 52.050495 18.109413
v  182.082123 52.203873 18.120356
v  181.712723 52.295559 17.145824
v  182.579926 52.082676 17.074396
v  182.470734 52.217285 15.568542
v  181.343002 52.464363 15.629819
v  180.668350 53.086365 15.957278
v  180.228638 53.996044 16.538126
v  182.342880 57.442890 16.766167
v  180.728928 56.814125 16.165794
v  182.294052 58.584881 15.208017
v  180.248871 57.749561 14.244295
v  182.261261 59.697094 14.203515
v  182.054840 60.806793 13.501193
v  179.569016 54.619167 14.581741
v  179.982056 53.488049 13.906762
v  180.815109 52.741753 13.539084
v  179.084579 54.057579 11.750196
v  180.224442 53.025402 11.405334
v  178.606140 55.471180 12.473614
v  177.949005 54.445759 9.588785
v  177.218170 56.087265 10.361505
v  175.495148 56.291729 8.123669
v  182.352814 52.387398 13.484983
v  182.251205 52.427963 11.352002
v  182.115509 52.378635 9.169853
v  178.663788 61.672543 11.534842
v  181.780029 62.168480 12.759634
v  181.705612 63.905880 11.529137
v  178.392120 63.233402 10.331890
v  175.395020 62.285610 8.203746
v  176.400925 54.645344 7.348332
v  173.796509 56.584793 5.775817
v  174.517578 54.808880 5.018414
v  181.653915 65.645279 9.621787
v  178.488327 64.948685 8.502917
v  175.716934 63.815742 6.749570
v  174.267075 62.767868 4.859057
v  172.830994 57.058315 3.678929
v  173.444153 57.419666 2.362927
v  173.060822 55.087318 3.150987
v  174.096222 55.391365 2.275210
v  181.778870 67.020256 7.634959
v  178.756195 67.481346 7.173686
v  181.969727 67.590485 5.862374
v  179.441895 68.024330 6.184862
v  182.104507 67.255890 3.672898
v  178.665421 67.404495 4.421363
v  174.135605 64.653450 3.704578
v  175.554733 64.215591 2.327404
v  176.666580 61.602837 0.596990
v  173.349304 66.817909 3.376512
v  174.079468 66.860626 3.155061
v  177.292419 65.787209 2.818892
v  179.381821 65.561172 1.839655
v  178.947128 63.614727 -0.762235
v  176.825851 68.299309 4.669426
v  178.212158 68.891556 6.424399
v  182.243805 66.329102 0.979248
v  182.256912 65.096703 -1.905622
v  173.306610 69.104927 4.236436
v  175.402679 69.607887 5.163287
v  173.167633 70.994156 5.557592
v  173.418381 71.549072 6.027411
v  175.310730 71.182190 6.789050
v  174.280014 71.680969 6.699428
v  177.032761 69.921486 6.580370
v  178.148804 68.872147 6.904668
v  177.156509 69.916687 6.902834
v  175.588577 71.121201 6.922834
v  176.335205 60.524746 10.102132
v  174.183334 61.155697 3.361873
v  181.050339 58.830887 13.880228
v  181.068726 59.471020 13.694539
v  180.640961 60.428280 13.056034
v  179.114639 60.756699 12.004136
v  177.292725 60.041348 10.749998
v  176.700150 58.892574 10.326838
v  177.899246 58.142952 11.512482
v  179.969360 58.296486 13.150793
v  177.710297 65.879356 6.672665
v  175.441116 70.945381 6.729779
v  175.769852 64.696419 5.747246
v  183.081512 52.763824 20.076010
v  183.112457 52.322155 19.506796
v  183.466522 52.217899 19.203667
v  183.144424 52.113739 18.914602
v  183.186279 52.028625 18.133806
v  183.242264 52.055584 17.083279
v  183.321899 52.191292 15.583539
v  183.431442 52.341980 13.520492
v  183.544830 52.326714 11.394480
v  183.659103 52.225536 9.230240
v  183.931442 67.260124 3.603107
v  184.083862 66.459625 0.867073
v  182.243637 52.183945 18.483948
v  182.516998 52.152588 18.788517
v  182.267044 52.267574 18.867386
v  181.099426 58.653595 14.158408
v  180.928879 58.169758 14.595603
v  181.472244 58.432384 14.898028
v  176.392792 58.935867 10.163856
v  175.763947 59.731377 9.702357
v  175.545410 59.001446 9.642139
v  174.060776 60.247574 8.070847
v  175.568649 60.789440 9.476352
v  175.133133 61.480526 8.627295
v  174.250595 61.927845 6.964591
v  173.927017 62.139038 5.479083
v  173.585526 61.035500 5.960639
v  173.601654 58.651897 2.491533
v  174.129425 60.357101 2.782017
v  174.642868 60.112766 2.060518
v  180.501282 53.786507 2.669867
v  175.359619 54.662674 2.431050
v  179.498001 67.936539 6.883648
v  179.214386 67.556000 7.388461
v  180.244537 67.228394 7.397562
v  178.784302 66.696724 7.305326
v  177.935837 65.882744 6.882336
v  178.438293 65.665680 7.638732
v  179.684021 66.461273 2.876274
v  179.389893 67.166573 4.170259
v  180.626160 67.191055 3.800819
v  174.839096 62.381760 2.959849
v  174.406860 64.133392 3.112497
v  174.818466 63.756943 2.536417
v  175.006500 59.065754 1.227581
v  175.785889 60.704937 1.106284
v  176.382629 66.495049 3.154988
v  174.929337 67.088272 3.278565
v  175.942993 67.733528 3.885687
v  175.350937 57.845371 0.907010
v  174.239914 57.684868 1.877616
v  173.118362 67.830803 3.568708
v  172.860275 68.906601 4.102086
v  174.978973 70.275139 5.545297
v  173.840408 71.015053 5.760892
v  174.961166 71.137398 6.353544
v  173.038864 71.314865 5.673831
v  172.773499 70.932152 5.425214
v  181.869720 55.109852 19.456898
v  182.389252 55.765419 19.055016
v  181.634399 56.101974 18.186171
v  182.366852 56.816692 17.644047
v  181.197876 55.301529 18.670109
v  180.999100 54.586784 18.999266
v  180.472672 55.346184 17.633356
v  180.894760 56.262772 17.089918
v  182.380859 52.840240 19.983337
v  182.738724 52.526726 19.768896
v  182.086105 52.639973 19.543646
v  181.751175 53.000751 19.569244
v  181.126892 53.292912 18.684366
v  181.499603 52.822289 18.924471
v  180.752899 53.899055 18.313858
v  180.512177 53.753357 17.392426
v  180.930359 53.140221 17.849174
v  182.793030 52.216629 19.167749
v  182.446823 52.379574 19.370855
v  181.904205 52.480076 18.919554
v  181.412170 52.661972 18.115290
v  181.872375 52.348656 18.254023
v  180.921890 52.948563 16.835762
v  181.462753 52.500736 17.275478
v  182.790085 52.069447 18.531490
v  182.647675 52.058514 17.616053
v  182.339783 52.111561 18.098671
v  181.892517 52.242672 17.662271
v  181.532471 52.367783 16.492785
v  182.035522 52.164581 17.100029
v  182.522263 52.132320 16.416506
v  182.416641 52.311268 14.575537
v  181.765701 52.307358 15.592345
v  181.025742 52.714947 15.734555
v  181.114700 52.587566 14.622498
v  180.376083 53.523499 16.239866
v  180.367783 53.253502 14.962435
v  180.146210 54.509529 16.850842
v  179.926117 54.272816 15.582961
v  181.481628 57.218262 16.511162
v  182.311768 58.060574 15.909212
v  180.008957 56.305973 15.766924
v  180.520157 57.335773 15.206646
v  182.284439 59.105583 14.643535
v  179.358139 57.269825 13.705612
v  180.023788 58.060410 13.491184
v  182.196503 60.281513 13.844627
v  181.380371 59.520695 13.889090
v  181.003448 60.570332 13.206931
v  181.895676 61.400841 13.144799
v  179.699783 54.010681 14.223913
v  179.512039 55.287415 14.967269
v  179.136734 55.021778 13.543695
v  180.372147 53.057106 13.664330
v  179.543060 53.765110 12.825311
v  180.499542 52.897732 12.448057
v  181.429596 52.523701 13.492124
v  178.565857 54.305447 10.672399
v  179.576813 53.475967 11.524472
v  178.758087 54.731884 12.067554
v  181.094482 52.680882 11.356236
v  178.542236 56.251892 12.929482
v  177.968185 55.860981 11.399952
v  177.477325 55.236736 9.904368
v  177.230774 54.541195 8.493320
v  177.063171 56.976727 10.894048
v  176.386597 56.209183 9.294102
v  175.210297 57.258949 8.646822
v  174.608078 56.399834 6.925498
v  175.860245 55.403946 7.670536
v  182.291946 52.431229 12.380823
v  182.202698 52.402081 10.311270
v  177.365997 61.261658 10.783572
v  178.993576 61.068573 11.895452
v  180.156326 61.918655 12.234476
v  178.379166 62.431759 10.993625
v  181.714951 63.024738 12.254992
v  179.971161 63.668575 10.988419
v  181.703659 64.791969 10.630991
v  178.495926 64.076851 9.509624
v  176.886887 62.725502 9.442951
v  175.614548 63.110451 7.564984
v  175.485138 54.741943 6.179765
v  174.083771 55.578743 5.329120
v  173.574997 57.728703 6.298053
v  173.168381 56.817989 4.688590
v  173.654953 54.902512 3.957970
v  179.898209 65.477722 9.073895
v  181.647827 66.405495 8.594580
v  177.164597 64.307846 7.765234
v  175.744003 64.348305 6.046889
v  174.626328 63.378090 5.688279
v  174.446167 63.611900 4.264519
v  174.236618 62.009789 4.086982
v  172.880753 57.259438 2.893088
v  172.848083 55.901039 3.318153
v  172.916107 58.375546 4.121528
v  173.610413 56.276768 2.233123
v  173.063599 55.267063 2.614556
v  175.723526 55.523907 2.006902
v  181.923355 67.429550 6.735953
v  178.475296 68.273422 6.978698
v  181.998886 67.527756 4.875309
v  180.414154 67.752693 6.002911
v  179.206924 67.854881 5.318413
v  178.792480 68.408028 6.339458
v  182.208008 66.832764 2.335517
v  177.975632 66.700401 3.561844
v  177.781235 67.764862 4.554269
v  173.666870 65.759560 3.374630
v  174.720215 65.588516 2.739617
v  176.525055 64.881416 2.353067
v  176.307068 62.841148 1.685932
v  177.728302 62.601517 -0.034772
v  176.813660 60.465355 -0.684099
v  173.480438 66.707832 3.158897
v  173.610779 68.031761 3.632553
v  178.326294 65.362900 2.382040
v  180.610626 66.006660 1.343743
v  179.084091 64.531067 0.617494
v  180.420456 64.492653 -1.435886
v  178.887024 62.748257 -2.226427
v  175.976807 68.935081 4.845414
v  177.755508 68.719856 5.573987
v  177.647995 69.411888 6.487605
v  178.303253 68.899696 6.905506
v  182.247223 65.746323 -0.431224
v  182.262955 64.411362 -3.412509
v  173.165848 70.093544 4.904357
v  174.204407 69.312653 4.546616
v  176.480087 69.851395 5.901726
v  173.317429 71.508858 5.983713
v  173.867340 71.659416 6.408039
v  174.520370 71.652405 6.773777
v  175.542496 71.120476 6.966478
v  176.278717 70.492516 6.689943
v  174.780594 71.536140 6.868735
v  177.197098 69.902328 6.926075
v  177.719284 69.387741 6.895009
v  176.449463 70.499474 6.917490
v  175.491348 71.039978 6.843575
v  176.985077 60.220932 10.560663
v  173.149017 59.915947 3.894017
v  181.105591 59.071560 13.882480
v  181.009949 58.957043 13.714364
v  180.728714 58.633968 13.646683
v  180.930328 59.976704 13.396203
v  180.994934 59.472076 13.545632
v  180.081207 60.720215 12.615788
v  180.592422 60.306026 12.982896
v  178.082581 60.525356 11.347567
v  179.131012 60.580986 11.988879
v  176.805496 59.447598 10.354082
v  177.433426 59.922825 10.807328
v  177.047760 58.442528 10.715316
v  176.875641 58.933929 10.381659
v  177.792160 57.976906 11.545144
v  178.959656 58.049404 12.427522
v  178.007889 58.312618 11.478493
v  179.993576 58.478947 13.031475
v  177.605881 65.974854 6.518345
v  176.960403 65.276306 6.422431
v  175.411728 70.847610 6.573394
v  175.779358 64.923828 5.670694
v  183.138382 55.424248 19.687681
v  183.194107 56.384567 18.584000
v  183.242401 53.058746 20.378920
v  183.280823 57.585682 16.977636
v  183.371780 58.811733 15.514789
v  183.423141 59.933411 14.567973
v  183.449097 61.076763 13.865595
v  183.477753 62.417290 13.201080
v  183.529892 64.048683 12.012059
v  183.611496 65.653625 10.145093
v  183.915634 52.491772 5.481486
v  183.700989 66.924164 7.901067
v  183.811203 67.481323 5.740577
v  184.305161 65.568565 -2.290502
v  173.399307 54.338173 3.113956
v  178.404724 53.729507 2.798463
v  172.895660 69.144516 4.182076
v  172.803146 70.714043 5.194889
v  182.245605 54.727654 20.049376
v  182.813812 54.821098 20.159445
v  181.511414 54.327305 19.699469
v  181.841110 54.577961 19.898748
v  182.887726 53.058079 20.360008
v  182.533691 53.095711 20.305536
v  182.213303 53.151459 20.178900
v  181.900528 53.243076 19.984352
v  181.602829 53.368340 19.677628
v  181.272095 53.560257 19.207079
v  179.967896 53.140465 10.405192
v  178.533997 53.667034 9.329475
v  180.546280 52.690849 9.133349
v  182.011765 52.355999 7.979560
v  177.034698 53.944241 7.088539
v  175.029282 54.149391 4.771677
v  178.173706 67.373230 6.781942
v  173.886734 65.107681 4.419703
v  173.377396 67.019852 3.808810
v  173.429123 71.353302 6.034297
v  174.219498 71.511002 6.654373
v  177.729187 68.711876 6.740550
v  176.902664 69.807571 6.780447
v  178.264023 66.470001 6.870737
v  176.282379 70.375313 6.713794
v  174.625381 71.548950 6.814037
v  174.128540 64.237198 5.160352
v  184.338211 53.005226 2.970707
v  184.339706 53.009544 2.942640
v  183.456635 55.853687 19.205784
v  183.413773 54.791641 20.202396
v  183.527817 56.829750 17.855564
v  183.614822 58.237366 15.997972
v  183.651566 59.243599 14.883590
v  183.706314 60.466785 14.094391
v  183.738159 61.542587 13.514466
v  183.781830 63.168308 12.774729
v  183.877213 64.880814 11.122190
v  184.005692 66.418915 9.055319
v  184.155472 67.467339 6.751852
v  184.254471 67.548416 4.836685
v  184.481064 66.122963 -0.635224
v  184.640289 64.854401 -3.707312
v  183.381805 54.161079 20.863550
v  183.396576 54.458195 20.555603
v  183.378265 53.976990 20.968029
v  183.376862 53.857838 21.020475
v  183.383698 53.736591 20.960621
v  183.389725 53.561569 20.857197
v  183.415146 53.113522 20.415546
v  183.402710 53.329353 20.632936
v  184.346069 52.940670 3.069304
v  184.345383 52.918243 3.083035
v  183.458694 52.528145 19.806225
v  183.441650 52.824608 20.126963
v  183.416245 53.112339 20.414255
v  183.439453 52.840263 20.143433
v  183.466599 52.217899 19.202547
v  183.528091 52.070782 18.572441
v  183.516556 52.106472 18.777428
v  183.491806 52.127113 18.902758
v  183.550369 52.047695 18.154711
v  183.576782 52.051044 17.664145
v  183.642136 52.120056 16.456882
v  183.606339 52.072140 17.118315
v  183.687943 52.204010 15.617035
v  183.740509 52.294182 14.634592
v  183.796631 52.359005 13.547352
v  183.852432 52.384247 12.445035
v  183.903427 52.356758 11.420648
v  183.955399 52.306328 10.388008
v  184.014389 52.262932 9.257603
v  184.100037 52.296791 7.602107
v  184.202789 52.514301 5.608474
v  184.225861 52.609165 5.112940
v  184.300552 67.259933 3.654236
v  184.365616 66.886154 2.304685
v  184.240356 67.486717 4.828744
v  184.559814 66.054634 -0.563562
v  184.433014 66.432480 0.920359
v  184.227127 67.542114 5.110755
v  184.222397 67.530479 5.229291
v  184.592758 65.923141 -0.974509
v  184.599991 65.841980 -1.311388
v  184.183701 60.539951 14.196351
v  184.155334 59.325439 15.022641
v  183.790359 59.243862 14.890991
v  183.815247 60.466988 14.100200
v  184.404465 66.410683 9.147408
v  184.031082 66.418961 9.056673
v  184.123154 67.467278 6.750129
v  184.500229 67.442963 6.744222
v  184.605347 67.526863 4.798621
v  184.228073 67.548363 4.835279
v  185.142456 64.950836 -3.770747
v  184.969070 66.203857 -0.694320
v  184.590012 66.123169 -0.629415
v  184.763153 64.854630 -3.700761
v  194.736877 54.306576 4.871233
v  196.066040 54.702087 3.638803
v  184.553986 52.977001 2.959611
v  190.230865 53.842678 8.949172
v  187.885574 52.712418 8.368576
v  187.078339 52.674797 10.637407
v  188.837875 53.634850 10.975030
v  192.293579 54.185871 6.828840
v  188.927505 52.854378 5.990524
v  184.432297 52.003315 8.081078
v  183.799683 54.501633 20.614880
v  183.783859 54.200977 20.924505
v  183.441772 54.161194 20.866747
v  183.458725 54.458309 20.558916
v  183.778351 54.005264 21.033855
v  183.775589 53.867939 21.090738
v  183.431137 53.857941 21.023369
v  183.434875 53.977097 20.971046
v  183.779007 53.732578 21.026777
v  183.785141 53.542957 20.917620
v  183.436829 53.561657 20.859709
v  183.431152 53.736679 20.963152
v  183.797974 53.306488 20.689810
v  183.815155 52.999981 20.378502
v  183.460190 53.113605 20.417950
v  183.448639 53.329437 20.635386
v  184.566559 53.937302 20.954014
v  184.617935 54.082653 20.853125
v  184.800232 53.945023 20.761320
v  184.704391 53.881283 20.876390
v  184.936066 53.798744 20.658981
v  184.728790 53.827011 20.870869
v  184.541626 53.844200 20.994553
v  184.513611 53.750912 20.954479
v  184.675323 53.780540 20.877529
v  184.731995 53.698910 20.774036
v  184.498978 53.604786 20.860777
v  184.358887 54.714870 20.285238
v  184.935471 54.762917 20.070650
v  184.748764 54.363083 20.528534
v  184.293564 54.442677 20.587866
v  184.224396 54.152088 20.898727
v  183.836807 54.930058 20.172131
v  185.254959 53.990437 20.249746
v  185.016403 54.180222 20.406870
v  185.210175 54.415798 20.072813
v  185.616745 54.303627 19.751398
v  184.197128 53.973286 21.003153
v  184.175537 53.856647 21.056408
v  184.154739 53.564133 20.896532
v  184.166046 53.738644 20.998320
v  184.505386 53.369221 20.633095
v  184.159332 53.331131 20.672539
v  184.519989 53.070992 20.342501
v  184.167587 53.117226 20.457581
v  185.076782 53.561317 20.352102
v  185.172699 53.234539 20.014389
v  184.837769 53.237404 20.280107
v  184.792633 53.464314 20.518354
v  185.502991 53.479935 19.724237
v  185.396866 53.735149 19.975746
v  185.679398 53.913792 19.629450
v  185.932251 53.606754 19.136833
v  187.079315 54.605850 18.430239
v  186.903534 54.450218 18.755800
v  186.888641 54.466309 18.845451
v  187.066360 54.624546 18.519564
v  186.741928 54.318592 19.015255
v  186.726456 54.334751 19.103113
v  186.667633 54.308018 19.213850
v  186.854202 54.459099 18.919434
v  187.033463 54.623718 18.598085
v  186.522827 54.173058 19.276440
v  186.496948 54.176899 19.352196
v  186.601105 54.244606 19.264713
v  186.611771 54.225815 19.188166
v  186.457184 54.182812 19.427460
v  186.550674 54.232395 19.348991
v  186.364365 54.177326 19.505552
v  186.387253 54.177185 19.495241
v  186.474548 54.203819 19.431009
v  186.406189 54.175663 19.476944
v  186.412582 54.166065 19.476896
v  186.519791 54.222034 19.387547
v  186.431061 54.177002 19.452303
v  186.512772 54.226353 19.376934
v  186.537949 54.216892 19.368214
v  186.427811 54.160309 19.467443
v  186.630951 54.323074 19.225513
v  186.666855 54.308647 19.206747
v  186.938782 54.643539 18.703362
v  186.994659 54.623280 18.658897
v  186.823730 54.451572 18.964750
v  186.777328 54.468132 18.996284
v  187.790695 55.337650 16.773052
v  187.606674 55.137722 17.221363
v  187.596085 55.179104 17.312799
v  187.778442 55.389305 16.866339
v  187.428314 54.949013 17.653332
v  187.417877 54.981022 17.744022
v  187.385574 54.999886 17.829927
v  187.562042 55.210537 17.401949
v  187.741623 55.434673 16.957090
v  187.242111 54.796158 18.149181
v  187.253387 54.772060 18.059912
v  187.209793 54.803123 18.232300
v  187.102859 54.838280 18.355564
v  187.165833 54.812401 18.302450
v  187.269775 55.051079 17.963606
v  187.337189 55.019299 17.906059
v  187.610123 55.523411 17.096058
v  187.684616 55.478245 17.037184
v  187.509796 55.242157 17.480371
v  187.438721 55.280544 17.539478
v  188.666794 56.247616 14.917636
v  188.415955 56.006706 15.390782
v  188.387436 56.081631 15.489079
v  188.628464 56.325428 15.018126
v  188.189804 55.773251 15.857848
v  188.168900 55.843140 15.954350
v  188.120499 55.912029 16.049402
v  188.329666 56.158302 15.586843
v  188.559082 56.404484 15.118319
v  187.967773 55.611408 16.413157
v  187.983322 55.550243 16.318777
v  187.925980 55.669586 16.506544
v  187.783875 55.777611 16.645708
v  187.863281 55.725170 16.587204
v  187.964554 56.036304 16.189869
v  188.049927 55.977558 16.131828
v  188.363770 56.545868 15.263083
v  188.466995 56.480278 15.204332
v  188.249786 56.230820 15.670457
v  188.156219 56.294285 15.728938
v  190.031494 57.172207 13.007099
v  189.625656 56.970497 13.478278
v  189.549927 57.031990 13.585496
v  189.947830 57.225792 13.114109
v  189.266403 56.741421 13.956968
v  189.202576 56.810520 14.062009
v  189.103470 56.881023 14.168174
v  189.438629 57.093338 13.693439
v  189.828430 57.278492 13.222410
v  188.897629 56.571239 14.541096
v  188.948746 56.497025 14.437984
v  188.813614 56.648281 14.644233
v  188.591553 56.785709 14.792919
v  188.707047 56.721886 14.732643
v  188.854507 57.009594 14.319718
v  188.982513 56.948673 14.258996
v  189.546661 57.382305 13.376660
v  189.689285 57.329735 13.316014
v  189.305313 57.154514 13.785831
v  189.168228 57.209496 13.847795
v  190.006622 57.520985 12.908513
v  190.146255 57.472454 12.848697
v  190.528534 57.654408 12.439986
v  190.660248 57.601723 12.384728
v  190.791016 57.554611 12.297882
v  190.283859 57.425087 12.758551
v  191.683197 57.993931 11.522762
v  191.795425 57.906490 11.467281
v  191.215439 57.742695 11.922819
v  191.093582 57.805027 11.976342
v  191.906311 57.809879 11.377403
v  191.336227 57.677231 11.839191
v  192.054657 57.620358 11.152292
v  191.509338 57.545151 11.632657
v  191.440445 57.613499 11.737715
v  191.997192 57.710884 11.267221
v  190.984131 57.452316 12.094366
v  190.904358 57.505730 12.196955
v  190.403290 57.381401 12.653153
v  190.487946 57.330151 12.548552
v  194.189194 57.991360 9.040644
v  193.694214 57.861805 9.576186
v  193.662643 58.074314 9.759978
v  194.156448 58.242245 9.251936
v  193.162964 57.765053 10.113324
v  193.125778 57.933933 10.271043
v  193.053848 58.135189 10.431175
v  193.592880 58.328781 9.953497
v  194.083862 58.543587 9.478528
v  192.565536 57.816078 10.775725
v  192.610687 57.688793 10.642591
v  192.484528 57.961510 10.907619
v  192.277054 58.237694 11.084188
v  192.383072 58.109921 11.016015
v  192.853409 58.515038 10.659143
v  192.957077 58.338959 10.568560
v  193.869125 59.112793 9.834551
v  193.982269 58.849781 9.684848
v  193.497482 58.588234 10.124044
v  193.391312 58.811718 10.243374
v  195.587357 58.767498 6.993520
v  195.338104 58.573486 7.494027
v  195.276352 58.883293 7.766420
v  195.518646 59.082214 7.273504
v  195.017380 58.366341 8.001533
v  194.966354 58.664814 8.258739
v  194.866974 59.019249 8.544443
v  195.162643 59.249622 8.071567
v  195.396027 59.454140 7.586689
v  194.592087 58.444935 8.752580
v  194.631851 58.165737 8.517015
v  194.507599 58.778851 9.011649
v  194.266006 59.405590 9.431075
v  194.393066 59.116173 9.251017
v  194.593140 59.679638 9.018146
v  194.735535 59.376205 8.812964
v  195.074997 60.137283 8.112970
v  195.240082 59.824749 7.882613
v  195.016083 59.616165 8.359877
v  194.859467 59.926838 8.583353
v  195.248703 60.304462 7.591662
v  195.413284 59.992298 7.369469
v  195.379593 60.408970 7.075974
v  195.535751 60.108810 6.866884
v  195.683044 59.749760 6.595132
v  195.569000 59.619965 7.081795
v  195.515045 60.387680 6.308933
v  195.625381 60.193047 6.079073
v  195.607712 60.161831 6.424159
v  195.467773 60.429550 6.622995
v  195.745575 59.895744 5.826932
v  195.739838 59.840618 6.168068
v  195.861053 59.345486 5.581037
v  195.883087 59.222855 5.744702
v  195.834656 59.506916 5.945707
v  195.828156 59.578430 5.652437
v  195.857346 59.078934 6.061819
v  195.796112 59.385902 6.316148
v  195.691208 59.246960 6.775105
v  195.759628 58.930847 6.497336
v  191.260269 58.355927 11.354323
v  191.868469 58.643532 10.947119
v  191.982101 58.536724 11.022531
v  191.375305 58.256310 11.435846
v  192.442520 58.964664 10.567000
v  192.560593 58.856426 10.631334
v  192.663315 58.752064 10.675391
v  192.085815 58.436722 11.076468
v  191.481155 58.161713 11.499349
v  193.424194 59.632160 9.843579
v  193.550903 59.526718 9.888819
v  193.089859 59.193176 10.255992
v  192.968903 59.302483 10.200495
v  193.659454 59.420757 9.912266
v  193.195190 59.087944 10.288541
v  193.291809 58.968498 10.289724
v  193.761826 59.293755 9.900596
v  192.758133 58.644447 10.687688
v  191.582458 58.074566 11.530628
v  192.181015 58.339169 11.100115
v  193.792786 59.936253 9.485707
v  193.924637 59.834557 9.524600
v  194.089966 60.208775 9.110002
v  194.225998 60.112991 9.144590
v  194.344467 60.013393 9.154111
v  194.037811 59.732136 9.539421
v  194.526505 60.648418 8.229331
v  194.670761 60.562332 8.265886
v  194.470200 60.356369 8.731737
v  194.328720 60.446430 8.699330
v  194.797714 60.469566 8.274039
v  194.593231 60.261108 8.738123
v  194.718643 60.130203 8.698369
v  194.927948 60.340504 8.232412
v  194.462433 59.881817 9.120959
v  194.147858 59.599922 9.516541
v  194.692123 60.809326 7.686015
v  194.839767 60.726543 7.727796
v  194.840042 60.894409 7.103721
v  194.988220 60.815762 7.157410
v  195.117310 60.727432 7.185377
v  194.969788 60.634888 7.742136
v  195.121140 60.702778 6.003044
v  195.262543 60.648960 6.086375
v  195.125534 60.799088 6.597713
v  194.978119 60.869476 6.532413
v  195.372955 60.587692 6.161922
v  195.247421 60.719688 6.647044
v  195.352188 60.606609 6.675335
v  195.456726 60.497280 6.238278
v  195.242294 60.603115 7.169021
v  195.101212 60.506664 7.706027
v  195.279327 60.361790 5.548596
v  195.412140 60.333244 5.649468
v  195.430786 59.915737 5.192865
v  195.554642 59.918835 5.312715
v  195.646790 59.922440 5.437033
v  195.513672 60.300125 5.750763
v  195.623566 59.056046 4.942854
v  195.734192 59.117451 5.082241
v  195.666565 59.484936 5.113662
v  195.550964 59.451160 4.980881
v  195.813538 59.181442 5.221732
v  195.750183 59.524361 5.250286
v  195.800201 59.569038 5.422778
v  195.855438 59.261467 5.394790
v  195.710724 59.918110 5.595201
v  195.586380 60.247829 5.873569
v  195.649643 58.785240 5.118512
v  195.758743 58.867821 5.249080
v  195.623291 58.580734 5.462690
v  195.732208 58.669685 5.581745
v  195.810043 58.759552 5.707940
v  195.836929 58.946556 5.384508
v  195.346069 58.241074 6.462860
v  195.458420 58.331913 6.556938
v  195.635162 58.497902 6.037764
v  195.524918 58.406170 5.931525
v  195.539398 58.428246 6.659155
v  195.713379 58.593010 6.151487
v  195.759109 58.724812 6.296240
v  195.586349 58.560497 6.795660
v  195.854950 58.882301 5.862498
v  195.879517 59.049660 5.551410
v  195.085876 58.059330 6.984406
v  195.199234 58.145920 7.075800
v  194.754593 57.876534 7.502817
v  194.868713 57.957741 7.595322
v  194.953659 58.046810 7.692062
v  195.282791 58.239826 7.172373
v  193.918304 57.563774 8.549156
v  194.030426 57.637287 8.654552
v  194.475876 57.782917 8.120255
v  194.363434 57.707367 8.021165
v  194.116058 57.718082 8.758885
v  194.561844 57.867294 8.220278
v  194.616348 57.984024 8.344841
v  194.171341 57.827255 8.881400
v  195.006638 58.171543 7.819092
v  195.333008 58.370228 7.302850
v  193.426880 57.459160 9.094625
v  193.537430 57.534824 9.204196
v  192.904099 57.379597 9.644362
v  193.012482 57.461475 9.758074
v  193.098236 57.546082 9.867823
v  193.624252 57.616558 9.311620
v  191.830185 57.243477 10.708990
v  191.930496 57.342903 10.825978
v  192.470871 57.402256 10.303140
v  192.364746 57.312061 10.188642
v  192.011429 57.439259 10.937213
v  192.555908 57.492416 10.413698
v  192.605301 57.586075 10.524979
v  192.057220 57.532509 11.045108
v  193.151230 57.643234 9.982676
v  193.678116 57.718380 9.430664
v  191.311783 57.159893 11.198339
v  191.407211 57.268356 11.314234
v  190.819000 57.056271 11.662955
v  190.905640 57.171818 11.780178
v  190.973557 57.280594 11.890885
v  191.482422 57.371315 11.425155
v  189.907913 56.762539 12.582972
v  189.983643 56.886032 12.698003
v  190.429794 57.046787 12.237321
v  190.348160 56.925159 12.121722
v  190.039749 57.000572 12.806676
v  190.490601 57.159206 12.346793
v  190.514801 57.257530 12.450394
v  190.059525 57.098530 12.908485
v  191.004471 57.376915 11.995344
v  191.521088 57.465801 11.531306
v  189.499817 56.561871 13.059866
v  189.574387 56.685139 13.173708
v  189.126572 56.336628 13.545352
v  189.202240 56.456806 13.656608
v  189.258392 56.567448 13.761998
v  189.628784 56.797977 13.280409
v  188.480576 55.856045 14.520213
v  188.563644 55.968655 14.626707
v  188.865891 56.214039 14.142725
v  188.787720 56.098030 14.032606
v  188.628448 56.072929 14.728307
v  188.925781 56.321423 14.246065
v  188.955765 56.416779 14.343568
v  188.665268 56.167145 14.824271
v  189.282715 56.664017 13.860648
v  189.649231 56.895718 13.381073
v  188.206314 55.623241 14.999351
v  188.293549 55.732445 15.104349
v  187.957245 55.398575 15.473907
v  188.050217 55.506317 15.575270
v  188.125824 55.606411 15.673217
v  188.363861 55.834579 15.203922
v  187.520737 54.983994 16.395420
v  187.623138 55.088200 16.493814
v  187.828384 55.291142 16.038731
v  187.731079 55.185760 15.938152
v  187.708633 55.184757 16.590054
v  187.909363 55.389713 16.135357
v  187.963211 55.477558 16.228491
v  187.767273 55.270397 16.683176
v  188.174698 55.696926 15.766889
v  188.406677 55.926739 15.298759
v  187.323563 54.796673 16.840694
v  187.429016 54.898136 16.940306
v  187.133301 54.620342 17.271084
v  187.242538 54.719902 17.370129
v  187.335342 54.811832 17.467836
v  187.518570 54.992668 17.037025
v  186.761993 54.299500 18.048710
v  186.878204 54.394123 18.146832
v  187.060059 54.552235 17.775181
v  186.948135 54.455696 17.674728
v  186.977921 54.481243 18.244318
v  187.156281 54.641792 17.873238
v  187.224289 54.718353 17.968822
v  187.049103 54.555500 18.339624
v  187.400711 54.891537 17.562782
v  187.580566 55.075043 17.131010
v  186.573471 54.152542 18.379602
v  186.693604 54.244511 18.476583
v  186.390625 54.025017 18.672564
v  186.516876 54.115231 18.762861
v  186.626434 54.198746 18.851139
v  186.797592 54.329609 18.571690
v  186.091797 53.877968 19.117636
v  186.231781 53.962864 19.190510
v  186.359116 54.018017 19.002935
v  186.227173 53.930515 18.917665
v  186.356949 54.043175 19.246384
v  186.475647 54.100136 19.076878
v  186.565643 54.173622 19.131996
v  186.457581 54.116798 19.273481
v  186.706406 54.270355 18.934526
v  186.871902 54.401665 18.665342
v  185.996155 53.874355 19.265226
v  186.144470 53.955853 19.324051
v  185.927536 53.903362 19.376610
v  186.087128 53.979248 19.417650
v  186.231369 54.052181 19.446798
v  186.279221 54.033211 19.365170
v  185.845749 54.022228 19.527218
v  186.021240 54.076180 19.539494
v  186.048935 54.021442 19.485920
v  185.879868 53.954445 19.460621
v  186.175003 54.123230 19.543139
v  186.199005 54.083508 19.501707
v  186.317215 54.138382 19.502506
v  186.294785 54.158768 19.530991
v  186.352676 54.119595 19.453165
v  186.394699 54.107471 19.379049
v  185.821945 54.083771 19.571249
v  186.000595 54.118626 19.573553
v  185.812912 54.130051 19.587591
v  185.996033 54.134819 19.581736
v  186.156982 54.139145 19.566093
v  186.160614 54.146805 19.565018
v  185.867737 54.265633 19.536507
v  186.045807 54.221661 19.534084
v  186.005646 54.155865 19.576433
v  185.825424 54.183147 19.581030
v  186.209747 54.187832 19.522169
v  186.168930 54.137981 19.562029
v  186.307678 54.139801 19.527246
v  186.343201 54.173065 19.493055
v  186.293945 54.144207 19.533251
v  186.286942 54.159981 19.537298
v  185.958130 54.397320 19.418997
v  186.134552 54.336723 19.422407
v  186.088852 54.552368 19.235783
v  186.259323 54.483509 19.243767
v  186.415894 54.418236 19.247431
v  186.294159 54.286396 19.417170
v  186.410583 54.913723 18.690300
v  186.572357 54.833164 18.712757
v  186.409988 54.650036 19.005997
v  186.244156 54.727287 18.989647
v  186.721222 54.757542 18.726868
v  186.561569 54.578087 19.015333
v  186.688782 54.513657 19.013885
v  186.846939 54.691689 18.725283
v  186.544647 54.363358 19.240641
v  186.426331 54.250137 19.398842
v  186.574173 55.110390 18.341438
v  186.735306 55.029873 18.366755
v  186.738617 55.318851 17.949585
v  186.899765 55.240879 17.976652
v  187.047852 55.167519 17.993101
v  186.882996 54.954510 18.382498
v  187.071243 55.771694 17.080372
v  187.235352 55.703011 17.108660
v  187.066391 55.465179 17.553860
v  186.903259 55.538292 17.527430
v  187.384964 55.637463 17.125540
v  187.215286 55.395737 17.569925
v  187.341843 55.331993 17.567671
v  187.512024 55.576221 17.123281
v  187.173950 55.102127 17.990755
v  187.008835 54.887596 18.381226
v  187.241089 56.017063 16.623810
v  187.406464 55.953381 16.653378
v  187.419174 56.269760 16.155106
v  187.583878 56.209293 16.189806
v  187.733582 56.150284 16.212072
v  187.556519 55.891472 16.672024
v  187.815338 56.766029 15.194674
v  187.975403 56.711781 15.241529
v  187.771957 56.464169 15.719041
v  187.608276 56.520679 15.680119
v  188.122192 56.657948 15.274035
v  187.920761 56.407959 15.745687
v  188.049500 56.350956 15.751417
v  188.251755 56.602600 15.283829
v  187.861649 56.092056 16.214180
v  187.683929 55.831631 16.671839
v  188.043442 56.997417 14.703552
v  188.198792 56.946148 14.757348
v  188.310638 57.215664 14.206071
v  188.459457 57.164825 14.269526
v  188.599030 57.114502 14.316284
v  188.342758 56.894554 14.796741
v  189.023087 57.602009 13.217058
v  189.157639 57.544750 13.296004
v  188.773102 57.365330 13.781271
v  188.631927 57.417381 13.709893
v  189.287247 57.489075 13.357113
v  188.908417 57.313576 13.836070
v  189.038651 57.261986 13.861190
v  189.415878 57.433895 13.388585
v  188.730179 57.062496 14.336516
v  188.473099 56.841339 14.811325
v  189.505020 57.769100 12.728507
v  189.631317 57.702290 12.813403
v  190.052414 57.937248 12.252314
v  190.174133 57.859222 12.338433
v  190.291382 57.784344 12.407884
v  189.754929 57.637756 12.880685
v  190.763321 58.036835 11.877220
v  190.647720 58.127491 11.790038
v  190.874512 57.951427 11.945397
v  190.983307 57.872784 11.982083
v  190.408356 57.714657 12.445855
v  189.878983 57.576775 12.915828
v  189.835953 66.612389 7.505636
v  190.178696 68.218140 7.430098
v  190.427979 68.147331 7.124669
v  190.102768 66.685005 7.186452
v  190.642929 69.336128 7.552504
v  190.863632 69.223358 7.231832
v  191.846939 70.458160 7.690549
v  192.020126 70.303276 7.364565
v  193.587387 71.716492 7.970236
v  194.454987 71.733406 7.544125
v  194.277847 71.442284 7.326073
v  193.628128 71.447884 7.632560
v  195.399857 71.383278 6.826166
v  195.086349 71.136299 6.714635
v  196.030243 70.398949 5.777993
v  195.609436 70.327133 5.817031
v  195.369736 67.984779 4.848114
v  194.993240 68.030846 4.972727
v  195.189209 66.096756 4.810076
v  194.824875 66.224266 4.951339
v  194.188477 63.972271 5.895961
v  193.989197 64.438309 5.879830
v  195.479340 70.139717 5.818247
v  195.219330 70.068260 5.822491
v  195.236923 70.260872 5.945230
v  195.364944 70.457161 6.048591
v  194.902237 69.932091 5.856685
v  195.012100 70.234451 6.020253
v  195.102478 70.503265 6.186543
v  194.133163 69.847336 6.036838
v  194.398911 70.234627 6.225770
v  194.728394 70.223534 6.110511
v  194.534988 69.862404 5.927620
v  194.643707 70.568459 6.401668
v  194.881882 70.523392 6.283699
v  195.047745 71.071327 6.677372
v  195.329987 70.729942 6.269296
v  195.273193 70.659447 6.238062
v  195.116776 70.765900 6.392403
v  194.841705 70.826431 6.541781
v  194.972275 70.750702 6.433632
v  192.069504 70.339394 7.428738
v  192.186752 70.378662 7.344938
v  191.984451 70.224617 7.322138
v  191.776245 70.100586 7.377296
v  192.304642 70.351692 7.237929
v  191.981247 70.130493 7.231573
v  191.675644 69.926193 7.258487
v  192.492065 70.005066 6.774298
v  191.915283 69.758865 6.931520
v  191.977188 69.986191 7.094540
v  192.399918 70.240143 7.059442
v  191.511749 69.578514 7.067625
v  191.617966 69.782639 7.166257
v  190.950821 69.228477 7.239689
v  191.451767 69.761375 7.286643
v  191.498413 69.859268 7.365568
v  191.316864 69.676865 7.334914
v  191.204376 69.428123 7.161504
v  191.336334 69.595970 7.206126
v  191.404785 65.475143 7.063861
v  191.693176 65.552559 6.879484
v  192.147675 65.439934 6.668481
v  192.345932 65.324539 6.599016
v  192.039612 65.663048 6.621117
v  192.583588 65.513809 6.385390
v  193.217133 65.372513 6.083424
v  192.610016 66.225571 6.100924
v  193.169754 66.133102 5.873195
v  192.920456 65.768227 6.113745
v  192.352386 65.899338 6.352055
v  193.715851 66.101952 5.614526
v  193.479172 65.734230 5.836435
v  194.737610 66.214783 5.071257
v  194.392685 65.331841 5.422359
v  194.015060 65.308830 5.645001
v  194.010956 65.659286 5.559501
v  193.733780 64.792274 5.938245
v  193.512863 65.023720 6.006474
v  194.194992 66.125839 5.345481
v  193.951370 65.844887 5.548256
v  192.578522 64.960060 6.563605
v  192.802094 65.069099 6.405911
v  191.852890 66.087746 6.518873
v  192.103790 66.375366 6.271972
v  191.604843 65.865295 6.758492
v  191.131149 66.123848 6.887481
v  191.434570 66.315552 6.629706
v  191.668015 66.562981 6.399673
v  190.667130 66.023598 7.200760
v  190.818588 66.039040 7.104422
v  191.146088 65.830139 7.042864
v  190.289001 66.640388 7.178190
v  190.666275 66.288445 7.052093
v  191.437134 65.709808 6.940139
v  190.438126 66.696373 7.019534
v  190.624390 66.479874 6.992656
v  190.671616 66.772133 6.885972
v  190.870712 66.475250 6.875391
v  191.105835 66.914787 6.571753
v  191.324478 66.757645 6.500223
v  191.114319 66.565895 6.698329
v  190.903610 66.846275 6.719901
v  192.793930 66.618698 5.888536
v  193.347610 66.554893 5.675024
v  192.933136 67.067535 5.722724
v  193.483276 67.018654 5.527318
v  194.072479 67.018196 5.298027
v  193.848694 66.506500 5.461056
v  193.203583 68.044785 5.574954
v  193.739288 68.021950 5.419198
v  193.604218 67.513748 5.438821
v  193.059921 67.547287 5.614559
v  194.218399 68.019424 5.277862
v  194.092773 67.546280 5.280711
v  195.067291 68.086632 5.066877
v  194.901291 67.130394 4.961910
v  194.624176 67.083839 5.069439
v  194.535599 67.442978 5.120383
v  194.431992 66.681328 5.147063
v  194.589249 68.014145 5.144887
v  194.443192 67.670052 5.162121
v  194.215179 66.421631 5.281981
v  195.311432 69.180252 5.390103
v  195.085068 69.135307 5.414526
v  195.103333 69.566254 5.596820
v  194.845367 68.650742 5.267943
v  194.631393 69.054871 5.485375
v  195.062302 69.767708 5.705007
v  194.742172 69.550209 5.688765
v  194.630859 68.371384 5.224709
v  194.355835 68.495583 5.352634
v  193.395355 68.528503 5.613764
v  193.914764 68.524864 5.477243
v  193.620728 68.992851 5.715331
v  194.116730 69.003166 5.592515
v  194.327286 69.452667 5.748960
v  193.870438 69.432632 5.861456
v  190.259781 67.385925 7.156321
v  190.327728 67.442696 7.076262
v  190.302246 67.143166 7.065949
v  190.426712 68.102104 7.164678
v  190.429581 67.774620 7.028116
v  190.524399 67.500534 6.885377
v  190.405273 66.961693 6.989299
v  190.582031 67.100983 6.867649
v  190.586395 68.237968 7.001729
v  190.523544 67.984390 6.971487
v  190.766205 68.273796 6.837121
v  190.648438 67.920601 6.832870
v  191.379730 68.298080 6.350226
v  191.229813 67.886612 6.363774
v  190.891113 67.905571 6.614124
v  191.031799 68.303284 6.610219
v  191.140244 67.497589 6.416047
v  190.814392 67.521294 6.646233
v  190.809586 67.166893 6.692618
v  191.105713 67.153351 6.495464
v  192.152664 69.533684 6.587365
v  191.719788 69.440804 6.803645
v  191.856491 69.117645 6.465452
v  191.465912 69.072327 6.708429
v  191.094528 68.963356 6.934537
v  191.365646 69.324341 6.973469
v  191.230988 68.691879 6.641628
v  191.593414 68.710045 6.386801
v  190.935486 68.619881 6.860869
v  190.660660 68.668701 7.153600
v  190.796616 68.787430 7.092016
v  190.755295 68.609184 7.043081
v  190.969070 69.067642 7.089288
v  190.727249 68.490334 6.993448
v  191.149689 69.271645 7.082548
v  192.853241 70.572739 7.137578
v  193.065079 70.467659 6.917915
v  192.676941 70.629700 7.306632
v  193.111374 70.955711 7.410234
v  193.282700 70.893204 7.243986
v  193.509186 70.836792 7.069375
v  192.827728 70.869766 7.487407
v  192.915543 70.920158 7.486955
v  192.618423 70.710770 7.442466
v  193.504166 71.295059 7.551907
v  193.323090 71.161636 7.509667
v  192.464066 70.571152 7.377279
v  193.947540 71.431114 7.467544
v  193.665665 71.288658 7.464850
v  194.297211 71.401070 7.284311
v  193.670654 71.209869 7.384222
v  193.858246 71.116585 7.187980
v  193.637802 71.111229 7.292282
v  194.682907 71.287262 7.017943
v  194.490509 71.105583 6.921192
v  194.214310 71.076927 7.002959
v  194.576584 70.951294 6.744011
v  194.121948 70.746124 6.733971
v  193.977112 71.021675 7.043429
v  193.749390 70.758591 6.890845
v  194.624420 70.823013 6.614337
v  194.367645 70.608215 6.528274
v  193.739120 69.869843 6.174381
v  194.062439 70.272957 6.365574
v  193.346130 69.913635 6.339357
v  193.719788 70.328354 6.528740
v  193.370972 70.389267 6.713356
v  192.946381 69.964333 6.532593
v  192.281403 66.742004 6.060492
v  191.825821 66.892921 6.206382
v  191.944580 67.286751 6.056964
v  192.418198 67.163818 5.894854
v  191.439941 67.047035 6.341573
v  191.520187 67.407402 6.223960
v  191.778671 68.248901 6.121125
v  191.626099 67.815567 6.147017
v  192.218719 68.176651 5.919892
v  192.065628 67.720451 5.958219
v  192.544891 67.624855 5.784439
v  192.694931 68.101532 5.739962
v  191.997360 68.678864 6.154500
v  192.268036 69.106033 6.240585
v  192.698181 69.063416 6.038730
v  192.432953 68.626015 5.950892
v  192.580978 69.534164 6.370304
v  193.003998 69.492714 6.172579
v  193.431244 69.452171 6.002768
v  193.148315 69.019241 5.863950
v  192.899658 68.569687 5.771516
v  184.590897 52.886517 3.094774
v  184.379822 52.940735 3.071103
v  184.379120 52.918304 3.084834
v  183.845795 52.494240 19.818624
v  183.483887 52.528191 19.807570
v  183.465607 52.824654 20.128239
v  183.829346 52.765232 20.115887
v  183.814178 53.032036 20.395687
v  183.465988 52.840313 20.144848
v  183.636063 53.059490 20.399910
v  183.860779 52.323566 19.546698
v  183.503174 52.343094 19.507730
v  183.876022 52.207733 19.264877
v  183.541351 52.218040 19.207657
v  183.892746 52.115147 18.954504
v  183.552094 52.126778 18.907179
v  183.911743 52.054031 18.600033
v  183.547806 52.070820 18.573492
v  183.537338 52.106510 18.778536
v  183.934479 52.030033 18.173700
v  183.570160 52.047733 18.155766
v  183.960968 52.034222 17.677818
v  183.596054 52.051079 17.665173
v  184.025894 52.106888 16.457386
v  183.659195 52.120090 16.457790
v  183.624634 52.072174 17.119289
v  183.990433 52.056992 17.123173
v  184.070221 52.192699 15.623440
v  183.702637 52.204041 15.617818
v  184.121933 52.282448 14.647358
v  183.754501 52.294209 14.635338
v  184.180115 52.343388 13.560411
v  183.814087 52.359035 13.548283
v  184.238693 52.362762 12.458337
v  183.875732 52.384289 12.446277
v  184.293518 52.328125 11.434401
v  183.934052 52.356815 11.422279
v  184.348740 52.272148 10.403678
v  183.992386 52.306396 10.389980
v  184.410416 52.226952 9.270302
v  184.054092 52.263008 9.259720
v  184.930313 52.220947 7.454892
v  184.144852 52.296875 7.604496
v  184.552994 52.492973 5.515471
v  184.253860 52.514400 5.611197
v  184.753448 66.900848 2.291261
v  184.681534 67.261543 3.643104
v  184.309082 67.259949 3.654691
v  184.389313 66.886200 2.305948
v  184.471191 66.432549 0.922395
v  184.823929 66.461021 0.906535
v  184.987091 52.304401 18.760891
v  184.833954 52.188824 18.622068
v  184.711929 52.188847 18.834837
v  184.769577 52.272289 19.000826
v  184.610336 52.120171 18.616781
v  184.529877 52.156380 18.895847
v  184.526016 52.243916 19.151020
v  186.158615 58.902275 14.501862
v  186.407349 58.663593 14.441436
v  186.300095 58.444748 14.857787
v  185.958832 58.440834 15.137261
v  186.742203 58.444160 14.280763
v  186.532257 58.180313 14.894385
v  186.042435 57.896191 15.754979
v  191.225952 58.395844 11.302271
v  191.510971 58.964348 10.969983
v  192.101883 59.186878 10.657513
v  192.408783 59.033211 10.541324
v  191.444946 59.566544 10.955939
v  192.182343 59.762306 10.577815
v  193.394165 59.730968 9.841989
v  194.466736 60.751575 8.254303
v  194.047394 60.285225 9.136569
v  193.132370 60.884815 9.752749
v  192.917328 61.514027 9.575579
v  192.396591 60.821140 10.373647
v  191.294098 61.880707 10.798566
v  193.969986 61.964993 8.016063
v  194.526855 61.708652 7.192041
v  194.741394 61.075352 7.088706
v  193.828903 62.743839 7.427451
v  194.448914 62.177700 6.573347
v  195.029144 60.879280 5.933976
v  194.491180 58.899731 3.037206
v  195.103226 58.692402 3.638035
v  194.627335 59.807270 3.561116
v  194.108261 60.149437 3.098447
v  195.632309 58.935970 4.768543
v  194.541138 60.395554 3.870405
v  193.484924 61.844055 3.193402
v  191.288132 54.687325 3.045463
v  188.242081 53.801086 3.082620
v  190.848602 54.070541 3.314300
v  193.376663 54.696613 3.391750
v  184.557404 52.888451 3.091768
v  190.313278 53.751942 3.433448
v  194.423492 54.334728 3.842417
v  187.855865 67.623436 7.156151
v  188.738403 67.953941 7.376363
v  188.670364 67.620171 7.780059
v  187.944107 67.242897 7.808116
v  189.317657 68.340485 7.584627
v  188.968155 67.574371 7.908549
v  188.520996 66.569504 8.412283
v  189.407867 66.716736 7.871792
v  189.796539 66.088280 7.822642
v  189.720322 65.686935 8.240310
v  189.934753 66.739677 7.438417
v  190.299561 65.906036 7.541591
v  190.974457 65.115410 7.612370
v  188.022552 66.691132 2.996300
v  188.985138 66.478798 3.372226
v  188.720932 67.020927 4.182352
v  187.947281 67.204849 4.191194
v  189.726196 66.457855 3.854997
v  189.137329 67.184937 4.690010
v  188.239532 67.620628 5.420649
v  193.808990 62.417496 3.971356
v  193.941223 63.495960 3.789041
v  193.869370 63.792831 3.552244
v  193.918259 63.055885 4.571339
v  194.215958 64.170715 4.168753
v  194.656052 65.296036 3.957345
v  192.932663 59.253227 1.007818
v  193.839203 59.101231 2.231773
v  193.694122 60.029385 2.453487
v  193.070984 60.737499 2.027956
v  191.572525 67.186638 4.527041
v  192.238022 66.524918 4.000425
v  192.940704 67.183571 4.327983
v  192.592789 67.764893 4.773484
v  193.019165 66.037407 3.763421
v  193.667679 67.123573 4.277727
v  193.850571 68.334801 4.957201
v  193.944412 58.199558 2.312773
v  194.537506 57.723103 2.959919
v  193.535400 57.879627 1.876637
v  193.722534 56.531559 2.606057
v  195.430695 67.888618 4.728808
v  195.434738 67.872849 4.758657
v  195.593185 68.715782 5.137288
v  195.630585 68.949501 5.316238
v  195.316742 68.067299 5.056778
v  195.586014 69.187256 5.391965
v  195.860245 70.008873 6.118415
v  192.471893 70.485519 7.017642
v  193.365311 70.309776 6.525689
v  193.717453 70.920303 6.926390
v  193.293823 71.171936 7.331073
v  194.422623 70.212723 6.220641
v  194.471710 71.053917 6.860989
v  194.257477 71.693459 7.480105
v  195.266754 71.177231 6.790039
v  195.276825 71.356758 6.859598
v  195.516434 71.035172 6.580520
v  195.564407 70.756920 6.408559
v  195.326813 71.307961 6.938385
v  195.568573 70.975090 6.640687
v  185.310120 55.619186 19.052069
v  185.091293 55.115921 19.628677
v  184.477982 55.200737 19.780771
v  184.614975 55.769611 19.173695
v  184.906326 54.704113 20.098013
v  184.655960 54.732193 20.177900
v  184.360306 54.718243 20.281498
v  184.078934 54.823483 20.226904
v  183.786316 54.934505 20.168941
v  183.804108 55.425503 19.723177
v  183.829239 55.906250 19.228777
v  185.593536 56.634052 17.620663
v  185.456680 56.109177 18.389982
v  184.702927 56.283562 18.519903
v  184.783356 56.821243 17.772898
v  183.862457 56.385826 18.619638
v  183.899979 56.927895 17.882023
v  185.842270 55.310280 18.917757
v  185.512543 54.818302 19.555964
v  186.349533 54.955887 18.712421
v  186.007599 54.596218 19.266327
v  185.647202 54.249065 19.738459
v  185.424713 54.334675 19.908133
v  185.217285 54.409805 20.069893
v  185.074753 54.584049 20.071171
v  186.996414 55.810883 17.086182
v  186.673447 55.357864 17.963993
v  186.085220 55.779972 18.195202
v  186.308090 56.272968 17.378565
v  184.186752 52.825882 20.167765
v  184.203735 52.529484 19.847012
v  183.990723 53.060158 20.418821
v  184.168961 53.116802 20.456942
v  184.348419 53.099129 20.402300
v  184.520203 53.101604 20.349424
v  184.535599 52.844299 20.098232
v  184.547058 52.576302 19.811422
v  185.200089 52.713486 19.459398
v  184.876190 52.645229 19.692419
v  184.866714 52.948429 20.009510
v  185.205154 53.007256 19.753416
v  184.680237 53.156105 20.310440
v  184.843552 53.239040 20.277216
v  185.011581 53.248936 20.150238
v  185.178986 53.283302 20.015455
v  185.339737 53.375378 19.876886
v  185.547897 53.181721 19.446146
v  185.508026 53.504921 19.731016
v  185.717911 53.568630 19.444138
v  185.976959 53.683010 19.087988
v  185.918884 53.301937 18.939884
v  185.860855 52.963406 18.688742
v  185.524521 52.829868 19.139086
v  186.327881 53.909557 18.611126
v  186.292221 53.513287 18.382355
v  186.713974 54.202591 17.997494
v  186.665756 53.764950 17.720545
v  186.558121 53.353722 17.436081
v  186.203690 53.150154 18.130358
v  184.214844 52.219307 19.243563
v  184.207245 52.343391 19.546364
v  184.536880 52.383511 19.482300
v  184.837692 52.428024 19.329155
v  185.124023 52.486145 19.091240
v  185.408493 52.564163 18.766359
v  185.698105 52.670044 18.343824
v  185.476959 52.421299 18.013220
v  185.226929 52.354977 18.432894
v  186.000076 52.808727 17.804382
v  186.320602 52.958733 17.123631
v  186.020462 52.612255 16.855419
v  185.737717 52.508793 17.503426
v  184.235336 52.127865 18.943295
v  184.285995 52.072262 18.611256
v  184.989975 52.136772 17.770294
v  184.524963 52.062050 17.716152
v  184.392639 52.053631 18.198174
v  184.779587 52.116158 18.228765
v  185.033142 52.209431 18.277710
v  185.270233 52.249035 17.842377
v  185.503723 52.302700 17.347967
v  185.752136 52.375732 16.717785
v  185.391724 52.226902 16.640419
v  185.188126 52.170521 17.268131
v  184.649841 52.086575 17.184769
v  184.776947 52.136566 16.536730
v  185.872177 52.420689 14.807901
v  185.077072 52.316280 14.717396
v  184.918045 52.221897 15.699036
v  185.616211 52.314610 15.797662
v  186.031921 52.473194 15.879840
v  186.365585 52.597458 14.902484
v  186.335312 52.724949 16.017672
v  186.717392 52.869648 15.055415
v  186.665588 53.097664 16.277061
v  187.069611 53.266129 15.319788
v  186.924500 53.535835 16.589039
v  187.331375 53.742950 15.643487
v  187.037628 54.008869 16.901194
v  187.438950 54.286968 15.983559
v  187.084412 54.522598 17.220798
v  187.474350 54.885849 16.336061
v  185.782516 57.226364 16.740492
v  184.898178 57.447704 16.902420
v  185.017929 58.065674 16.053509
v  183.942551 57.586929 17.012920
v  183.978500 58.248581 16.184105
v  187.715134 56.823071 15.190910
v  187.329391 56.319763 16.157263
v  186.569183 56.825127 16.477207
v  186.876801 57.347748 15.545594
v  185.108139 58.590183 15.358070
v  185.175766 59.111031 14.797705
v  184.003067 58.812923 15.548450
v  184.025574 59.348900 15.044602
v  188.907867 57.671902 13.168693
v  188.192093 57.286469 14.176655
v  187.247330 57.762745 14.617465
v  187.550064 58.074585 13.892497
v  184.073257 60.525417 14.219307
v  185.343750 60.287441 14.012444
v  185.243378 59.702709 14.362526
v  184.048462 59.934589 14.601315
v  186.305283 60.091873 13.827984
v  186.153381 59.529686 14.143596
v  187.279831 61.090637 13.050001
v  186.596771 60.580868 13.505177
v  185.519165 60.813320 13.685917
v  185.713074 61.408031 13.348350
v  184.093048 61.077976 13.899932
v  184.110992 61.685833 13.586658
v  188.357422 54.368465 13.641761
v  187.809525 54.025959 14.656339
v  187.899216 54.634857 15.025922
v  188.437897 55.039299 14.039649
v  187.912354 55.303238 15.415189
v  188.438721 55.769974 14.463428
v  187.725937 53.289074 12.992763
v  187.204056 53.069977 14.028620
v  187.564529 53.502331 14.311072
v  188.115005 53.781258 13.282381
v  187.207336 52.910370 12.805728
v  186.778122 52.752987 13.857042
v  186.473053 52.629448 12.671798
v  186.172928 52.532635 13.745046
v  189.675323 55.083000 11.586831
v  189.313583 54.325691 11.245486
v  188.684113 54.075665 12.262060
v  188.972458 54.751125 12.612203
v  188.754578 53.511894 10.663853
v  188.220871 53.492249 11.985389
v  187.952286 53.155506 10.830935
v  187.591263 53.039280 11.798146
v  187.421509 52.810204 10.409527
v  186.732681 52.691502 11.656875
v  189.077591 55.490906 13.031970
v  189.824631 55.883316 12.032159
v  189.089722 56.271759 13.491892
v  189.867218 56.715084 12.535522
v  190.270676 53.813084 8.891771
v  189.490448 53.687672 9.913692
v  190.041626 54.468540 10.233585
v  190.871918 54.566891 9.220690
v  190.474091 55.261219 10.597378
v  191.356659 55.355469 9.602355
v  190.679977 56.112625 11.079312
v  191.619873 56.237881 10.106367
v  190.774124 57.002556 11.625140
v  191.773956 57.176033 10.676923
v  192.854370 57.292187 9.587635
v  192.630417 56.324009 9.037351
v  193.883606 57.452858 8.463266
v  193.639450 56.435684 7.940284
v  193.323151 55.514141 7.468901
v  192.318909 55.434952 8.548141
v  185.433990 52.437149 12.548363
v  185.256226 52.392864 13.639799
v  185.742935 52.408749 10.500041
v  185.583939 52.434242 11.529709
v  187.903473 52.716682 8.365320
v  186.180908 52.363853 8.201866
v  185.951096 52.385860 9.374372
v  187.514114 52.703976 9.504887
v  190.468658 61.286343 11.482229
v  189.096802 61.692196 12.091149
v  189.434509 62.452587 11.583114
v  189.928879 60.809910 11.839993
v  188.732819 61.086918 12.414766
v  187.537415 61.932560 12.628048
v  187.751144 62.794220 12.121925
v  185.866150 62.176178 12.977513
v  185.981308 63.032776 12.482482
v  184.130188 62.418518 13.235870
v  184.157639 63.221928 12.754781
v  187.933273 64.587502 10.526552
v  187.847458 63.683411 11.408396
v  186.064468 63.914089 11.761559
v  186.158600 64.800362 10.868537
v  184.198654 64.049942 12.047719
v  184.250305 64.877937 11.165490
v  189.470032 64.097527 10.094784
v  189.488998 63.254307 10.923595
v  190.955032 63.541210 9.448846
v  191.082123 62.752243 10.199866
v  192.698944 62.318207 9.126421
v  192.545486 63.142345 8.467772
v  191.818420 54.674389 8.170420
v  191.218506 53.970959 7.844845
v  192.852905 54.774662 7.105845
v  192.293365 54.109432 6.790523
v  195.198883 55.751770 5.409288
v  194.333633 55.616890 6.408877
v  194.567993 56.623920 6.883389
v  195.307281 56.859695 5.869074
v  194.728409 57.768551 7.425990
v  195.332550 58.128094 6.390778
v  193.938217 54.845467 6.053957
v  193.458130 54.184105 5.754335
v  194.908371 54.942547 5.091239
v  194.512054 54.257778 4.840733
v  188.116791 65.493210 9.512124
v  186.312164 65.654053 9.870173
v  186.424591 66.414490 8.849285
v  184.310013 65.654938 10.182339
v  184.378250 66.352432 9.098677
v  189.581375 64.969582 9.094418
v  190.978455 64.333870 8.501812
v  192.527740 63.847412 7.645952
v  192.573563 64.380013 6.944270
v  194.182373 64.352058 5.894742
v  193.726654 63.414070 6.706741
v  194.174347 62.805367 5.920548
v  194.289581 62.047565 5.156241
v  194.056320 63.648842 5.310167
v  195.782562 57.302582 4.114253
v  195.749222 57.101486 4.900968
v  195.612579 58.418301 5.331744
v  195.838943 56.152504 3.897986
v  195.774948 55.944229 4.540653
v  195.278122 57.460796 3.527153
v  195.130905 56.317307 3.380634
v  195.637848 55.309586 3.818254
v  195.584244 55.129745 4.351976
v  195.254440 54.379341 4.279310
v  194.646713 55.430077 3.370998
v  193.056686 55.556561 2.931137
v  184.454880 66.925583 7.941266
v  186.394043 67.028954 7.881048
v  184.523590 67.323730 6.798272
v  186.344437 67.437874 6.971694
v  189.446869 67.501488 7.743731
v  189.743942 68.294647 7.579562
v  190.272354 68.115791 7.393270
v  190.068100 67.395638 7.416172
v  187.921799 67.766838 6.403232
v  186.390625 67.598816 6.098104
v  186.466827 67.536171 5.113547
v  184.572952 67.482758 5.781195
v  188.868179 68.042091 6.687489
v  189.496017 68.428192 6.910189
v  189.194580 67.873695 5.850973
v  189.907181 68.235764 6.069082
v  186.490677 67.264153 3.906776
v  186.531586 66.840912 2.566058
v  190.610016 66.724205 4.235531
v  189.830109 67.425529 5.016684
v  190.693771 67.789185 5.242788
v  194.420746 64.691658 4.786217
v  194.590469 65.146683 5.523663
v  194.974304 66.142296 5.113242
v  194.917770 65.799591 4.507765
v  193.157776 64.248749 3.266028
v  192.483093 62.871620 2.548465
v  193.938568 65.624725 3.764373
v  192.187744 64.910919 3.188229
v  191.194397 63.860466 2.174111
v  192.246078 61.632183 1.427716
v  192.240341 60.494419 0.138479
v  191.253815 62.626995 0.686432
v  191.412766 61.628986 -0.705067
v  195.229355 66.859123 4.543195
v  195.122513 66.748604 4.312891
v  195.154694 67.060875 4.970014
v  194.526718 66.899147 4.245344
v  194.937561 68.071938 4.769735
v  191.371780 65.813736 3.569629
v  190.391830 65.385628 3.025395
v  189.399231 65.580048 2.373800
v  189.829102 64.551308 1.190437
v  188.228470 66.021004 1.749940
v  188.488708 65.268150 0.428668
v  190.115463 63.635765 -0.166720
v  190.334183 62.769817 -1.616045
v  188.718842 64.508286 -0.993402
v  188.937881 63.744419 -2.459713
v  192.452606 68.966118 5.723932
v  191.629486 68.327194 5.458781
v  191.261856 69.316216 6.461219
v  190.607346 68.744064 6.259269
v  190.062195 68.913879 7.056264
v  190.614471 69.436317 7.179000
v  190.414886 69.422279 7.570406
v  189.920425 68.921585 7.524954
v  186.642120 66.337387 1.213774
v  186.790894 65.754883 -0.188948
v  185.020279 64.950844 -3.775140
v  187.097290 64.420471 -3.154734
v  186.940475 65.105522 -1.655886
v  184.943024 65.569763 -2.256490
v  195.171768 69.146118 5.402324
v  195.236984 70.135117 6.081229
v  194.245300 69.350410 5.615231
v  192.987137 69.641014 6.100921
v  191.836411 69.880318 6.720552
v  195.162369 71.035583 6.730390
v  194.966156 71.549644 7.138061
v  194.860992 71.589470 7.170768
v  194.373688 71.698044 7.501474
v  194.850311 71.393654 7.176513
v  194.415817 71.506790 7.478819
v  193.685501 71.688507 7.795695
v  192.899765 71.215324 7.726928
v  193.304382 71.502724 7.888380
v  192.650696 71.152702 7.878717
v  191.752289 70.493973 7.771160
v  191.950409 70.522041 7.525586
v  193.932281 71.717987 7.747321
v  193.997894 71.548256 7.708992
v  193.713181 71.541000 7.807018
v  193.417099 71.571251 7.862466
v  191.214447 69.948204 7.336562
v  191.014343 69.928360 7.662834
v  190.074203 68.894608 7.540552
v  190.509491 68.735954 7.422018
v  190.500366 69.411819 7.576519
v  190.830109 69.286469 7.483205
v  191.057129 69.942871 7.644039
v  191.322952 69.834732 7.549363
v  191.756409 70.528305 7.733683
v  191.770798 70.270493 7.580766
v  192.609497 71.153259 7.830420
v  192.714920 71.072426 7.761966
v  191.568832 60.553444 10.914415
v  190.875031 60.247101 11.301300
v  195.399384 59.957863 5.080445
v  194.422882 61.193821 4.441082
v  186.485077 58.841125 14.170018
v  186.830444 58.645462 13.972037
v  186.428986 59.081589 14.166333
v  186.523026 59.139923 13.995194
v  186.542404 58.967464 14.009364
v  186.856476 58.803993 13.831079
v  186.484131 59.481224 13.983298
v  186.651566 59.987480 13.701269
v  186.725174 59.908230 13.606636
v  186.573334 59.482586 13.843082
v  186.973770 60.440208 13.393710
v  187.576065 60.734333 13.015428
v  187.610840 60.583916 12.969504
v  187.030273 60.318153 13.326174
v  188.602051 60.774570 12.510022
v  189.698929 60.547241 11.966970
v  189.625107 60.383480 11.978062
v  188.588043 60.598801 12.493145
v  190.549667 60.066319 11.456882
v  191.078461 59.474483 11.115142
v  190.892502 59.427059 11.167897
v  190.404114 59.947258 11.498948
v  191.188202 58.919865 11.099366
v  190.802948 58.468441 11.448767
v  190.641647 58.605183 11.449876
v  191.007721 58.960552 11.135205
v  189.976273 57.999855 12.194821
v  189.872650 58.165508 12.150925
v  188.721298 58.067795 12.948030
v  188.668594 58.250416 12.854917
v  189.767593 58.334770 12.105541
v  187.639496 58.310932 13.559778
v  187.627411 58.493328 13.438524
v  190.546127 65.903534 7.357093
v  191.320648 65.303352 7.188143
v  189.972260 66.492058 7.495040
v  190.143036 66.551018 7.183575
v  190.666000 65.999458 7.214734
v  191.396606 65.474785 7.068584
v  192.777313 70.978035 7.654176
v  191.944672 70.404816 7.548935
v  193.577194 71.584656 7.824582
v  193.605209 71.440361 7.636663
v  192.823532 70.880409 7.501822
v  192.040421 70.319527 7.367013
v  192.578400 64.728088 6.643507
v  194.274536 64.275146 6.234572
v  192.576248 64.955467 6.566334
v  193.980606 64.435173 5.885529
v  184.397873 53.005341 2.973888
v  184.611145 52.977871 2.955764
v  184.399368 53.009659 2.945822
v  183.537292 55.853840 19.210083
v  183.909332 55.908440 19.289419
v  183.477921 54.791759 20.205816
v  183.606430 56.829895 17.859755
v  183.976578 56.871986 17.948500
v  183.712173 58.237549 16.003162
v  184.080750 58.305061 16.082903
v  183.841217 61.542782 13.519961
v  184.210678 61.615459 13.615368
v  183.870346 63.168472 12.779448
v  184.240326 63.209831 12.874321
v  183.944809 64.880943 11.125794
v  184.316101 64.902023 11.222991
v  183.459244 53.112419 20.416548
v  183.541382 52.218040 19.206535
v  183.548553 52.127220 18.905785
v  184.283279 52.609276 5.116002
v  184.243195 67.486725 4.828896
v  184.504349 66.054527 -0.566520
v  184.226135 67.542114 5.110703
v  184.218292 67.530472 5.229073
v  184.515778 65.922997 -0.978614
v  184.544724 65.841873 -1.314335
# 5436 vertices

vt  0.240535 0.795569 0.000000
vt  0.306583 0.939203 0.000000
vt  0.296951 0.950170 0.000000
vt  0.289963 0.956263 0.000000
vt  0.315671 0.927237 0.000000
vt  0.285597 0.958180 0.000000
vt  0.279318 0.957958 0.000000
vt  0.272043 0.954372 0.000000
vt  0.265568 0.948627 0.000000
vt  0.260855 0.944175 0.000000
vt  0.257070 0.938677 0.000000
vt  0.253773 0.930850 0.000000
vt  0.250242 0.920488 0.000000
vt  0.245518 0.905092 0.000000
vt  0.328605 0.910147 0.000000
vt  0.337445 0.899988 0.000000
vt  0.347707 0.890893 0.000000
vt  0.356514 0.883691 0.000000
vt  0.239568 0.886427 0.000000
vt  0.233110 0.868791 0.000000
vt  0.220117 0.850266 0.000000
vt  0.369384 0.873322 0.000000
vt  0.383419 0.857358 0.000000
vt  0.395892 0.839054 0.000000
vt  0.208550 0.827810 0.000000
vt  0.404903 0.818406 0.000000
vt  0.408655 0.801276 0.000000
vt  0.403516 0.777293 0.000000
vt  0.406229 0.747808 0.000000
vt  0.399733 0.715139 0.000000
vt  0.284464 0.952304 0.000000
vt  0.286684 0.951023 0.000000
vt  0.281364 0.948178 0.000000
vt  0.279796 0.952694 0.000000
vt  0.263237 0.936680 0.000000
vt  0.259834 0.936954 0.000000
vt  0.262574 0.941328 0.000000
vt  0.327007 0.889953 0.000000
vt  0.320956 0.887097 0.000000
vt  0.317956 0.901526 0.000000
vt  0.320812 0.846424 0.000000
vt  0.311491 0.851711 0.000000
vt  0.319741 0.833384 0.000000
vt  0.326307 0.818445 0.000000
vt  0.340411 0.840951 0.000000
vt  0.342306 0.811559 0.000000
vt  0.325223 0.800152 0.000000
vt  0.306270 0.776972 0.000000
vt  0.307567 0.792543 0.000000
vt  0.335334 0.777775 0.000000
vt  0.270072 0.800043 0.000000
vt  0.274737 0.792105 0.000000
vt  0.240535 0.795569 0.000000
vt  0.259103 0.782713 0.000000
vt  0.434278 0.429290 0.000000
vt  0.443011 0.419277 0.000000
vt  0.419636 0.415863 0.000000
vt  0.411332 0.639064 0.000000
vt  0.423532 0.630031 0.000000
vt  0.419332 0.612300 0.000000
vt  0.389192 0.781578 0.000000
vt  0.380778 0.788259 0.000000
vt  0.388689 0.803918 0.000000
vt  0.447762 0.546805 0.000000
vt  0.442921 0.564293 0.000000
vt  0.466978 0.583740 0.000000
vt  0.310952 0.757130 0.000000
vt  0.463777 0.462290 0.000000
vt  0.471559 0.480966 0.000000
vt  0.482811 0.452203 0.000000
vt  0.281503 0.774411 0.000000
vt  0.479194 0.611596 0.000000
vt  0.473162 0.616993 0.000000
vt  0.488245 0.642893 0.000000
vt  0.477815 0.416650 0.000000
vt  0.491515 0.427637 0.000000
vt  0.495781 0.400821 0.000000
vt  0.487120 0.659470 0.000000
vt  0.492605 0.663731 0.000000
vt  0.473051 0.643620 0.000000
vt  0.458094 0.663908 0.000000
vt  0.462078 0.652533 0.000000
vt  0.444693 0.655325 0.000000
vt  0.299054 0.933311 0.000000
vt  0.291434 0.945482 0.000000
vt  0.307638 0.919564 0.000000
vt  0.290598 0.928852 0.000000
vt  0.284653 0.940934 0.000000
vt  0.296601 0.912960 0.000000
vt  0.274168 0.950459 0.000000
vt  0.276250 0.946395 0.000000
vt  0.267843 0.946072 0.000000
vt  0.269563 0.941021 0.000000
vt  0.278551 0.937204 0.000000
vt  0.270794 0.933021 0.000000
vt  0.281371 0.923645 0.000000
vt  0.285024 0.907267 0.000000
vt  0.272019 0.920844 0.000000
vt  0.263190 0.929462 0.000000
vt  0.262745 0.918781 0.000000
vt  0.258288 0.929297 0.000000
vt  0.256482 0.919215 0.000000
vt  0.253322 0.902939 0.000000
vt  0.261232 0.902235 0.000000
vt  0.272321 0.904071 0.000000
vt  0.303868 0.894260 0.000000
vt  0.309131 0.873592 0.000000
vt  0.337335 0.881511 0.000000
vt  0.343173 0.869794 0.000000
vt  0.290457 0.888269 0.000000
vt  0.274815 0.884151 0.000000
vt  0.261257 0.882039 0.000000
vt  0.249886 0.883436 0.000000
vt  0.278340 0.862852 0.000000
vt  0.260976 0.861919 0.000000
vt  0.246251 0.864730 0.000000
vt  0.296288 0.867473 0.000000
vt  0.260973 0.841163 0.000000
vt  0.278820 0.842381 0.000000
vt  0.241991 0.842897 0.000000
vt  0.297847 0.847282 0.000000
vt  0.334422 0.853933 0.000000
vt  0.298045 0.825528 0.000000
vt  0.279590 0.821454 0.000000
vt  0.355538 0.857655 0.000000
vt  0.368806 0.842770 0.000000
vt  0.353926 0.830156 0.000000
vt  0.264746 0.819092 0.000000
vt  0.282182 0.803047 0.000000
vt  0.302101 0.806843 0.000000
vt  0.380271 0.824187 0.000000
vt  0.365017 0.815508 0.000000
vt  0.342835 0.787732 0.000000
vt  0.283986 0.789494 0.000000
vt  0.239912 0.818832 0.000000
vt  0.387850 0.814570 0.000000
vt  0.430546 0.655181 0.000000
vt  0.435583 0.645376 0.000000
vt  0.442861 0.444649 0.000000
vt  0.453206 0.438869 0.000000
vt  0.449268 0.469470 0.000000
vt  0.435996 0.584791 0.000000
vt  0.460782 0.599027 0.000000
vt  0.442117 0.613365 0.000000
vt  0.471285 0.530013 0.000000
vt  0.485358 0.491399 0.000000
vt  0.452930 0.509852 0.000000
vt  0.355742 0.768849 0.000000
vt  0.338890 0.741427 0.000000
vt  0.436992 0.626564 0.000000
vt  0.458861 0.627145 0.000000
vt  0.495851 0.462876 0.000000
vt  0.380527 0.756470 0.000000
vt  0.369510 0.727009 0.000000
vt  0.466091 0.428960 0.000000
vt  0.454461 0.414089 0.000000
vt  0.503864 0.410545 0.000000
vt  0.485851 0.675260 0.000000
vt  0.481367 0.668913 0.000000
vt  0.487198 0.396386 0.000000
vt  0.467621 0.406010 0.000000
vt  0.474933 0.673101 0.000000
vt  0.476134 0.678994 0.000000
vt  0.441664 0.661889 0.000000
vt  0.455708 0.669310 0.000000
vt  0.447743 0.637408 0.000000
vt  0.321536 0.885248 0.000000
vt  0.326988 0.887622 0.000000
vt  0.335880 0.880137 0.000000
vt  0.340457 0.869449 0.000000
vt  0.333550 0.855546 0.000000
vt  0.320592 0.848026 0.000000
vt  0.311479 0.853416 0.000000
vt  0.311455 0.872595 0.000000
vt  0.293457 0.953216 0.000000
vt  0.287780 0.957222 0.000000
vt  0.282458 0.958069 0.000000
vt  0.275680 0.956165 0.000000
vt  0.285574 0.951663 0.000000
vt  0.284024 0.949600 0.000000
vt  0.282914 0.950241 0.000000
vt  0.282130 0.952499 0.000000
vt  0.280580 0.950436 0.000000
vt  0.294192 0.947826 0.000000
vt  0.289059 0.948252 0.000000
vt  0.288324 0.953643 0.000000
vt  0.283009 0.944556 0.000000
vt  0.288043 0.943208 0.000000
vt  0.285030 0.955242 0.000000
vt  0.279557 0.955326 0.000000
vt  0.276982 0.951576 0.000000
vt  0.273106 0.952415 0.000000
vt  0.278807 0.947286 0.000000
vt  0.275209 0.948427 0.000000
vt  0.277400 0.941800 0.000000
vt  0.281602 0.939069 0.000000
vt  0.284171 0.950502 0.000000
vt  0.281875 0.951059 0.000000
vt  0.291520 0.950369 0.000000
vt  0.286214 0.946502 0.000000
vt  0.286424 0.954621 0.000000
vt  0.282230 0.955259 0.000000
vt  0.276683 0.954143 0.000000
vt  0.277686 0.949054 0.000000
vt  0.280148 0.942713 0.000000
vt  0.309592 0.851116 0.000000
vt  0.316305 0.832311 0.000000
vt  0.322364 0.816447 0.000000
vt  0.322210 0.801348 0.000000
vt  0.310118 0.795944 0.000000
vt  0.305788 0.808635 0.000000
vt  0.301576 0.826899 0.000000
vt  0.299974 0.847912 0.000000
vt  0.298123 0.868464 0.000000
vt  0.292571 0.889137 0.000000
vt  0.286897 0.908076 0.000000
vt  0.282789 0.924469 0.000000
vt  0.280268 0.934842 0.000000
vt  0.281876 0.938293 0.000000
vt  0.284935 0.937637 0.000000
vt  0.289110 0.928020 0.000000
vt  0.294857 0.911988 0.000000
vt  0.301720 0.893265 0.000000
vt  0.306964 0.872591 0.000000
vt  0.311777 0.851844 0.000000
vt  0.319653 0.833541 0.000000
vt  0.326131 0.818223 0.000000
vt  0.324454 0.800492 0.000000
vt  0.308217 0.793396 0.000000
vt  0.285111 0.938845 0.000000
vt  0.290590 0.928707 0.000000
vt  0.296666 0.912877 0.000000
vt  0.279453 0.935442 0.000000
vt  0.281395 0.923541 0.000000
vt  0.285088 0.907187 0.000000
vt  0.303800 0.894203 0.000000
vt  0.308973 0.873529 0.000000
vt  0.290492 0.888199 0.000000
vt  0.296114 0.867526 0.000000
vt  0.297789 0.847184 0.000000
vt  0.298229 0.825669 0.000000
vt  0.302021 0.806860 0.000000
vt  0.281602 0.939069 0.000000
vt  0.283397 0.933952 0.000000
vt  0.288278 0.918521 0.000000
vt  0.293915 0.900908 0.000000
vt  0.300210 0.881002 0.000000
vt  0.303767 0.859995 0.000000
vt  0.306539 0.839227 0.000000
vt  0.311669 0.820981 0.000000
vt  0.315575 0.803813 0.000000
vt  0.315045 0.842025 0.000000
vt  0.323054 0.825857 0.000000
vt  0.326817 0.808985 0.000000
vt  0.316547 0.794839 0.000000
vt  0.304340 0.798583 0.000000
vt  0.300285 0.816105 0.000000
vt  0.298032 0.836430 0.000000
vt  0.297615 0.857524 0.000000
vt  0.293788 0.877994 0.000000
vt  0.287789 0.898085 0.000000
vt  0.283228 0.915820 0.000000
vt  0.280125 0.930486 0.000000
vt  0.280258 0.937845 0.000000
vt  0.283181 0.939626 0.000000
vt  0.287564 0.934847 0.000000
vt  0.293350 0.921163 0.000000
vt  0.300041 0.903731 0.000000
vt  0.306631 0.884010 0.000000
vt  0.309919 0.862468 0.000000
vt  0.285882 0.926437 0.000000
vt  0.290877 0.910032 0.000000
vt  0.297146 0.891201 0.000000
vt  0.302544 0.870528 0.000000
vt  0.304783 0.849514 0.000000
vt  0.308941 0.829605 0.000000
vt  0.314076 0.812541 0.000000
vt  0.312575 0.841212 0.000000
vt  0.319748 0.824441 0.000000
vt  0.323537 0.807626 0.000000
vt  0.316293 0.797367 0.000000
vt  0.307591 0.800232 0.000000
vt  0.303590 0.817521 0.000000
vt  0.300502 0.837242 0.000000
vt  0.299401 0.858241 0.000000
vt  0.295653 0.878867 0.000000
vt  0.289567 0.898904 0.000000
vt  0.284693 0.916606 0.000000
vt  0.281093 0.931285 0.000000
vt  0.281071 0.936821 0.000000
vt  0.283253 0.938146 0.000000
vt  0.286461 0.934433 0.000000
vt  0.291877 0.920398 0.000000
vt  0.298262 0.902911 0.000000
vt  0.304766 0.883137 0.000000
vt  0.308133 0.861750 0.000000
vt  0.311559 0.851771 0.000000
vt  0.319318 0.833418 0.000000
vt  0.325755 0.818045 0.000000
vt  0.324175 0.800599 0.000000
vt  0.308452 0.793711 0.000000
vt  0.302397 0.807037 0.000000
vt  0.298564 0.825792 0.000000
vt  0.298007 0.847257 0.000000
vt  0.296315 0.867620 0.000000
vt  0.290699 0.888292 0.000000
vt  0.285269 0.907276 0.000000
vt  0.281534 0.923634 0.000000
vt  0.279552 0.935364 0.000000
vt  0.281634 0.938979 0.000000
vt  0.285092 0.938695 0.000000
vt  0.290442 0.928638 0.000000
vt  0.296485 0.912788 0.000000
vt  0.303592 0.894109 0.000000
vt  0.308773 0.873435 0.000000
vt  0.315319 0.842115 0.000000
vt  0.323421 0.826014 0.000000
vt  0.327183 0.809122 0.000000
vt  0.287684 0.934901 0.000000
vt  0.293514 0.921248 0.000000
vt  0.283173 0.939793 0.000000
vt  0.280015 0.930405 0.000000
vt  0.283065 0.915732 0.000000
vt  0.300239 0.903822 0.000000
vt  0.306838 0.884107 0.000000
vt  0.287591 0.897994 0.000000
vt  0.293581 0.877897 0.000000
vt  0.297416 0.857444 0.000000
vt  0.310117 0.862547 0.000000
vt  0.297758 0.836339 0.000000
vt  0.299917 0.815948 0.000000
vt  0.316575 0.794557 0.000000
vt  0.303980 0.798387 0.000000
vt  0.280167 0.937960 0.000000
vt  0.283121 0.929145 0.000000
vt  0.281263 0.934443 0.000000
vt  0.282303 0.937084 0.000000
vt  0.284522 0.936387 0.000000
vt  0.286301 0.930974 0.000000
vt  0.287466 0.913301 0.000000
vt  0.285239 0.921510 0.000000
vt  0.288931 0.923524 0.000000
vt  0.291599 0.915406 0.000000
vt  0.293079 0.895015 0.000000
vt  0.290076 0.904467 0.000000
vt  0.294627 0.906627 0.000000
vt  0.297974 0.897230 0.000000
vt  0.299054 0.874624 0.000000
vt  0.296227 0.885002 0.000000
vt  0.301236 0.887299 0.000000
vt  0.303956 0.876945 0.000000
vt  0.305629 0.866308 0.000000
vt  0.306684 0.855631 0.000000
vt  0.301778 0.853854 0.000000
vt  0.300873 0.864214 0.000000
vt  0.303998 0.833034 0.000000
vt  0.302641 0.843375 0.000000
vt  0.308485 0.845266 0.000000
vt  0.311353 0.835567 0.000000
vt  0.308466 0.814759 0.000000
vt  0.306047 0.823517 0.000000
vt  0.314556 0.826898 0.000000
vt  0.317447 0.818843 0.000000
vt  0.319455 0.810205 0.000000
vt  0.319881 0.802165 0.000000
vt  0.312096 0.798619 0.000000
vt  0.310424 0.805946 0.000000
vt  0.313356 0.846841 0.000000
vt  0.317481 0.837677 0.000000
vt  0.316255 0.837255 0.000000
vt  0.312382 0.846526 0.000000
vt  0.321647 0.829716 0.000000
vt  0.324930 0.822246 0.000000
vt  0.323433 0.821566 0.000000
vt  0.320229 0.829152 0.000000
vt  0.326981 0.813754 0.000000
vt  0.326439 0.804608 0.000000
vt  0.325083 0.804505 0.000000
vt  0.325476 0.813045 0.000000
vt  0.320929 0.797056 0.000000
vt  0.312101 0.793252 0.000000
vt  0.312555 0.794532 0.000000
vt  0.320262 0.797897 0.000000
vt  0.305631 0.795247 0.000000
vt  0.302898 0.802397 0.000000
vt  0.304403 0.803107 0.000000
vt  0.306894 0.796278 0.000000
vt  0.300983 0.811356 0.000000
vt  0.298955 0.820698 0.000000
vt  0.300374 0.821262 0.000000
vt  0.302480 0.812037 0.000000
vt  0.297870 0.830923 0.000000
vt  0.297771 0.841800 0.000000
vt  0.298745 0.842115 0.000000
vt  0.299096 0.831345 0.000000
vt  0.297690 0.852374 0.000000
vt  0.296910 0.862469 0.000000
vt  0.297703 0.862818 0.000000
vt  0.298507 0.852670 0.000000
vt  0.294970 0.872689 0.000000
vt  0.292054 0.883087 0.000000
vt  0.292889 0.883470 0.000000
vt  0.295787 0.873076 0.000000
vt  0.288999 0.893169 0.000000
vt  0.286283 0.902668 0.000000
vt  0.287041 0.903028 0.000000
vt  0.289815 0.893538 0.000000
vt  0.284022 0.911546 0.000000
vt  0.282196 0.919735 0.000000
vt  0.282804 0.920090 0.000000
vt  0.284711 0.911897 0.000000
vt  0.280642 0.927139 0.000000
vt  0.279593 0.933214 0.000000
vt  0.280001 0.933230 0.000000
vt  0.281138 0.927540 0.000000
vt  0.279675 0.936965 0.000000
vt  0.280839 0.938603 0.000000
vt  0.281092 0.938216 0.000000
vt  0.280072 0.936513 0.000000
vt  0.282365 0.939535 0.000000
vt  0.284073 0.939632 0.000000
vt  0.284081 0.938938 0.000000
vt  0.282427 0.939032 0.000000
vt  0.286331 0.937223 0.000000
vt  0.289120 0.932017 0.000000
vt  0.288556 0.931808 0.000000
vt  0.286056 0.936830 0.000000
vt  0.292042 0.925107 0.000000
vt  0.295043 0.917161 0.000000
vt  0.294354 0.916810 0.000000
vt  0.291420 0.924790 0.000000
vt  0.298420 0.908426 0.000000
vt  0.302054 0.899076 0.000000
vt  0.301238 0.898707 0.000000
vt  0.297662 0.908066 0.000000
vt  0.305409 0.889214 0.000000
vt  0.308041 0.878880 0.000000
vt  0.307224 0.878493 0.000000
vt  0.304575 0.888831 0.000000
vt  0.309592 0.868052 0.000000
vt  0.310772 0.857112 0.000000
vt  0.309954 0.856816 0.000000
vt  0.308799 0.867703 0.000000
vt  0.281882 0.928142 0.000000
vt  0.282124 0.932309 0.000000
vt  0.284660 0.930204 0.000000
vt  0.284183 0.925396 0.000000
vt  0.280569 0.935769 0.000000
vt  0.281950 0.935701 0.000000
vt  0.280520 0.933542 0.000000
vt  0.282427 0.938293 0.000000
vt  0.283337 0.936537 0.000000
vt  0.281521 0.937740 0.000000
vt  0.285535 0.936522 0.000000
vt  0.285183 0.934106 0.000000
vt  0.284195 0.937953 0.000000
vt  0.287631 0.927333 0.000000
vt  0.287711 0.931496 0.000000
vt  0.285744 0.912423 0.000000
vt  0.286322 0.917480 0.000000
vt  0.289533 0.914353 0.000000
vt  0.288706 0.908965 0.000000
vt  0.287075 0.922546 0.000000
vt  0.283717 0.920622 0.000000
vt  0.290486 0.924316 0.000000
vt  0.290240 0.919548 0.000000
vt  0.293048 0.911099 0.000000
vt  0.293321 0.916284 0.000000
vt  0.291039 0.894092 0.000000
vt  0.291543 0.899815 0.000000
vt  0.295527 0.896123 0.000000
vt  0.294650 0.890075 0.000000
vt  0.292351 0.905547 0.000000
vt  0.288179 0.903568 0.000000
vt  0.296524 0.907526 0.000000
vt  0.296286 0.902000 0.000000
vt  0.299641 0.892326 0.000000
vt  0.300014 0.898153 0.000000
vt  0.297012 0.873657 0.000000
vt  0.297724 0.879838 0.000000
vt  0.301505 0.875785 0.000000
vt  0.300133 0.869402 0.000000
vt  0.298732 0.886151 0.000000
vt  0.294141 0.884045 0.000000
vt  0.303323 0.888257 0.000000
vt  0.302695 0.882166 0.000000
vt  0.304955 0.871653 0.000000
vt  0.305998 0.877913 0.000000
vt  0.307610 0.867180 0.000000
vt  0.306148 0.860952 0.000000
vt  0.303251 0.865261 0.000000
vt  0.307406 0.850388 0.000000
vt  0.304231 0.854743 0.000000
vt  0.308728 0.856372 0.000000
vt  0.299734 0.853114 0.000000
vt  0.301385 0.859039 0.000000
vt  0.302160 0.848640 0.000000
vt  0.298892 0.863342 0.000000
vt  0.300934 0.831978 0.000000
vt  0.303246 0.838144 0.000000
vt  0.307675 0.834300 0.000000
vt  0.304924 0.828129 0.000000
vt  0.305563 0.844320 0.000000
vt  0.300206 0.842587 0.000000
vt  0.310920 0.846053 0.000000
vt  0.309831 0.840310 0.000000
vt  0.312958 0.831081 0.000000
vt  0.314417 0.836622 0.000000
vt  0.304725 0.813058 0.000000
vt  0.307262 0.819094 0.000000
vt  0.312957 0.816801 0.000000
vt  0.309555 0.810411 0.000000
vt  0.310301 0.825207 0.000000
vt  0.302501 0.822108 0.000000
vt  0.318102 0.828307 0.000000
vt  0.316076 0.822869 0.000000
vt  0.318597 0.814672 0.000000
vt  0.321188 0.820545 0.000000
vt  0.323218 0.811980 0.000000
vt  0.319918 0.805888 0.000000
vt  0.314940 0.808076 0.000000
vt  0.319833 0.799385 0.000000
vt  0.316012 0.800160 0.000000
vt  0.323105 0.803868 0.000000
vt  0.308826 0.797379 0.000000
vt  0.311221 0.801853 0.000000
vt  0.312667 0.796194 0.000000
vt  0.306661 0.804172 0.000000
vt  0.313356 0.846841 0.000000
vt  0.315319 0.842115 0.000000
vt  0.313112 0.846762 0.000000
vt  0.311777 0.851844 0.000000
vt  0.319653 0.833541 0.000000
vt  0.317174 0.837572 0.000000
vt  0.317481 0.837677 0.000000
vt  0.314222 0.841754 0.000000
vt  0.318314 0.833049 0.000000
vt  0.310903 0.851553 0.000000
vt  0.321647 0.829716 0.000000
vt  0.323421 0.826014 0.000000
vt  0.321293 0.829575 0.000000
vt  0.326131 0.818223 0.000000
vt  0.324556 0.822076 0.000000
vt  0.324930 0.822246 0.000000
vt  0.321952 0.825385 0.000000
vt  0.324624 0.817513 0.000000
vt  0.326981 0.813754 0.000000
vt  0.327183 0.809122 0.000000
vt  0.326605 0.813577 0.000000
vt  0.324454 0.800492 0.000000
vt  0.326100 0.804582 0.000000
vt  0.326439 0.804608 0.000000
vt  0.325719 0.808572 0.000000
vt  0.323341 0.800921 0.000000
vt  0.320929 0.797056 0.000000
vt  0.316575 0.794557 0.000000
vt  0.320762 0.797266 0.000000
vt  0.308217 0.793396 0.000000
vt  0.312214 0.793572 0.000000
vt  0.312101 0.793252 0.000000
vt  0.316462 0.795684 0.000000
vt  0.309160 0.794658 0.000000
vt  0.305631 0.795247 0.000000
vt  0.303980 0.798387 0.000000
vt  0.305947 0.795505 0.000000
vt  0.302021 0.806860 0.000000
vt  0.303274 0.802575 0.000000
vt  0.302898 0.802397 0.000000
vt  0.305420 0.799170 0.000000
vt  0.303527 0.807570 0.000000
vt  0.300983 0.811356 0.000000
vt  0.299917 0.815948 0.000000
vt  0.301357 0.811526 0.000000
vt  0.298229 0.825669 0.000000
vt  0.299310 0.820839 0.000000
vt  0.298955 0.820699 0.000000
vt  0.301386 0.816577 0.000000
vt  0.299568 0.826161 0.000000
vt  0.297870 0.830923 0.000000
vt  0.297758 0.836339 0.000000
vt  0.298176 0.831028 0.000000
vt  0.297789 0.847184 0.000000
vt  0.298014 0.841878 0.000000
vt  0.297771 0.841800 0.000000
vt  0.298855 0.836700 0.000000
vt  0.298663 0.847476 0.000000
vt  0.297690 0.852374 0.000000
vt  0.297416 0.857444 0.000000
vt  0.297894 0.852448 0.000000
vt  0.296114 0.867526 0.000000
vt  0.297109 0.862557 0.000000
vt  0.296910 0.862469 0.000000
vt  0.298210 0.857763 0.000000
vt  0.296918 0.867901 0.000000
vt  0.294970 0.872689 0.000000
vt  0.293581 0.877897 0.000000
vt  0.295174 0.872786 0.000000
vt  0.290492 0.888199 0.000000
vt  0.292262 0.883183 0.000000
vt  0.292054 0.883087 0.000000
vt  0.294410 0.878285 0.000000
vt  0.291323 0.888574 0.000000
vt  0.288999 0.893169 0.000000
vt  0.287591 0.897994 0.000000
vt  0.289203 0.893261 0.000000
vt  0.285088 0.907187 0.000000
vt  0.286472 0.902758 0.000000
vt  0.286283 0.902668 0.000000
vt  0.288382 0.898358 0.000000
vt  0.285812 0.907542 0.000000
vt  0.284022 0.911546 0.000000
vt  0.283065 0.915732 0.000000
vt  0.284194 0.911633 0.000000
vt  0.281395 0.923541 0.000000
vt  0.282348 0.919824 0.000000
vt  0.282196 0.919735 0.000000
vt  0.283716 0.916082 0.000000
vt  0.281953 0.923912 0.000000
vt  0.280642 0.927139 0.000000
vt  0.280015 0.930405 0.000000
vt  0.280766 0.927239 0.000000
vt  0.279453 0.935442 0.000000
vt  0.279695 0.933218 0.000000
vt  0.279593 0.933214 0.000000
vt  0.280455 0.930728 0.000000
vt  0.279848 0.935130 0.000000
vt  0.279675 0.936965 0.000000
vt  0.280167 0.937960 0.000000
vt  0.279774 0.936852 0.000000
vt  0.281602 0.939069 0.000000
vt  0.280902 0.938506 0.000000
vt  0.280839 0.938603 0.000000
vt  0.280533 0.937501 0.000000
vt  0.281729 0.938710 0.000000
vt  0.282365 0.939535 0.000000
vt  0.283173 0.939793 0.000000
vt  0.282380 0.939409 0.000000
vt  0.285111 0.938845 0.000000
vt  0.284075 0.939459 0.000000
vt  0.284073 0.939632 0.000000
vt  0.283204 0.939127 0.000000
vt  0.285038 0.938245 0.000000
vt  0.286331 0.937223 0.000000
vt  0.287684 0.934901 0.000000
vt  0.286262 0.937124 0.000000
vt  0.290590 0.928707 0.000000
vt  0.288979 0.931965 0.000000
vt  0.289120 0.932017 0.000000
vt  0.287206 0.934686 0.000000
vt  0.289998 0.928432 0.000000
vt  0.292042 0.925107 0.000000
vt  0.293514 0.921248 0.000000
vt  0.291886 0.925028 0.000000
vt  0.296666 0.912877 0.000000
vt  0.294871 0.917073 0.000000
vt  0.295043 0.917161 0.000000
vt  0.292859 0.920908 0.000000
vt  0.295943 0.912521 0.000000
vt  0.298420 0.908426 0.000000
vt  0.300239 0.903822 0.000000
vt  0.298231 0.908336 0.000000
vt  0.303800 0.894203 0.000000
vt  0.301850 0.898984 0.000000
vt  0.302054 0.899076 0.000000
vt  0.299448 0.903457 0.000000
vt  0.302968 0.893827 0.000000
vt  0.305409 0.889214 0.000000
vt  0.306838 0.884107 0.000000
vt  0.305201 0.889118 0.000000
vt  0.308973 0.873529 0.000000
vt  0.307836 0.878783 0.000000
vt  0.308041 0.878880 0.000000
vt  0.306009 0.883719 0.000000
vt  0.308170 0.873154 0.000000
vt  0.309592 0.868052 0.000000
vt  0.310117 0.862547 0.000000
vt  0.309393 0.867965 0.000000
vt  0.310567 0.857038 0.000000
vt  0.310772 0.857112 0.000000
vt  0.309323 0.862228 0.000000
vt  0.482836 0.648392 0.000000
vt  0.454888 0.657308 0.000000
vt  0.439190 0.601922 0.000000
vt  0.429658 0.619965 0.000000
vt  0.458646 0.613097 0.000000
vt  0.473482 0.632146 0.000000
vt  0.435575 0.635051 0.000000
vt  0.447184 0.647627 0.000000
vt  0.469369 0.664562 0.000000
vt  0.476392 0.656130 0.000000
vt  0.445800 0.625548 0.000000
vt  0.460422 0.639751 0.000000
vt  0.479020 0.641578 0.000000
vt  0.479443 0.651366 0.000000
vt  0.461331 0.659326 0.000000
vt  0.452639 0.652965 0.000000
vt  0.432454 0.611218 0.000000
vt  0.449482 0.606390 0.000000
vt  0.431698 0.627862 0.000000
vt  0.438293 0.620834 0.000000
vt  0.450861 0.619210 0.000000
vt  0.465636 0.622452 0.000000
vt  0.466233 0.635437 0.000000
vt  0.441841 0.641322 0.000000
vt  0.441489 0.631163 0.000000
vt  0.454555 0.644184 0.000000
vt  0.472171 0.660123 0.000000
vt  0.467909 0.647531 0.000000
vt  0.453146 0.632409 0.000000
vt  0.421940 0.611078 0.000000
vt  0.423532 0.630031 0.000000
vt  0.435583 0.645376 0.000000
vt  0.444693 0.655325 0.000000
vt  0.458094 0.663908 0.000000
vt  0.474933 0.673101 0.000000
vt  0.481367 0.668913 0.000000
vt  0.487120 0.659470 0.000000
vt  0.488245 0.642893 0.000000
vt  0.473162 0.616993 0.000000
vt  0.460782 0.599027 0.000000
vt  0.435996 0.584791 0.000000
vt  0.419332 0.612300 0.000000
vt  0.419332 0.612300 0.000000
vt  0.423532 0.630031 0.000000
vt  0.423532 0.630031 0.000000
vt  0.435583 0.645376 0.000000
vt  0.435583 0.645376 0.000000
vt  0.444693 0.655325 0.000000
vt  0.444693 0.655325 0.000000
vt  0.458094 0.663908 0.000000
vt  0.458094 0.663908 0.000000
vt  0.473632 0.671428 0.000000
vt  0.481367 0.668913 0.000000
vt  0.481367 0.668913 0.000000
vt  0.487120 0.659470 0.000000
vt  0.487120 0.659470 0.000000
vt  0.488245 0.642893 0.000000
vt  0.488245 0.642893 0.000000
vt  0.473162 0.616993 0.000000
vt  0.473162 0.616993 0.000000
vt  0.460782 0.599027 0.000000
vt  0.460782 0.599027 0.000000
vt  0.437011 0.590009 0.000000
vt  0.483297 0.644167 0.000000
vt  0.478532 0.646106 0.000000
vt  0.485979 0.650189 0.000000
vt  0.483062 0.653020 0.000000
vt  0.458234 0.660074 0.000000
vt  0.457868 0.655408 0.000000
vt  0.452671 0.658750 0.000000
vt  0.450848 0.655091 0.000000
vt  0.430120 0.608219 0.000000
vt  0.440550 0.607750 0.000000
vt  0.445260 0.595104 0.000000
vt  0.449747 0.602139 0.000000
vt  0.431444 0.599529 0.000000
vt  0.435412 0.615975 0.000000
vt  0.424242 0.620707 0.000000
vt  0.427073 0.614318 0.000000
vt  0.428292 0.625925 0.000000
vt  0.434084 0.623691 0.000000
vt  0.449986 0.612671 0.000000
vt  0.458331 0.620356 0.000000
vt  0.464029 0.609740 0.000000
vt  0.465698 0.617513 0.000000
vt  0.456127 0.606041 0.000000
vt  0.478176 0.630717 0.000000
vt  0.480147 0.638854 0.000000
vt  0.470691 0.623868 0.000000
vt  0.465957 0.629233 0.000000
vt  0.472833 0.638094 0.000000
vt  0.431657 0.636809 0.000000
vt  0.430290 0.631002 0.000000
vt  0.437709 0.640604 0.000000
vt  0.441700 0.636306 0.000000
vt  0.436440 0.630190 0.000000
vt  0.454304 0.649266 0.000000
vt  0.447955 0.642671 0.000000
vt  0.442658 0.649419 0.000000
vt  0.441656 0.644783 0.000000
vt  0.448338 0.651937 0.000000
vt  0.466330 0.659079 0.000000
vt  0.467449 0.667148 0.000000
vt  0.462932 0.662547 0.000000
vt  0.475207 0.668817 0.000000
vt  0.474355 0.664515 0.000000
vt  0.481473 0.661332 0.000000
vt  0.476559 0.661574 0.000000
vt  0.480849 0.655490 0.000000
vt  0.474077 0.649442 0.000000
vt  0.469610 0.653885 0.000000
vt  0.444030 0.619362 0.000000
vt  0.440550 0.625912 0.000000
vt  0.447028 0.631642 0.000000
vt  0.452062 0.625915 0.000000
vt  0.453988 0.638451 0.000000
vt  0.461296 0.645898 0.000000
vt  0.466857 0.641431 0.000000
vt  0.459609 0.633603 0.000000
vt  0.482690 0.641829 0.000000
vt  0.480868 0.644970 0.000000
vt  0.485409 0.645549 0.000000
vt  0.485409 0.645549 0.000000
vt  0.476273 0.647591 0.000000
vt  0.480915 0.649679 0.000000
vt  0.475857 0.642258 0.000000
vt  0.484846 0.653838 0.000000
vt  0.484846 0.653838 0.000000
vt  0.482631 0.654841 0.000000
vt  0.460160 0.661456 0.000000
vt  0.458177 0.657949 0.000000
vt  0.456659 0.660463 0.000000
vt  0.456659 0.660463 0.000000
vt  0.456760 0.652498 0.000000
vt  0.454142 0.655112 0.000000
vt  0.461955 0.656543 0.000000
vt  0.449959 0.656172 0.000000
vt  0.449959 0.656172 0.000000
vt  0.449126 0.653821 0.000000
vt  0.427137 0.611425 0.000000
vt  0.435424 0.607082 0.000000
vt  0.429167 0.606897 0.000000
vt  0.429167 0.606897 0.000000
vt  0.445428 0.609766 0.000000
vt  0.444689 0.604320 0.000000
vt  0.437426 0.611834 0.000000
vt  0.437926 0.595230 0.000000
vt  0.449892 0.600261 0.000000
vt  0.449892 0.600261 0.000000
vt  0.454029 0.603276 0.000000
vt  0.431093 0.615236 0.000000
vt  0.434350 0.619988 0.000000
vt  0.439801 0.617145 0.000000
vt  0.426697 0.624911 0.000000
vt  0.426697 0.624911 0.000000
vt  0.424597 0.616045 0.000000
vt  0.424597 0.616045 0.000000
vt  0.428399 0.628728 0.000000
vt  0.430930 0.624340 0.000000
vt  0.437407 0.624155 0.000000
vt  0.434739 0.627089 0.000000
vt  0.446590 0.615904 0.000000
vt  0.454272 0.616266 0.000000
vt  0.453428 0.609452 0.000000
vt  0.462211 0.624744 0.000000
vt  0.461990 0.618354 0.000000
vt  0.454946 0.623038 0.000000
vt  0.459463 0.606114 0.000000
vt  0.459463 0.606114 0.000000
vt  0.465653 0.615097 0.000000
vt  0.465653 0.615097 0.000000
vt  0.468835 0.620180 0.000000
vt  0.473142 0.624629 0.000000
vt  0.473142 0.624629 0.000000
vt  0.480683 0.637579 0.000000
vt  0.480683 0.637579 0.000000
vt  0.476294 0.637654 0.000000
vt  0.468889 0.626927 0.000000
vt  0.462620 0.631289 0.000000
vt  0.469515 0.633717 0.000000
vt  0.469707 0.639558 0.000000
vt  0.435719 0.640199 0.000000
vt  0.435719 0.640199 0.000000
vt  0.429693 0.632526 0.000000
vt  0.429693 0.632526 0.000000
vt  0.433517 0.631042 0.000000
vt  0.439159 0.643044 0.000000
vt  0.439238 0.638337 0.000000
vt  0.444496 0.634184 0.000000
vt  0.438867 0.633196 0.000000
vt  0.444782 0.639479 0.000000
vt  0.438853 0.628472 0.000000
vt  0.458123 0.647936 0.000000
vt  0.451152 0.645921 0.000000
vt  0.450741 0.650423 0.000000
vt  0.444749 0.644106 0.000000
vt  0.451095 0.640708 0.000000
vt  0.446195 0.651441 0.000000
vt  0.446195 0.651441 0.000000
vt  0.441640 0.646466 0.000000
vt  0.441640 0.646466 0.000000
vt  0.464991 0.661339 0.000000
vt  0.470596 0.662056 0.000000
vt  0.467640 0.656387 0.000000
vt  0.471727 0.668375 0.000000
vt  0.463707 0.664172 0.000000
vt  0.463707 0.664172 0.000000
vt  0.475344 0.666674 0.000000
vt  0.475344 0.666674 0.000000
vt  0.476164 0.663800 0.000000
vt  0.481526 0.657542 0.000000
vt  0.481526 0.657542 0.000000
vt  0.478649 0.662264 0.000000
vt  0.478649 0.662264 0.000000
vt  0.473619 0.657817 0.000000
vt  0.477588 0.652983 0.000000
vt  0.470454 0.645411 0.000000
vt  0.471878 0.651570 0.000000
vt  0.465260 0.649878 0.000000
vt  0.442089 0.622784 0.000000
vt  0.448113 0.622370 0.000000
vt  0.443696 0.628546 0.000000
vt  0.450480 0.635008 0.000000
vt  0.449486 0.628835 0.000000
vt  0.455889 0.629745 0.000000
vt  0.457583 0.642054 0.000000
vt  0.456779 0.636036 0.000000
vt  0.464111 0.643586 0.000000
vt  0.463253 0.637497 0.000000
vt  0.421432 0.621166 0.000000
vt  0.429558 0.637704 0.000000
vt  0.440138 0.650351 0.000000
vt  0.451393 0.659616 0.000000
vt  0.466514 0.668504 0.000000
vt  0.478150 0.671007 0.000000
vt  0.484244 0.664191 0.000000
vt  0.487683 0.651182 0.000000
vt  0.480704 0.629943 0.000000
vt  0.466972 0.608010 0.000000
vt  0.448389 0.591909 0.000000
vt  0.427664 0.598545 0.000000
vt  0.296951 0.950170 0.000000
vt  0.328093 0.911013 0.000000
vt  0.357022 0.883295 0.000000
vt  0.383224 0.857065 0.000000
vt  0.399733 0.715139 0.000000
vt  0.240535 0.795569 0.000000
vt  0.240535 0.795569 0.000000
vt  0.269989 0.801432 0.000000
vt  0.269879 0.793530 0.000000
vt  0.425038 0.631949 0.000000
vt  0.488245 0.642893 0.000000
vt  0.502988 0.431028 0.000000
vt  0.473500 0.617985 0.000000
vt  0.486542 0.658578 0.000000
vt  0.456419 0.662835 0.000000
vt  0.445229 0.655154 0.000000
vt  0.306515 0.939078 0.000000
vt  0.291355 0.945491 0.000000
vt  0.316152 0.926597 0.000000
vt  0.284653 0.940934 0.000000
vt  0.272309 0.953883 0.000000
vt  0.274165 0.950450 0.000000
vt  0.276264 0.946075 0.000000
vt  0.278748 0.936136 0.000000
vt  0.337623 0.900121 0.000000
vt  0.347525 0.891130 0.000000
vt  0.259135 0.859676 0.000000
vt  0.247559 0.861650 0.000000
vt  0.261445 0.840999 0.000000
vt  0.241991 0.842897 0.000000
vt  0.221405 0.846538 0.000000
vt  0.369530 0.872623 0.000000
vt  0.264940 0.819470 0.000000
vt  0.395459 0.838761 0.000000
vt  0.350502 0.800259 0.000000
vt  0.435996 0.584791 0.000000
vt  0.404246 0.818846 0.000000
vt  0.435215 0.644702 0.000000
vt  0.459231 0.599493 0.000000
vt  0.481282 0.668256 0.000000
vt  0.475737 0.672578 0.000000
vt  0.294192 0.947826 0.000000
vt  0.288043 0.943208 0.000000
vt  0.273106 0.952415 0.000000
vt  0.275209 0.948427 0.000000
vt  0.277400 0.941800 0.000000
vt  0.423532 0.630031 0.000000
vt  0.458094 0.663908 0.000000
vt  0.474933 0.673101 0.000000
vt  0.435996 0.584791 0.000000
vt  0.263681 0.945535 0.000000
vt  0.259642 0.940868 0.000000
vt  0.261695 0.938270 0.000000
vt  0.322322 0.892584 0.000000
vt  0.316814 0.843446 0.000000
vt  0.329524 0.831264 0.000000
vt  0.332976 0.809568 0.000000
vt  0.315229 0.781712 0.000000
vt  0.257978 0.789778 0.000000
vt  0.432308 0.421477 0.000000
vt  0.418065 0.627132 0.000000
vt  0.386078 0.791477 0.000000
vt  0.452554 0.564946 0.000000
vt  0.317404 0.770863 0.000000
vt  0.473499 0.465854 0.000000
vt  0.299063 0.770329 0.000000
vt  0.480200 0.623827 0.000000
vt  0.488202 0.415568 0.000000
vt  0.489323 0.655365 0.000000
vt  0.297682 0.943121 0.000000
vt  0.307339 0.929875 0.000000
vt  0.290803 0.938396 0.000000
vt  0.298519 0.923946 0.000000
vt  0.270267 0.950558 0.000000
vt  0.272603 0.946596 0.000000
vt  0.274489 0.940068 0.000000
vt  0.275736 0.929069 0.000000
vt  0.263681 0.945535 0.000000
vt  0.265668 0.941297 0.000000
vt  0.266445 0.935132 0.000000
vt  0.267053 0.925898 0.000000
vt  0.259642 0.940868 0.000000
vt  0.256664 0.934435 0.000000
vt  0.260985 0.933000 0.000000
vt  0.260219 0.924434 0.000000
vt  0.254033 0.925627 0.000000
vt  0.250544 0.912772 0.000000
vt  0.258433 0.911184 0.000000
vt  0.266704 0.911835 0.000000
vt  0.277548 0.914331 0.000000
vt  0.317560 0.914932 0.000000
vt  0.306611 0.907533 0.000000
vt  0.327570 0.900342 0.000000
vt  0.313688 0.889266 0.000000
vt  0.336933 0.890058 0.000000
vt  0.345705 0.881254 0.000000
vt  0.280279 0.896141 0.000000
vt  0.266816 0.893052 0.000000
vt  0.256398 0.892397 0.000000
vt  0.268762 0.872357 0.000000
vt  0.254660 0.872699 0.000000
vt  0.285111 0.875492 0.000000
vt  0.269820 0.851752 0.000000
vt  0.288099 0.854715 0.000000
vt  0.288142 0.833846 0.000000
vt  0.245822 0.894855 0.000000
vt  0.240415 0.876385 0.000000
vt  0.234330 0.857180 0.000000
vt  0.343332 0.856161 0.000000
vt  0.355846 0.871330 0.000000
vt  0.369381 0.857880 0.000000
vt  0.354890 0.843728 0.000000
vt  0.341365 0.825996 0.000000
vt  0.270725 0.830751 0.000000
vt  0.289833 0.813626 0.000000
vt  0.273605 0.810475 0.000000
vt  0.382239 0.840809 0.000000
vt  0.367008 0.828677 0.000000
vt  0.353126 0.814680 0.000000
vt  0.341313 0.799340 0.000000
vt  0.292854 0.796716 0.000000
vt  0.293452 0.783140 0.000000
vt  0.277209 0.795777 0.000000
vt  0.274214 0.784741 0.000000
vt  0.392229 0.824054 0.000000
vt  0.425248 0.642413 0.000000
vt  0.397524 0.809543 0.000000
vt  0.443175 0.432961 0.000000
vt  0.398832 0.790918 0.000000
vt  0.452114 0.454056 0.000000
vt  0.451669 0.582963 0.000000
vt  0.470203 0.503322 0.000000
vt  0.335224 0.761145 0.000000
vt  0.470029 0.602839 0.000000
vt  0.484483 0.472091 0.000000
vt  0.459303 0.481206 0.000000
vt  0.376483 0.774008 0.000000
vt  0.361096 0.748371 0.000000
vt  0.466784 0.445529 0.000000
vt  0.453837 0.424986 0.000000
vt  0.396215 0.765738 0.000000
vt  0.389069 0.736552 0.000000
vt  0.494291 0.443767 0.000000
vt  0.479908 0.431474 0.000000
vt  0.498869 0.417874 0.000000
vt  0.486736 0.666844 0.000000
vt  0.481646 0.405000 0.000000
vt  0.479571 0.674067 0.000000
vt  0.465847 0.416208 0.000000
vt  0.438121 0.654443 0.000000
vt  0.450040 0.662608 0.000000
vt  0.466217 0.671328 0.000000
vt  0.328985 0.843874 0.000000
vt  0.327860 0.788357 0.000000
vt  0.324426 0.887771 0.000000
vt  0.331290 0.884676 0.000000
vt  0.339300 0.875216 0.000000
vt  0.338257 0.862373 0.000000
vt  0.327190 0.850520 0.000000
vt  0.315174 0.848789 0.000000
vt  0.310053 0.862512 0.000000
vt  0.316248 0.880182 0.000000
vt  0.421432 0.621166 0.000000
vt  0.466514 0.668504 0.000000
vt  0.392712 0.703214 0.000000
vt  0.269180 0.951166 0.000000
vt  0.262936 0.946397 0.000000
vt  0.261508 0.943250 0.000000
vt  0.258895 0.941661 0.000000
vt  0.255396 0.935049 0.000000
vt  0.252103 0.926152 0.000000
vt  0.248049 0.913389 0.000000
vt  0.242643 0.895831 0.000000
vt  0.236439 0.877697 0.000000
vt  0.229434 0.858863 0.000000
vt  0.403885 0.789834 0.000000
vt  0.401969 0.763877 0.000000
vt  0.261323 0.936208 0.000000
vt  0.260903 0.939427 0.000000
vt  0.263162 0.939265 0.000000
vt  0.323900 0.888974 0.000000
vt  0.319215 0.892645 0.000000
vt  0.323531 0.896040 0.000000
vt  0.315584 0.847453 0.000000
vt  0.321474 0.841619 0.000000
vt  0.315220 0.841970 0.000000
vt  0.323553 0.826047 0.000000
vt  0.330017 0.837398 0.000000
vt  0.334841 0.829573 0.000000
vt  0.336242 0.816369 0.000000
vt  0.336552 0.804569 0.000000
vt  0.327655 0.809063 0.000000
vt  0.304758 0.783053 0.000000
vt  0.320848 0.784243 0.000000
vt  0.318338 0.777145 0.000000
vt  0.249599 0.788615 0.000000
vt  0.266398 0.787071 0.000000
vt  0.438193 0.425751 0.000000
vt  0.431323 0.417570 0.000000
vt  0.420939 0.647123 0.000000
vt  0.426957 0.422576 0.000000
vt  0.384061 0.819378 0.000000
vt  0.419544 0.634660 0.000000
vt  0.420590 0.622657 0.000000
vt  0.415332 0.625682 0.000000
vt  0.372644 0.819847 0.000000
vt  0.383026 0.784000 0.000000
vt  0.384733 0.796089 0.000000
vt  0.446065 0.457060 0.000000
vt  0.390591 0.792142 0.000000
vt  0.445342 0.555549 0.000000
vt  0.339085 0.782753 0.000000
vt  0.453530 0.573985 0.000000
vt  0.457370 0.565273 0.000000
vt  0.478321 0.510706 0.000000
vt  0.308337 0.769001 0.000000
vt  0.324865 0.766591 0.000000
vt  0.466954 0.473140 0.000000
vt  0.478677 0.468008 0.000000
vt  0.472386 0.456731 0.000000
vt  0.295904 0.766378 0.000000
vt  0.294552 0.776968 0.000000
vt  0.475646 0.613814 0.000000
vt  0.483719 0.627244 0.000000
vt  0.499420 0.446952 0.000000
vt  0.484233 0.423232 0.000000
vt  0.493923 0.415841 0.000000
vt  0.485403 0.409543 0.000000
vt  0.488946 0.661352 0.000000
vt  0.490425 0.653312 0.000000
vt  0.503426 0.420786 0.000000
vt  0.294793 0.939981 0.000000
vt  0.302714 0.936281 0.000000
vt  0.303240 0.926720 0.000000
vt  0.312105 0.923045 0.000000
vt  0.294801 0.931174 0.000000
vt  0.287643 0.935183 0.000000
vt  0.293486 0.921362 0.000000
vt  0.302330 0.916226 0.000000
vt  0.271227 0.948495 0.000000
vt  0.266491 0.947909 0.000000
vt  0.268915 0.943898 0.000000
vt  0.273215 0.943597 0.000000
vt  0.274875 0.934988 0.000000
vt  0.270294 0.937535 0.000000
vt  0.279913 0.930633 0.000000
vt  0.276738 0.922215 0.000000
vt  0.271477 0.927494 0.000000
vt  0.261508 0.943250 0.000000
vt  0.264923 0.943613 0.000000
vt  0.266110 0.938500 0.000000
vt  0.266738 0.930996 0.000000
vt  0.263243 0.933429 0.000000
vt  0.267128 0.919592 0.000000
vt  0.263091 0.924729 0.000000
vt  0.258042 0.938046 0.000000
vt  0.255373 0.930231 0.000000
vt  0.259013 0.933462 0.000000
vt  0.260633 0.928968 0.000000
vt  0.259550 0.918729 0.000000
vt  0.257509 0.924804 0.000000
vt  0.252478 0.920012 0.000000
vt  0.248301 0.904267 0.000000
vt  0.255010 0.911757 0.000000
vt  0.261951 0.911171 0.000000
vt  0.257253 0.902255 0.000000
vt  0.272101 0.912960 0.000000
vt  0.266395 0.902898 0.000000
vt  0.283020 0.915825 0.000000
vt  0.278587 0.905584 0.000000
vt  0.312534 0.911203 0.000000
vt  0.322962 0.906908 0.000000
vt  0.300240 0.903892 0.000000
vt  0.310638 0.898376 0.000000
vt  0.332016 0.894853 0.000000
vt  0.306951 0.884168 0.000000
vt  0.315608 0.882453 0.000000
vt  0.341702 0.885633 0.000000
vt  0.332701 0.886021 0.000000
vt  0.340901 0.876725 0.000000
vt  0.350050 0.876594 0.000000
vt  0.273282 0.894405 0.000000
vt  0.287542 0.898069 0.000000
vt  0.282496 0.886083 0.000000
vt  0.261112 0.892307 0.000000
vt  0.267696 0.882728 0.000000
vt  0.255617 0.882311 0.000000
vt  0.251645 0.893265 0.000000
vt  0.269606 0.862009 0.000000
vt  0.261332 0.872082 0.000000
vt  0.276754 0.873501 0.000000
vt  0.247952 0.874152 0.000000
vt  0.293651 0.877905 0.000000
vt  0.287266 0.864869 0.000000
vt  0.278812 0.852598 0.000000
vt  0.269995 0.841396 0.000000
vt  0.297532 0.857466 0.000000
vt  0.288196 0.844538 0.000000
vt  0.297695 0.836317 0.000000
vt  0.288501 0.823317 0.000000
vt  0.279011 0.831837 0.000000
vt  0.243171 0.885306 0.000000
vt  0.237489 0.867280 0.000000
vt  0.337040 0.849094 0.000000
vt  0.339525 0.860820 0.000000
vt  0.349166 0.863949 0.000000
vt  0.348759 0.849947 0.000000
vt  0.362491 0.865184 0.000000
vt  0.362248 0.850612 0.000000
vt  0.376103 0.849671 0.000000
vt  0.361160 0.836855 0.000000
vt  0.347772 0.835949 0.000000
vt  0.347869 0.820907 0.000000
vt  0.271948 0.820288 0.000000
vt  0.280759 0.811717 0.000000
vt  0.299865 0.815869 0.000000
vt  0.291498 0.804763 0.000000
vt  0.275442 0.802058 0.000000
vt  0.374722 0.834078 0.000000
vt  0.387658 0.832026 0.000000
vt  0.359630 0.822810 0.000000
vt  0.365339 0.783415 0.000000
vt  0.347139 0.806214 0.000000
vt  0.346669 0.793995 0.000000
vt  0.439458 0.574542 0.000000
vt  0.335077 0.793555 0.000000
vt  0.293605 0.789502 0.000000
vt  0.283523 0.795863 0.000000
vt  0.303695 0.797952 0.000000
vt  0.282780 0.783270 0.000000
vt  0.277326 0.790412 0.000000
vt  0.269487 0.778917 0.000000
vt  0.395627 0.816643 0.000000
vt  0.432375 0.649353 0.000000
vt  0.398425 0.801414 0.000000
vt  0.388269 0.809244 0.000000
vt  0.438569 0.436970 0.000000
vt  0.447676 0.442573 0.000000
vt  0.448144 0.428963 0.000000
vt  0.398258 0.778784 0.000000
vt  0.456115 0.467052 0.000000
vt  0.458806 0.450422 0.000000
vt  0.462365 0.592142 0.000000
vt  0.477821 0.487209 0.000000
vt  0.463419 0.494101 0.000000
vt  0.462107 0.519933 0.000000
vt  0.345538 0.773312 0.000000
vt  0.347597 0.754934 0.000000
vt  0.324911 0.748978 0.000000
vt  0.473086 0.597668 0.000000
vt  0.490605 0.477138 0.000000
vt  0.490028 0.457699 0.000000
vt  0.451099 0.489661 0.000000
vt  0.368260 0.778554 0.000000
vt  0.385527 0.769667 0.000000
vt  0.368491 0.761974 0.000000
vt  0.375120 0.742046 0.000000
vt  0.353998 0.733984 0.000000
vt  0.474375 0.439254 0.000000
vt  0.459624 0.434273 0.000000
vt  0.459867 0.420808 0.000000
vt  0.448736 0.416683 0.000000
vt  0.436105 0.658535 0.000000
vt  0.393039 0.751692 0.000000
vt  0.384701 0.720866 0.000000
vt  0.497247 0.430442 0.000000
vt  0.488131 0.439101 0.000000
vt  0.471766 0.423103 0.000000
vt  0.499822 0.405683 0.000000
vt  0.489228 0.669495 0.000000
vt  0.483381 0.671271 0.000000
vt  0.491489 0.398603 0.000000
vt  0.480992 0.677127 0.000000
vt  0.477409 0.401198 0.000000
vt  0.465921 0.674152 0.000000
vt  0.472774 0.411000 0.000000
vt  0.474214 0.674373 0.000000
vt  0.461041 0.410049 0.000000
vt  0.448686 0.665599 0.000000
vt  0.443630 0.658566 0.000000
vt  0.457515 0.666789 0.000000
vt  0.466439 0.669210 0.000000
vt  0.327638 0.848859 0.000000
vt  0.316635 0.793961 0.000000
vt  0.326988 0.887622 0.000000
vt  0.324426 0.887771 0.000000
vt  0.321536 0.885248 0.000000
vt  0.335880 0.880137 0.000000
vt  0.331290 0.884676 0.000000
vt  0.340457 0.869449 0.000000
vt  0.339300 0.875216 0.000000
vt  0.333550 0.855546 0.000000
vt  0.338256 0.862373 0.000000
vt  0.320592 0.848026 0.000000
vt  0.327190 0.850520 0.000000
vt  0.311479 0.853416 0.000000
vt  0.315174 0.848789 0.000000
vt  0.310053 0.862512 0.000000
vt  0.311455 0.872596 0.000000
vt  0.310053 0.862512 0.000000
vt  0.316248 0.880182 0.000000
vt  0.421432 0.621166 0.000000
vt  0.419332 0.612300 0.000000
vt  0.392174 0.713904 0.000000
vt  0.466514 0.668504 0.000000
vt  0.427664 0.598545 0.000000
vt  0.301767 0.944687 0.000000
vt  0.311127 0.933220 0.000000
vt  0.272574 0.953394 0.000000
vt  0.322138 0.918692 0.000000
vt  0.333025 0.905068 0.000000
vt  0.342576 0.895440 0.000000
vt  0.352111 0.887292 0.000000
vt  0.362949 0.878507 0.000000
vt  0.376401 0.865340 0.000000
vt  0.389656 0.848206 0.000000
vt  0.214334 0.839038 0.000000
vt  0.400397 0.828730 0.000000
vt  0.406779 0.809841 0.000000
vt  0.402981 0.731473 0.000000
vt  0.272404 0.796074 0.000000
vt  0.257636 0.793837 0.000000
vt  0.480704 0.629943 0.000000
vt  0.487683 0.651182 0.000000
vt  0.292813 0.946654 0.000000
vt  0.295572 0.948998 0.000000
vt  0.286348 0.942071 0.000000
vt  0.289739 0.944345 0.000000
vt  0.272574 0.953394 0.000000
vt  0.273637 0.951437 0.000000
vt  0.274689 0.949443 0.000000
vt  0.275730 0.947411 0.000000
vt  0.276825 0.944097 0.000000
vt  0.277976 0.939502 0.000000
vt  0.253614 0.863325 0.000000
vt  0.260974 0.851541 0.000000
vt  0.244121 0.853814 0.000000
vt  0.231054 0.846581 0.000000
vt  0.262860 0.830127 0.000000
vt  0.267409 0.809567 0.000000
vt  0.429558 0.637704 0.000000
vt  0.448389 0.591909 0.000000
vt  0.466972 0.608010 0.000000
vt  0.484244 0.664191 0.000000
vt  0.478150 0.671007 0.000000
vt  0.440138 0.650351 0.000000
vt  0.451393 0.659616 0.000000
vt  0.423532 0.630031 0.000000
vt  0.458094 0.663908 0.000000
vt  0.474933 0.673101 0.000000
vt  0.393249 0.692525 0.000000
vt  0.241164 0.795664 0.000000
vt  0.241182 0.795503 0.000000
vt  0.304905 0.937766 0.000000
vt  0.295179 0.948665 0.000000
vt  0.313991 0.925711 0.000000
vt  0.326728 0.908727 0.000000
vt  0.335597 0.898199 0.000000
vt  0.345977 0.889268 0.000000
vt  0.354845 0.882113 0.000000
vt  0.367951 0.871778 0.000000
vt  0.382015 0.855886 0.000000
vt  0.394503 0.837732 0.000000
vt  0.403087 0.817997 0.000000
vt  0.406674 0.801538 0.000000
vt  0.403774 0.748658 0.000000
vt  0.397075 0.716152 0.000000
vt  0.288677 0.954208 0.000000
vt  0.292096 0.951215 0.000000
vt  0.286657 0.955068 0.000000
vt  0.285106 0.955635 0.000000
vt  0.282252 0.955529 0.000000
vt  0.279543 0.955482 0.000000
vt  0.273072 0.952477 0.000000
vt  0.276654 0.954228 0.000000
vt  0.241081 0.795150 0.000000
vt  0.241182 0.795504 0.000000
vt  0.266466 0.947929 0.000000
vt  0.270231 0.950578 0.000000
vt  0.273072 0.952477 0.000000
vt  0.270417 0.950743 0.000000
vt  0.261545 0.943183 0.000000
vt  0.257995 0.938076 0.000000
vt  0.259014 0.939760 0.000000
vt  0.259692 0.940812 0.000000
vt  0.256388 0.934569 0.000000
vt  0.254796 0.930454 0.000000
vt  0.251325 0.920258 0.000000
vt  0.253163 0.925864 0.000000
vt  0.249125 0.913123 0.000000
vt  0.246588 0.904774 0.000000
vt  0.243726 0.895499 0.000000
vt  0.240672 0.886083 0.000000
vt  0.237565 0.877325 0.000000
vt  0.234256 0.868396 0.000000
vt  0.230598 0.858463 0.000000
vt  0.224887 0.846460 0.000000
vt  0.216363 0.838415 0.000000
vt  0.213034 0.836515 0.000000
vt  0.402852 0.790055 0.000000
vt  0.402430 0.777601 0.000000
vt  0.405318 0.800877 0.000000
vt  0.402161 0.749256 0.000000
vt  0.400813 0.764251 0.000000
vt  0.405387 0.803650 0.000000
vt  0.405915 0.805005 0.000000
vt  0.401792 0.745151 0.000000
vt  0.402396 0.741729 0.000000
vt  0.347707 0.890893 0.000000
vt  0.337445 0.899988 0.000000
vt  0.335597 0.898199 0.000000
vt  0.345977 0.889268 0.000000
vt  0.395892 0.839054 0.000000
vt  0.394503 0.837732 0.000000
vt  0.403087 0.817997 0.000000
vt  0.404903 0.818406 0.000000
vt  0.408655 0.801276 0.000000
vt  0.406674 0.801538 0.000000
vt  0.399733 0.715139 0.000000
vt  0.406229 0.747808 0.000000
vt  0.403774 0.748658 0.000000
vt  0.397075 0.716152 0.000000
vt  0.270072 0.800043 0.000000
vt  0.274737 0.792105 0.000000
vt  0.240535 0.795569 0.000000
vt  0.260973 0.841163 0.000000
vt  0.241991 0.842897 0.000000
vt  0.246251 0.864730 0.000000
vt  0.260976 0.861919 0.000000
vt  0.264746 0.819092 0.000000
vt  0.239912 0.818832 0.000000
vt  0.208550 0.827810 0.000000
vt  0.220117 0.850266 0.000000
vt  0.293457 0.953216 0.000000
vt  0.289963 0.956263 0.000000
vt  0.288677 0.954208 0.000000
vt  0.292096 0.951215 0.000000
vt  0.287780 0.957222 0.000000
vt  0.285597 0.958180 0.000000
vt  0.285106 0.955635 0.000000
vt  0.286657 0.955068 0.000000
vt  0.282458 0.958069 0.000000
vt  0.279318 0.957958 0.000000
vt  0.279543 0.955482 0.000000
vt  0.282252 0.955529 0.000000
vt  0.275680 0.956165 0.000000
vt  0.272043 0.954372 0.000000
vt  0.273072 0.952477 0.000000
vt  0.276654 0.954228 0.000000
vt  0.285574 0.951663 0.000000
vt  0.286684 0.951023 0.000000
vt  0.284024 0.949600 0.000000
vt  0.284171 0.950502 0.000000
vt  0.281364 0.948178 0.000000
vt  0.282914 0.950241 0.000000
vt  0.284464 0.952304 0.000000
vt  0.282130 0.952499 0.000000
vt  0.281875 0.951059 0.000000
vt  0.280580 0.950436 0.000000
vt  0.279796 0.952694 0.000000
vt  0.294192 0.947826 0.000000
vt  0.291434 0.945482 0.000000
vt  0.289059 0.948252 0.000000
vt  0.291520 0.950369 0.000000
vt  0.288324 0.953643 0.000000
vt  0.296951 0.950170 0.000000
vt  0.283009 0.944556 0.000000
vt  0.286214 0.946502 0.000000
vt  0.288043 0.943208 0.000000
vt  0.284653 0.940934 0.000000
vt  0.286424 0.954621 0.000000
vt  0.285030 0.955242 0.000000
vt  0.279557 0.955326 0.000000
vt  0.282230 0.955259 0.000000
vt  0.276982 0.951576 0.000000
vt  0.276683 0.954143 0.000000
vt  0.274168 0.950459 0.000000
vt  0.273106 0.952415 0.000000
vt  0.278807 0.947286 0.000000
vt  0.276250 0.946395 0.000000
vt  0.275209 0.948427 0.000000
vt  0.277686 0.949054 0.000000
vt  0.277400 0.941800 0.000000
vt  0.280148 0.942713 0.000000
vt  0.281602 0.939069 0.000000
vt  0.278551 0.937204 0.000000
vt  0.282789 0.924469 0.000000
vt  0.281882 0.928142 0.000000
vt  0.283121 0.929145 0.000000
vt  0.284183 0.925396 0.000000
vt  0.281093 0.931285 0.000000
vt  0.282124 0.932309 0.000000
vt  0.283397 0.933952 0.000000
vt  0.284660 0.930204 0.000000
vt  0.285882 0.926437 0.000000
vt  0.280268 0.934842 0.000000
vt  0.280569 0.935769 0.000000
vt  0.281263 0.934443 0.000000
vt  0.280520 0.933542 0.000000
vt  0.281071 0.936821 0.000000
vt  0.281950 0.935701 0.000000
vt  0.281876 0.938293 0.000000
vt  0.282427 0.938293 0.000000
vt  0.282303 0.937084 0.000000
vt  0.281521 0.937740 0.000000
vt  0.283253 0.938146 0.000000
vt  0.283337 0.936537 0.000000
vt  0.284935 0.937637 0.000000
vt  0.285535 0.936522 0.000000
vt  0.284522 0.936387 0.000000
vt  0.284195 0.937953 0.000000
vt  0.286461 0.934433 0.000000
vt  0.285183 0.934106 0.000000
vt  0.289110 0.928020 0.000000
vt  0.287631 0.927333 0.000000
vt  0.286301 0.930974 0.000000
vt  0.287711 0.931496 0.000000
vt  0.286897 0.908076 0.000000
vt  0.285744 0.912423 0.000000
vt  0.287466 0.913301 0.000000
vt  0.288706 0.908965 0.000000
vt  0.284693 0.916606 0.000000
vt  0.286322 0.917480 0.000000
vt  0.288278 0.918521 0.000000
vt  0.289533 0.914353 0.000000
vt  0.290877 0.910032 0.000000
vt  0.285239 0.921510 0.000000
vt  0.283717 0.920622 0.000000
vt  0.287075 0.922546 0.000000
vt  0.290486 0.924316 0.000000
vt  0.288931 0.923524 0.000000
vt  0.291877 0.920398 0.000000
vt  0.290240 0.919548 0.000000
vt  0.294857 0.911988 0.000000
vt  0.293048 0.911099 0.000000
vt  0.291599 0.915406 0.000000
vt  0.293321 0.916284 0.000000
vt  0.292571 0.889137 0.000000
vt  0.291039 0.894092 0.000000
vt  0.293079 0.895015 0.000000
vt  0.294650 0.890075 0.000000
vt  0.289567 0.898904 0.000000
vt  0.291543 0.899815 0.000000
vt  0.293915 0.900908 0.000000
vt  0.295527 0.896123 0.000000
vt  0.297146 0.891201 0.000000
vt  0.290076 0.904467 0.000000
vt  0.288179 0.903568 0.000000
vt  0.292351 0.905547 0.000000
vt  0.296524 0.907526 0.000000
vt  0.294627 0.906627 0.000000
vt  0.298262 0.902911 0.000000
vt  0.296286 0.902000 0.000000
vt  0.301720 0.893265 0.000000
vt  0.299641 0.892326 0.000000
vt  0.297974 0.897230 0.000000
vt  0.300014 0.898153 0.000000
vt  0.298123 0.868464 0.000000
vt  0.297012 0.873657 0.000000
vt  0.299054 0.874624 0.000000
vt  0.300133 0.869402 0.000000
vt  0.295653 0.878867 0.000000
vt  0.297724 0.879838 0.000000
vt  0.300210 0.881002 0.000000
vt  0.301505 0.875785 0.000000
vt  0.302544 0.870528 0.000000
vt  0.296227 0.885002 0.000000
vt  0.294141 0.884045 0.000000
vt  0.298732 0.886151 0.000000
vt  0.303323 0.888257 0.000000
vt  0.301236 0.887299 0.000000
vt  0.304766 0.883137 0.000000
vt  0.302695 0.882166 0.000000
vt  0.306964 0.872591 0.000000
vt  0.304955 0.871653 0.000000
vt  0.303956 0.876945 0.000000
vt  0.305998 0.877913 0.000000
vt  0.307610 0.867180 0.000000
vt  0.305629 0.866308 0.000000
vt  0.308133 0.861750 0.000000
vt  0.306148 0.860952 0.000000
vt  0.303767 0.859995 0.000000
vt  0.303251 0.865261 0.000000
vt  0.309592 0.851116 0.000000
vt  0.307406 0.850388 0.000000
vt  0.306684 0.855631 0.000000
vt  0.308728 0.856372 0.000000
vt  0.304783 0.849514 0.000000
vt  0.304231 0.854743 0.000000
vt  0.299974 0.847912 0.000000
vt  0.299734 0.853114 0.000000
vt  0.301778 0.853854 0.000000
vt  0.302160 0.848640 0.000000
vt  0.299401 0.858241 0.000000
vt  0.301385 0.859039 0.000000
vt  0.300873 0.864214 0.000000
vt  0.298892 0.863342 0.000000
vt  0.301576 0.826899 0.000000
vt  0.300934 0.831978 0.000000
vt  0.303998 0.833034 0.000000
vt  0.304924 0.828129 0.000000
vt  0.300502 0.837242 0.000000
vt  0.303246 0.838144 0.000000
vt  0.306539 0.839227 0.000000
vt  0.307675 0.834300 0.000000
vt  0.308941 0.829605 0.000000
vt  0.302641 0.843375 0.000000
vt  0.300206 0.842587 0.000000
vt  0.305563 0.844320 0.000000
vt  0.310920 0.846053 0.000000
vt  0.308485 0.845266 0.000000
vt  0.312575 0.841212 0.000000
vt  0.309831 0.840310 0.000000
vt  0.316305 0.832311 0.000000
vt  0.312958 0.831081 0.000000
vt  0.311353 0.835567 0.000000
vt  0.314417 0.836622 0.000000
vt  0.305788 0.808635 0.000000
vt  0.304725 0.813058 0.000000
vt  0.308466 0.814759 0.000000
vt  0.309555 0.810411 0.000000
vt  0.303590 0.817521 0.000000
vt  0.307262 0.819094 0.000000
vt  0.311669 0.820981 0.000000
vt  0.312957 0.816801 0.000000
vt  0.314076 0.812541 0.000000
vt  0.306047 0.823517 0.000000
vt  0.302501 0.822108 0.000000
vt  0.310301 0.825207 0.000000
vt  0.318102 0.828307 0.000000
vt  0.314556 0.826898 0.000000
vt  0.319748 0.824441 0.000000
vt  0.316076 0.822869 0.000000
vt  0.322364 0.816447 0.000000
vt  0.318597 0.814672 0.000000
vt  0.317447 0.818843 0.000000
vt  0.321188 0.820545 0.000000
vt  0.323218 0.811980 0.000000
vt  0.319455 0.810205 0.000000
vt  0.323537 0.807626 0.000000
vt  0.319918 0.805888 0.000000
vt  0.315575 0.803813 0.000000
vt  0.314940 0.808076 0.000000
vt  0.322210 0.801348 0.000000
vt  0.319833 0.799385 0.000000
vt  0.319881 0.802165 0.000000
vt  0.323105 0.803868 0.000000
vt  0.316293 0.797367 0.000000
vt  0.316012 0.800160 0.000000
vt  0.310118 0.795944 0.000000
vt  0.308826 0.797379 0.000000
vt  0.312096 0.798619 0.000000
vt  0.312667 0.796194 0.000000
vt  0.307591 0.800232 0.000000
vt  0.311221 0.801853 0.000000
vt  0.310424 0.805946 0.000000
vt  0.306661 0.804172 0.000000
vt  0.311777 0.851844 0.000000
vt  0.313356 0.846841 0.000000
vt  0.313356 0.846841 0.000000
vt  0.311777 0.851844 0.000000
vt  0.315319 0.842115 0.000000
vt  0.315319 0.842115 0.000000
vt  0.315045 0.842025 0.000000
vt  0.313112 0.846762 0.000000
vt  0.311559 0.851771 0.000000
vt  0.319653 0.833541 0.000000
vt  0.319653 0.833541 0.000000
vt  0.317481 0.837677 0.000000
vt  0.317481 0.837677 0.000000
vt  0.319318 0.833418 0.000000
vt  0.317174 0.837572 0.000000
vt  0.316255 0.837255 0.000000
vt  0.318314 0.833049 0.000000
vt  0.314222 0.841754 0.000000
vt  0.310903 0.851553 0.000000
vt  0.312382 0.846526 0.000000
vt  0.321647 0.829716 0.000000
vt  0.321647 0.829716 0.000000
vt  0.323421 0.826014 0.000000
vt  0.323421 0.826014 0.000000
vt  0.323054 0.825857 0.000000
vt  0.321293 0.829575 0.000000
vt  0.326131 0.818223 0.000000
vt  0.326131 0.818223 0.000000
vt  0.324930 0.822246 0.000000
vt  0.324930 0.822246 0.000000
vt  0.325755 0.818045 0.000000
vt  0.324556 0.822076 0.000000
vt  0.323433 0.821566 0.000000
vt  0.324624 0.817513 0.000000
vt  0.321952 0.825385 0.000000
vt  0.320229 0.829152 0.000000
vt  0.326981 0.813754 0.000000
vt  0.326981 0.813754 0.000000
vt  0.327183 0.809122 0.000000
vt  0.327183 0.809122 0.000000
vt  0.326817 0.808985 0.000000
vt  0.326605 0.813577 0.000000
vt  0.324454 0.800492 0.000000
vt  0.324454 0.800492 0.000000
vt  0.326439 0.804608 0.000000
vt  0.326439 0.804608 0.000000
vt  0.324175 0.800599 0.000000
vt  0.326100 0.804582 0.000000
vt  0.325083 0.804505 0.000000
vt  0.323341 0.800921 0.000000
vt  0.325719 0.808572 0.000000
vt  0.325476 0.813045 0.000000
vt  0.320929 0.797056 0.000000
vt  0.320929 0.797056 0.000000
vt  0.316575 0.794557 0.000000
vt  0.316575 0.794557 0.000000
vt  0.316547 0.794839 0.000000
vt  0.320762 0.797266 0.000000
vt  0.308217 0.793396 0.000000
vt  0.308217 0.793396 0.000000
vt  0.312101 0.793252 0.000000
vt  0.312101 0.793252 0.000000
vt  0.308452 0.793711 0.000000
vt  0.312214 0.793572 0.000000
vt  0.312555 0.794532 0.000000
vt  0.309160 0.794658 0.000000
vt  0.316462 0.795684 0.000000
vt  0.320262 0.797897 0.000000
vt  0.305631 0.795247 0.000000
vt  0.305631 0.795247 0.000000
vt  0.303980 0.798387 0.000000
vt  0.303980 0.798387 0.000000
vt  0.304340 0.798583 0.000000
vt  0.305947 0.795505 0.000000
vt  0.302021 0.806860 0.000000
vt  0.302021 0.806860 0.000000
vt  0.302898 0.802397 0.000000
vt  0.302898 0.802397 0.000000
vt  0.302397 0.807037 0.000000
vt  0.303274 0.802575 0.000000
vt  0.304403 0.803107 0.000000
vt  0.303527 0.807570 0.000000
vt  0.305420 0.799170 0.000000
vt  0.306894 0.796278 0.000000
vt  0.300983 0.811356 0.000000
vt  0.300983 0.811356 0.000000
vt  0.299917 0.815948 0.000000
vt  0.299917 0.815948 0.000000
vt  0.300285 0.816105 0.000000
vt  0.301357 0.811526 0.000000
vt  0.298229 0.825669 0.000000
vt  0.298229 0.825669 0.000000
vt  0.298955 0.820698 0.000000
vt  0.298955 0.820699 0.000000
vt  0.298564 0.825792 0.000000
vt  0.299310 0.820839 0.000000
vt  0.300374 0.821262 0.000000
vt  0.299568 0.826161 0.000000
vt  0.301386 0.816577 0.000000
vt  0.302480 0.812037 0.000000
vt  0.297870 0.830923 0.000000
vt  0.297870 0.830923 0.000000
vt  0.297758 0.836339 0.000000
vt  0.297758 0.836339 0.000000
vt  0.298032 0.836430 0.000000
vt  0.298176 0.831028 0.000000
vt  0.297789 0.847184 0.000000
vt  0.297789 0.847184 0.000000
vt  0.297771 0.841800 0.000000
vt  0.297771 0.841800 0.000000
vt  0.298007 0.847257 0.000000
vt  0.298014 0.841878 0.000000
vt  0.298745 0.842115 0.000000
vt  0.298663 0.847476 0.000000
vt  0.298855 0.836700 0.000000
vt  0.299096 0.831345 0.000000
vt  0.297690 0.852374 0.000000
vt  0.297690 0.852374 0.000000
vt  0.297416 0.857444 0.000000
vt  0.297416 0.857444 0.000000
vt  0.297615 0.857524 0.000000
vt  0.297894 0.852448 0.000000
vt  0.296114 0.867526 0.000000
vt  0.296114 0.867526 0.000000
vt  0.296910 0.862469 0.000000
vt  0.296910 0.862469 0.000000
vt  0.296315 0.867620 0.000000
vt  0.297109 0.862557 0.000000
vt  0.297703 0.862818 0.000000
vt  0.296918 0.867901 0.000000
vt  0.298210 0.857763 0.000000
vt  0.298507 0.852670 0.000000
vt  0.294970 0.872689 0.000000
vt  0.294970 0.872689 0.000000
vt  0.293581 0.877897 0.000000
vt  0.293581 0.877897 0.000000
vt  0.293788 0.877994 0.000000
vt  0.295174 0.872786 0.000000
vt  0.290492 0.888199 0.000000
vt  0.290492 0.888199 0.000000
vt  0.292054 0.883087 0.000000
vt  0.292054 0.883087 0.000000
vt  0.290699 0.888292 0.000000
vt  0.292262 0.883183 0.000000
vt  0.292889 0.883470 0.000000
vt  0.291323 0.888574 0.000000
vt  0.294410 0.878285 0.000000
vt  0.295787 0.873076 0.000000
vt  0.288999 0.893169 0.000000
vt  0.288999 0.893169 0.000000
vt  0.287591 0.897994 0.000000
vt  0.287591 0.897994 0.000000
vt  0.287789 0.898085 0.000000
vt  0.289203 0.893261 0.000000
vt  0.285088 0.907187 0.000000
vt  0.285088 0.907187 0.000000
vt  0.286283 0.902668 0.000000
vt  0.286283 0.902668 0.000000
vt  0.285269 0.907276 0.000000
vt  0.286472 0.902758 0.000000
vt  0.287041 0.903028 0.000000
vt  0.285812 0.907542 0.000000
vt  0.288382 0.898358 0.000000
vt  0.289815 0.893538 0.000000
vt  0.284022 0.911546 0.000000
vt  0.284022 0.911546 0.000000
vt  0.283065 0.915732 0.000000
vt  0.283065 0.915732 0.000000
vt  0.283228 0.915820 0.000000
vt  0.284194 0.911633 0.000000
vt  0.281395 0.923541 0.000000
vt  0.281395 0.923541 0.000000
vt  0.282196 0.919735 0.000000
vt  0.282196 0.919735 0.000000
vt  0.281534 0.923634 0.000000
vt  0.282348 0.919824 0.000000
vt  0.282804 0.920090 0.000000
vt  0.281953 0.923912 0.000000
vt  0.283716 0.916082 0.000000
vt  0.284711 0.911897 0.000000
vt  0.280642 0.927139 0.000000
vt  0.280642 0.927139 0.000000
vt  0.280015 0.930405 0.000000
vt  0.280015 0.930405 0.000000
vt  0.280125 0.930486 0.000000
vt  0.280766 0.927239 0.000000
vt  0.279453 0.935442 0.000000
vt  0.279453 0.935442 0.000000
vt  0.279593 0.933214 0.000000
vt  0.279593 0.933214 0.000000
vt  0.279552 0.935364 0.000000
vt  0.279695 0.933218 0.000000
vt  0.280001 0.933230 0.000000
vt  0.279848 0.935130 0.000000
vt  0.280455 0.930728 0.000000
vt  0.281138 0.927540 0.000000
vt  0.279675 0.936965 0.000000
vt  0.279675 0.936965 0.000000
vt  0.280167 0.937960 0.000000
vt  0.280167 0.937960 0.000000
vt  0.280258 0.937845 0.000000
vt  0.279774 0.936852 0.000000
vt  0.281602 0.939069 0.000000
vt  0.281602 0.939069 0.000000
vt  0.280839 0.938603 0.000000
vt  0.280839 0.938603 0.000000
vt  0.281634 0.938979 0.000000
vt  0.280902 0.938506 0.000000
vt  0.281092 0.938216 0.000000
vt  0.281729 0.938710 0.000000
vt  0.280533 0.937501 0.000000
vt  0.280072 0.936513 0.000000
vt  0.282365 0.939535 0.000000
vt  0.282365 0.939535 0.000000
vt  0.283173 0.939793 0.000000
vt  0.283173 0.939793 0.000000
vt  0.283181 0.939626 0.000000
vt  0.282380 0.939409 0.000000
vt  0.285111 0.938845 0.000000
vt  0.285111 0.938845 0.000000
vt  0.284073 0.939632 0.000000
vt  0.284073 0.939632 0.000000
vt  0.285092 0.938695 0.000000
vt  0.284075 0.939459 0.000000
vt  0.284081 0.938938 0.000000
vt  0.285038 0.938245 0.000000
vt  0.283204 0.939127 0.000000
vt  0.282427 0.939032 0.000000
vt  0.286331 0.937223 0.000000
vt  0.286331 0.937223 0.000000
vt  0.287684 0.934901 0.000000
vt  0.287684 0.934901 0.000000
vt  0.287564 0.934847 0.000000
vt  0.286262 0.937124 0.000000
vt  0.290590 0.928707 0.000000
vt  0.290590 0.928707 0.000000
vt  0.289120 0.932017 0.000000
vt  0.289120 0.932017 0.000000
vt  0.290442 0.928638 0.000000
vt  0.288979 0.931965 0.000000
vt  0.288556 0.931808 0.000000
vt  0.289998 0.928432 0.000000
vt  0.287206 0.934686 0.000000
vt  0.286056 0.936830 0.000000
vt  0.292042 0.925107 0.000000
vt  0.292042 0.925107 0.000000
vt  0.293514 0.921248 0.000000
vt  0.293514 0.921248 0.000000
vt  0.293350 0.921163 0.000000
vt  0.291886 0.925028 0.000000
vt  0.296666 0.912877 0.000000
vt  0.296666 0.912877 0.000000
vt  0.295043 0.917161 0.000000
vt  0.295043 0.917161 0.000000
vt  0.296485 0.912788 0.000000
vt  0.294871 0.917073 0.000000
vt  0.294354 0.916810 0.000000
vt  0.295943 0.912521 0.000000
vt  0.292859 0.920908 0.000000
vt  0.291420 0.924790 0.000000
vt  0.298420 0.908426 0.000000
vt  0.298420 0.908426 0.000000
vt  0.300239 0.903822 0.000000
vt  0.300239 0.903822 0.000000
vt  0.300041 0.903731 0.000000
vt  0.298231 0.908336 0.000000
vt  0.303800 0.894203 0.000000
vt  0.303800 0.894203 0.000000
vt  0.302054 0.899076 0.000000
vt  0.302054 0.899076 0.000000
vt  0.303592 0.894109 0.000000
vt  0.301850 0.898984 0.000000
vt  0.301238 0.898707 0.000000
vt  0.302968 0.893827 0.000000
vt  0.299448 0.903457 0.000000
vt  0.297662 0.908066 0.000000
vt  0.305409 0.889214 0.000000
vt  0.305409 0.889214 0.000000
vt  0.306838 0.884107 0.000000
vt  0.306838 0.884107 0.000000
vt  0.306631 0.884010 0.000000
vt  0.305201 0.889118 0.000000
vt  0.308973 0.873529 0.000000
vt  0.308973 0.873529 0.000000
vt  0.308041 0.878880 0.000000
vt  0.308041 0.878880 0.000000
vt  0.308773 0.873435 0.000000
vt  0.307836 0.878783 0.000000
vt  0.307224 0.878493 0.000000
vt  0.308170 0.873154 0.000000
vt  0.306009 0.883719 0.000000
vt  0.304575 0.888831 0.000000
vt  0.309592 0.868052 0.000000
vt  0.309592 0.868052 0.000000
vt  0.310117 0.862547 0.000000
vt  0.310117 0.862547 0.000000
vt  0.309919 0.862468 0.000000
vt  0.309393 0.867965 0.000000
vt  0.310772 0.857112 0.000000
vt  0.310772 0.857112 0.000000
vt  0.310567 0.857038 0.000000
vt  0.309954 0.856816 0.000000
vt  0.309323 0.862228 0.000000
vt  0.308799 0.867703 0.000000
vt  0.423532 0.630031 0.000000
vt  0.435583 0.645376 0.000000
vt  0.435583 0.645376 0.000000
vt  0.423532 0.630031 0.000000
vt  0.444693 0.655325 0.000000
vt  0.444693 0.655325 0.000000
vt  0.458094 0.663908 0.000000
vt  0.458094 0.663908 0.000000
vt  0.474933 0.673101 0.000000
vt  0.481367 0.668913 0.000000
vt  0.481367 0.668913 0.000000
vt  0.474933 0.673101 0.000000
vt  0.487120 0.659470 0.000000
vt  0.487120 0.659470 0.000000
vt  0.488245 0.642893 0.000000
vt  0.488245 0.642893 0.000000
vt  0.473162 0.616993 0.000000
vt  0.473162 0.616993 0.000000
vt  0.460782 0.599027 0.000000
vt  0.460782 0.599027 0.000000
vt  0.435996 0.584791 0.000000
vt  0.435996 0.584791 0.000000
vt  0.488245 0.642893 0.000000
vt  0.482690 0.641829 0.000000
vt  0.483297 0.644167 0.000000
vt  0.485409 0.645549 0.000000
vt  0.479020 0.641578 0.000000
vt  0.480868 0.644970 0.000000
vt  0.482836 0.648392 0.000000
vt  0.473051 0.643620 0.000000
vt  0.476273 0.647591 0.000000
vt  0.478532 0.646106 0.000000
vt  0.475857 0.642258 0.000000
vt  0.479443 0.651366 0.000000
vt  0.480915 0.649679 0.000000
vt  0.487120 0.659470 0.000000
vt  0.487683 0.651182 0.000000
vt  0.485979 0.650189 0.000000
vt  0.484846 0.653838 0.000000
vt  0.488245 0.642893 0.000000
vt  0.485409 0.645549 0.000000
vt  0.482631 0.654841 0.000000
vt  0.483062 0.653020 0.000000
vt  0.487120 0.659470 0.000000
vt  0.484846 0.653838 0.000000
vt  0.458094 0.663908 0.000000
vt  0.460160 0.661456 0.000000
vt  0.458234 0.660074 0.000000
vt  0.456659 0.660463 0.000000
vt  0.461331 0.659326 0.000000
vt  0.458177 0.657949 0.000000
vt  0.454888 0.657308 0.000000
vt  0.462078 0.652533 0.000000
vt  0.456760 0.652498 0.000000
vt  0.457868 0.655408 0.000000
vt  0.461955 0.656543 0.000000
vt  0.452639 0.652965 0.000000
vt  0.454142 0.655112 0.000000
vt  0.444693 0.655325 0.000000
vt  0.451393 0.659616 0.000000
vt  0.452671 0.658750 0.000000
vt  0.449959 0.656172 0.000000
vt  0.458094 0.663908 0.000000
vt  0.456659 0.660463 0.000000
vt  0.449126 0.653821 0.000000
vt  0.450848 0.655091 0.000000
vt  0.444693 0.655325 0.000000
vt  0.449959 0.656172 0.000000
vt  0.419332 0.612300 0.000000
vt  0.427137 0.611425 0.000000
vt  0.430120 0.608219 0.000000
vt  0.429167 0.606897 0.000000
vt  0.432454 0.611218 0.000000
vt  0.435424 0.607082 0.000000
vt  0.439190 0.601922 0.000000
vt  0.442117 0.613365 0.000000
vt  0.445428 0.609766 0.000000
vt  0.440550 0.607750 0.000000
vt  0.437426 0.611834 0.000000
vt  0.449482 0.606390 0.000000
vt  0.444689 0.604320 0.000000
vt  0.460782 0.599027 0.000000
vt  0.448389 0.591909 0.000000
vt  0.445260 0.595104 0.000000
vt  0.449892 0.600261 0.000000
vt  0.437011 0.590009 0.000000
vt  0.437926 0.595230 0.000000
vt  0.454029 0.603276 0.000000
vt  0.449747 0.602139 0.000000
vt  0.460782 0.599027 0.000000
vt  0.449892 0.600261 0.000000
vt  0.427664 0.598545 0.000000
vt  0.431444 0.599529 0.000000
vt  0.419332 0.612300 0.000000
vt  0.429167 0.606897 0.000000
vt  0.435412 0.615975 0.000000
vt  0.439801 0.617145 0.000000
vt  0.431093 0.615236 0.000000
vt  0.429658 0.619965 0.000000
vt  0.434350 0.619988 0.000000
vt  0.438293 0.620834 0.000000
vt  0.421432 0.621166 0.000000
vt  0.424242 0.620707 0.000000
vt  0.424597 0.616045 0.000000
vt  0.423532 0.630031 0.000000
vt  0.426697 0.624911 0.000000
vt  0.427073 0.614318 0.000000
vt  0.424597 0.616045 0.000000
vt  0.423532 0.630031 0.000000
vt  0.428399 0.628728 0.000000
vt  0.428292 0.625925 0.000000
vt  0.426697 0.624911 0.000000
vt  0.431698 0.627862 0.000000
vt  0.430930 0.624340 0.000000
vt  0.436992 0.626564 0.000000
vt  0.437407 0.624155 0.000000
vt  0.434084 0.623691 0.000000
vt  0.434739 0.627089 0.000000
vt  0.446590 0.615904 0.000000
vt  0.449986 0.612671 0.000000
vt  0.450861 0.619210 0.000000
vt  0.454272 0.616266 0.000000
vt  0.458646 0.613097 0.000000
vt  0.453428 0.609452 0.000000
vt  0.458861 0.627145 0.000000
vt  0.462211 0.624744 0.000000
vt  0.458331 0.620356 0.000000
vt  0.454946 0.623038 0.000000
vt  0.465636 0.622452 0.000000
vt  0.461990 0.618354 0.000000
vt  0.473162 0.616993 0.000000
vt  0.466972 0.608010 0.000000
vt  0.464029 0.609740 0.000000
vt  0.465653 0.615097 0.000000
vt  0.459463 0.606114 0.000000
vt  0.468835 0.620180 0.000000
vt  0.465698 0.617513 0.000000
vt  0.473162 0.616993 0.000000
vt  0.465653 0.615097 0.000000
vt  0.456127 0.606041 0.000000
vt  0.459463 0.606114 0.000000
vt  0.480704 0.629943 0.000000
vt  0.478176 0.630717 0.000000
vt  0.480683 0.637579 0.000000
vt  0.473142 0.624629 0.000000
vt  0.473482 0.632146 0.000000
vt  0.480147 0.638854 0.000000
vt  0.476294 0.637654 0.000000
vt  0.480683 0.637579 0.000000
vt  0.470691 0.623868 0.000000
vt  0.473142 0.624629 0.000000
vt  0.468889 0.626927 0.000000
vt  0.462620 0.631289 0.000000
vt  0.465957 0.629233 0.000000
vt  0.466233 0.635437 0.000000
vt  0.469515 0.633717 0.000000
vt  0.472833 0.638094 0.000000
vt  0.469707 0.639558 0.000000
vt  0.429558 0.637704 0.000000
vt  0.431657 0.636809 0.000000
vt  0.429693 0.632526 0.000000
vt  0.435583 0.645376 0.000000
vt  0.435719 0.640199 0.000000
vt  0.435575 0.635051 0.000000
vt  0.430290 0.631002 0.000000
vt  0.433517 0.631042 0.000000
vt  0.429693 0.632526 0.000000
vt  0.435583 0.645376 0.000000
vt  0.439159 0.643044 0.000000
vt  0.437709 0.640604 0.000000
vt  0.435719 0.640199 0.000000
vt  0.441841 0.641322 0.000000
vt  0.439238 0.638337 0.000000
vt  0.447743 0.637408 0.000000
vt  0.444496 0.634184 0.000000
vt  0.441700 0.636306 0.000000
vt  0.444782 0.639479 0.000000
vt  0.441489 0.631163 0.000000
vt  0.438867 0.633196 0.000000
vt  0.436440 0.630190 0.000000
vt  0.438853 0.628472 0.000000
vt  0.458123 0.647936 0.000000
vt  0.454304 0.649266 0.000000
vt  0.454555 0.644184 0.000000
vt  0.451152 0.645921 0.000000
vt  0.447184 0.647627 0.000000
vt  0.450741 0.650423 0.000000
vt  0.447955 0.642671 0.000000
vt  0.451095 0.640708 0.000000
vt  0.444749 0.644106 0.000000
vt  0.440138 0.650351 0.000000
vt  0.442658 0.649419 0.000000
vt  0.441640 0.646466 0.000000
vt  0.446195 0.651441 0.000000
vt  0.441656 0.644783 0.000000
vt  0.441640 0.646466 0.000000
vt  0.448338 0.651937 0.000000
vt  0.446195 0.651441 0.000000
vt  0.466330 0.659079 0.000000
vt  0.467640 0.656387 0.000000
vt  0.464991 0.661339 0.000000
vt  0.469369 0.664562 0.000000
vt  0.470596 0.662056 0.000000
vt  0.472171 0.660123 0.000000
vt  0.466514 0.668504 0.000000
vt  0.467449 0.667148 0.000000
vt  0.463707 0.664172 0.000000
vt  0.473632 0.671428 0.000000
vt  0.471727 0.668375 0.000000
vt  0.462932 0.662547 0.000000
vt  0.463707 0.664172 0.000000
vt  0.478150 0.671007 0.000000
vt  0.475207 0.668817 0.000000
vt  0.481367 0.668913 0.000000
vt  0.475344 0.666674 0.000000
vt  0.481367 0.668913 0.000000
vt  0.476164 0.663800 0.000000
vt  0.474355 0.664515 0.000000
vt  0.475344 0.666674 0.000000
vt  0.484244 0.664191 0.000000
vt  0.481473 0.661332 0.000000
vt  0.478649 0.662264 0.000000
vt  0.481526 0.657542 0.000000
vt  0.476392 0.656130 0.000000
vt  0.476559 0.661574 0.000000
vt  0.473619 0.657817 0.000000
vt  0.478649 0.662264 0.000000
vt  0.480849 0.655490 0.000000
vt  0.481526 0.657542 0.000000
vt  0.477588 0.652983 0.000000
vt  0.470454 0.645411 0.000000
vt  0.474077 0.649442 0.000000
vt  0.467909 0.647531 0.000000
vt  0.471878 0.651570 0.000000
vt  0.469610 0.653885 0.000000
vt  0.465260 0.649878 0.000000
vt  0.444030 0.619362 0.000000
vt  0.442089 0.622784 0.000000
vt  0.445800 0.625548 0.000000
vt  0.448113 0.622370 0.000000
vt  0.440550 0.625912 0.000000
vt  0.443696 0.628546 0.000000
vt  0.450480 0.635008 0.000000
vt  0.447028 0.631642 0.000000
vt  0.453146 0.632409 0.000000
vt  0.449486 0.628835 0.000000
vt  0.452062 0.625915 0.000000
vt  0.455889 0.629745 0.000000
vt  0.453988 0.638451 0.000000
vt  0.457583 0.642054 0.000000
vt  0.460422 0.639751 0.000000
vt  0.456779 0.636036 0.000000
vt  0.461296 0.645898 0.000000
vt  0.464111 0.643586 0.000000
vt  0.466857 0.641431 0.000000
vt  0.463253 0.637497 0.000000
vt  0.459609 0.633603 0.000000
vt  0.240535 0.795569 0.000000
vt  0.241081 0.795150 0.000000
vt  0.241182 0.795504 0.000000
vt  0.265568 0.948627 0.000000
vt  0.266466 0.947929 0.000000
vt  0.270231 0.950578 0.000000
vt  0.269180 0.951166 0.000000
vt  0.272309 0.953883 0.000000
vt  0.270417 0.950743 0.000000
vt  0.272574 0.953394 0.000000
vt  0.262936 0.946397 0.000000
vt  0.263681 0.945535 0.000000
vt  0.260855 0.944175 0.000000
vt  0.261508 0.943250 0.000000
vt  0.258895 0.941661 0.000000
vt  0.259642 0.940868 0.000000
vt  0.257070 0.938677 0.000000
vt  0.257995 0.938076 0.000000
vt  0.259014 0.939760 0.000000
vt  0.255396 0.935049 0.000000
vt  0.256388 0.934569 0.000000
vt  0.253773 0.930850 0.000000
vt  0.254796 0.930454 0.000000
vt  0.250242 0.920488 0.000000
vt  0.251325 0.920258 0.000000
vt  0.253163 0.925864 0.000000
vt  0.252103 0.926152 0.000000
vt  0.248049 0.913389 0.000000
vt  0.249125 0.913123 0.000000
vt  0.245518 0.905092 0.000000
vt  0.246588 0.904774 0.000000
vt  0.242643 0.895831 0.000000
vt  0.243726 0.895499 0.000000
vt  0.239568 0.886427 0.000000
vt  0.240672 0.886083 0.000000
vt  0.236439 0.877697 0.000000
vt  0.237565 0.877325 0.000000
vt  0.233110 0.868791 0.000000
vt  0.234256 0.868396 0.000000
vt  0.229434 0.858863 0.000000
vt  0.230598 0.858463 0.000000
vt  0.221405 0.846538 0.000000
vt  0.224887 0.846460 0.000000
vt  0.214334 0.839038 0.000000
vt  0.216363 0.838415 0.000000
vt  0.403516 0.777293 0.000000
vt  0.403885 0.789834 0.000000
vt  0.402852 0.790055 0.000000
vt  0.402430 0.777601 0.000000
vt  0.400813 0.764251 0.000000
vt  0.401969 0.763877 0.000000
vt  0.263237 0.936680 0.000000
vt  0.261323 0.936208 0.000000
vt  0.261695 0.938270 0.000000
vt  0.263162 0.939265 0.000000
vt  0.259834 0.936954 0.000000
vt  0.260903 0.939427 0.000000
vt  0.262574 0.941328 0.000000
vt  0.327007 0.889953 0.000000
vt  0.323900 0.888974 0.000000
vt  0.322322 0.892584 0.000000
vt  0.323531 0.896040 0.000000
vt  0.320956 0.887097 0.000000
vt  0.319215 0.892645 0.000000
vt  0.317956 0.901526 0.000000
vt  0.311491 0.851711 0.000000
vt  0.315584 0.847453 0.000000
vt  0.316814 0.843446 0.000000
vt  0.315220 0.841970 0.000000
vt  0.320812 0.846424 0.000000
vt  0.321474 0.841619 0.000000
vt  0.319741 0.833384 0.000000
vt  0.326307 0.818445 0.000000
vt  0.323553 0.826047 0.000000
vt  0.329524 0.831264 0.000000
vt  0.334841 0.829573 0.000000
vt  0.330017 0.837398 0.000000
vt  0.340411 0.840951 0.000000
vt  0.336242 0.816369 0.000000
vt  0.332976 0.809568 0.000000
vt  0.327655 0.809063 0.000000
vt  0.342306 0.811559 0.000000
vt  0.336552 0.804569 0.000000
vt  0.325223 0.800152 0.000000
vt  0.306270 0.776972 0.000000
vt  0.304758 0.783053 0.000000
vt  0.315229 0.781712 0.000000
vt  0.318338 0.777145 0.000000
vt  0.307567 0.792543 0.000000
vt  0.320848 0.784243 0.000000
vt  0.335334 0.777775 0.000000
vt  0.259103 0.782713 0.000000
vt  0.249599 0.788615 0.000000
vt  0.257978 0.789778 0.000000
vt  0.266398 0.787071 0.000000
vt  0.240535 0.795569 0.000000
vt  0.257636 0.793837 0.000000
vt  0.269879 0.793530 0.000000
vt  0.434278 0.429290 0.000000
vt  0.438193 0.425751 0.000000
vt  0.432308 0.421477 0.000000
vt  0.426957 0.422576 0.000000
vt  0.443011 0.419277 0.000000
vt  0.431323 0.417570 0.000000
vt  0.419636 0.415863 0.000000
vt  0.411332 0.639064 0.000000
vt  0.419544 0.634660 0.000000
vt  0.418065 0.627132 0.000000
vt  0.415332 0.625682 0.000000
vt  0.425038 0.631949 0.000000
vt  0.420590 0.622657 0.000000
vt  0.419332 0.612300 0.000000
vt  0.389192 0.781578 0.000000
vt  0.383026 0.784000 0.000000
vt  0.386078 0.791477 0.000000
vt  0.390591 0.792142 0.000000
vt  0.380778 0.788259 0.000000
vt  0.384733 0.796089 0.000000
vt  0.388689 0.803918 0.000000
vt  0.447762 0.546805 0.000000
vt  0.445342 0.555549 0.000000
vt  0.452554 0.564946 0.000000
vt  0.457370 0.565273 0.000000
vt  0.442921 0.564293 0.000000
vt  0.453530 0.573985 0.000000
vt  0.466978 0.583740 0.000000
vt  0.310952 0.757130 0.000000
vt  0.308337 0.769001 0.000000
vt  0.317404 0.770863 0.000000
vt  0.324865 0.766591 0.000000
vt  0.463777 0.462290 0.000000
vt  0.466954 0.473140 0.000000
vt  0.473499 0.465854 0.000000
vt  0.472386 0.456731 0.000000
vt  0.471559 0.480966 0.000000
vt  0.478677 0.468008 0.000000
vt  0.482811 0.452203 0.000000
vt  0.299063 0.770329 0.000000
vt  0.294552 0.776968 0.000000
vt  0.295904 0.766378 0.000000
vt  0.281503 0.774411 0.000000
vt  0.479194 0.611596 0.000000
vt  0.475646 0.613814 0.000000
vt  0.480200 0.623827 0.000000
vt  0.483719 0.627244 0.000000
vt  0.473500 0.617985 0.000000
vt  0.480704 0.629943 0.000000
vt  0.488245 0.642893 0.000000
vt  0.477815 0.416650 0.000000
vt  0.484233 0.423232 0.000000
vt  0.488202 0.415568 0.000000
vt  0.485403 0.409543 0.000000
vt  0.491515 0.427637 0.000000
vt  0.493923 0.415841 0.000000
vt  0.495781 0.400821 0.000000
vt  0.486542 0.658578 0.000000
vt  0.488946 0.661352 0.000000
vt  0.489323 0.655365 0.000000
vt  0.487683 0.651182 0.000000
vt  0.492605 0.663731 0.000000
vt  0.490425 0.653312 0.000000
vt  0.299054 0.933311 0.000000
vt  0.294793 0.939981 0.000000
vt  0.297682 0.943121 0.000000
vt  0.302714 0.936281 0.000000
vt  0.291355 0.945491 0.000000
vt  0.292813 0.946654 0.000000
vt  0.294192 0.947826 0.000000
vt  0.295572 0.948998 0.000000
vt  0.296951 0.950170 0.000000
vt  0.301767 0.944687 0.000000
vt  0.306515 0.939078 0.000000
vt  0.307638 0.919564 0.000000
vt  0.303240 0.926720 0.000000
vt  0.307339 0.929875 0.000000
vt  0.312105 0.923045 0.000000
vt  0.311127 0.933220 0.000000
vt  0.316152 0.926597 0.000000
vt  0.294801 0.931174 0.000000
vt  0.290803 0.938396 0.000000
vt  0.290598 0.928852 0.000000
vt  0.287643 0.935183 0.000000
vt  0.284653 0.940934 0.000000
vt  0.286348 0.942071 0.000000
vt  0.288043 0.943208 0.000000
vt  0.289739 0.944345 0.000000
vt  0.296601 0.912960 0.000000
vt  0.293486 0.921362 0.000000
vt  0.298519 0.923946 0.000000
vt  0.302330 0.916226 0.000000
vt  0.270267 0.950558 0.000000
vt  0.266491 0.947909 0.000000
vt  0.272574 0.953394 0.000000
vt  0.273106 0.952415 0.000000
vt  0.273637 0.951437 0.000000
vt  0.274165 0.950450 0.000000
vt  0.271227 0.948495 0.000000
vt  0.267843 0.946072 0.000000
vt  0.269563 0.941021 0.000000
vt  0.268915 0.943898 0.000000
vt  0.272603 0.946596 0.000000
vt  0.273215 0.943597 0.000000
vt  0.274689 0.949443 0.000000
vt  0.275209 0.948427 0.000000
vt  0.275730 0.947411 0.000000
vt  0.276264 0.946075 0.000000
vt  0.276825 0.944097 0.000000
vt  0.274489 0.940068 0.000000
vt  0.277400 0.941800 0.000000
vt  0.277976 0.939502 0.000000
vt  0.278748 0.936136 0.000000
vt  0.274875 0.934988 0.000000
vt  0.270794 0.933021 0.000000
vt  0.270294 0.937535 0.000000
vt  0.279913 0.930633 0.000000
vt  0.275736 0.929069 0.000000
vt  0.281371 0.923645 0.000000
vt  0.276738 0.922215 0.000000
vt  0.272019 0.920844 0.000000
vt  0.271477 0.927494 0.000000
vt  0.261508 0.943250 0.000000
vt  0.263681 0.945535 0.000000
vt  0.264923 0.943613 0.000000
vt  0.265668 0.941297 0.000000
vt  0.266110 0.938500 0.000000
vt  0.266445 0.935132 0.000000
vt  0.266738 0.930996 0.000000
vt  0.263190 0.929462 0.000000
vt  0.263243 0.933429 0.000000
vt  0.267053 0.925898 0.000000
vt  0.267128 0.919592 0.000000
vt  0.262745 0.918781 0.000000
vt  0.263091 0.924729 0.000000
vt  0.259642 0.940868 0.000000
vt  0.258042 0.938046 0.000000
vt  0.258288 0.929297 0.000000
vt  0.255373 0.930231 0.000000
vt  0.256664 0.934435 0.000000
vt  0.259013 0.933462 0.000000
vt  0.260985 0.933000 0.000000
vt  0.260633 0.928968 0.000000
vt  0.260219 0.924434 0.000000
vt  0.259550 0.918729 0.000000
vt  0.256482 0.919215 0.000000
vt  0.257509 0.924804 0.000000
vt  0.254033 0.925627 0.000000
vt  0.252478 0.920012 0.000000
vt  0.253322 0.902939 0.000000
vt  0.248301 0.904267 0.000000
vt  0.250544 0.912772 0.000000
vt  0.255010 0.911757 0.000000
vt  0.258433 0.911184 0.000000
vt  0.257253 0.902255 0.000000
vt  0.261951 0.911171 0.000000
vt  0.261232 0.902235 0.000000
vt  0.266704 0.911835 0.000000
vt  0.266395 0.902898 0.000000
vt  0.272101 0.912960 0.000000
vt  0.272321 0.904071 0.000000
vt  0.277548 0.914331 0.000000
vt  0.278587 0.905584 0.000000
vt  0.283020 0.915825 0.000000
vt  0.285024 0.907267 0.000000
vt  0.312534 0.911203 0.000000
vt  0.317560 0.914932 0.000000
vt  0.322962 0.906908 0.000000
vt  0.322138 0.918692 0.000000
vt  0.328093 0.911013 0.000000
vt  0.303868 0.894260 0.000000
vt  0.300240 0.903892 0.000000
vt  0.306611 0.907533 0.000000
vt  0.310638 0.898376 0.000000
vt  0.327570 0.900342 0.000000
vt  0.332016 0.894853 0.000000
vt  0.333025 0.905068 0.000000
vt  0.337623 0.900121 0.000000
vt  0.309131 0.873592 0.000000
vt  0.306951 0.884168 0.000000
vt  0.313688 0.889266 0.000000
vt  0.315608 0.882453 0.000000
vt  0.347525 0.891130 0.000000
vt  0.341702 0.885633 0.000000
vt  0.336933 0.890058 0.000000
vt  0.342576 0.895440 0.000000
vt  0.337335 0.881511 0.000000
vt  0.332701 0.886021 0.000000
vt  0.343173 0.869794 0.000000
vt  0.340901 0.876725 0.000000
vt  0.345705 0.881254 0.000000
vt  0.350050 0.876594 0.000000
vt  0.352111 0.887292 0.000000
vt  0.357022 0.883295 0.000000
vt  0.274815 0.884151 0.000000
vt  0.273282 0.894405 0.000000
vt  0.280279 0.896141 0.000000
vt  0.282496 0.886083 0.000000
vt  0.287542 0.898069 0.000000
vt  0.290457 0.888269 0.000000
vt  0.261257 0.882039 0.000000
vt  0.261112 0.892307 0.000000
vt  0.266816 0.893052 0.000000
vt  0.267696 0.882728 0.000000
vt  0.255617 0.882311 0.000000
vt  0.256398 0.892397 0.000000
vt  0.249886 0.883436 0.000000
vt  0.251645 0.893265 0.000000
vt  0.278340 0.862852 0.000000
vt  0.269606 0.862009 0.000000
vt  0.268762 0.872357 0.000000
vt  0.276754 0.873501 0.000000
vt  0.259135 0.859676 0.000000
vt  0.261332 0.872082 0.000000
vt  0.253614 0.863325 0.000000
vt  0.254660 0.872699 0.000000
vt  0.247559 0.861650 0.000000
vt  0.247952 0.874152 0.000000
vt  0.285111 0.875492 0.000000
vt  0.287266 0.864869 0.000000
vt  0.293651 0.877905 0.000000
vt  0.296288 0.867473 0.000000
vt  0.261445 0.840999 0.000000
vt  0.260974 0.851541 0.000000
vt  0.269820 0.851752 0.000000
vt  0.269995 0.841396 0.000000
vt  0.278812 0.852598 0.000000
vt  0.278820 0.842381 0.000000
vt  0.288099 0.854715 0.000000
vt  0.288196 0.844538 0.000000
vt  0.297532 0.857466 0.000000
vt  0.297847 0.847282 0.000000
vt  0.297695 0.836317 0.000000
vt  0.288142 0.833846 0.000000
vt  0.298045 0.825528 0.000000
vt  0.288501 0.823317 0.000000
vt  0.279590 0.821454 0.000000
vt  0.279011 0.831837 0.000000
vt  0.243171 0.885306 0.000000
vt  0.245822 0.894855 0.000000
vt  0.237489 0.867280 0.000000
vt  0.240415 0.876385 0.000000
vt  0.241991 0.842897 0.000000
vt  0.231054 0.846581 0.000000
vt  0.234330 0.857180 0.000000
vt  0.244121 0.853814 0.000000
vt  0.337040 0.849094 0.000000
vt  0.343332 0.856161 0.000000
vt  0.348759 0.849947 0.000000
vt  0.334422 0.853933 0.000000
vt  0.339525 0.860820 0.000000
vt  0.349166 0.863949 0.000000
vt  0.355538 0.857655 0.000000
vt  0.355846 0.871330 0.000000
vt  0.362491 0.865184 0.000000
vt  0.362949 0.878507 0.000000
vt  0.369530 0.872623 0.000000
vt  0.368806 0.842770 0.000000
vt  0.362248 0.850612 0.000000
vt  0.369381 0.857880 0.000000
vt  0.376103 0.849671 0.000000
vt  0.376401 0.865340 0.000000
vt  0.383224 0.857065 0.000000
vt  0.361160 0.836855 0.000000
vt  0.354890 0.843728 0.000000
vt  0.353926 0.830156 0.000000
vt  0.347772 0.835949 0.000000
vt  0.341365 0.825996 0.000000
vt  0.347869 0.820907 0.000000
vt  0.270725 0.830751 0.000000
vt  0.262860 0.830127 0.000000
vt  0.271948 0.820288 0.000000
vt  0.264940 0.819470 0.000000
vt  0.282182 0.803047 0.000000
vt  0.280759 0.811717 0.000000
vt  0.289833 0.813626 0.000000
vt  0.291498 0.804763 0.000000
vt  0.299865 0.815869 0.000000
vt  0.302101 0.806843 0.000000
vt  0.273605 0.810475 0.000000
vt  0.267409 0.809567 0.000000
vt  0.275442 0.802058 0.000000
vt  0.269989 0.801432 0.000000
vt  0.380271 0.824187 0.000000
vt  0.374722 0.834078 0.000000
vt  0.382239 0.840809 0.000000
vt  0.387658 0.832026 0.000000
vt  0.389656 0.848206 0.000000
vt  0.395459 0.838761 0.000000
vt  0.372644 0.819847 0.000000
vt  0.367008 0.828677 0.000000
vt  0.365017 0.815508 0.000000
vt  0.359630 0.822810 0.000000
vt  0.353126 0.814680 0.000000
vt  0.365339 0.783415 0.000000
vt  0.350502 0.800259 0.000000
vt  0.347139 0.806214 0.000000
vt  0.341313 0.799340 0.000000
vt  0.335077 0.793555 0.000000
vt  0.346669 0.793995 0.000000
vt  0.342835 0.787732 0.000000
vt  0.293605 0.789502 0.000000
vt  0.292854 0.796716 0.000000
vt  0.303695 0.797952 0.000000
vt  0.283986 0.789494 0.000000
vt  0.283523 0.795863 0.000000
vt  0.293452 0.783140 0.000000
vt  0.282780 0.783270 0.000000
vt  0.277326 0.790412 0.000000
vt  0.277209 0.795777 0.000000
vt  0.272404 0.796074 0.000000
vt  0.274214 0.784741 0.000000
vt  0.269487 0.778917 0.000000
vt  0.400397 0.828730 0.000000
vt  0.392229 0.824054 0.000000
vt  0.404246 0.818846 0.000000
vt  0.395627 0.816643 0.000000
vt  0.387850 0.814570 0.000000
vt  0.384061 0.819378 0.000000
vt  0.420939 0.647123 0.000000
vt  0.425248 0.642413 0.000000
vt  0.430546 0.655181 0.000000
vt  0.432375 0.649353 0.000000
vt  0.435215 0.644702 0.000000
vt  0.429558 0.637704 0.000000
vt  0.388269 0.809244 0.000000
vt  0.397524 0.809543 0.000000
vt  0.398425 0.801414 0.000000
vt  0.406779 0.809841 0.000000
vt  0.443175 0.432961 0.000000
vt  0.448144 0.428963 0.000000
vt  0.438569 0.436970 0.000000
vt  0.442861 0.444649 0.000000
vt  0.447676 0.442573 0.000000
vt  0.453206 0.438869 0.000000
vt  0.398832 0.790918 0.000000
vt  0.398258 0.778784 0.000000
vt  0.449268 0.469470 0.000000
vt  0.456115 0.467052 0.000000
vt  0.452114 0.454056 0.000000
vt  0.446065 0.457060 0.000000
vt  0.458806 0.450422 0.000000
vt  0.439458 0.574542 0.000000
vt  0.451669 0.582963 0.000000
vt  0.435996 0.584791 0.000000
vt  0.448389 0.591909 0.000000
vt  0.459231 0.599493 0.000000
vt  0.462365 0.592142 0.000000
vt  0.471285 0.530013 0.000000
vt  0.478321 0.510706 0.000000
vt  0.470203 0.503322 0.000000
vt  0.462107 0.519933 0.000000
vt  0.485358 0.491399 0.000000
vt  0.477821 0.487209 0.000000
vt  0.463419 0.494101 0.000000
vt  0.452930 0.509852 0.000000
vt  0.335224 0.761145 0.000000
vt  0.324911 0.748978 0.000000
vt  0.345538 0.773312 0.000000
vt  0.355742 0.768849 0.000000
vt  0.347597 0.754934 0.000000
vt  0.338890 0.741427 0.000000
vt  0.470029 0.602839 0.000000
vt  0.473086 0.597668 0.000000
vt  0.466972 0.608010 0.000000
vt  0.484483 0.472091 0.000000
vt  0.490028 0.457699 0.000000
vt  0.490605 0.477138 0.000000
vt  0.495851 0.462876 0.000000
vt  0.459303 0.481206 0.000000
vt  0.451099 0.489661 0.000000
vt  0.368260 0.778554 0.000000
vt  0.376483 0.774008 0.000000
vt  0.368491 0.761974 0.000000
vt  0.385527 0.769667 0.000000
vt  0.380527 0.756470 0.000000
vt  0.361096 0.748371 0.000000
vt  0.353998 0.733984 0.000000
vt  0.375120 0.742046 0.000000
vt  0.369510 0.727009 0.000000
vt  0.474375 0.439254 0.000000
vt  0.466784 0.445529 0.000000
vt  0.466091 0.428960 0.000000
vt  0.459624 0.434273 0.000000
vt  0.453837 0.424986 0.000000
vt  0.459867 0.420808 0.000000
vt  0.454461 0.414089 0.000000
vt  0.448736 0.416683 0.000000
vt  0.396215 0.765738 0.000000
vt  0.393039 0.751692 0.000000
vt  0.399733 0.715139 0.000000
vt  0.384701 0.720866 0.000000
vt  0.389069 0.736552 0.000000
vt  0.402981 0.731473 0.000000
vt  0.499420 0.446952 0.000000
vt  0.494291 0.443767 0.000000
vt  0.502988 0.431028 0.000000
vt  0.497247 0.430442 0.000000
vt  0.488131 0.439101 0.000000
vt  0.479908 0.431474 0.000000
vt  0.471766 0.423103 0.000000
vt  0.498869 0.417874 0.000000
vt  0.499822 0.405683 0.000000
vt  0.503426 0.420786 0.000000
vt  0.503864 0.410545 0.000000
vt  0.485851 0.675260 0.000000
vt  0.489228 0.669495 0.000000
vt  0.486736 0.666844 0.000000
vt  0.483381 0.671271 0.000000
vt  0.484244 0.664191 0.000000
vt  0.481282 0.668256 0.000000
vt  0.491489 0.398603 0.000000
vt  0.481646 0.405000 0.000000
vt  0.487198 0.396386 0.000000
vt  0.477409 0.401198 0.000000
vt  0.467621 0.406010 0.000000
vt  0.472774 0.411000 0.000000
vt  0.479571 0.674067 0.000000
vt  0.480992 0.677127 0.000000
vt  0.478150 0.671007 0.000000
vt  0.475737 0.672578 0.000000
vt  0.474214 0.674373 0.000000
vt  0.476134 0.678994 0.000000
vt  0.465847 0.416208 0.000000
vt  0.461041 0.410049 0.000000
vt  0.438121 0.654443 0.000000
vt  0.440138 0.650351 0.000000
vt  0.436105 0.658535 0.000000
vt  0.441664 0.661889 0.000000
vt  0.443630 0.658566 0.000000
vt  0.445229 0.655154 0.000000
vt  0.450040 0.662608 0.000000
vt  0.451393 0.659616 0.000000
vt  0.448686 0.665599 0.000000
vt  0.455708 0.669310 0.000000
vt  0.457515 0.666789 0.000000
vt  0.456419 0.662835 0.000000
vt  0.466217 0.671328 0.000000
vt  0.465921 0.674152 0.000000
vt  0.466439 0.669210 0.000000
vt  0.328985 0.843874 0.000000
vt  0.327638 0.848859 0.000000
vt  0.316635 0.793961 0.000000
vt  0.327860 0.788357 0.000000
vt  0.339085 0.782753 0.000000
vt  0.324426 0.887771 0.000000
vt  0.321536 0.885248 0.000000
vt  0.326988 0.887622 0.000000
vt  0.326988 0.887622 0.000000
vt  0.324426 0.887771 0.000000
vt  0.321536 0.885248 0.000000
vt  0.331290 0.884676 0.000000
vt  0.335880 0.880137 0.000000
vt  0.335880 0.880137 0.000000
vt  0.331290 0.884676 0.000000
vt  0.339300 0.875216 0.000000
vt  0.340457 0.869449 0.000000
vt  0.340457 0.869449 0.000000
vt  0.339300 0.875216 0.000000
vt  0.338257 0.862373 0.000000
vt  0.333550 0.855546 0.000000
vt  0.333550 0.855546 0.000000
vt  0.338256 0.862373 0.000000
vt  0.327190 0.850520 0.000000
vt  0.320592 0.848026 0.000000
vt  0.320592 0.848026 0.000000
vt  0.327190 0.850520 0.000000
vt  0.315174 0.848789 0.000000
vt  0.311479 0.853416 0.000000
vt  0.311479 0.853416 0.000000
vt  0.315174 0.848789 0.000000
vt  0.310053 0.862512 0.000000
vt  0.310053 0.862512 0.000000
vt  0.311455 0.872596 0.000000
vt  0.311455 0.872595 0.000000
vt  0.310053 0.862512 0.000000
vt  0.316248 0.880182 0.000000
vt  0.316248 0.880182 0.000000
vt  0.421432 0.621166 0.000000
vt  0.419332 0.612300 0.000000
vt  0.423532 0.630031 0.000000
vt  0.423532 0.630031 0.000000
vt  0.421432 0.621166 0.000000
vt  0.421940 0.611078 0.000000
vt  0.466514 0.668504 0.000000
vt  0.458094 0.663908 0.000000
vt  0.474933 0.673101 0.000000
vt  0.474933 0.673101 0.000000
vt  0.466514 0.668504 0.000000
vt  0.458094 0.663908 0.000000
vt  0.392712 0.703214 0.000000
vt  0.393249 0.692525 0.000000
vt  0.392174 0.713904 0.000000
vt  0.427664 0.598545 0.000000
vt  0.435996 0.584791 0.000000
vt  0.241164 0.795664 0.000000
vt  0.240535 0.795569 0.000000
vt  0.241182 0.795503 0.000000
vt  0.304905 0.937766 0.000000
vt  0.306583 0.939203 0.000000
vt  0.295179 0.948665 0.000000
vt  0.313991 0.925711 0.000000
vt  0.315671 0.927237 0.000000
vt  0.326728 0.908727 0.000000
vt  0.328605 0.910147 0.000000
vt  0.354845 0.882113 0.000000
vt  0.356514 0.883691 0.000000
vt  0.367951 0.871778 0.000000
vt  0.369384 0.873322 0.000000
vt  0.382015 0.855886 0.000000
vt  0.383419 0.857358 0.000000
vt  0.273072 0.952477 0.000000
vt  0.261545 0.943183 0.000000
vt  0.259692 0.940812 0.000000
vt  0.213034 0.836515 0.000000
vt  0.405318 0.800877 0.000000
vt  0.402161 0.749256 0.000000
vt  0.405387 0.803650 0.000000
vt  0.405915 0.805005 0.000000
vt  0.401792 0.745151 0.000000
vt  0.402396 0.741729 0.000000
# 2858 texture vertices

vn  1.396899 30.486261 30.808809
vn  -0.529770 -0.122589 9.985206
vn  -0.043417 -9.935043 1.137107
vn  6.233469 23.459528 20.262259
vn  0.050519 -9.971466 -0.753199
vn  6.562499 13.575387 27.716721
vn  4.319198 22.896877 20.457054
vn  -0.996493 14.190086 0.583575
vn  0.140007 9.562154 -2.923286
vn  4.748715 12.785776 -4.959719
vn  0.210093 -1.291094 -0.187445
vn  -4.463486 -0.727151 8.919000
vn  -7.971635 -1.525840 5.841648
vn  -4.932076 5.154865 7.007282
vn  -3.875446 -5.977638 7.017746
vn  -4.849671 -8.511775 2.007573
vn  -2.679084 -9.099857 3.164662
vn  -2.185838 -9.690993 1.143137
vn  -4.999084 6.044532 6.202643
vn  -4.965118 6.927462 5.230474
vn  -6.381037 6.416542 4.255626
vn  -5.537388 0.149005 8.325571
vn  -2.500304 1.590368 4.434062
vn  -20.400602 4.562796 22.286541
vn  -26.020216 13.016511 13.662422
vn  -6.107290 3.985423 6.842324
vn  -32.598133 15.545218 -7.946844
vn  -7.752602 5.350681 3.356691
vn  -6.724469 1.733616 -7.195560
vn  -7.187552 2.282715 -6.567214
vn  -35.442032 9.656411 -17.170433
vn  -5.216774 -30.216902 -3.375545
vn  -1.082402 -7.841835 -1.295589
vn  -1.693719 -15.526974 -29.146509
vn  2.089813 9.133767 3.493848
vn  -3.094640 5.768923 7.559280
vn  3.434512 6.610147 6.671587
vn  -5.946739 6.177009 5.145954
vn  -1.981104 -0.321677 1.360816
vn  -2.419487 8.732052 -4.230525
vn  0.496782 9.540877 -2.953787
vn  -1.675603 7.584352 -6.298409
vn  -6.969482 -1.440074 -7.025135
vn  -9.689507 -0.295173 -2.454856
vn  -24.346884 7.154067 -19.489643
vn  1.952946 6.103128 -7.677098
vn  1.739249 5.357605 -8.262631
vn  0.111698 3.733004 -9.276433
vn  -14.312071 -9.233659 -33.663097
vn  -5.118937 2.140912 -8.319434
vn  -3.077482 -8.029256 8.537567
vn  -5.289971 -6.472870 13.516422
vn  4.231424 6.975831 -5.782113
vn  1.127230 9.285954 -3.535592
vn  2.092357 5.903785 -7.795343
vn  -4.581582 -8.779304 8.661255
vn  -2.104454 7.992897 -5.628931
vn  -3.283588 -5.307195 7.813560
vn  -8.971593 -9.867502 8.066310
vn  -11.047769 -5.221908 7.699269
vn  -4.515612 -6.088062 6.522633
vn  -4.615324 6.543581 5.990018
vn  5.279282 22.497042 20.398649
vn  -11.182013 12.990776 14.171681
vn  -0.428414 6.114221 7.901440
vn  -4.648490 7.156789 5.212668
vn  5.115573 24.789238 18.702374
vn  -18.471445 2.094324 11.875472
vn  -20.797913 15.976862 16.668266
vn  -20.933004 18.076445 14.429494
vn  -0.426410 -6.003102 7.986297
vn  -0.899625 -17.824724 17.502295
vn  -9.918398 -17.298990 17.165060
vn  -19.928829 -11.501817 14.246551
vn  -0.312542 -8.004532 5.985798
vn  -3.303307 -7.674178 5.495012
vn  -6.315679 -6.634911 4.011253
vn  -6.192393 -1.525670 3.285317
vn  -7.802470 -5.704898 2.564293
vn  -28.248091 -9.623986 7.808064
vn  -29.877867 -7.953338 7.248479
vn  -8.355600 -5.240944 1.648161
vn  -0.161987 -9.413567 3.370240
vn  -5.849537 -8.020290 1.207413
vn  -6.527594 -7.536084 0.773266
vn  -2.573200 -9.660698 0.222590
vn  0.030577 -9.997183 -0.235346
vn  -2.616368 -9.642353 -0.423838
vn  0.064067 -9.962173 -0.866592
vn  -2.356370 -9.700752 -0.585584
vn  -6.390312 -7.661589 0.681139
vn  -8.605943 -4.786300 1.740423
vn  -20.894442 19.423222 15.086555
vn  9.329709 19.590166 23.412983
vn  -4.414063 4.637553 3.805193
vn  6.957204 15.765703 26.537552
vn  -3.497704 4.322728 8.311444
vn  -3.762738 3.670502 8.507010
vn  -28.916264 -7.873557 9.945704
vn  -8.695087 -4.311718 2.409260
vn  -6.476134 -7.569745 0.870998
vn  -2.697154 -9.626536 -0.234851
vn  -7.951862 -4.840783 3.651671
vn  -8.911276 -17.226833 3.203570
vn  -6.243149 -12.955850 1.733731
vn  -25.046267 -11.074724 13.503266
vn  -13.501019 -29.745180 5.194556
vn  -6.881354 -5.659391 4.540732
vn  -13.770234 -46.614861 0.461693
vn  -22.102715 -14.395859 16.005814
vn  -5.547532 1.301073 8.217792
vn  -24.655201 -14.211743 15.305989
vn  -6.810705 -5.603446 4.713352
vn  0.018782 -9.999951 0.024640
vn  0.012286 -9.990358 0.438847
vn  -3.046750 -15.428771 -3.196216
vn  -3.861795 5.061273 7.711683
vn  5.351576 16.708429 24.661123
vn  -3.720056 6.748252 6.373561
vn  -5.730124 6.316570 5.221743
vn  -10.605718 -29.404577 6.789822
vn  -8.256438 -3.662229 4.291772
vn  -28.558392 -5.435106 9.086440
vn  1.540329 26.615847 15.892667
vn  -4.965520 2.028121 7.322178
vn  -8.475681 -0.791389 -5.247525
vn  -1.755378 -9.795242 -0.985831
vn  -2.714269 30.257046 6.842182
vn  -12.746001 -2.069599 8.755199
vn  3.829238 7.877216 -4.825598
vn  -5.882503 -0.703198 11.890240
vn  -4.878155 3.074497 8.170133
vn  -4.861081 5.467689 -6.817204
vn  -24.218136 16.245207 -12.115479
vn  -5.843917 2.731974 7.641005
vn  -3.871435 -1.029319 9.162560
vn  -4.410288 7.978295 -4.110495
vn  -15.433554 23.952942 -11.876387
vn  4.438629 6.711260 -5.937808
vn  5.898597 6.391517 4.935085
vn  4.962991 15.067812 -5.959385
vn  -5.499312 -9.561937 8.459418
vn  5.043294 6.779212 5.348593
vn  3.702127 7.948483 4.807896
vn  -1.671269 -2.905921 2.570860
vn  -6.012787 -2.482636 7.594927
vn  -7.118775 4.708630 5.836275
vn  -5.382195 0.562690 2.019376
vn  -2.822618 0.092335 1.577726
vn  -1.675509 -0.357180 1.949881
vn  -0.834133 -0.184260 1.372188
vn  -1.354964 -0.501580 2.269678
vn  -0.888418 1.160025 1.967225
vn  -0.769441 0.686805 0.968717
vn  -0.384300 7.203722 6.925222
vn  -0.491877 4.097892 9.108531
vn  -0.482422 -4.313501 9.008939
vn  -0.365993 -7.017101 7.115219
vn  -4.599807 3.342564 8.226119
vn  -7.388507 2.908446 6.078726
vn  -7.019688 -1.387622 6.985591
vn  -3.829350 -4.541955 8.044049
vn  -6.055091 -5.140924 6.075094
vn  -9.341422 26.637245 24.988472
vn  -4.909838 5.882886 6.425351
vn  -2.384554 6.011221 7.627523
vn  -8.350797 0.701118 5.456429
vn  -27.478117 15.150677 23.113712
vn  -2.271483 -0.278373 9.734623
vn  -1.931770 -6.031661 7.738690
vn  -3.793402 -6.547595 6.537515
vn  -7.070254 -26.352638 25.922672
vn  -7.547362 -3.818936 5.334140
vn  -21.190418 -21.193014 22.089354
vn  -30.144302 -8.674362 16.611988
vn  -33.306507 -6.037400 18.032236
vn  -6.722596 2.245933 7.054253
vn  -5.626461 -4.463158 6.958675
vn  -2.447101 7.053614 6.652686
vn  -7.173087 3.851536 5.806246
vn  -2.283634 4.023932 8.865269
vn  -1.948131 -4.394499 8.768875
vn  -1.927889 -6.933571 6.943258
vn  -5.738916 -5.725445 5.855263
vn  -8.516674 -1.961662 4.859849
vn  -6.431540 2.085407 7.367928
vn  -7.842191 -0.843557 6.147232
vn  -9.315565 1.526157 3.300164
vn  -9.123849 4.091076 -0.135885
vn  -9.832901 1.509489 -1.017588
vn  -9.658237 -1.042206 2.373235
vn  -8.050565 -3.676986 4.654908
vn  -6.969632 -4.252705 5.773970
vn  -8.073689 -1.460828 5.716776
vn  -9.360966 -1.188020 3.310726
vn  -9.528327 -2.555089 1.637830
vn  -8.910158 -4.335260 1.347067
vn  -7.078043 -6.771556 2.011799
vn  -6.483706 -4.327051 6.264040
vn  -5.326589 4.744030 7.008682
vn  -7.236489 4.468790 5.259575
vn  -7.595670 4.660527 4.537100
vn  -7.023686 5.030720 5.035840
vn  -5.594664 5.938901 5.781798
vn  -0.539072 1.528718 1.577508
vn  -3.990901 7.941773 10.401523
vn  -4.799766 9.390724 5.485920
vn  -4.589908 9.897697 -2.137114
vn  -6.279245 1.691479 -6.981801
vn  -1.602093 3.272725 6.218080
vn  -4.128633 8.721768 6.906518
vn  -3.729938 9.856567 6.065207
vn  -3.933355 -7.025980 0.199249
vn  -7.415928 -9.069356 -0.971023
vn  -8.884399 -8.906738 -0.872577
vn  -2.430629 10.457522 5.953690
vn  -2.363799 11.992841 5.575814
vn  -9.411978 -8.400003 0.577653
vn  -8.351074 -9.119192 3.660865
vn  -6.161122 -11.284072 4.020725
vn  -5.932976 -11.359424 1.129889
vn  -8.753985 -10.554243 -1.300648
vn  -1.170759 -3.426126 3.743310
vn  -8.783371 -1.371090 4.579574
vn  -9.411483 0.807375 3.282092
vn  -9.157062 1.534414 3.713998
vn  -7.965123 2.842367 5.336455
vn  -7.139552 1.129289 6.910246
vn  -7.448624 -2.359873 6.240913
vn  -8.935556 -1.335392 4.286322
vn  -9.778775 1.751309 1.143875
vn  -2.820839 6.124218 7.384904
vn  -4.886299 5.469264 6.797884
vn  -5.677998 7.939506 2.173611
vn  -6.055692 6.034100 -5.188277
vn  -8.282308 -4.737303 -2.993546
vn  -6.741368 -7.346598 0.762531
vn  -4.595192 -8.510262 2.541584
vn  -5.290230 -7.798405 3.346391
vn  -7.625572 -6.169710 1.945593
vn  -7.805136 -6.250846 0.082301
vn  -7.142530 -6.971057 -0.623384
vn  -6.199244 -7.830904 -0.496276
vn  -3.976563 -8.404756 3.680628
vn  -1.998406 -2.709008 9.416350
vn  -3.112519 6.769485 6.669806
vn  -3.905578 7.606866 5.184789
vn  -3.209282 7.935249 5.170331
vn  -2.295046 8.553314 4.644736
vn  -2.418620 8.569891 4.550520
vn  -9.298368 0.011051 3.679704
vn  -9.364089 1.173193 3.307181
vn  -8.715148 2.127145 4.418308
vn  -7.320714 2.791525 6.214059
vn  -7.158307 -1.224984 6.874450
vn  -8.110497 -2.294056 5.381185
vn  -9.577489 0.242506 2.865811
vn  -7.052913 -0.281738 7.083575
vn  -8.733716 -0.047619 4.870310
vn  -9.416218 2.980500 1.565711
vn  -9.625078 2.669996 -0.478527
vn  -9.969548 0.503900 0.595134
vn  -8.910376 -2.594133 3.725005
vn  -7.304260 -4.264126 5.335261
vn  -7.262127 -3.185990 6.091877
vn  -8.867055 -0.737480 4.564149
vn  -9.550566 -1.853996 2.312871
vn  -9.322335 -3.369175 1.320118
vn  -8.220858 -5.457069 1.624156
vn  -7.288848 -5.243516 4.402069
vn  -6.984003 -0.193275 7.154464
vn  -6.542915 4.394185 6.154786
vn  -7.498661 4.709048 4.647036
vn  -7.475556 4.669288 4.723749
vn  -6.209095 5.658781 5.424513
vn  -5.766746 4.951693 6.498106
vn  -2.542685 6.735728 6.940081
vn  -3.677242 5.206326 7.705327
vn  -5.641189 6.765247 4.733751
vn  -5.624640 8.156784 -1.352879
vn  -7.486435 1.833789 -6.371067
vn  -7.522874 -6.578239 -0.364850
vn  -5.609200 -8.111866 1.653630
vn  -4.555405 -8.346682 3.095348
vn  -6.525431 -6.951191 3.016569
vn  -7.932737 -6.024206 0.883525
vn  -7.519863 -6.577826 -0.428775
vn  -6.720606 -7.376770 -0.645529
vn  -5.375059 -8.424370 0.372477
vn  -2.698256 -6.544657 7.063065
vn  -2.105821 5.155982 8.305502
vn  -3.726152 7.219660 5.830291
vn  -3.660025 7.804582 5.068798
vn  -2.752613 8.198480 5.020762
vn  -2.072646 8.799229 4.275243
vn  -3.495845 8.862319 10.389567
vn  -4.570799 8.244311 8.477507
vn  -4.680946 10.040618 2.238111
vn  -3.532301 7.507609 7.716439
vn  -4.141683 9.336758 6.104342
vn  -0.611137 -1.283205 4.026130
vn  -5.754468 -8.112564 -0.678750
vn  -8.442159 -9.268704 -1.035368
vn  -3.057564 10.077682 6.184072
vn  -1.991923 11.026113 5.496073
vn  -9.221019 -8.608788 -0.335284
vn  -9.254567 -8.453818 1.993859
vn  -7.130641 -10.169863 4.339069
vn  -3.571787 12.285164 6.894643
vn  -5.610386 -11.854755 2.889581
vn  -6.929771 -10.422736 -0.102897
vn  -4.889088 6.620551 -6.392854
vn  -9.983397 -7.659563 -4.922531
vn  -2.166893 -5.448520 2.341524
vn  -9.011297 -3.641425 2.352985
vn  -7.893318 -5.536386 2.654044
vn  -7.502241 -2.964293 5.910105
vn  -6.797212 3.122470 6.636873
vn  -8.000777 2.809347 5.300482
vn  -9.633006 -1.687319 2.087616
vn  -9.461760 -2.498036 2.057891
vn  -8.267687 3.379519 4.497132
vn  -8.354014 3.560997 4.186852
vn  -9.445743 -0.419188 3.256106
vn  -9.628137 -1.044623 2.491534
vn  -8.290466 3.588999 4.288037
vn  -7.978976 3.857668 4.631882
vn  -8.365581 0.537100 5.452392
vn  -9.014837 0.294000 4.318132
vn  -7.296956 4.503329 5.145334
vn  -6.473949 5.027267 5.728399
vn  -6.169454 4.584306 6.397029
vn  -6.514576 2.324505 7.221978
vn  -7.222709 -2.609858 6.404772
vn  -7.715910 -0.686505 6.324036
vn  -7.678858 -3.521949 5.350795
vn  -7.202797 -3.567265 5.949313
vn  -6.960596 -0.330910 7.172210
vn  -7.555143 -1.388922 6.402398
vn  -9.296162 -1.483883 3.373345
vn  -8.502794 -2.775749 4.471878
vn  -8.428352 -1.035617 5.281134
vn  -9.198730 0.277564 3.912330
vn  -9.555018 1.941391 2.220950
vn  -9.437798 3.288485 0.337397
vn  -9.871018 1.588151 -0.201902
vn  -9.840327 0.162025 1.772486
vn  -2.383288 6.758611 6.974318
vn  -2.916949 5.804641 7.602470
vn  -6.732937 1.402634 7.259489
vn  -4.865576 4.148359 7.688776
vn  -3.254009 5.999621 7.308623
vn  -4.037570 7.899491 4.614764
vn  -8.669527 2.794619 4.126669
vn  -7.284952 1.135097 6.755815
vn  -4.160448 8.494827 3.244776
vn  -4.128541 8.902803 -1.922296
vn  -8.478684 5.292830 -0.312812
vn  -8.777529 3.725379 3.012727
vn  -4.371233 7.725340 -4.605586
vn  -6.581152 1.772805 -7.317486
vn  -9.556551 1.755136 -2.364705
vn  -8.763054 4.700425 -1.055877
vn  -7.578520 -2.525522 -6.015628
vn  -6.355560 -7.662581 -0.944295
vn  -9.589686 -2.442990 1.438647
vn  -9.835507 0.576703 -1.711783
vn  -5.953476 -8.022874 -0.435427
vn  -4.611647 -8.829574 0.878252
vn  -7.803960 -4.994059 3.762655
vn  -9.188601 -3.195835 2.314356
vn  -4.276498 -8.904186 1.557890
vn  -4.573769 -8.376840 2.984824
vn  -6.156024 -6.335692 4.686401
vn  -7.178537 -5.548738 4.204772
vn  -5.054181 -8.050130 3.106549
vn  -6.475801 -7.071435 2.838801
vn  -7.522285 -4.671811 4.646441
vn  -6.162077 -6.298897 4.727864
vn  -6.995926 -6.801702 2.189485
vn  -7.452965 -6.651622 0.457420
vn  -9.107321 -3.282182 2.506786
vn  -8.215422 -3.834216 4.219672
vn  -7.364404 -6.763592 0.139187
vn  -7.045257 -7.062971 -0.691947
vn  -8.934314 -4.434790 0.714611
vn  -9.091863 -3.615663 2.065190
vn  -6.858444 -7.243044 -0.707146
vn  -6.308468 -7.714981 -0.826015
vn  -8.035961 -5.947636 0.221224
vn  -8.712099 -4.875388 0.574370
vn  -6.031750 -7.946024 -0.691865
vn  -4.883409 -8.723022 0.247375
vn  -6.479859 -7.526303 1.168833
vn  -7.679842 -6.395675 0.339663
vn  -4.123173 -8.903462 1.930747
vn  -2.248080 -6.578811 7.187863
vn  -5.137334 -5.855290 6.270835
vn  -6.355288 -7.364225 2.319160
vn  -1.789211 -5.405279 8.220808
vn  -2.222945 4.540988 8.627743
vn  -4.076211 4.934349 7.683535
vn  -4.790811 -4.586030 7.484415
vn  -2.708051 5.755300 7.716410
vn  -3.479221 7.349881 5.820160
vn  -5.291449 6.233867 5.756689
vn  -4.070918 5.679276 7.153563
vn  -3.556385 7.658371 5.357375
vn  -3.067533 8.106127 4.988079
vn  -5.765111 6.479426 4.978003
vn  -5.531702 6.357315 5.383755
vn  -2.806130 8.206321 4.978146
vn  -1.979893 8.518277 4.849636
vn  -5.409199 6.615034 5.194409
vn  -5.739412 6.455296 5.038680
vn  -1.784685 8.729314 4.540260
vn  -1.759403 8.926411 4.150144
vn  -4.223290 7.413810 5.215288
vn  -5.189589 6.866642 5.090912
vn  -2.084512 8.754921 4.359606
vn  -2.631294 7.439255 6.142782
vn  -4.673827 5.618933 6.825169
vn  -4.098439 7.442246 5.274065
vn  -8.580259 -4.913619 1.495157
vn  -8.617338 -4.426115 2.480118
vn  -9.157716 -0.544187 3.979962
vn  -9.280239 -3.027094 2.171142
vn  -7.368966 -6.084816 2.945054
vn  -8.113418 -3.964768 4.295703
vn  -7.539987 -6.302218 1.852197
vn  -6.688006 -4.262281 6.091267
vn  -7.930361 -0.254567 6.086424
vn  -6.640465 -3.356580 6.681137
vn  -5.691065 4.343915 6.981561
vn  -7.587356 2.864035 5.850584
vn  -6.119076 3.301483 7.187289
vn  -8.177695 3.113197 4.840796
vn  -6.975155 4.246328 5.771993
vn  -9.410621 -3.035652 1.491652
vn  -9.578177 -2.051235 2.012697
vn  -9.408694 1.030481 3.227161
vn  -9.654585 -1.354637 2.225743
vn  -9.385379 0.514856 3.413148
vn  -9.112678 -3.899217 1.324838
vn  -7.398946 4.599897 4.908823
vn  -8.326040 3.521335 4.275188
vn  -8.351394 3.566502 4.187396
vn  -7.571873 4.684219 4.552451
vn  -9.436045 -1.647696 2.871610
vn  -9.564609 -0.746345 2.821566
vn  -8.978515 1.784082 4.025334
vn  -9.269968 -0.093104 3.749533
vn  -9.288519 1.339704 3.453782
vn  -9.523339 -2.298136 2.006133
vn  -7.575794 4.635513 4.595579
vn  -8.178181 3.681308 4.423270
vn  -7.701585 4.136091 4.855753
vn  -7.311244 4.842707 4.805610
vn  -8.479435 -0.930297 5.218594
vn  -8.693340 0.529648 4.913786
vn  -7.585656 3.005604 5.781364
vn  -8.027185 0.169747 5.961164
vn  -8.361645 2.520598 4.871290
vn  -9.095823 -1.018289 4.028534
vn  -6.639288 5.459222 5.110455
vn  -6.847686 4.850754 5.438693
vn  -6.200597 5.059611 5.996076
vn  -5.815459 5.987971 5.506781
vn  -5.552589 5.688290 6.067298
vn  -6.300334 3.731367 6.810483
vn  -7.180372 2.214599 6.598318
vn  -6.737134 0.890176 7.336117
vn  -7.150265 -0.044481 6.990832
vn  -6.019913 3.493749 7.180137
vn  -7.101850 -3.783031 5.937373
vn  -7.458523 -1.620073 6.461099
vn  -7.170133 -3.208302 6.188375
vn  -7.684065 -2.219005 6.002595
vn  -7.626772 -4.050261 5.042590
vn  -7.413267 -3.613158 5.655843
vn  -7.745469 -2.444884 5.833546
vn  -8.083447 -3.228526 4.922855
vn  -7.288618 -1.931702 6.568452
vn  -7.106302 -4.330208 5.545248
vn  -6.581512 0.462682 7.514627
vn  -7.237354 -1.044250 6.821308
vn  -7.984372 -1.374198 5.861857
vn  -7.301948 -0.887807 6.774464
vn  -9.282995 -1.926996 3.180043
vn  -8.917240 -2.199302 3.955488
vn  -9.294107 -0.612824 3.639233
vn  -9.627133 -0.635828 2.629449
vn  -8.540192 -1.911405 4.838559
vn  -8.463701 -3.228836 4.235607
vn  -8.285766 -0.635085 5.562621
vn  -8.854131 -0.488422 4.622316
vn  -9.440815 1.151565 3.089482
vn  -9.093958 0.698580 4.100232
vn  -9.412766 2.369752 2.405014
vn  -9.556784 2.621379 1.340242
vn  -9.735411 1.068196 2.020081
vn  -9.385687 3.443716 -0.222919
vn  -9.692401 2.457996 0.124927
vn  -9.311599 3.592067 0.625438
vn  -9.911447 1.233662 -0.491215
vn  -9.921023 0.898839 0.874852
vn  -9.802159 1.796386 -0.831065
vn  -9.880898 -0.223427 1.522471
vn  -3.945962 11.190094 11.547236
vn  -2.479980 6.286997 7.370439
vn  -2.820839 6.124218 7.384904
vn  -2.109504 7.157858 6.656956
vn  -2.916949 5.804640 7.602471
vn  -3.677242 5.206326 7.705327
vn  -4.161299 9.275754 11.828876
vn  -5.957851 1.872434 7.810122
vn  -6.849082 0.694192 7.253149
vn  -4.865576 4.148359 7.688777
vn  -5.241826 9.664684 11.773334
vn  -3.605330 6.502903 6.686841
vn  -4.886299 5.469264 6.797884
vn  -4.037570 7.899491 4.614764
vn  -5.641189 6.765247 4.733751
vn  -7.262620 12.795067 7.465066
vn  -8.389483 2.021942 5.052555
vn  -8.619067 2.986676 4.097735
vn  -5.989477 12.229350 4.671255
vn  -4.141710 8.883958 1.980285
vn  -5.677998 7.939506 2.173611
vn  -4.128541 8.902804 -1.922296
vn  -5.624640 8.156784 -1.352879
vn  -7.542530 13.946255 -3.138603
vn  -8.599710 5.006698 0.988922
vn  -8.591787 5.114235 -0.160568
vn  -6.101742 10.783692 -6.428872
vn  -4.691438 6.352903 -6.134412
vn  -6.055692 6.034100 -5.188277
vn  -6.581151 1.772805 -7.317486
vn  -7.486435 1.833790 -6.371067
vn  -10.773981 3.038965 -12.395105
vn  -9.273679 3.019672 -2.209174
vn  -9.569199 1.856441 -2.232499
vn  -12.327851 -4.108224 -9.785522
vn  -7.388657 -5.668800 -3.643138
vn  -8.282308 -4.737303 -2.993547
vn  -6.355560 -7.662581 -0.944295
vn  -7.522874 -6.578239 -0.364850
vn  -8.924788 -10.521340 -1.184262
vn  -9.836341 -1.728086 0.510006
vn  -9.576987 -2.490719 1.441400
vn  -9.394966 -12.660608 -0.687131
vn  -5.536456 -8.327118 -0.082208
vn  -6.741368 -7.346597 0.762531
vn  -4.611647 -8.829574 0.878252
vn  -5.609200 -8.111866 1.653630
vn  -7.763468 -14.478992 1.657357
vn  -8.265402 -4.471363 3.419070
vn  -7.667352 -5.238413 3.710894
vn  -6.660007 -13.866940 2.426181
vn  -4.177544 -8.827157 2.151608
vn  -4.595192 -8.510262 2.541584
vn  -4.573769 -8.376840 2.984824
vn  -4.555405 -8.346682 3.095347
vn  -6.793586 -13.563695 4.068948
vn  -6.365421 -6.188234 4.602953
vn  -6.194275 -6.283322 4.706464
vn  -8.020764 -12.775205 4.929958
vn  -5.419765 -7.729776 3.297983
vn  -5.290230 -7.798405 3.346391
vn  -6.475801 -7.071435 2.838801
vn  -6.525431 -6.951191 3.016569
vn  -10.040900 -11.362764 4.115867
vn  -6.941168 -5.394979 4.765962
vn  -7.632323 -4.403082 4.728690
vn  -10.952823 -10.648745 3.427858
vn  -7.291593 -6.660690 1.570944
vn  -7.625572 -6.169709 1.945593
vn  -7.452964 -6.651622 0.457420
vn  -7.932737 -6.024206 0.883525
vn  -11.922585 -10.221457 1.106811
vn  -8.892365 -3.279350 3.189309
vn  -8.936909 -3.834881 2.329240
vn  -11.486070 -10.549000 0.217086
vn  -7.306981 -6.821834 -0.265688
vn  -7.805135 -6.250846 0.082301
vn  -7.045256 -7.062971 -0.691947
vn  -7.519863 -6.577826 -0.428775
vn  -11.096973 -10.731750 -0.769500
vn  -9.009896 -4.182773 1.151594
vn  -8.705315 -4.885893 0.587826
vn  -10.978683 -11.594334 -1.131967
vn  -6.710894 -7.367937 -0.823041
vn  -7.142530 -6.971057 -0.623384
vn  -6.308468 -7.714981 -0.826015
vn  -6.720606 -7.376770 -0.645529
vn  -10.126575 -11.981663 -0.984251
vn  -8.263919 -5.621995 0.317478
vn  -7.822564 -6.228117 0.134314
vn  -8.988323 -11.840914 -1.030995
vn  -5.772150 -8.137490 -0.680835
vn  -6.199244 -7.830904 -0.496276
vn  -4.883409 -8.723022 0.247375
vn  -5.375059 -8.424370 0.372477
vn  -8.678761 -14.825871 1.038193
vn  -6.939168 -7.169735 0.665445
vn  -6.499557 -7.509056 1.170392
vn  -5.677385 -12.259583 2.658533
vn  -3.431975 -8.629492 3.708560
vn  -3.976563 -8.404756 3.680628
vn  -2.248080 -6.578811 7.187863
vn  -2.698256 -6.544657 7.063065
vn  -3.496480 -10.190501 11.168068
vn  -5.760491 -6.134809 5.401930
vn  -4.814109 -5.667121 6.686411
vn  -2.572387 -7.771286 11.819233
vn  -1.431355 -3.005416 9.429671
vn  -1.998406 -2.709008 9.416350
vn  -2.222945 4.540987 8.627743
vn  -2.105821 5.155982 8.305502
vn  -2.215591 5.357900 11.403821
vn  -4.860487 2.036421 8.498744
vn  -4.384953 4.514077 7.771441
vn  -4.893770 10.400511 13.944471
vn  -3.117460 6.625900 6.810205
vn  -3.112519 6.769485 6.669806
vn  -3.479221 7.349882 5.820160
vn  -3.726152 7.219660 5.830291
vn  -5.070400 10.683709 8.458845
vn  -4.890349 6.101783 6.233196
vn  -5.459767 6.031412 5.814895
vn  -5.631508 12.126970 8.483360
vn  -3.480632 7.846525 5.130033
vn  -3.905578 7.606866 5.184789
vn  -3.067534 8.106127 4.988079
vn  -3.660025 7.804581 5.068799
vn  -5.353230 12.908523 7.890460
vn  -5.746568 6.481839 4.996271
vn  -5.745545 6.499272 4.974753
vn  -4.323792 12.644613 7.670517
vn  -2.503585 8.251776 5.063621
vn  -3.209282 7.935249 5.170331
vn  -1.979893 8.518277 4.849636
vn  -2.752614 8.198480 5.020762
vn  -3.621353 13.371360 7.592006
vn  -5.579313 6.534881 5.115328
vn  -5.182456 6.835867 5.139364
vn  -2.719744 13.302912 6.919065
vn  -1.596095 8.835045 4.403914
vn  -2.295046 8.553314 4.644736
vn  -1.759403 8.926411 4.150143
vn  -2.072645 8.799230 4.275243
vn  -2.402786 13.191816 6.070192
vn  -4.507696 7.294377 5.145165
vn  -4.124540 7.518487 5.143978
vn  -3.464205 14.549617 7.245136
vn  -2.457644 8.453070 4.744006
vn  -2.418620 8.569891 4.550520
vn  -2.679753 7.546725 5.988811
vn  -3.115798 11.255142 8.621257
vn  -4.310970 6.486584 6.272141
vn  -3.787246 -5.881725 7.145773
vn  -5.503035 -6.169190 5.626517
vn  -5.603570 2.445682 7.913194
vn  -5.244316 3.987175 7.523270
vn  -4.765142 0.516442 8.776486
vn  -3.209747 -3.792181 8.678530
vn  -7.351036 -0.461475 6.763824
vn  -6.361023 -4.352171 6.371498
vn  -4.239759 -6.888661 5.879693
vn  -3.468877 -6.345389 6.906730
vn  -4.762214 1.607469 8.645078
vn  -4.056872 -4.252322 8.090707
vn  -3.631647 -5.092985 7.802092
vn  -3.362427 -5.994220 7.263843
vn  -4.668030 -6.605127 5.880629
vn  -5.467922 -5.600078 6.224223
vn  -5.300282 3.850173 7.555341
vn  -5.387647 2.104028 8.157593
vn  -5.571960 2.272797 7.986717
vn  -5.044419 3.354640 7.956144
vn  -4.409511 1.688823 8.814993
vn  -4.050506 -1.525535 9.014773
vn  -3.382187 -3.765525 8.624479
vn  -7.212539 -2.996365 6.245085
vn  -6.134250 0.621892 7.873006
vn  -5.292849 -4.861496 6.953531
vn  -3.854954 -6.685431 6.359588
vn  -3.602967 -5.690800 7.391442
vn  -4.564209 -1.415923 8.784256
vn  -7.990930 5.283319 11.306121
vn  -15.928370 -2.833668 10.083273
vn  -10.939353 -1.776250 7.514217
vn  -10.327104 -4.881274 7.197032
vn  -7.712729 -8.482926 6.934472
vn  -6.869800 -14.532499 11.559696
vn  -5.257827 -9.142055 8.087950
vn  -5.164799 -9.896873 9.763799
vn  -4.182546 -10.912406 11.603243
vn  -4.659940 -5.701956 11.906627
vn  -7.023134 -0.839550 14.195787
vn  -11.256266 4.597517 16.598539
vn  -14.887390 9.786074 22.120951
vn  -20.494110 7.660127 16.865570
vn  -26.609674 -8.711545 14.264202
vn  -20.744015 -15.289612 15.416175
vn  -17.914255 -24.215399 9.124131
vn  -11.229716 -18.697294 17.375168
vn  -10.636291 -19.922319 19.196800
vn  -9.902518 -18.299156 19.965055
vn  -6.242553 -13.882606 23.386120
vn  -9.115737 -6.243267 29.748816
vn  -14.342532 3.926251 24.777737
vn  -13.973281 5.195918 19.166555
vn  -3.342982 -5.488007 7.662000
vn  -3.417467 -5.632760 7.522828
vn  -3.613870 -5.861314 7.251547
vn  -3.433974 -6.127534 7.117664
vn  -5.462584 -7.004060 4.593833
vn  -5.147376 -6.127509 5.996511
vn  -6.516944 -7.382837 1.738716
vn  -5.917816 -5.811542 5.586183
vn  -5.477181 3.339938 7.671068
vn  -5.255535 2.882486 8.004414
vn  -5.686432 2.058988 7.963985
vn  -5.510612 2.102605 8.075408
vn  -5.728945 2.230303 7.887011
vn  -5.067304 3.752324 7.761604
vn  -5.426148 4.111157 7.324978
vn  -5.268430 4.023154 7.487181
vn  -5.710840 3.195202 7.561547
vn  -5.543616 3.332008 7.626667
vn  -4.804426 2.097982 8.515631
vn  -4.141042 0.189213 9.100328
vn  -4.479659 -0.316224 8.934913
vn  -3.914998 -0.621098 9.180797
vn  -5.367857 1.275875 8.340159
vn  -2.687741 -3.694626 8.895267
vn  -3.147105 -4.546809 8.332002
vn  -3.422117 -2.784149 8.974276
vn  -3.445618 -2.652911 9.004987
vn  -3.211561 -4.514182 8.325145
vn  -8.347304 -1.162845 5.382406
vn  -6.773708 1.288576 7.242682
vn  -8.066807 -2.095613 5.525851
vn  -6.975709 -1.369733 7.033016
vn  -6.525896 1.502351 7.426683
vn  -5.518697 -5.447547 6.314127
vn  -6.391888 -4.083459 6.516833
vn  -6.967911 -3.774372 6.099370
vn  -7.673414 -3.896389 5.092825
vn  -6.049511 -4.956478 6.231913
vn  -4.282255 -6.759672 5.997427
vn  -4.484333 -7.042014 5.504617
vn  -4.965291 -7.250837 4.771921
vn  -3.935748 -6.670447 6.325743
vn  -3.951093 -6.953856 6.002728
vn  -3.449476 -6.608535 6.665462
vn  -3.540645 -6.630260 6.595717
vn  -3.378901 -6.229414 7.055312
vn  -3.368444 -5.902095 7.336133
vn  -3.699408 -6.261366 6.863648
vn  -4.648998 2.727650 8.422989
vn  -5.299489 2.356680 8.146255
vn  -5.276675 -0.237931 8.491178
vn  -4.342280 0.522301 8.992875
vn  -4.899023 -3.464181 7.999939
vn  -4.260949 -5.321176 7.316379
vn  -3.498183 -4.868768 8.003613
vn  -3.891561 -2.723905 8.799778
vn  -3.029971 -4.897657 8.175098
vn  -3.770777 -5.555555 7.410604
vn  -0.905036 -6.408243 7.623342
vn  -3.339769 -5.758737 7.462097
vn  -3.490849 -5.936534 7.250623
vn  -3.327936 -5.155889 7.895673
vn  -3.683596 -6.105132 7.011311
vn  -3.333842 -6.184255 7.116213
vn  -5.199213 -7.321445 4.400525
vn  -5.062015 -6.210015 5.984289
vn  -6.366201 -7.428579 2.070674
vn  -5.226390 -5.779403 6.267642
vn  -5.380299 -5.884778 6.035044
vn  -4.667229 -6.514215 5.981803
vn  -7.037929 -6.976766 1.338763
vn  -6.173527 -5.705268 5.416408
vn  -5.388314 3.560463 7.634734
vn  -5.449922 3.275131 7.718281
vn  -5.547777 2.249941 8.009991
vn  -5.051524 2.614614 8.224712
vn  -5.432654 2.403336 8.044268
vn  -5.099533 3.480744 7.866332
vn  -5.746068 2.179823 7.888668
vn  -5.450755 2.081033 8.121489
vn  -5.265275 2.118392 8.233426
vn  -5.258350 4.088917 7.458586
vn  -5.251959 3.713709 7.656716
vn  -4.828823 3.422476 8.060344
vn  -6.160854 4.241243 6.637449
vn  -4.950278 3.742774 7.841326
vn  -6.450569 2.552853 7.202299
vn  -5.303848 3.140767 7.874311
vn  -5.413500 3.130194 7.803583
vn  -5.912161 2.631759 7.623660
vn  -4.621629 2.612319 8.474452
vn  -4.483445 1.353937 8.835473
vn  -5.227643 1.437177 8.402754
vn  -3.756881 -1.211016 9.187997
vn  -4.163432 -0.279156 9.087789
vn  -4.142640 0.577202 9.083247
vn  -4.772094 0.583567 8.768498
vn  -3.918167 -0.607852 9.180332
vn  -3.468145 -1.414135 9.272120
vn  -2.643812 -3.292366 9.064799
vn  -2.497978 -4.097250 8.773405
vn  -3.280656 -4.415270 8.351209
vn  -3.610126 -2.912663 8.859085
vn  -3.556978 -2.520251 8.999791
vn  -3.206541 -3.660290 8.736154
vn  -3.284307 -4.653503 8.219382
vn  -8.410316 -1.669751 5.145728
vn  -8.925200 -0.086945 4.509240
vn  -6.300899 1.094888 7.687646
vn  -8.019122 -3.417995 4.900101
vn  -7.440585 -1.668311 6.469500
vn  -6.173851 -0.912607 7.813495
vn  -6.898261 0.144799 7.238303
vn  -6.815962 -2.921161 6.708910
vn  -5.951647 1.981474 7.787918
vn  -4.951504 -5.529407 6.701363
vn  -5.960845 -4.968686 6.307178
vn  -5.651025 -4.978613 6.578702
vn  -6.987213 -3.985579 5.940876
vn  -5.689990 -3.969854 7.201685
vn  -6.859069 -4.370427 5.818293
vn  -7.493688 -3.744323 5.461198
vn  -4.444152 -6.917506 5.691891
vn  -4.078549 -6.889892 5.991229
vn  -4.000781 -6.506845 6.454046
vn  -4.233756 -6.885139 5.888139
vn  -5.057400 -7.510508 4.244404
vn  -3.903989 -6.842318 6.159671
vn  -3.737141 -6.860048 6.242877
vn  -3.421061 -6.470588 6.813797
vn  -3.445439 -6.622594 6.653584
vn  -3.614525 -6.482482 6.701688
vn  -3.418392 -6.113766 7.136978
vn  -3.394760 -5.505359 7.626705
vn  -3.482185 -6.085081 7.130650
vn  -3.895243 -5.900502 7.071856
vn  -4.840970 2.686071 8.327666
vn  -4.475191 1.836296 8.752181
vn  -5.255519 1.222005 8.419395
vn  -5.186704 -1.929732 8.329120
vn  -4.695495 0.287851 8.824368
vn  -4.146628 -1.058991 9.037921
vn  -4.598243 -4.616891 7.585544
vn  -4.331147 -3.047196 8.482675
vn  -3.805743 -5.127525 7.695765
vn  -3.666575 -3.962471 8.417544
vn  -15.027403 9.660775 20.066553
vn  -25.139559 -1.297648 16.125841
vn  -20.321079 -8.685961 20.538452
vn  -17.940388 -17.146963 18.147762
vn  -13.708294 -19.959311 18.556288
vn  -10.166656 -16.874313 17.422716
vn  -10.079318 -19.421082 19.484015
vn  -10.493734 -15.960311 19.593229
vn  -8.177574 -11.703502 26.987951
vn  -14.005147 -2.332447 26.415724
vn  -15.251886 4.204461 20.890440
vn  -16.101814 7.075602 22.591951
vn  -4.223446 13.028344 13.405174
vn  -8.987759 23.783470 18.652184
vn  -9.325852 13.365338 26.937780
vn  -6.391219 22.948303 20.217848
vn  -4.100449 12.752391 -5.585679
vn  -20.847734 -17.189892 14.825428
vn  -8.518341 -15.638619 -28.400291
vn  -22.441021 5.725222 25.467392
vn  -4.469514 15.691415 -23.492401
vn  -28.811222 -10.070211 10.974555
vn  -26.324738 -0.442072 20.390781
vn  -9.542267 -12.436605 26.452332
vn  -8.324622 -7.826003 31.461962
vn  -7.601747 22.869234 19.754414
vn  -16.169270 22.185137 22.752502
vn  -7.430594 24.750513 17.916498
vn  -15.627686 8.295272 13.937692
vn  -1.221794 -25.035337 23.798161
vn  -11.953896 -22.653948 21.927855
vn  -23.045191 -16.926788 16.982111
vn  -27.930552 -10.561373 12.337524
vn  -11.062981 19.559967 22.360891
vn  -10.245303 15.390311 25.557983
vn  -24.081875 -27.747562 8.092895
vn  -12.309991 -39.521931 2.320817
vn  -19.896353 -20.497019 11.303418
vn  -2.627445 -13.139469 0.471880
vn  1.953207 -39.350555 -1.412845
vn  -8.253151 17.300451 24.289173
vn  -18.508999 -21.379381 13.519178
vn  -2.982403 26.591007 16.213650
vn  -39.043949 -2.835846 6.607335
vn  1.277472 30.260832 8.201225
vn  -13.599027 -1.732283 28.890501
vn  -32.160786 -10.241321 -0.176851
vn  -20.347462 7.164069 24.517221
vn  -10.359704 3.952856 32.657497
vn  -6.089189 17.309446 17.120470
vn  -15.932563 9.939514 14.508203
vn  -4.561339 -17.558447 17.423115
vn  -13.832768 -14.735304 15.588946
vn  -22.295258 -10.036769 11.878993
vn  -1.407877 1.258838 1.738604
vn  -6.569086 -9.891471 7.116348
vn  -0.980786 -1.500872 1.133586
vn  -12.331358 5.056912 16.361704
vn  -1.921181 -15.195025 -2.985980
vn  0.155821 -0.621199 -1.007015
vn  -0.042186 -0.597091 -0.952358
vn  1.610731 -27.959641 14.364011
vn  0.880150 -9.672681 2.380033
vn  -3.502801 -9.116205 2.150621
vn  -6.223630 6.218163 4.754036
vn  -5.429633 1.474909 8.267027
vn  -7.209023 3.178762 6.158365
vn  -9.063443 3.782828 1.882603
vn  -7.231709 3.080878 -6.181471
vn  -0.529955 -5.227929 -8.508109
vn  2.752538 6.173357 7.369749
vn  -6.227705 4.343984 6.507341
vn  -2.066338 8.706126 -4.464706
vn  -8.918697 -2.115684 -3.997587
vn  -7.100800 2.898332 -6.417033
vn  1.563790 5.038229 -8.495340
vn  -6.864223 -0.648273 -7.243078
vn  -9.719310 -0.671687 -2.254739
vn  2.956948 6.465844 -7.032022
vn  -9.071549 4.173435 -0.537992
vn  -2.857612 6.819328 6.732816
vn  -2.900660 7.662466 5.733479
vn  -6.287056 4.704160 6.192237
vn  -6.249415 6.067797 4.911889
vn  -1.738047 -7.176371 6.743804
vn  -5.354408 -6.121508 5.818716
vn  -8.003867 -4.297132 4.180043
vn  -8.785156 -3.819893 2.868698
vn  -1.614438 -8.835823 4.395658
vn  -4.336066 -8.341807 3.407752
vn  -6.108596 -7.646687 2.052616
vn  -7.093256 -6.945616 1.201719
vn  -1.150203 -9.666683 2.287413
vn  -1.011964 -9.944540 0.286440
vn  -4.189310 -9.009145 1.133566
vn  -4.906569 -8.697073 0.535243
vn  -0.963942 -9.941316 -0.490969
vn  -0.819022 -9.925250 -0.904762
vn  -4.835322 -8.753091 0.055233
vn  -7.420588 -6.617774 1.067669
vn  -9.192904 -3.379875 2.016667
vn  -3.063381 7.665836 5.643638
vn  -6.250226 6.131680 4.830855
vn  -3.508236 7.141891 6.056869
vn  -6.160875 6.379130 4.620640
vn  -3.659979 4.982146 7.860202
vn  -3.246758 4.398773 8.373134
vn  -9.228872 -2.902538 2.530452
vn  -7.661155 -6.268825 1.417223
vn  -4.590778 -8.883655 0.073677
vn  -7.740958 -5.989187 2.051146
vn  -4.655533 -8.835942 0.502119
vn  -8.762970 -3.300596 3.509475
vn  -6.909522 -6.204617 3.709614
vn  -7.460324 -4.550035 4.862173
vn  -7.117770 -5.003844 4.929390
vn  -0.967622 -9.939726 -0.515309
vn  -1.448835 -9.893020 0.170350
vn  -1.536095 -9.874047 0.378945
vn  -5.015954 3.006899 8.111644
vn  -3.107581 4.289808 8.481774
vn  -2.724177 6.504537 7.090124
vn  -4.975950 5.972716 6.290197
vn  -6.666304 5.324893 5.215928
vn  -6.261956 -6.607322 4.138985
vn  -8.108947 -3.790642 4.458251
vn  -6.411099 -5.989048 4.798866
vn  -1.985616 7.614872 6.170174
vn  -5.462863 6.230256 5.598306
vn  -6.047664 6.275883 4.902962
vn  -9.620811 2.642907 -0.674560
vn  -9.920795 -0.508408 1.148623
vn  -6.178817 1.053685 -7.791788
vn  -8.706032 -4.902182 0.416661
vn  -2.519861 -3.391491 -9.063559
vn  -0.121457 8.721111 4.891569
vn  -4.882219 1.324021 8.626175
vn  0.711363 9.962098 0.500552
vn  3.680421 9.262388 -0.814026
vn  -0.450804 9.581587 -2.826651
vn  1.360824 7.825356 -6.075521
vn  -9.305428 -3.563837 -0.841472
vn  -2.891158 1.986377 -9.364589
vn  -7.325007 4.089033 -5.442799
vn  -9.585074 -1.748591 -2.251391
vn  -0.446803 3.179070 -9.470686
vn  -0.045593 5.593499 -8.289191
vn  -4.592883 7.284631 -5.083264
vn  -6.484358 6.533074 -3.907945
vn  3.021564 6.361617 -7.099295
vn  6.255071 7.410236 -2.441817
vn  -1.695549 9.098278 -3.787670
vn  -3.071157 8.726371 -3.797162
vn  0.517287 5.418263 -8.388971
vn  2.975766 6.066710 -7.371557
vn  1.563792 6.108842 -7.761224
vn  -6.176556 6.634780 4.222540
vn  4.943557 8.206960 -2.864792
vn  -2.998627 7.217048 6.238786
vn  5.646308 7.653389 -3.089473
vn  -0.669200 0.675652 9.954681
vn  -0.033893 -0.004633 9.999942
vn  -0.590398 -0.543863 9.967731
vn  -5.948434 0.742929 8.004011
vn  -8.172309 3.707731 -4.412039
vn  -6.834995 5.610860 4.669162
vn  -5.410918 4.405402 7.163407
vn  -4.803683 3.330631 8.113663
vn  -4.908867 1.080998 8.644910
vn  -5.519762 -0.709723 8.308341
vn  -4.598267 0.573143 8.861572
vn  -4.951843 4.639287 7.345492
vn  -5.630601 6.352122 5.286479
vn  -5.917933 5.022945 6.304608
vn  -4.277835 -5.836308 6.902001
vn  -5.626733 5.658756 6.026471
vn  -0.360826 -7.328210 6.794640
vn  -0.227689 -8.884558 4.583969
vn  1.135185 -9.332530 3.408111
vn  -0.104482 -9.730634 2.303006
vn  0.002381 -9.997060 0.242428
vn  0.045627 -9.983277 -0.576274
vn  0.069867 -9.953144 -0.964376
vn  0.047436 -9.992883 -0.374218
vn  0.004832 -9.990706 0.430971
vn  0.082978 -9.997680 0.198774
vn  0.148152 9.732943 -2.290822
vn  -0.065002 9.538363 -3.002564
vn  -3.802846 -9.143766 1.389199
vn  -2.096523 -9.506969 2.285194
vn  -4.134688 -8.677282 2.758461
vn  -6.899761 5.960950 4.106138
vn  -6.432328 6.214982 4.472041
vn  -4.290691 7.126278 5.550327
vn  -4.732694 2.473170 8.454883
vn  -5.862138 0.325716 8.095014
vn  -16.186110 7.099195 24.670734
vn  -22.952459 11.680755 17.336721
vn  -6.471358 1.973284 7.363945
vn  -7.101032 4.508967 5.407823
vn  -7.751947 4.500150 4.433504
vn  -8.881679 4.566690 0.510997
vn  -33.119228 9.637004 4.513312
vn  -7.410517 2.190988 -6.346952
vn  -7.731476 3.767709 -5.101827
vn  -6.931246 2.885002 -6.605649
vn  -1.180617 -16.779188 -27.033573
vn  -0.741939 -4.280733 -9.006934
vn  4.599708 8.294607 3.168937
vn  -1.480562 4.161139 8.971782
vn  1.056027 7.119717 6.942221
vn  -6.182471 1.773313 7.657180
vn  -6.252487 4.733928 6.204542
vn  -6.027828 5.795586 5.484201
vn  -3.054687 7.920084 -5.285939
vn  -0.343830 8.460074 -5.320612
vn  -1.193275 9.181871 -3.777475
vn  -8.877042 0.585065 -4.566818
vn  -9.290930 -3.252708 -1.760257
vn  -5.459747 -0.633010 -8.354069
vn  -7.294167 1.482053 -6.678222
vn  -6.927718 3.170039 -6.477467
vn  1.239223 5.141809 -8.486820
vn  0.573614 4.510882 -8.906341
vn  2.306015 5.949790 -7.699499
vn  -23.475393 -4.954844 -23.224689
vn  -5.568783 -0.670754 -8.278813
vn  -9.756040 -1.877867 -1.137227
vn  -4.114723 4.100057 -8.139937
vn  3.016665 6.165713 -7.272118
vn  2.249987 6.456635 -7.297220
vn  3.934937 7.424024 -5.422189
vn  -7.711853 5.968251 2.215241
vn  -1.863250 6.026412 -7.759553
vn  -4.604722 6.131589 6.418735
vn  -2.940023 7.182662 6.306000
vn  -4.615183 7.064660 5.365693
vn  -2.916666 7.762291 5.589266
vn  -6.192389 5.481389 5.622159
vn  -20.689144 13.385117 19.208120
vn  -21.067846 17.612226 14.752325
vn  -6.236730 6.208023 4.750121
vn  -3.479540 -6.819169 6.433640
vn  -1.614915 -7.890248 5.927565
vn  -4.916035 -7.204169 4.892090
vn  -6.906532 -5.301646 4.918572
vn  -8.475588 -3.879447 3.621367
vn  -7.301146 -5.979534 3.307331
vn  -27.754974 -10.205515 10.398874
vn  -9.004836 -3.735294 2.227216
vn  -8.173225 -5.440114 1.898299
vn  -1.456495 -9.337367 3.269891
vn  -3.070780 -8.635683 3.999409
vn  -5.334314 -8.034034 2.645634
vn  -6.677458 -7.295521 1.478826
vn  -5.283228 -8.358942 1.488482
vn  -7.340968 -6.700297 1.102815
vn  -6.302299 -7.701802 0.981461
vn  -1.011893 -9.883819 1.134102
vn  -1.009504 -9.947646 -0.158806
vn  -2.435473 -9.678122 0.634372
vn  -4.544484 -8.864460 0.876922
vn  -5.052913 -8.624796 0.284517
vn  -2.673000 -9.635844 -0.074647
vn  -0.912582 -9.925589 -0.806142
vn  -0.779740 -9.939620 -0.771980
vn  -2.435868 -9.678756 -0.623073
vn  -6.484921 -7.578941 0.710946
vn  -4.609910 -8.874034 -0.015511
vn  -8.472440 -5.070747 1.582805
vn  -7.450365 -6.559775 1.208881
vn  -29.443233 -8.724604 6.524825
vn  -9.266021 -3.093977 2.137323
vn  -4.702638 7.061438 5.293514
vn  -3.202195 7.591590 5.666894
vn  -21.202497 18.272354 15.019014
vn  -6.315063 6.233746 4.610899
vn  -3.946514 6.091099 6.879211
vn  -20.707729 18.934315 17.431608
vn  -5.595105 6.934669 4.539290
vn  -3.323844 4.590109 8.239112
vn  -3.789739 4.371892 8.156252
vn  -3.330986 4.409281 8.334434
vn  -3.218889 4.037475 8.563734
vn  -8.711899 -4.466342 2.038280
vn  -29.701550 -7.282049 8.200462
vn  -9.098791 -2.881943 2.984358
vn  -6.375468 -7.657801 0.843486
vn  -7.808243 -6.022880 1.660196
vn  -4.635142 -8.860229 0.108589
vn  -2.436441 -9.685643 -0.502054
vn  -7.410232 -6.115965 2.771898
vn  -6.462739 -7.507839 1.365778
vn  -8.522925 -4.376881 2.864028
vn  -2.851963 -9.584315 0.084859
vn  -27.221054 -9.119270 11.787127
vn  -8.164375 -3.901325 4.257069
vn  -7.299771 -5.288863 4.329118
vn  -6.541510 -6.453480 3.944772
vn  -22.728216 -13.379052 15.724702
vn  -7.106843 -4.926683 5.022008
vn  -22.669521 -15.226564 15.805477
vn  -7.376041 -4.834691 4.713786
vn  -6.681755 -5.864946 4.577832
vn  -1.182926 -9.929032 -0.122402
vn  -1.654727 -9.856791 0.324865
vn  -5.760161 1.972909 7.932728
vn  -5.069626 2.211279 8.331215
vn  -3.918950 3.885918 8.339153
vn  -4.943730 4.701550 7.311290
vn  -2.959390 5.388812 7.886870
vn  -3.762817 6.144568 6.934370
vn  -2.485754 7.121897 6.565029
vn  -5.085108 6.406622 5.752986
vn  -5.784912 5.966546 5.561934
vn  -6.223097 6.041636 4.977116
vn  -6.074759 -6.578871 4.451489
vn  -7.226028 -5.041222 4.729756
vn  -27.209976 -10.622048 11.663662
vn  -9.055789 -2.385677 3.507311
vn  -7.197744 -5.180442 4.621200
vn  -3.787508 6.517046 6.571369
vn  -1.178796 8.206051 5.592062
vn  -5.795345 6.436546 4.998484
vn  -5.368176 6.820658 4.966015
vn  -8.380811 3.536592 4.153855
vn  -9.756633 -1.466558 -1.630128
vn  -8.969567 3.262783 -2.983470
vn  -9.020834 1.496706 -4.047768
vn  -9.698988 -1.793113 1.647531
vn  -35.411709 1.615175 1.896916
vn  -4.398392 -1.147242 -8.907187
vn  -6.787562 -3.944658 -6.194244
vn  -3.907001 -17.752760 -31.870304
vn  0.829670 9.484040 3.060167
vn  -2.202695 0.798828 9.721625
vn  0.254192 9.907887 -1.330097
vn  1.818504 9.833258 0.008914
vn  2.212100 8.945720 -3.883388
vn  5.526983 8.218019 -1.384414
vn  -1.013247 9.390379 -3.285439
vn  0.694903 6.723848 -7.369327
vn  2.528192 7.104543 -6.567626
vn  -9.279211 -3.397976 -1.532966
vn  -1.501255 2.183698 -9.642494
vn  -1.496575 4.320475 -8.893467
vn  -5.212248 3.092113 -7.954327
vn  -7.286510 5.325537 -4.306440
vn  -27.170481 10.805077 -12.610159
vn  -5.328900 0.432897 -8.450765
vn  0.414444 4.475618 -8.932921
vn  -2.723527 6.374516 -7.207491
vn  -3.607064 8.289377 -4.274963
vn  -5.670220 7.024379 -4.301942
vn  -4.898334 7.817977 -3.858179
vn  -21.840939 19.608864 -10.695628
vn  2.976542 6.016478 -7.412300
vn  4.429885 7.015143 -5.582462
vn  6.008363 7.320102 -3.211803
vn  5.698390 6.391485 5.165004
vn  -2.369017 8.969854 -3.732219
vn  -10.758537 26.642616 -12.156385
vn  0.393994 5.762787 -8.163030
vn  1.967056 5.794580 -7.909080
vn  4.256377 6.792766 -5.978426
vn  -1.992715 9.030098 -3.806101
vn  -4.608420 7.715621 4.385389
vn  2.419576 9.599754 1.410804
vn  4.350516 7.205850 5.398956
vn  5.418549 7.877336 -2.930341
vn  -0.388992 4.305989 9.017048
vn  5.536290 6.685468 4.965279
vn  0.310087 0.372382 9.988253
vn  -0.657455 -1.038824 9.924143
vn  -2.511634 -3.911499 8.853919
vn  -5.822759 -0.162066 8.128297
vn  -26.142935 14.013218 -18.246130
vn  -7.720478 1.419582 6.195078
vn  -20.588253 2.152429 7.724620
vn  -6.791899 5.597117 4.747881
vn  -5.097635 3.246226 7.967191
vn  -17.246292 0.564172 9.639961
vn  -5.110351 2.581752 8.198711
vn  -11.530898 -2.458124 13.419133
vn  -5.422412 0.335680 8.395520
vn  -8.968368 -1.981112 14.753386
vn  -5.180074 -1.392294 8.439689
vn  -7.408700 -2.742550 12.410187
vn  -4.471306 3.616104 8.181150
vn  -7.948820 10.378933 17.601082
vn  -8.199471 7.681929 12.162976
vn  -5.009945 5.834541 6.392071
vn  -9.934569 8.867611 12.507492
vn  -10.295764 8.100370 10.406589
vn  -8.820723 7.886958 10.892814
vn  -6.118328 5.080144 6.062853
vn  -6.281953 -9.613118 7.260644
vn  -10.495634 5.059805 14.553160
vn  -7.664216 21.387936 21.493256
vn  -7.303672 24.422758 18.237350
vn  1.425307 -23.509060 23.001331
vn  -7.860723 24.265169 18.425718
vn  -10.421698 21.754683 20.495110
vn  -11.072883 17.212996 24.113321
vn  -9.678172 14.534266 26.255806
vn  -8.914570 14.334192 26.193056
vn  -7.415010 20.984476 21.793913
vn  -4.907284 25.135258 17.923626
vn  3.810049 -26.971943 -3.829322
vn  -0.269051 28.888193 12.230635
vn  1.006670 37.328491 3.468919
vn  -9.052743 31.651783 -9.883888
vn  -22.057205 -9.009912 -8.458261
vn  -1.364926 -17.025959 -26.678509
vn  -27.793325 -11.785142 13.138614
vn  -33.147106 2.481614 4.451900
vn  -10.927583 22.368086 21.574022
vn  -6.367627 21.970793 21.533833
vn  -22.552767 11.536835 18.580301
vn  -20.177116 17.403526 20.997862
vn  -3.774852 -23.518955 22.724127
vn  -8.394315 -22.891731 21.524519
vn  -15.207106 -20.294521 20.457310
vn  -20.079836 -18.214048 17.778326
vn  -25.142403 -13.727832 14.864339
vn  -27.266914 -11.424803 12.730929
vn  -17.570757 -34.105007 0.588542
vn  -22.376978 -20.968157 12.492574
vn  -6.681905 -33.329681 2.463141
vn  -4.981276 -35.350471 1.107202
vn  -18.992739 -21.541901 11.831193
vn  -18.312119 -19.991283 15.519438
vn  -17.382883 -3.059445 27.140806
vn  -29.614332 -12.996588 -2.063677
vn  -33.286533 -5.674782 3.901514
vn  -24.294273 4.994245 21.603981
vn  -16.770796 6.020589 27.603617
vn  -9.365465 -5.460981 31.356796
vn  -9.181568 -8.359976 30.422676
vn  -15.221050 13.467559 -13.799673
vn  -13.200568 -19.379824 8.893828
vn  -13.948950 -20.658609 11.357770
vn  14.020227 -4.045912 -19.694616
vn  2.313642 -14.218138 -2.064229
vn  2.471022 -15.185292 -2.204643
vn  5.244040 23.220177 20.855391
vn  3.817933 21.906244 22.039455
vn  5.140437 24.681965 18.670963
vn  6.505613 23.117308 19.888649
vn  9.302952 18.354912 22.136440
vn  7.096059 15.539585 26.087601
vn  6.583058 13.499619 27.381132
vn  5.633116 17.637007 25.765326
vn  4.212914 23.616011 20.543865
vn  1.126680 27.327810 15.331337
vn  -2.912755 29.559904 7.149382
vn  -1.206132 17.122349 0.703235
vn  4.203443 12.885485 -5.103628
vn  5.482379 14.889136 -5.784222
vn  3.376667 19.065378 24.884752
vn  3.698273 22.426996 21.720316
vn  2.923535 12.812113 28.676218
vn  2.524503 -0.931309 30.297619
vn  2.268921 -13.795582 28.235811
vn  2.420501 -18.982653 24.998827
vn  1.447010 -13.321526 13.249320
vn  2.465556 -21.900442 22.425320
vn  1.731843 -6.904181 -11.192258
vn  2.214225 -8.827250 -14.309712
vn  1.013686 -24.910124 19.048098
vn  0.782937 -22.883699 21.523556
vn  0.895390 -8.808250 8.915331
vn  0.971062 -22.619358 21.803272
vn  5.410866 -29.261110 10.415716
vn  1.418254 -31.179882 3.616743
vn  1.405961 -30.917206 5.416828
vn  4.150324 -30.372309 7.380683
vn  1.572931 -31.380463 0.858016
vn  1.611204 -31.379692 -0.633873
vn  1.542856 -31.276897 -2.625623
vn  1.589542 -31.342613 -1.665573
vn  1.373859 -31.242792 -2.958868
vn  1.283393 -31.289452 -2.309026
vn  1.495828 -31.337368 -1.177683
vn  1.880114 -31.321047 0.214703
vn  2.394957 -31.275364 1.388982
vn  2.888155 -31.251783 1.582925
vn  3.165082 -31.297346 0.474554
vn  3.682433 -31.226669 -1.617201
vn  4.314222 -30.916500 -4.185016
vn  0.975916 -6.106427 -1.120420
vn  0.991477 30.587906 -7.061972
vn  2.279763 30.089653 -8.801857
vn  0.476781 30.866480 -5.831647
vn  -3.897339 29.545078 -9.629508
vn  3.394684 29.978313 -8.469207
vn  -0.058650 31.088482 -1.450063
vn  -0.419828 25.225212 2.097260
vn  -5.651862 29.630886 -9.178470
vn  -3.560637 26.830379 -6.486053
vn  -9.798960 15.734138 25.644085
vn  -11.840094 19.550287 22.284172
vn  -11.673100 18.315397 21.017962
vn  -9.888329 15.507590 25.181963
vn  -3.321615 26.606688 15.633420
vn  -2.853297 27.320314 15.119118
vn  2.024894 29.569206 7.412666
vn  1.857584 30.265656 7.085961
vn  0.875467 14.193612 0.683391
vn  1.060175 17.126617 0.824078
vn  -4.242370 12.768838 -5.439139
vn  -4.357697 15.050254 -6.456381
vn  -3.685264 12.870624 -5.524268
vn  -4.892093 14.869594 -6.337407
vn  5.659637 -30.196415 -2.795595
vn  1.243492 -7.837454 -1.171568
vn  2.284893 -15.187112 -2.761706
vn  12.983726 -29.695290 6.606769
vn  13.818087 -46.562889 1.932750
vn  6.072012 -12.932651 2.390396
vn  8.584733 -17.193874 4.136488
vn  9.933940 -29.365885 7.885033
vn  1.887046 -9.788381 -0.791611
vn  3.427306 -15.416575 -2.851008
vn  -0.381379 7.203727 6.925378
vn  -0.437234 6.114204 7.900970
vn  -6.075387 19.047573 24.380751
vn  -6.071288 22.408592 21.199387
vn  -0.494919 4.097887 9.108369
vn  -0.534612 -0.122599 9.984947
vn  -5.728544 -0.946856 29.857552
vn  -6.004522 12.795294 28.200159
vn  -0.462129 -4.313463 9.010020
vn  -0.402726 -6.003058 7.987559
vn  -4.993837 -18.996620 24.603483
vn  -5.206828 -13.809665 27.837191
vn  -0.366360 -7.017101 7.115199
vn  -0.899724 -17.824724 17.502289
vn  -2.797689 -13.329522 13.022985
vn  -4.754006 -21.914043 22.040361
vn  3.686363 3.358174 8.667952
vn  4.139546 5.171955 7.490997
vn  6.689217 2.934965 6.829373
vn  5.925837 2.269761 7.728690
vn  7.310905 -1.497052 6.656538
vn  6.242196 -1.362641 7.692737
vn  3.492424 -0.712163 9.343223
vn  2.969262 -4.529149 8.406562
vn  4.871294 -4.443384 7.518432
vn  5.393998 -5.119357 6.685578
vn  3.129629 -5.964441 7.391269
vn  6.531022 26.667143 25.834820
vn  9.562696 13.029854 15.277826
vn  4.176585 5.900003 6.909855
vn  1.699256 7.061425 6.873776
vn  1.537316 6.018609 7.836645
vn  -4.779735 30.474627 30.479460
vn  7.720512 0.731393 6.313379
vn  6.500453 3.877294 6.535342
vn  24.807262 15.249171 25.901659
vn  17.095863 2.161326 13.771982
vn  1.312812 4.030707 9.057037
vn  1.224445 -0.271787 9.921032
vn  1.120525 -6.025911 7.901444
vn  1.021091 -4.388906 8.927199
vn  3.101261 -6.534607 6.905149
vn  1.204641 -6.927670 7.110291
vn  8.101734 -17.265043 18.125923
vn  4.372481 -26.331083 26.532820
vn  6.951624 -3.791622 6.107251
vn  18.343910 -11.429717 16.287319
vn  18.800737 -21.117678 24.221750
vn  5.105192 -5.705017 6.433490
vn  28.239220 -8.564378 19.725098
vn  7.958891 -1.930625 5.738355
vn  31.222534 -5.915842 21.473038
vn  5.813605 -1.503053 3.925498
vn  8.732611 -4.302025 2.287810
vn  8.391010 -4.881648 2.400095
vn  8.723599 -3.608016 3.298641
vn  9.008043 -2.992643 3.146306
vn  8.021972 -5.426472 2.490252
vn  8.321305 -4.394206 3.383316
vn  8.251660 -1.338999 5.487912
vn  8.684537 -0.510576 4.931342
vn  8.854234 0.045246 4.647633
vn  6.849362 -6.745319 2.754433
vn  7.036811 -6.057678 3.713195
vn  7.587071 -5.507225 3.479486
vn  7.323893 -6.274217 2.644765
vn  6.799047 -5.216978 5.153260
vn  7.625442 -3.935119 5.134927
vn  5.797029 -4.303916 6.918870
vn  6.018299 -4.238346 6.768789
vn  6.842299 -2.937271 6.674981
vn  5.904898 -3.332947 7.350078
vn  6.184267 -0.168469 7.856619
vn  7.239059 -0.225991 6.895284
vn  4.533217 4.762604 7.534424
vn  4.900010 4.363866 7.546295
vn  6.041121 3.146655 7.321435
vn  5.307631 3.323009 7.796580
vn  5.834755 4.417502 6.814785
vn  6.911364 2.891347 6.623681
vn  6.619309 4.494891 5.998391
vn  7.604797 3.142928 5.682345
vn  7.381143 2.838324 6.120673
vn  6.305804 4.271347 6.480156
vn  9.309663 -2.519603 2.642304
vn  9.209974 -3.000575 2.484535
vn  9.362657 -1.651535 3.100498
vn  9.368175 -1.318802 3.240070
vn  9.141685 -3.334392 2.304651
vn  9.317473 -2.015639 3.020246
vn  9.005997 0.842070 4.264144
vn  9.008227 1.065175 4.209184
vn  8.954830 1.207703 4.283978
vn  9.198589 -2.462883 3.052893
vn  8.934707 -3.865219 2.287156
vn  8.967203 0.549429 4.391740
vn  6.817650 4.626678 5.666876
vn  7.729824 3.409655 5.350147
vn  6.944227 4.736256 5.417156
vn  7.810915 3.551734 5.135639
vn  7.052558 4.688121 5.318170
vn  7.845290 3.597013 5.051031
vn  7.847974 3.591518 5.050771
vn  7.027176 4.711721 5.330898
vn  8.960218 -1.153507 4.287643
vn  9.083294 -1.612809 3.859094
vn  9.047434 -0.384351 4.242194
vn  8.818961 -0.059028 4.714067
vn  9.257357 -1.818566 3.315742
vn  9.213063 -0.710972 3.822824
vn  8.704360 1.568061 4.666400
vn  8.492781 1.816995 4.956934
vn  8.187831 2.158987 5.319604
vn  9.312447 -1.008943 3.501479
vn  9.264572 -2.262744 3.007937
vn  8.863474 1.373899 4.421678
vn  7.026671 4.663021 5.374208
vn  7.773921 3.619261 5.144619
vn  6.913246 4.696393 5.490985
vn  7.647546 3.711120 5.267125
vn  6.429395 5.056063 5.753182
vn  7.125957 4.164023 5.646384
vn  7.426626 3.886688 5.453335
vn  6.740510 4.869177 5.554874
vn  7.425413 -1.431631 6.543215
vn  7.879840 -0.899479 6.090899
vn  7.736258 0.567432 6.310969
vn  7.347060 0.198708 6.780945
vn  8.334129 -0.705076 5.481346
vn  8.119459 0.561320 5.810274
vn  7.341741 2.871202 6.152644
vn  6.916503 3.032923 6.554645
vn  6.607856 2.817764 6.956755
vn  8.503359 0.327000 5.252234
vn  8.619612 -0.984917 4.973152
vn  7.786687 2.551018 5.732347
vn  6.037635 5.483102 5.786410
vn  6.691451 4.529680 5.891220
vn  5.575737 5.680981 6.052901
vn  6.212230 4.875356 6.135071
vn  4.925748 5.958720 6.342764
vn  5.508759 5.081669 6.620439
vn  5.809145 5.050406 6.383356
vn  5.174351 6.008673 6.092777
vn  4.854493 5.707895 6.622222
vn  5.436940 4.606170 7.015902
vn  5.024390 4.972021 7.073508
vn  5.526315 3.753646 7.441101
vn  6.359935 1.154719 7.630063
vn  6.429617 2.240238 7.324027
vn  5.603681 2.108079 8.009667
vn  5.915412 0.914011 8.010773
vn  5.700868 2.347517 7.873326
vn  5.209069 3.514903 7.778885
vn  6.391234 -1.199460 7.596935
vn  6.366427 -0.019018 7.711565
vn  6.332031 -4.227648 6.483237
vn  6.444358 -3.757513 6.659681
vn  6.510420 -2.583988 7.137047
vn  6.483402 -3.182582 6.916406
vn  6.585052 -3.159905 6.830233
vn  6.735187 -1.593335 7.217932
vn  7.002181 -0.658779 7.108830
vn  7.010457 -2.191324 6.786133
vn  7.523667 -3.647647 5.485353
vn  7.062456 -4.022590 5.825845
vn  7.079487 -3.494147 6.137735
vn  7.526183 -3.199121 5.755188
vn  6.711455 -4.237724 6.082603
vn  6.783306 -3.586415 6.412829
vn  6.751538 -2.333122 6.998090
vn  7.090337 -2.416936 6.624617
vn  7.500830 -2.264647 6.213608
vn  6.542652 -3.541371 6.682245
vn  6.492539 -4.304591 6.270361
vn  6.556001 -1.905621 7.306672
vn  5.743297 0.485900 8.171808
vn  6.159623 -0.306194 7.871803
vn  6.260657 -0.256658 7.793478
vn  6.474805 -1.018420 7.552464
vn  7.147136 -0.815320 6.946488
vn  7.320850 -1.345366 6.677958
vn  6.836632 -1.361811 7.169793
vn  6.543426 -0.861725 7.512723
vn  9.354948 -1.006389 3.387052
vn  8.899364 -1.892744 4.149558
vn  8.890235 -1.449623 4.343076
vn  9.295248 -0.600182 3.638424
vn  8.473414 -2.561386 4.651939
vn  8.454247 -2.166578 4.881766
vn  8.434032 -1.302671 5.212498
vn  8.856645 -0.578632 4.607062
vn  9.217451 0.277912 3.867990
vn  7.989407 -2.744681 5.351271
vn  7.977363 -3.197865 5.112273
vn  7.984351 -1.880276 5.719676
vn  7.649577 -0.605066 6.412321
vn  7.822792 -1.005003 6.147673
vn  8.166398 -0.015782 5.771454
vn  8.314157 -0.456081 5.537759
vn  8.906002 1.560482 4.271770
vn  9.054352 1.186406 4.075677
vn  8.729423 0.311337 4.868289
vn  8.603683 0.731919 5.043901
vn  9.094673 2.404616 3.391863
vn  9.257299 1.976830 3.224056
vn  9.185062 3.015541 2.557564
vn  9.350156 2.656996 2.348393
vn  9.595038 1.787805 2.176921
vn  9.461309 1.104359 3.043683
vn  9.071130 4.125351 0.834303
vn  9.343168 3.478997 0.775736
vn  9.335982 3.323851 1.338448
vn  9.178729 3.626899 1.611374
vn  9.611289 2.706234 0.547190
vn  9.614854 2.494367 1.154423
vn  9.879617 1.546624 0.033518
vn  9.902777 1.270988 0.565314
vn  9.830482 1.625264 0.848616
vn  9.828135 1.833365 0.215657
vn  9.847767 0.541231 1.651828
vn  9.768289 0.935929 1.924721
vn  9.595364 0.198638 2.808830
vn  9.663739 -0.186609 2.564626
vn  1.734574 9.119323 8.709082
vn  2.653577 11.202526 11.899136
vn  1.362730 7.164399 6.842102
vn  1.362731 7.164399 6.842102
vn  0.299384 1.564749 1.772875
vn  1.658502 6.294793 7.591110
vn  2.305230 5.563301 7.983457
vn  1.996500 6.133293 7.641773
vn  2.307344 6.323631 7.395123
vn  0.489540 1.598392 2.099732
vn  2.070128 5.814035 7.868391
vn  1.823982 5.955456 7.823403
vn  2.844934 9.288953 12.202460
vn  3.037540 4.826773 8.214354
vn  2.817415 5.218561 8.051633
vn  6.036284 0.718465 7.940219
vn  6.036284 0.718465 7.940219
vn  5.086458 1.893239 8.399024
vn  4.004737 4.165069 8.161757
vn  4.783966 3.167721 8.190190
vn  3.923772 9.681951 12.262059
vn  2.390249 6.072678 7.576892
vn  0.922361 2.015618 2.190603
vn  2.849347 6.515062 7.031016
vn  4.114189 5.487623 7.277324
vn  4.115119 5.486220 7.277856
vn  1.186438 2.384372 1.523617
vn  3.494233 7.913680 5.016373
vn  3.866800 7.771066 4.965722
vn  6.379477 12.820765 8.192487
vn  4.867947 7.023551 5.193536
vn  5.080355 6.785445 5.305443
vn  8.123158 3.018215 4.990460
vn  8.123158 3.018215 4.990460
vn  7.796965 2.052434 5.915645
vn  6.754529 0.936374 7.314337
vn  5.412784 12.250830 5.279243
vn  4.040308 8.314632 3.813502
vn  1.190991 2.432458 0.656545
vn  3.874235 8.899058 2.407709
vn  5.102586 8.196635 2.603610
vn  5.384790 7.960346 2.763498
vn  1.398663 2.512055 -0.417298
vn  4.276073 8.918636 -1.474147
vn  4.814164 8.646431 -1.436329
vn  7.781075 13.975121 -2.321521
vn  5.412201 8.347302 -1.015191
vn  5.705930 8.178128 -0.748713
vn  8.540870 5.146510 0.752975
vn  8.540870 5.146510 0.752975
vn  8.426913 5.038773 1.896811
vn  8.302683 3.855818 4.024689
vn  6.710238 10.807827 -5.745715
vn  5.179299 7.684183 -3.758749
vn  1.543092 1.736001 -1.521942
vn  5.293274 6.371713 -5.602010
vn  6.367392 6.062822 -4.764295
vn  6.550367 6.057847 -4.516100
vn  2.664184 0.683120 -2.478042
vn  7.315275 1.798983 -6.576504
vn  7.196497 1.845244 -6.693690
vn  12.019501 3.081903 -11.179717
vn  8.156435 1.918254 -5.458283
vn  8.114547 1.863179 -5.539196
vn  9.745302 1.892826 -1.202616
vn  9.745302 1.892825 -1.202616
vn  9.444610 3.054934 -1.211082
vn  8.572271 5.142768 -0.260950
vn  13.313895 -4.059920 -8.418259
vn  8.102062 -2.630439 -5.238070
vn  3.466676 -2.544748 -1.299945
vn  7.755420 -5.640272 -2.835629
vn  8.634888 -4.596186 -2.076962
vn  8.571420 -4.705554 -2.094877
vn  2.114781 -2.453516 -0.052959
vn  6.448682 -7.638461 -0.261551
vn  6.527958 -7.573575 -0.163474
vn  9.039582 -10.487499 -0.226370
vn  7.466967 -6.638247 0.421990
vn  7.543676 -6.549857 0.438525
vn  9.378693 -2.455010 2.452150
vn  9.378693 -2.455010 2.452150
vn  9.732755 -1.691222 1.553464
vn  9.945340 0.630383 -0.832353
vn  9.462262 -12.625085 0.318369
vn  6.185745 -7.852705 0.267510
vn  1.535271 -2.205286 0.203768
vn  5.545050 -8.306242 0.508677
vn  6.432446 -7.533054 1.369931
vn  6.649607 -7.321372 1.476561
vn  1.111596 -2.114187 0.362327
vn  4.525243 -8.812362 1.365447
vn  4.601113 -8.751030 1.499741
vn  7.597543 -14.450054 2.476433
vn  5.248379 -8.240311 2.133493
vn  5.431982 -8.091066 2.242365
vn  7.248883 -5.210314 4.506254
vn  7.248883 -5.210314 4.506254
vn  7.871688 -4.440964 4.279528
vn  8.913972 -3.251602 3.157242
vn  6.416290 -13.842307 3.123432
vn  4.044329 -8.932978 1.960941
vn  0.887173 -2.075950 0.543596
vn  3.958185 -8.811831 2.585419
vn  4.425293 -8.424134 3.074205
vn  4.330802 -8.493446 3.017534
vn  0.987300 -2.097342 0.739091
vn  4.261865 -8.360195 3.455956
vn  4.057825 -8.620124 3.037682
vn  6.373279 -13.538892 4.771028
vn  4.519438 -8.096734 3.744004
vn  4.231739 -8.330129 3.563893
vn  5.682225 -6.260950 5.339740
vn  5.682225 -6.260950 5.339740
vn  5.863049 -6.165198 5.254996
vn  6.695675 -5.664588 4.804203
vn  7.498967 -12.745969 5.757497
vn  4.337145 -8.350951 3.383898
vn  1.334339 -2.168461 0.933073
vn  5.067325 -7.710021 3.857173
vn  5.257562 -7.449204 4.106994
vn  4.933635 -7.779146 3.891545
vn  1.757085 -2.075355 0.945996
vn  6.163723 -7.047625 3.512762
vn  6.102846 -7.208286 3.285708
vn  9.588900 -11.325786 5.162562
vn  6.358438 -6.711106 3.811996
vn  6.193714 -6.927230 3.694776
vn  7.102681 -4.375324 5.514386
vn  7.102681 -4.375324 5.514386
vn  6.415213 -5.369818 5.478147
vn  5.699257 -6.068945 5.539528
vn  10.566125 -10.608208 4.575285
vn  6.718270 -6.815407 2.900875
vn  2.044854 -1.881219 0.699325
vn  7.108164 -6.633564 2.338764
vn  7.327285 -6.250446 2.691245
vn  7.398562 -6.141407 2.746706
vn  2.162944 -1.869279 0.435403
vn  7.386998 -6.623666 1.248712
vn  7.479756 -6.464222 1.505682
vn  11.775599 -10.176814 2.370439
vn  7.632124 -6.262227 1.592225
vn  7.816378 -5.994538 1.723295
vn  8.652884 -3.801745 3.267158
vn  8.652884 -3.801745 3.267158
vn  8.515046 -3.246558 4.117503
vn  7.736863 -3.843965 5.036355
vn  11.437406 -10.505816 1.439406
vn  7.518128 -6.513021 1.028736
vn  2.260705 -2.024168 0.228844
vn  7.319379 -6.794281 0.514215
vn  7.574130 -6.479761 0.803273
vn  7.775555 -6.221496 0.913091
vn  2.335312 -2.237703 0.087306
vn  7.105374 -7.036314 0.062590
vn  7.217722 -6.916044 0.269836
vn  11.156119 -10.689830 0.417074
vn  7.346994 -6.777640 0.292010
vn  7.547479 -6.549442 0.374642
vn  8.611737 -4.853271 1.511201
vn  8.611737 -4.853271 1.511201
vn  8.851996 -4.149125 2.104022
vn  8.808688 -3.935451 2.630444
vn  11.080286 -11.552779 0.044255
vn  7.095101 -7.046450 0.084135
vn  2.407665 -2.528696 0.028742
vn  6.787997 -7.342508 -0.103257
vn  7.002835 -7.138214 0.078669
vn  7.194460 -6.944049 0.141090
vn  2.505554 -2.928406 0.024666
vn  6.389476 -7.691060 -0.148939
vn  6.501036 -7.598186 0.063999
vn  10.218762 -11.943336 0.100598
vn  6.576580 -7.533153 0.013730
vn  6.778811 -7.351340 0.074284
vn  7.787268 -6.198711 0.966658
vn  7.787268 -6.198711 0.966658
vn  8.204362 -5.590972 1.195596
vn  8.515569 -5.106313 1.187705
vn  9.091415 -11.806855 -0.066951
vn  6.309303 -7.758385 0.011857
vn  2.569621 -3.458232 0.099576
vn  5.842351 -8.115611 -0.061530
vn  6.011598 -7.990613 0.103829
vn  6.246243 -7.807460 0.167339
vn  2.708889 -4.673423 0.618616
vn  4.862150 -8.704663 0.767026
vn  4.982266 -8.595491 1.137776
vn  8.574786 -14.793368 1.958182
vn  5.073736 -8.564485 0.952257
vn  5.336583 -8.404191 0.943640
vn  6.366408 -7.484819 1.856428
vn  6.366408 -7.484819 1.856428
vn  6.855945 -7.143748 1.401025
vn  7.548980 -6.490932 0.938449
vn  5.408500 -12.238699 3.249652
vn  4.160676 -8.799654 2.292346
vn  2.418675 -6.721045 3.267653
vn  3.050539 -8.617280 4.054218
vn  3.396624 -8.414406 4.202465
vn  3.594161 -8.390494 4.084312
vn  1.433100 -6.268350 7.068293
vn  1.495670 -6.571758 7.387486
vn  1.499772 -6.559969 7.397127
vn  2.327293 -10.179530 11.478601
vn  1.805485 -6.452112 7.423643
vn  1.956433 -6.535888 7.311261
vn  4.097031 -5.650334 7.161568
vn  4.097031 -5.650335 7.161568
vn  5.176389 -6.114206 5.985104
vn  5.921379 -7.633698 2.581457
vn  1.330113 -7.763934 12.027321
vn  1.149748 -5.580263 8.218196
vn  0.502060 -3.070343 10.112207
vn  0.431762 -3.001907 9.529016
vn  1.111000 -2.897965 9.506181
vn  0.995896 -2.703367 9.576012
vn  0.780239 4.313705 9.307683
vn  1.275784 4.547578 8.814301
vn  0.758372 4.192813 9.046833
vn  0.970192 5.363902 11.573692
vn  1.595420 4.409677 8.832293
vn  1.191281 5.162193 8.481310
vn  3.516679 4.528962 8.192770
vn  3.516678 4.528962 8.192770
vn  3.921479 2.052964 8.967014
vn  4.164815 -4.063370 8.132855
vn  3.344047 10.416029 14.383726
vn  1.579754 6.185156 7.697287
vn  1.358205 4.248788 4.576329
vn  2.350667 6.636201 7.101775
vn  2.554476 6.513513 7.144844
vn  2.360143 6.779794 6.961617
vn  1.277097 3.331629 2.785835
vn  2.812935 7.361735 6.155668
vn  2.821212 7.359845 6.154140
vn  4.101956 10.700989 8.947930
vn  3.079312 7.209838 6.207743
vn  3.057876 7.232440 6.192028
vn  4.787750 6.050716 6.361310
vn  4.787750 6.050716 6.361310
vn  4.176818 6.118864 6.716673
vn  3.504779 5.672860 7.452193
vn  4.651849 12.146342 9.031687
vn  2.997651 7.617064 5.744076
vn  1.124303 2.877713 2.002741
vn  2.885861 7.858518 5.469506
vn  3.209629 7.698268 5.516788
vn  3.303472 7.620446 5.569189
vn  0.917195 2.673246 1.739652
vn  2.489228 8.116595 5.284375
vn  2.763705 8.055059 5.241941
vn  4.435264 12.926962 8.412399
vn  2.891872 7.944590 5.340465
vn  3.070905 7.817261 5.427704
vn  5.159490 6.519814 5.556229
vn  5.159490 6.519814 5.556229
vn  5.158284 6.502381 5.577736
vn  5.026850 6.314043 5.904544
vn  3.436052 12.659231 8.084286
vn  2.457309 8.073660 5.364480
vn  0.701527 2.590314 1.662480
vn  1.919901 8.260108 5.299489
vn  2.401924 8.080793 5.378804
vn  2.611433 7.946215 5.480701
vn  0.525855 2.565488 1.520385
vn  1.420936 8.524683 5.030974
vn  1.736541 8.472069 5.020803
vn  2.743219 13.383349 7.931376
vn  1.937774 8.348289 5.152777
vn  2.172274 8.207757 5.283365
vn  4.580828 6.854259 5.659959
vn  4.580828 6.854259 5.659959
vn  4.979119 6.554771 5.678322
vn  5.089451 6.505137 5.637435
vn  1.918547 13.311649 7.166386
vn  1.499790 8.609399 4.860955
vn  0.379371 2.515852 1.307230
vn  1.085526 8.840096 4.546903
vn  1.562061 8.675348 4.722106
vn  1.755957 8.560945 4.860743
vn  0.299782 2.335775 1.112832
vn  1.274549 8.932126 4.311919
vn  1.150957 8.967773 4.272509
vn  1.694076 13.199533 6.288644
vn  1.636764 8.759985 4.536921
vn  1.573188 8.806097 4.469645
vn  3.525863 7.532899 5.551910
vn  3.525863 7.532899 5.551910
vn  3.907560 7.310230 5.593881
vn  4.236621 7.055333 5.680961
vn  2.619423 14.561077 7.569526
vn  1.336129 8.962649 4.229145
vn  0.333153 2.016662 1.093359
vn  1.907453 8.461293 4.976760
vn  2.180305 8.241362 5.227449
vn  1.888787 8.578006 4.780199
vn  1.473575 7.760463 6.132193
vn  2.139033 11.265041 8.901454
vn  1.999332 7.555539 6.238309
vn  4.314583 4.488906 7.825222
vn  3.595142 6.501477 6.693709
vn  3.613666 7.363616 5.720015
vn  7.696619 -1.445859 6.104918
vn  11.750379 -2.023453 10.061389
vn  1.877945 -0.352784 1.489576
vn  14.776322 -2.775826 11.720501
vn  10.185919 -5.181908 8.831486
vn  2.384057 -1.180028 2.219086
vn  8.099952 -9.835343 8.976594
vn  1.261498 -1.530009 1.406599
vn  2.109070 -5.410112 4.559455
vn  4.604433 -9.542904 8.998168
vn  1.209465 -3.102477 2.614660
vn  5.656128 -14.508904 12.227600
vn  3.667509 -8.763763 9.101111
vn  0.906346 -2.318179 2.358980
vn  2.182284 -8.019347 8.818027
vn  0.705667 -1.816525 2.038809
vn  3.846910 -6.455658 14.003617
vn  0.227461 -0.573205 1.391226
vn  4.587330 -0.683475 12.448509
vn  0.703764 -0.090059 2.160440
vn  4.151064 2.045294 7.808290
vn  0.752174 0.448511 1.534988
vn  3.772370 -13.863739 23.920132
vn  2.161823 -4.887877 8.451934
vn  2.529838 -5.476944 7.975149
vn  0.113301 -6.406324 7.677641
vn  2.800482 -5.080868 8.145064
vn  2.982191 -5.542834 7.770684
vn  3.027955 -5.868886 7.509171
vn  2.453984 -5.296387 8.119498
vn  2.548918 -5.747644 7.776092
vn  2.619243 -5.621388 7.844715
vn  2.488781 -5.144931 8.205831
vn  2.593414 -5.983000 7.581419
vn  2.722297 -5.924830 7.581918
vn  7.791947 -18.265823 20.908556
vn  8.410560 -15.924699 20.601240
vn  2.844238 -5.849149 7.595905
vn  2.940031 -6.092655 7.364494
vn  2.581405 -6.173111 7.431624
vn  2.680601 -6.116015 7.443704
vn  16.933256 -24.149752 10.982262
vn  4.729246 -7.302742 4.929928
vn  4.969373 -6.984408 5.150084
vn  6.137770 -7.405024 2.737408
vn  4.040992 -6.588721 6.345008
vn  4.420233 -6.192152 6.489899
vn  4.896641 -6.149599 6.181046
vn  3.819226 -6.072361 6.967061
vn  4.551925 -5.760983 6.789040
vn  4.503500 -6.109328 6.511113
vn  4.029095 -6.497832 6.445507
vn  4.796029 -5.580742 6.771515
vn  4.730090 -5.865732 6.574148
vn  19.044317 -15.214658 17.537758
vn  15.973107 -17.083076 19.956089
vn  6.322786 -7.358650 2.423353
vn  6.881818 -6.950544 2.080988
vn  5.583927 -5.683119 6.043336
vn  5.312012 -5.790387 6.184977
vn  12.413745 9.837503 23.576694
vn  4.532463 3.579152 8.163728
vn  4.617791 3.358955 8.209350
vn  4.656039 2.269163 8.554075
vn  4.452285 3.868545 8.075364
vn  4.585909 3.294036 8.253409
vn  4.721074 2.465131 8.463722
vn  3.970092 3.091165 8.641937
vn  4.138400 2.631926 8.714735
vn  4.363673 2.900606 8.517326
vn  4.220993 3.498302 8.363319
vn  4.481670 2.122620 8.683843
vn  4.537349 2.422117 8.575886
vn  11.611470 3.975143 26.161648
vn  12.927995 4.257546 22.393042
vn  4.799516 2.078742 8.523114
vn  4.548346 2.099870 8.654657
vn  11.836244 5.244537 20.542765
vn  4.866369 2.199815 8.454541
vn  4.351875 2.136509 8.746229
vn  4.612681 2.121675 8.615200
vn  13.581371 7.131519 24.174711
vn  4.849330 2.250230 8.451063
vn  4.199063 3.769780 8.255703
vn  3.931406 3.438978 8.527454
vn  4.419984 4.107149 7.974652
vn  4.399533 4.005342 8.037496
vn  4.393969 3.731880 8.171054
vn  4.157115 3.371974 8.446786
vn  12.771900 9.713143 21.548861
vn  4.600953 4.130046 7.859641
vn  4.074259 3.759775 8.322530
vn  18.555483 7.733689 18.947763
vn  5.404112 4.263029 7.254113
vn  4.427212 4.041418 8.004169
vn  5.638458 2.575626 7.846907
vn  4.862312 3.215119 8.125326
vn  4.682474 2.292114 8.533502
vn  4.424576 3.159093 8.393048
vn  4.987925 2.752378 8.218578
vn  4.541167 3.148946 8.334383
vn  4.688599 3.351283 8.172266
vn  5.058002 2.652425 8.208609
vn  3.684397 2.627966 8.917344
vn  3.863709 2.114312 8.977830
vn  3.440738 1.703611 9.233582
vn  3.513333 1.369001 9.261875
vn  3.802851 0.532583 9.233347
vn  4.299010 1.455124 8.910731
vn  2.878969 -1.016603 9.522503
vn  2.763043 -1.198733 9.535650
vn  3.149085 0.202946 9.489051
vn  3.151032 0.590941 9.472158
vn  3.074604 -1.512113 9.394697
vn  3.174441 -0.265333 9.479057
vn  5.923928 -6.214935 30.550756
vn  11.125330 -2.285106 27.755726
vn  3.505269 -0.301182 9.360682
vn  2.921962 -0.594966 9.545059
vn  3.810360 0.599735 9.226130
vn  2.467764 -1.402953 9.588633
vn  2.918812 -0.608225 9.545188
vn  4.445689 1.294362 8.863435
vn  5.305197 -11.678102 27.706877
vn  1.740433 -3.686284 9.131386
vn  1.566219 -4.089594 8.990115
vn  1.677213 -3.284226 9.295204
vn  2.282890 -3.781834 8.971407
vn  2.260288 -4.536623 8.620334
vn  2.390544 -4.404586 8.653607
vn  2.458817 -2.773071 9.287858
vn  2.658491 -2.900854 9.193338
vn  2.589208 -2.508673 9.327517
vn  2.478425 -2.641751 9.320867
vn  2.459998 -3.754520 8.935994
vn  2.273078 -3.649968 9.028337
vn  2.324985 -4.503752 8.620363
vn  2.409088 -4.642778 8.522964
vn  23.286875 -1.206422 18.708023
vn  7.731913 -1.132555 6.239779
vn  8.395339 -0.054317 5.432801
vn  24.974464 -8.614371 17.014759
vn  7.821640 -1.639173 6.011244
vn  6.591764 -0.435210 7.507278
vn  5.960217 1.312564 7.921679
vn  5.443502 1.117013 8.313878
vn  7.465355 -3.388826 5.725760
vn  7.441257 -2.066399 6.352769
vn  6.518740 -2.970498 6.977261
vn  6.716638 -1.641641 7.224388
vn  5.180327 -2.461550 8.191763
vn  5.311336 -0.890971 8.425905
vn  6.193355 -1.344925 7.735213
vn  6.074809 -2.896877 7.396269
vn  5.259866 0.643356 8.480560
vn  6.088826 0.169264 7.930798
vn  5.693443 1.525370 8.078239
vn  5.082240 2.002259 8.376264
vn  4.231538 -5.512107 7.191019
vn  4.836382 -5.428041 6.866278
vn  4.541620 -4.842971 7.477922
vn  5.274960 -4.947520 6.906290
vn  5.663711 -4.329519 7.012677
vn  4.938062 -4.958666 7.143332
vn  5.677935 -4.060722 7.160418
vn  4.906767 -3.949892 7.766723
vn  6.330760 -3.960490 6.651014
vn  18.054268 -8.613669 22.584692
vn  6.293921 -3.749389 6.806514
vn  6.884463 -3.717238 6.227866
vn  6.217825 -4.345793 6.515576
vn  7.102912 -3.868554 5.880725
vn  5.371080 -4.934964 6.840878
vn  3.645567 -6.744738 6.420151
vn  3.316185 -6.493062 6.844200
vn  3.839629 -6.901901 6.133596
vn  3.616317 -6.873862 6.298593
vn  3.444167 -6.875721 6.392354
vn  3.181900 -6.672174 6.734805
vn  11.732162 -19.911386 19.912817
vn  3.899965 -7.026219 5.951682
vn  4.605550 -7.492305 4.759650
vn  9.388517 -18.658453 18.474567
vn  3.609437 -6.870363 6.306352
vn  4.456892 -7.233088 5.274329
vn  8.319587 -16.839489 18.408434
vn  3.265779 -6.656881 6.709741
vn  8.609348 -19.886065 20.223011
vn  3.252506 -6.828836 6.541268
vn  3.077824 -6.847210 6.606263
vn  3.316452 -6.940166 6.390246
vn  8.023112 -19.386980 20.449268
vn  2.745910 -6.596864 6.995810
vn  2.743212 -6.610936 6.983574
vn  2.701363 -6.459054 7.140255
vn  2.738555 -6.333696 7.237720
vn  2.844059 -6.618232 6.936161
vn  2.905696 -6.470200 7.049358
vn  2.632854 -6.218089 7.375869
vn  2.663002 -6.102309 7.461249
vn  2.585140 -5.494094 7.945563
vn  2.591364 -5.890869 7.653920
vn  2.817880 -5.678704 7.733813
vn  2.726998 -6.073384 7.461734
vn  2.972043 -6.248799 7.219382
vn  3.143269 -5.887243 7.447162
vn  3.716650 2.743410 8.869060
vn  3.917824 2.702571 8.794701
vn  3.809814 1.623617 9.102153
vn  3.512172 1.851343 9.178082
vn  4.394269 2.374941 8.663143
vn  4.325766 1.240054 8.930286
vn  4.278782 -1.911901 8.833837
vn  4.344653 -0.219807 9.004204
vn  3.609492 -1.400525 9.220093
vn  3.729366 0.303722 9.273596
vn  3.359356 0.536809 9.403540
vn  3.165965 -1.045216 9.427841
vn  4.033504 -3.447354 8.476237
vn  3.782830 -4.601103 8.032437
vn  3.189444 -4.238671 8.477093
vn  3.415952 -3.032602 8.895763
vn  3.478720 -5.306595 7.729072
vn  2.985026 -5.114733 8.057861
vn  2.645503 -4.857195 8.331204
vn  2.765517 -3.950355 8.760514
vn  2.943925 -2.711028 9.164258
vn  -0.045516 -0.621578 -1.017751
vn  -0.505879 -6.908397 -11.311577
vn  -0.646785 -8.832641 -14.462267
vn  -0.295695 -8.004500 5.986696
vn  -2.939935 -24.917572 18.837284
vn  -2.981351 -22.890791 21.322838
vn  -0.336239 -7.328164 6.795951
vn  -1.221802 -25.035337 23.798161
vn  -3.199147 -22.627214 21.580912
vn  -3.774873 -23.518856 22.724049
vn  -0.227688 -8.884558 4.583969
vn  -3.024025 -27.968370 14.116878
vn  -0.161961 -9.413566 3.370242
vn  -1.456100 -9.337412 3.269939
vn  -0.104458 -9.730634 2.303007
vn  -1.091909 -9.676396 2.274880
vn  -0.040425 -9.935039 1.137267
vn  -1.677669 -31.185711 3.451663
vn  -1.857856 -30.923353 5.242796
vn  0.009410 -9.997046 0.242803
vn  -1.537350 -31.386322 0.692170
vn  0.032182 -9.997180 -0.235261
vn  -1.416760 -31.385397 -0.795329
vn  0.065877 -9.962170 -0.866496
vn  -1.137381 -31.281946 -2.768538
vn  -1.285648 -31.348030 -1.818883
vn  0.053419 -9.983262 -0.575859
vn  0.070475 -9.953143 -0.964343
vn  -0.934034 -31.247139 -3.081929
vn  0.067326 -9.971434 -0.752302
vn  -0.913012 -31.293591 -2.426143
vn  0.030170 -9.992915 -0.375139
vn  -1.244368 -31.342529 -1.323795
vn  0.016274 -9.999956 0.024506
vn  -1.774601 -31.327932 0.019828
vn  -0.013100 -9.990741 0.430015
vn  -2.411567 -31.284418 1.132689
vn  -0.021351 -9.990421 0.437054
vn  -2.922677 -31.262730 1.273081
vn  -0.066084 -9.997960 0.190826
vn  -3.079996 -31.309111 0.141556
vn  -1.644039 -39.357330 -1.604657
vn  -3.372237 -31.239958 -1.993369
vn  -3.279874 -26.985298 -4.207369
vn  -3.728541 -30.931650 -4.613870
vn  0.135728 9.562145 -2.923514
vn  0.059731 9.732776 -2.295537
vn  -0.349788 30.585381 -7.133491
vn  -1.443868 30.082638 -9.000407
vn  -2.587415 29.967045 -8.788182
vn  0.348093 9.539142 -2.980537
vn  4.640629 -8.493897 2.513613
vn  3.667881 -9.129693 1.787550
vn  3.288465 -9.103412 2.512743
vn  3.850478 -8.662240 3.184245
vn  2.088274 -9.682941 1.371040
vn  1.877327 -9.499483 2.497087
vn  2.361529 -9.090363 3.433437
vn  4.288400 6.062027 6.697869
vn  6.401544 5.986007 4.815387
vn  5.659388 6.240549 5.387659
vn  3.649333 7.141235 5.973703
vn  5.868157 6.439616 4.908774
vn  5.896900 6.238207 5.129457
vn  4.354692 6.945018 5.727423
vn  2.008612 1.598861 4.674485
vn  3.797435 2.489239 8.909723
vn  4.514143 1.493641 8.797246
vn  13.444039 7.155012 26.250666
vn  4.620043 0.168140 8.867183
vn  4.966804 0.346116 8.672432
vn  17.897673 4.634942 24.328672
vn  24.370716 13.111438 16.349354
vn  20.934666 11.763429 19.676859
vn  6.501267 3.204590 6.889422
vn  6.468706 4.534530 6.131385
vn  5.644117 1.996107 8.009963
vn  5.330027 4.006968 7.452182
vn  7.219568 4.528353 5.231811
vn  8.797578 3.816475 2.834984
vn  32.415043 9.760457 8.007713
vn  7.331532 5.379097 4.161004
vn  8.759757 4.599923 1.451670
vn  33.199734 15.669168 -4.438386
vn  7.444960 1.760308 -6.440022
vn  8.035153 2.220084 -5.523362
vn  7.836419 3.109264 -5.378011
vn  7.583506 2.912345 -5.831697
vn  37.030453 9.792935 -13.306071
vn  8.215960 3.797751 -4.251482
vn  7.836532 2.311018 -5.766104
vn  4.841898 -15.514662 -28.798019
vn  4.111722 -16.769218 -26.751377
vn  1.451346 -5.224196 -8.402462
vn  1.711614 -4.276111 -8.876106
vn  0.145461 -0.596726 -0.942334
vn  4.258154 -17.015368 -26.378677
vn  11.548841 -15.600817 -27.330273
vn  -2.483801 9.125151 3.249975
vn  -4.941743 8.276633 2.660171
vn  -3.543809 6.161496 7.034016
vn  -1.815021 7.114309 6.789131
vn  -4.149309 6.595861 6.267204
vn  0.502457 4.164874 9.077519
vn  2.251538 5.778995 7.844348
vn  5.326438 1.794994 8.270856
vn  5.484033 4.366047 7.131831
vn  5.388638 5.817092 6.092947
vn  19.583885 5.804389 27.708237
vn  5.539409 4.756142 6.833306
vn  5.342546 6.198276 5.747919
vn  2.822822 8.741927 -3.950996
vn  3.569700 7.932563 -4.932715
vn  2.496679 8.714722 -4.221398
vn  1.553705 9.187046 -3.631001
vn  2.307374 7.591855 -6.086030
vn  0.875893 8.462372 -5.255574
vn  -0.215698 9.539536 -2.991777
vn  9.310084 0.619326 -3.597049
vn  9.301118 -2.081362 -3.026075
vn  6.319506 -0.610820 -7.725978
vn  9.896656 -0.258277 -1.410488
vn  9.437589 -3.217427 -0.761620
vn  7.682382 -1.412472 -6.243872
vn  26.254322 7.249389 -16.791498
vn  7.957354 1.510784 -5.864985
vn  7.731989 2.926274 -5.626123
vn  7.565296 3.197341 -5.704674
vn  -1.148399 6.097285 -7.842467
vn  -0.349009 5.138818 -8.571507
vn  -0.670439 5.034020 -8.614473
vn  -1.496506 5.942627 -7.902256
vn  0.861374 3.734416 -9.236459
vn  0.359802 4.510480 -8.917742
vn  -0.870849 5.352689 -8.401806
vn  7.597923 -0.621029 -6.471931
vn  6.420063 -0.648170 -7.639547
vn  25.830462 -4.861962 -20.595615
vn  17.845266 -9.173079 -31.948410
vn  5.966527 2.161795 -7.728337
vn  9.828640 -1.840974 -0.092937
vn  9.906424 -0.634716 -1.208261
vn  4.941566 4.117117 -7.657040
vn  27.518440 -9.964097 13.978150
vn  26.282639 -11.683274 16.022038
vn  6.883388 15.712802 -22.887045
vn  -3.618734 6.961042 -6.200696
vn  -2.249380 6.155793 -7.552913
vn  -2.216661 6.456098 -7.307887
vn  -3.363889 7.410275 -5.811375
vn  -1.273695 5.897444 -7.974826
vn  -1.485478 6.449598 -7.496402
vn  -0.779739 9.282361 -3.637275
vn  24.008574 -0.347254 23.074642
vn  7.410077 5.996737 3.021569
vn  9.061578 4.207593 0.428897
vn  32.476177 2.605235 7.951048
vn  2.661063 8.001874 -5.374825
vn  2.655187 6.034924 -7.518622
vn  3.927556 6.559675 6.445539
vn  3.872971 6.147559 6.870780
vn  2.099796 6.828668 6.997153
vn  2.225762 7.192393 6.581449
vn  13.574608 22.241169 24.338499
vn  8.487312 22.404659 22.609255
vn  4.168984 17.328772 17.667454
vn  3.959009 21.990246 22.084467
vn  2.725006 13.041433 13.775678
vn  5.254742 21.412271 22.182116
vn  5.371972 22.893675 20.446198
vn  4.040893 7.173158 5.676001
vn  3.991849 7.080873 5.824635
vn  2.245703 7.672161 6.007892
vn  2.276578 7.772074 5.866179
vn  5.231079 24.446371 18.905725
vn  5.390169 24.774662 18.600122
vn  5.538775 5.503489 6.247686
vn  5.575202 4.726507 6.824753
vn  18.847298 16.051546 18.782219
vn  18.478792 13.458900 21.296623
vn  14.025653 8.351133 15.518859
vn  20.405544 11.617760 20.870913
vn  14.261955 9.996394 16.118225
vn  17.764254 17.475000 23.020958
vn  19.211805 18.152069 16.570086
vn  19.313295 17.688295 16.905518
vn  5.668805 6.090248 5.547389
vn  5.672867 6.230458 5.385161
vn  1.037999 -7.171141 6.891827
vn  1.005048 -7.885313 6.067266
vn  1.425278 -23.509159 23.001408
vn  2.748621 -17.544676 17.812895
vn  6.143725 -22.864344 22.299713
vn  9.639314 -22.613268 23.079241
vn  2.801246 -6.807337 6.768543
vn  2.729041 -7.662815 5.816666
vn  5.878190 -6.611940 4.661451
vn  4.394961 -7.186629 5.388568
vn  4.728241 -6.102513 6.356340
vn  6.364195 -5.276647 5.626190
vn  13.021570 -20.241343 21.962517
vn  12.151854 -14.686352 16.974495
vn  18.143703 -18.142038 19.816475
vn  21.172056 -16.843489 19.339851
vn  23.470551 -13.636256 17.456465
vn  7.530061 -4.267869 5.008339
vn  20.943167 -9.955315 14.184539
vn  25.801216 -11.324833 15.560616
vn  26.499676 -10.458838 15.239839
vn  8.056945 -3.848304 4.502910
vn  7.506916 -5.676059 3.380616
vn  6.930455 -5.952724 4.066185
vn  26.529917 -10.103253 13.293439
vn  8.444571 -3.787436 3.787417
vn  27.293556 -9.519357 10.769641
vn  8.730902 -3.701884 3.172917
vn  8.152586 -5.209846 2.528406
vn  7.945395 -5.409750 2.757772
vn  1.135583 -9.332484 3.408105
vn  1.171030 -8.830576 4.544184
vn  2.660490 -8.624887 4.305010
vn  3.980406 -8.326140 3.851201
vn  5.052874 -8.014466 3.199497
vn  5.884367 -7.624094 2.692101
vn  6.509697 -7.270678 2.181988
vn  5.718061 -7.998499 1.824217
vn  5.126351 -8.339333 2.043539
vn  6.951287 -6.919158 1.950599
vn  7.207189 -6.672892 1.878548
vn  6.436617 -7.511662 1.464541
vn  6.191084 -7.678267 1.647630
vn  0.936744 -9.662752 2.398692
vn  0.922679 -9.880175 1.237257
vn  2.571216 -9.651007 0.496899
vn  1.058032 -9.943751 -0.048561
vn  1.013119 -9.940724 0.394421
vn  2.390546 -9.669030 0.891703
vn  4.078828 -8.993569 1.574438
vn  4.458735 -8.847500 1.356989
vn  4.854469 -8.678685 1.055719
vn  5.026373 -8.605808 0.821962
vn  2.682811 -9.632370 -0.141276
vn  2.701963 -9.625719 0.211955
vn  1.048028 -9.937526 -0.383688
vn  1.030416 -9.921928 -0.702538
vn  2.441709 -9.691713 -0.329742
vn  0.894749 -9.936465 -0.682694
vn  0.947873 -9.921922 -0.810548
vn  2.524659 -9.669412 -0.358569
vn  4.834882 -8.734874 0.570865
vn  4.618726 -8.856649 0.476576
vn  6.400975 -7.554667 1.398044
vn  6.310383 -7.637664 1.358362
vn  7.289785 -6.590064 1.852051
vn  7.304158 -6.531981 1.995618
vn  8.275072 -5.039198 2.475812
vn  8.389987 -4.754283 2.646675
vn  8.938957 -3.345717 2.983490
vn  8.997753 -3.059572 3.111180
vn  28.614996 -8.615234 9.620590
vn  28.967312 -7.842486 10.386207
vn  4.086494 7.077994 5.762166
vn  2.417041 7.676160 5.935863
vn  2.552873 7.602431 5.973765
vn  5.765529 24.290838 19.152294
vn  6.863893 23.813332 19.497421
vn  19.098530 19.498562 17.219049
vn  19.416344 18.348871 17.184881
vn  5.677989 6.154150 5.466888
vn  5.765464 6.256503 5.255054
vn  2.817395 7.153807 6.394163
vn  3.169684 6.104504 7.258659
vn  8.101336 21.789576 21.482790
vn  8.548813 19.596912 23.406626
vn  3.966933 4.653341 4.252082
vn  18.665339 19.008486 19.531048
vn  5.610569 6.401305 5.248315
vn  5.054575 6.954731 5.107150
vn  7.411462 15.423573 26.499474
vn  2.411576 4.600913 8.544934
vn  2.784623 4.994285 8.203840
vn  8.381122 17.249643 25.150642
vn  2.577761 4.334172 8.635398
vn  2.884457 4.384464 8.512132
vn  2.822944 3.682908 8.858170
vn  2.409220 4.420094 8.640511
vn  2.321394 4.409262 8.670036
vn  2.274772 4.047824 8.856667
vn  6.776560 14.565264 27.133202
vn  6.358112 13.394885 27.774078
vn  8.405719 -4.279503 3.321104
vn  8.462465 -4.433990 2.954047
vn  8.918291 -2.868352 3.498091
vn  8.740602 -2.848337 3.935586
vn  28.688238 -7.172054 11.313908
vn  27.724039 -7.766858 12.965863
vn  6.375183 -7.545536 1.556253
vn  6.278345 -7.633964 1.518209
vn  7.490503 -6.240282 2.225136
vn  7.609993 -5.993835 2.482324
vn  4.630566 -8.842774 0.602653
vn  4.590254 -8.866359 0.563226
vn  2.742982 -9.616288 0.055226
vn  2.512386 -9.676320 -0.238174
vn  7.536582 -4.811606 4.477542
vn  7.096373 -6.088638 3.545416
vn  7.501390 -5.960474 2.863894
vn  8.186419 -4.345404 3.754999
vn  23.188795 -27.658514 10.613450
vn  6.309016 -7.483779 2.046791
vn  17.536545 -34.038872 2.460524
vn  4.608902 -8.818490 0.996115
vn  12.141784 -39.475868 3.624628
vn  2.862755 -9.573550 0.389577
vn  8.352420 -3.268354 4.422097
vn  7.679981 -3.871477 5.101917
vn  25.847319 -9.019300 14.616826
vn  23.509729 -10.983255 16.092356
vn  18.658386 -20.424391 13.359224
vn  21.000242 -20.886442 14.805523
vn  6.499121 -6.179358 4.424586
vn  6.109127 -6.429649 4.619326
vn  6.817836 -5.262269 5.081893
vn  6.380683 -5.634408 5.247887
vn  6.918016 -4.522949 5.628851
vn  6.550961 -4.900955 5.750266
vn  20.977268 -13.296721 18.055155
vn  20.329243 -14.315926 18.268360
vn  20.917257 -15.144456 18.129601
vn  6.571963 -4.978056 5.659350
vn  22.940966 -14.122082 17.843901
vn  6.851061 -4.807889 5.472400
vn  6.291869 -5.578763 5.412004
vn  6.179044 -5.840719 5.263592
vn  1.226529 -9.924494 0.006074
vn  1.054269 -9.935917 -0.407499
vn  1.647817 -9.850570 0.500962
vn  1.459662 -9.887541 0.325436
vn  2.611711 -13.129599 0.751241
vn  4.968063 -35.331730 1.637717
vn  1.524172 -9.868282 0.542124
vn  6.507254 -33.304836 3.166410
vn  4.876474 1.992947 8.499891
vn  4.113582 3.024097 8.598447
vn  4.120511 4.718625 7.794611
vn  4.637262 1.320259 8.760862
vn  4.146589 2.228641 8.822639
vn  2.995309 3.898943 8.707833
vn  3.000789 5.074201 8.077608
vn  2.171864 4.299753 8.763283
vn  2.083648 5.398312 8.155773
vn  6.024718 14.362334 26.989645
vn  5.558372 17.326469 25.025631
vn  2.995814 6.760904 6.731663
vn  2.980964 6.157272 7.293960
vn  1.930305 6.513305 7.338309
vn  1.746755 7.129870 6.790714
vn  4.976496 21.007818 22.454651
vn  4.118740 22.968103 20.778259
vn  4.420393 6.424529 6.259836
vn  4.256357 5.990108 6.782480
vn  5.118578 6.337008 5.800214
vn  5.138193 5.987123 6.144374
vn  6.053786 5.348855 5.894185
vn  5.635798 6.063976 5.609453
vn  5.811085 -6.584579 4.782741
vn  17.707703 -21.472763 13.788124
vn  5.591611 -6.556894 5.073561
vn  17.046597 -21.312403 15.415064
vn  7.766932 -3.632044 5.146166
vn  6.700977 -5.014987 5.472368
vn  7.603057 -3.761044 5.296042
vn  8.640368 -2.352341 4.450901
vn  25.855078 -10.522084 14.493183
vn  27.450417 -5.329597 12.072927
vn  5.886886 -5.965881 5.454616
vn  16.632910 -19.925453 17.382769
vn  6.684920 -5.154290 5.361448
vn  19.217407 -17.114416 16.961771
vn  3.042717 6.529913 6.935568
vn  1.289593 7.621041 6.344815
vn  0.546610 8.209302 5.684063
vn  2.878982 25.149925 18.338804
vn  1.141400 26.598780 16.433540
vn  4.813114 6.249614 6.146239
vn  5.206719 6.457272 5.585134
vn  5.468367 6.297577 5.517017
vn  4.783985 6.839782 5.507346
vn  38.130310 -2.690465 10.722402
vn  7.878219 3.567221 5.020815
vn  9.627995 2.679168 0.351820
vn  9.223651 3.297055 -2.013376
vn  9.880099 -1.429566 -0.583063
vn  9.394439 1.531397 -3.065833
vn  9.744236 -0.471363 2.197197
vn  35.002876 1.747822 5.651545
vn  8.988561 -0.758490 -4.316301
vn  9.475461 -1.756992 2.669946
vn  6.968364 1.078451 -7.090758
vn  5.324928 -1.128925 -8.388722
vn  7.422547 -3.917889 -5.436536
vn  8.630713 -4.869524 1.341086
vn  22.865286 -8.925287 -6.062916
vn  3.482121 -3.380185 -8.743523
vn  7.340628 -17.731571 -31.270559
vn  -1.141622 28.886549 12.184108
vn  -0.432170 8.720527 4.875002
vn  -2.256031 30.254183 8.012814
vn  -1.186011 9.480243 2.952687
vn  3.932213 1.340626 9.096176
vn  1.153383 0.805150 9.900578
vn  10.456091 -1.686968 30.173162
vn  14.409515 -2.999555 28.836031
vn  -1.846071 9.826354 -0.186488
vn  -0.797980 9.959254 0.420071
vn  -0.148529 9.907127 -1.351572
vn  -1.510082 37.323753 3.334722
vn  -3.607760 9.248660 -1.202644
vn  -5.379259 8.197474 -1.965954
vn  -1.820187 8.938124 -4.098397
vn  -3.323934 7.863741 -5.207018
vn  0.712836 9.583779 -2.764603
vn  1.321592 9.394777 -3.160941
vn  0.067441 6.722666 -7.402784
vn  -0.736422 7.821405 -6.187350
vn  -1.842123 7.096310 -6.800659
vn  9.355469 -3.528683 0.153559
vn  29.714481 -12.884824 1.099839
vn  32.035477 -10.120386 3.246206
vn  9.402312 -3.362784 -0.536835
vn  3.863118 1.999100 -9.004438
vn  6.016909 3.113266 -7.355568
vn  2.509918 2.191254 -9.428612
vn  2.417585 4.327848 -8.684757
vn  5.537888 5.487278 -6.262712
vn  7.846850 4.117614 -4.633809
vn  28.316605 10.909603 -9.651490
vn  7.683084 5.353737 -3.508235
vn  25.307981 16.338503 -9.474660
vn  9.776641 -1.712118 -1.218991
vn  6.195680 0.454607 -7.836254
vn  32.703983 -5.550469 7.420243
vn  1.439442 3.182623 -9.370108
vn  0.521028 4.475819 -8.927238
vn  0.905799 5.595291 -8.238461
vn  3.450566 6.386147 -6.878278
vn  5.079998 7.302853 -4.567489
vn  6.069110 7.046493 -3.675981
vn  4.010046 8.303726 -3.868805
vn  4.792388 7.995631 -3.619793
vn  6.838573 6.558172 -3.197543
vn  22.780653 19.692923 -8.316327
vn  5.251435 7.837097 -3.316976
vn  16.518887 24.013134 -10.172626
vn  -2.194017 6.006737 -7.688003
vn  -2.273365 6.351642 -7.381629
vn  -3.807212 6.695726 -6.377491
vn  -3.837447 6.999569 -6.023291
vn  -5.987733 7.387174 -3.094625
vn  -5.660207 7.298120 -3.833991
vn  -6.413921 6.368321 4.278561
vn  -6.239300 6.368997 4.528466
vn  2.054525 9.105342 -3.587709
vn  2.718756 8.979439 -3.460930
vn  4.623247 12.768826 -5.120516
vn  11.890084 26.685282 -10.948721
vn  3.424730 8.738607 -3.450790
vn  9.933497 31.687550 -8.871509
vn  0.357383 5.417962 -8.397497
vn  0.454656 5.762901 -8.159795
vn  -1.136600 5.788733 -8.074572
vn  -2.197767 6.056963 -7.647419
vn  -3.621982 6.777925 -6.398513
vn  -0.752530 6.104479 -7.884735
vn  2.352220 9.038283 -3.574421
vn  5.667536 6.657091 4.854088
vn  4.086924 7.732002 4.849040
vn  21.840199 5.081153 24.063951
vn  17.597847 7.235550 26.540531
vn  -2.591930 9.590313 1.143581
vn  -4.641680 8.188903 -3.375894
vn  -4.222246 7.933555 4.385355
vn  -4.927017 7.188373 4.904262
vn  -5.608904 6.759146 4.780600
vn  -5.105765 7.857511 -3.491516
vn  2.291052 7.227013 6.520841
vn  13.717573 6.078023 29.229309
vn  6.813215 3.985206 33.573185
vn  -0.588273 4.305614 9.006422
vn  -5.314468 7.632740 -3.673920
vn  -6.057987 6.663627 4.347052
vn  -0.395726 0.676167 9.969263
vn  5.998304 -5.432039 32.176022
vn  -1.371884 0.369213 9.898567
vn  4.961073 -7.800975 32.170380
vn  -1.029684 -0.006509 9.946845
vn  5.925678 -8.331516 31.228220
vn  -0.397716 -1.038335 9.937992
vn  6.721855 -12.405968 27.319563
vn  -0.470887 -0.543638 9.974103
vn  1.570537 -3.903809 9.071587
vn  5.060719 0.763668 8.591039
vn  4.925941 -0.141818 8.701436
vn  27.882174 14.114990 -15.365417
vn  8.581161 3.739291 -3.518715
vn  6.227417 5.621643 5.442094
vn  6.227417 5.621643 5.442094
vn  7.012524 1.447337 6.980668
vn  5.664823 1.214106 3.585789
vn  19.641836 2.228214 9.869759
vn  2.476238 2.233959 2.496769
vn  6.772928 2.243704 7.006657
vn  4.209261 3.263758 8.463450
vn  10.213900 1.118720 7.944814
vn  16.121138 0.627030 11.419171
vn  4.133181 2.886211 8.636353
vn  4.199781 2.599290 8.695144
vn  7.763321 -1.289824 11.384530
vn  10.047667 -2.417474 14.569740
vn  4.212974 2.610775 8.685316
vn  4.497580 0.354368 8.924472
vn  6.772304 -2.006296 14.549184
vn  7.356008 -1.950360 15.623830
vn  5.054307 -0.231656 8.625562
vn  4.258412 -1.374514 8.942966
vn  5.969000 -4.287980 16.643316
vn  6.057233 -2.717182 13.128214
vn  3.863259 0.456733 9.212308
vn  3.562346 3.631238 8.609519
vn  4.025735 4.618078 10.365345
vn  5.992986 10.405196 18.344484
vn  6.830639 7.710242 12.964409
vn  3.612250 5.808413 7.294792
vn  4.279845 5.852041 6.887419
vn  7.023985 7.654384 11.090291
vn  8.514796 8.902366 13.491244
vn  4.940234 5.898638 6.387499
vn  9.100235 8.136909 11.440817
vn  5.419778 5.101879 6.678085
vn  5.419778 5.101879 6.678085
vn  16.551506 13.527411 -12.105505
vn  9.220037 8.268197 9.560744
vn  7.582664 7.917858 11.767470
vn  0.964930 0.933316 1.444659
vn  4.885715 -7.708535 4.087575
vn  12.252655 -19.331875 10.251039
vn  12.739574 -20.608334 12.780849
vn  7.082291 -12.297427 10.615678
vn  5.510301 -9.590904 7.889428
vn  0.789177 -1.373604 1.129918
vn  -4.826748 -1.670485 -8.597208
vn  -11.831089 -4.094610 -21.073055
vn  8.869443 5.096285 15.585739
vn  0.619081 0.335073 1.020862
vn  -2.027579 -14.226315 -2.295711
vn  -0.184117 -1.291837 -0.208465
vn  -2.165500 -15.194027 -2.451871
vn  -7.519281 23.196131 20.174828
vn  -7.503036 22.472961 19.717075
vn  -6.222249 21.887331 21.504093
vn  -7.189465 24.658739 18.013512
vn  -7.168485 24.766094 18.047365
vn  -8.670503 23.088720 19.079432
vn  -8.440918 23.431885 19.479795
vn  -9.508131 13.469306 26.523123
vn  -9.523660 13.545084 26.858976
vn  -8.407299 17.610558 25.016666
vn  -8.006448 16.683266 23.948851
vn  -6.462369 23.595898 19.974640
vn  -6.556116 22.876390 19.877163
vn  -1.805278 -8.813338 8.771326
vn  -6.377831 -29.283318 9.787122
vn  -4.797523 -30.389166 6.903568
vn  -0.828287 -6.109826 -1.216623
vn  0.030105 30.865639 -5.855465
vn  4.788224 29.561440 -9.166379
vn  0.095721 31.088772 -1.441831
vn  0.099652 25.226191 2.124960
vn  6.484499 29.653749 -8.531337
vn  4.129354 26.844866 -6.076009
vn  -1.394230 -30.286396 -30.687248
vn  0.510415 0.154175 -9.985775
vn  0.040504 9.935593 -1.132405
vn  -6.253688 -23.520369 -20.354874
vn  -0.053107 9.971472 0.752946
vn  -6.554149 -13.544904 -27.710545
vn  -4.314843 -22.878839 -20.427095
vn  0.991050 -14.182460 -0.559485
vn  -0.145165 -9.562313 2.922513
vn  -4.741569 -12.766253 4.952775
vn  -0.210093 1.291094 0.187445
vn  4.415588 0.739962 -8.941758
vn  7.919058 1.513330 -5.915940
vn  4.957407 -5.144154 -6.997272
vn  3.865610 5.986972 -7.015213
vn  4.859311 8.506088 -2.008369
vn  2.678383 9.100828 -3.162462
vn  2.176344 9.694029 -1.135481
vn  4.962311 -6.022716 -6.253187
vn  4.964609 -6.930347 -5.227135
vn  6.383987 -6.415115 -4.253352
vn  5.537944 -0.153899 -8.325112
vn  2.515507 -1.589606 -4.463875
vn  20.628765 -4.610868 -22.636286
vn  25.779655 -12.916921 -13.565423
vn  6.108881 -3.982571 -6.842566
vn  32.577782 -15.641071 7.992612
vn  7.753427 -5.341374 -3.369582
vn  6.717895 -1.736414 7.201025
vn  7.193487 -2.313240 6.550012
vn  35.282433 -9.700681 17.018045
vn  5.167459 30.065029 3.399374
vn  1.072893 7.773213 1.286544
vn  1.693812 15.553406 29.222744
vn  -2.087804 -9.130216 -3.504316
vn  3.134979 -5.814692 -7.507414
vn  -3.086752 -6.710831 -6.740675
vn  5.951590 -6.166379 -5.153090
vn  1.956228 0.319356 -1.343883
vn  2.422960 -8.731071 4.230561
vn  -0.496374 -9.535779 2.970273
vn  1.672745 -7.583249 6.300496
vn  7.031442 1.434418 6.964285
vn  9.696769 0.300046 2.425415
vn  24.350801 -7.222513 19.392199
vn  -1.950546 -6.106008 7.675418
vn  -1.744189 -5.357705 8.261525
vn  -0.114671 -3.742196 9.272692
vn  14.503894 9.341473 33.860806
vn  5.932432 -1.911337 7.820041
vn  3.085999 8.024694 -8.561371
vn  5.296594 6.472297 -13.535192
vn  -4.223315 -6.969648 5.795482
vn  -1.875614 -8.792960 4.377889
vn  -2.097509 -5.904117 7.793705
vn  4.579461 8.776644 -8.657296
vn  -7.596820 1.258078 6.380091
vn  3.284073 5.305676 -7.814388
vn  8.972291 9.828817 -8.048954
vn  11.030688 5.228839 -7.693898
vn  4.515433 6.086976 -6.523770
vn  4.613721 -6.544020 -5.990775
vn  -5.241184 -22.364330 -20.215775
vn  10.872807 -12.556883 -13.716289
vn  0.419404 -6.113464 -7.902509
vn  4.648385 -7.156566 -5.213068
vn  -5.124112 -24.831543 -18.725515
vn  17.789719 -1.863484 -11.344786
vn  20.759508 -15.926554 -16.618938
vn  20.929979 -18.056438 -14.416823
vn  0.421734 6.007903 -7.982934
vn  0.874489 17.543943 -17.225101
vn  9.781015 16.998945 -16.864946
vn  19.778025 11.321495 -14.033156
vn  0.304950 7.999443 -5.992989
vn  3.298854 7.673500 -5.498632
vn  6.317840 6.633813 -4.009666
vn  6.003943 1.482887 -3.183179
vn  7.803754 5.702775 -2.565107
vn  28.176176 9.579153 -7.792962
vn  29.889725 7.937291 -7.252222
vn  8.355131 5.242043 -1.647044
vn  0.159858 9.415742 -3.364259
vn  5.858765 8.012934 -1.211514
vn  6.544772 7.520349 -0.781220
vn  2.561451 9.663827 -0.222287
vn  -0.034537 9.997153 0.236038
vn  2.600172 9.646576 0.427385
vn  -0.067417 9.962137 0.866752
vn  2.340761 9.704314 0.589152
vn  6.400391 7.652728 -0.686112
vn  8.606940 4.783932 -1.742001
vn  20.857353 -19.387066 -15.059966
vn  -9.272338 -19.444981 -23.235355
vn  4.275346 -4.496480 -3.687845
vn  -6.976257 -15.822993 -26.593214
vn  3.490136 -4.333925 -8.308793
vn  3.750188 -3.678315 -8.509176
vn  28.943443 7.871209 -9.960709
vn  8.697177 4.305124 -2.413506
vn  6.478529 7.567539 -0.872355
vn  2.689447 9.628674 0.235600
vn  7.952994 4.837466 -3.653603
vn  8.949055 17.294737 -3.220003
vn  6.168092 12.781099 -1.725170
vn  25.060307 11.082542 -13.516098
vn  13.519040 29.706844 -5.236023
vn  6.881304 5.659694 -4.540431
vn  13.840070 46.859821 -0.468481
vn  22.089817 14.385522 -15.994530
vn  5.543662 -1.303363 -8.220039
vn  24.612537 14.195255 -15.286314
vn  6.809530 5.605469 -4.712644
vn  -0.023681 9.999941 -0.024480
vn  -0.022511 9.990319 -0.439315
vn  2.996469 15.295214 3.165128
vn  3.860290 -5.061098 -7.712552
vn  -5.349501 -16.691891 -24.660669
vn  3.720307 -6.748225 -6.373443
vn  5.729775 -6.318014 -5.220381
vn  10.701882 29.502983 -7.078654
vn  8.237547 3.654619 -4.334347
vn  28.493374 5.463305 -9.078756
vn  -1.538066 -26.580090 -15.881370
vn  4.955510 -2.023834 -7.324239
vn  8.477415 0.790156 5.244909
vn  1.768122 9.792940 0.985934
vn  2.719136 -30.365599 -6.890951
vn  12.767262 2.084267 -8.770811
vn  -3.818154 -7.876711 4.835195
vn  5.920497 0.713776 -11.970984
vn  4.877628 -3.073713 -8.170743
vn  4.861558 -5.471470 6.813829
vn  24.199656 -16.236650 12.109897
vn  5.845358 -2.723048 -7.643088
vn  3.871602 1.031558 -9.162237
vn  4.412883 -7.977355 4.109531
vn  15.419553 -23.943802 11.871384
vn  -4.428854 -6.707338 5.949526
vn  -5.041005 -5.922981 -6.285425
vn  -4.969318 -15.087420 5.966501
vn  5.547669 9.643354 -8.532290
vn  -0.430331 -1.629995 9.856873
vn  -1.501849 0.264491 9.883040
vn  1.652483 2.872465 -2.541512
vn  6.011771 2.478752 -7.596999
vn  7.381303 -4.904602 -6.029614
vn  4.658476 -0.657675 -1.634725
vn  2.015865 0.013756 -0.998823
vn  1.239828 0.340984 -1.392841
vn  0.741867 0.175490 -1.224625
vn  1.234899 0.458866 -2.082150
vn  0.791541 -1.015290 -1.768040
vn  0.773211 -0.690106 -0.973343
vn  0.367779 -7.216316 -6.912996
vn  0.466474 -4.389261 -8.973115
vn  0.464440 4.655817 -8.837854
vn  0.362810 7.031387 -7.101265
vn  4.651793 -3.644485 -8.067128
vn  7.377752 -3.081738 -6.005970
vn  7.037260 1.422213 -6.960911
vn  3.763792 4.939801 -7.837872
vn  5.933503 5.347511 -6.016449
vn  9.477676 -27.267780 -25.640619
vn  4.919874 -5.877496 -6.422607
vn  2.350081 -6.018440 -7.632529
vn  8.343026 -0.726978 -5.464926
vn  28.072657 -15.854713 -23.836742
vn  2.278164 0.288406 -9.732769
vn  1.917169 6.034314 -7.740252
vn  3.794338 6.553783 -6.530767
vn  7.114177 26.776459 -26.353483
vn  7.519914 3.875841 -5.331861
vn  21.484283 21.704723 -22.583902
vn  29.894056 8.570529 -16.436474
vn  33.402046 6.119207 -18.025867
vn  6.682819 -2.742520 -6.915093
vn  5.402161 4.940673 -6.812224
vn  2.419996 -7.073138 -6.641862
vn  7.161763 -3.873312 -5.805738
vn  2.254379 -4.383364 -8.700798
vn  1.896331 4.767638 -8.583330
vn  1.911513 6.947917 -6.933438
vn  5.719285 5.740255 -5.859970
vn  8.537198 2.009525 -4.803963
vn  6.434904 -2.058788 -7.372476
vn  7.850369 0.869038 -6.133227
vn  9.317140 -1.496226 -3.309411
vn  9.116817 -4.106461 0.143598
vn  9.830357 -1.520607 1.025595
vn  9.662808 1.015537 -2.366180
vn  8.059903 3.653854 -4.656963
vn  6.984957 4.232158 -5.770547
vn  8.048495 1.572748 -5.722603
vn  9.349973 1.181515 -3.343953
vn  9.523130 2.573625 -1.639032
vn  8.868588 4.446633 -1.255221
vn  6.936319 6.944109 -1.914893
vn  2.477278 9.688293 0.008809
vn  4.345799 -5.813991 -6.878338
vn  7.104033 -4.603864 -5.323264
vn  7.588235 -4.674304 -4.535368
vn  7.050004 -5.008898 -5.020793
vn  5.584283 -5.962917 -5.767096
vn  0.509721 -1.447471 -1.490180
vn  3.983067 -8.020375 -10.471704
vn  4.854160 -9.588218 -5.571410
vn  4.628023 -10.008492 2.161653
vn  5.813810 -1.670070 6.535198
vn  1.089822 -2.333596 -4.140455
vn  4.119479 -8.705743 -6.892437
vn  3.780769 -9.999939 -6.148099
vn  3.843531 6.835051 -0.184025
vn  7.508536 9.186762 0.980796
vn  9.013727 9.043496 0.883163
vn  2.462695 -10.613156 -6.034831
vn  2.365159 -12.018061 -5.585921
vn  9.569506 8.551565 -0.589498
vn  8.373633 9.145952 -3.666865
vn  6.124429 11.223344 -3.995893
vn  5.981256 11.504435 -1.132558
vn  8.921246 10.843371 1.332474
vn  0.902052 2.626235 -2.909492
vn  5.875096 -4.868787 -6.463603
vn  9.408820 -0.831787 -3.283629
vn  9.158711 -1.536286 -3.709155
vn  7.958983 -2.857301 -5.337641
vn  7.133529 -1.152315 -6.912665
vn  7.450838 2.361122 -6.237797
vn  8.935374 1.336956 -4.286212
vn  9.778708 -1.750419 -1.145808
vn  2.776476 -6.137501 -7.390687
vn  4.829397 -5.519880 -6.797635
vn  5.628011 -7.978973 -2.159045
vn  6.018385 -6.049115 5.214139
vn  8.207828 4.871829 2.982756
vn  6.694536 7.391739 -0.738497
vn  4.569794 8.529768 -2.521911
vn  5.291800 7.803363 -3.332323
vn  7.617489 6.181841 -1.938734
vn  7.796143 6.262095 -0.079356
vn  7.135484 6.978155 0.624672
vn  6.194433 7.834597 0.498084
vn  3.967430 8.420553 -3.654282
vn  -1.366858 1.244427 9.827670
vn  3.118018 -6.767786 -6.668962
vn  3.899102 -7.611330 -5.183113
vn  3.198105 -7.941936 -5.166988
vn  2.281396 -8.560776 -4.637708
vn  2.404275 -8.570171 -4.557589
vn  9.303997 -0.004459 -3.665463
vn  9.363652 -1.184778 -3.304288
vn  8.715854 -2.129807 -4.415631
vn  7.309374 -2.816729 -6.216034
vn  7.160532 1.226428 -6.871873
vn  8.110827 2.295093 -5.380244
vn  9.577496 -0.242239 -2.865814
vn  7.066564 0.331612 -7.067793
vn  8.734995 0.072449 -4.867712
vn  9.423300 -2.949920 -1.580945
vn  9.631826 -2.647936 0.465126
vn  9.968506 -0.532564 -0.587592
vn  8.916443 2.574749 -3.723936
vn  7.317764 4.232877 -5.341635
vn  7.245591 3.283990 -6.059441
vn  8.846781 0.742290 -4.602550
vn  9.545477 1.852756 -2.334774
vn  9.302487 3.439273 -1.278717
vn  8.190585 5.522753 -1.553545
vn  6.818317 6.069533 -4.083053
vn  -6.816721 0.353625 7.308027
vn  6.206882 -4.728788 -6.254052
vn  7.447572 -4.768000 -4.669030
vn  7.495256 -4.651797 -4.709767
vn  6.221407 -5.659589 -5.409542
vn  5.725237 -5.020698 -6.481839
vn  2.526248 -6.753880 -6.928432
vn  3.619444 -5.239994 -7.709869
vn  5.582595 -6.822318 -4.721292
vn  5.575951 -8.187594 1.368232
vn  7.477121 -1.927773 6.354239
vn  7.448331 6.661245 0.387510
vn  5.569920 8.143525 -1.630640
vn  4.548882 8.355412 -3.081358
vn  6.524155 6.958584 -3.002250
vn  7.923429 6.037047 -0.879390
vn  7.511710 6.587012 0.430679
vn  6.714759 7.382004 0.646539
vn  5.376857 8.424404 -0.344681
vn  2.663758 6.514271 -7.104130
vn  2.219570 -5.495754 -8.054203
vn  3.720985 -7.222869 -5.829616
vn  3.652024 -7.809745 -5.066616
vn  2.738445 -8.206471 -5.015450
vn  2.061067 -8.804101 -4.270807
vn  3.481774 -8.887652 -10.397931
vn  4.598462 -8.399035 -8.602416
vn  4.738130 -10.212632 -2.264731
vn  3.426791 -7.290386 -7.483959
vn  4.175641 -9.418295 -6.154494
vn  0.129004 0.426822 -0.856631
vn  5.827253 8.215998 0.684380
vn  8.550322 9.392684 1.046586
vn  3.100619 -10.233232 -6.272760
vn  2.013171 -11.162219 -5.557644
vn  9.371730 8.758958 0.338634
vn  9.370731 8.568234 -2.018273
vn  7.087742 10.112113 -4.312536
vn  3.552773 -12.232606 -6.860154
vn  5.608550 11.871305 -2.885051
vn  7.015340 10.623415 0.116097
vn  4.873329 -6.632844 6.411258
vn  9.991745 7.803247 4.880413
vn  1.731558 4.343426 -1.853682
vn  8.976143 3.795422 -2.241344
vn  7.615984 6.015033 -2.411669
vn  -3.698785 7.712273 5.180717
vn  -5.102123 -8.539866 -1.019315
vn  7.903448 -2.975312 -5.355653
vn  9.632564 1.710163 -2.071003
vn  9.452499 2.571320 -2.009616
vn  8.212977 -3.474779 -4.524699
vn  8.334697 -3.596921 -4.194637
vn  9.444878 0.401983 -3.260779
vn  9.629186 1.038006 -2.490245
vn  8.295464 -3.584759 -4.281913
vn  7.992074 -3.841001 -4.623143
vn  8.356266 -0.578102 -5.462472
vn  9.009535 -0.323028 -4.327115
vn  7.305567 -4.494491 -5.140840
vn  6.472344 -5.031221 -5.726742
vn  6.151914 -4.612071 -6.393962
vn  6.512691 -2.322228 -7.224411
vn  7.225724 2.610194 -6.401233
vn  7.717108 0.685902 -6.322640
vn  7.681661 3.510035 -5.354600
vn  7.207748 3.550893 -5.953110
vn  6.973224 0.359224 -7.158568
vn  7.561064 1.405589 -6.391763
vn  9.295924 1.478508 -3.376359
vn  8.504048 2.767860 -4.474383
vn  8.430503 1.047050 -5.275444
vn  9.200126 -0.266876 -3.909791
vn  9.557067 -1.932679 -2.219732
vn  9.436941 -3.290984 -0.336992
vn  9.870771 -1.590321 0.196832
vn  9.839796 -0.171412 -1.774547
vn  2.382910 -6.766820 -6.966482
vn  2.890778 -5.820923 -7.600016
vn  6.727757 -1.379680 -7.268684
vn  4.859367 -4.186051 -7.672256
vn  3.225852 -6.020096 -7.304267
vn  4.009959 -7.920701 -4.602468
vn  8.675110 -2.796246 -4.113815
vn  7.298525 -1.118405 -6.743938
vn  4.140839 -8.504999 -3.243213
vn  4.118702 -8.907043 1.923760
vn  8.466818 -5.309866 0.343954
vn  8.774340 -3.718899 -3.029974
vn  4.364524 -7.719233 4.622161
vn  6.528731 -1.875438 7.338828
vn  9.579294 -1.728230 2.291361
vn  8.803809 -4.637702 0.992296
vn  7.546963 2.606890 6.020587
vn  6.325012 7.687767 0.944701
vn  9.583719 2.460497 -1.448540
vn  9.839506 -0.645201 1.663678
vn  5.929475 8.039923 0.448275
vn  4.595394 8.838846 -0.870143
vn  7.799469 4.995782 -3.769673
vn  9.192444 3.196573 -2.298019
vn  4.265258 8.910964 -1.549930
vn  4.572007 8.378448 -2.983012
vn  6.136549 6.372769 -4.661606
vn  7.183665 5.548511 -4.196305
vn  5.050766 8.051348 -3.108946
vn  6.475601 7.072861 -2.835705
vn  7.532622 4.700116 -4.600924
vn  6.127356 6.354302 -4.698761
vn  6.993416 6.804659 -2.188318
vn  7.448671 6.656331 -0.458851
vn  9.092711 3.327943 -2.499478
vn  8.205230 3.864204 -4.212140
vn  7.360723 6.767636 -0.137288
vn  7.042574 7.065833 0.690030
vn  8.902074 4.502359 -0.694141
vn  9.085203 3.656234 -2.022629
vn  6.856576 7.244813 0.707132
vn  6.306873 7.716517 0.823830
vn  7.959917 6.050585 -0.173602
vn  8.675618 4.946342 -0.517045
vn  6.031647 7.946239 0.690288
vn  4.900115 8.714001 -0.234613
vn  6.431206 7.569367 -1.159424
vn  7.608811 6.483838 -0.256569
vn  4.144831 8.897534 -1.911608
vn  2.242832 6.529781 -7.234062
vn  5.085244 5.888581 -6.282110
vn  6.406113 7.310551 -2.348945
vn  1.826970 5.544381 -8.119238
vn  2.235009 -4.785743 -8.491255
vn  3.418805 -6.186228 -7.074061
vn  4.694220 6.607876 -5.856643
vn  2.696737 -5.801133 -7.685992
vn  3.478295 -7.350722 -5.819651
vn  5.175557 -6.322078 -5.765842
vn  4.044240 -5.704989 -7.148232
vn  3.556179 -7.659436 -5.355990
vn  3.065680 -8.108565 -4.985256
vn  5.689362 -6.537867 -4.988732
vn  5.430325 -6.438156 -5.390892
vn  2.802932 -8.208278 -4.976720
vn  1.977299 -8.521308 -4.845368
vn  5.360454 -6.661077 -5.186095
vn  5.668569 -6.506913 -5.052464
vn  1.781509 -8.731236 -4.537814
vn  1.756891 -8.927277 -4.149344
vn  4.202858 -7.432400 -5.205325
vn  5.139624 -6.894365 -5.104115
vn  2.084040 -8.756471 -4.356719
vn  2.626233 -7.443774 -6.139472
vn  4.614003 -5.605841 -6.876448
vn  4.076978 -7.467440 -5.255053
vn  8.566346 4.972095 -1.376943
vn  8.520295 4.726380 -2.250755
vn  9.157968 0.509626 -3.983956
vn  9.270683 3.096860 -2.112792
vn  7.437698 5.920539 -3.102878
vn  8.173004 3.220288 -4.778257
vn  7.583674 6.275150 -1.763625
vn  -4.574675 5.501250 6.986315
vn  -6.577333 3.097328 6.866239
vn  6.605342 0.793105 -7.465951
vn  5.227659 -4.828072 -7.025760
vn  0.565798 -8.620743 -5.036136
vn  -7.130900 1.035710 6.933799
vn  8.130941 -3.171603 -4.881466
vn  6.737392 -4.505827 -5.857053
vn  9.406164 3.070397 -1.448012
vn  9.572555 2.102390 -1.986493
vn  9.405526 -1.040373 -3.233218
vn  9.653857 1.363120 -2.223719
vn  9.384789 -0.509216 -3.415614
vn  9.092957 3.975481 -1.230318
vn  7.325423 -4.672747 -4.950111
vn  8.291975 -3.574060 -4.297585
vn  8.344548 -3.577877 -4.191337
vn  7.546769 -4.714685 -4.562678
vn  9.437186 1.640065 -2.872229
vn  9.563735 0.735738 -2.827305
vn  8.978426 -1.784811 -4.025209
vn  9.266624 0.073181 -3.758231
vn  9.287900 -1.341869 -3.454605
vn  9.525484 2.300381 -1.993338
vn  7.582129 -4.627631 -4.593075
vn  8.186559 -3.669003 -4.417994
vn  7.712110 -4.121782 -4.851212
vn  7.328496 -4.814870 -4.807304
vn  8.454847 1.016799 -5.242297
vn  8.687381 -0.561290 -4.920809
vn  7.576974 -3.027656 -5.781241
vn  8.022514 -0.187366 -5.966922
vn  8.359460 -2.528146 -4.871129
vn  9.090840 1.023008 -4.038573
vn  6.647518 -5.442796 -5.117273
vn  6.852050 -4.848683 -5.435041
vn  6.189249 -5.076435 -5.993579
vn  5.806668 -6.002853 -5.499850
vn  5.519921 -5.773052 -6.016839
vn  6.277563 -3.768745 -6.810929
vn  7.162630 -2.258011 -6.602887
vn  6.742790 -0.879557 -7.332200
vn  7.147640 0.019821 -6.993629
vn  6.040981 -3.589160 -7.115088
vn  7.082183 3.801878 -5.948815
vn  7.458799 1.622635 -6.460137
vn  7.175330 3.185570 -6.194092
vn  7.619227 2.409490 -6.011799
vn  7.643539 4.017337 -5.043541
vn  7.414889 3.598318 -5.663172
vn  7.744991 2.445385 -5.833968
vn  8.083057 3.220047 -4.929043
vn  7.290116 1.928132 -6.567839
vn  7.124578 4.287516 -5.554961
vn  6.632261 -0.447824 -7.470781
vn  7.242744 1.063519 -6.812604
vn  7.986079 1.385937 -5.856766
vn  7.323398 0.905185 -6.748961
vn  9.292780 1.897934 -3.168925
vn  8.916484 2.193599 -3.960358
vn  9.293672 0.613625 -3.640210
vn  9.626554 0.630099 -2.632951
vn  8.539592 1.912064 -4.839356
vn  8.476232 3.202911 -4.230231
vn  8.289282 0.654986 -5.555069
vn  8.855453 0.496935 -4.618874
vn  9.443178 -1.145537 -3.084497
vn  9.090835 -0.664583 -4.112791
vn  9.416862 -2.332675 -2.425145
vn  9.558861 -2.615792 -1.336337
vn  9.735558 -1.068770 -2.019068
vn  9.399324 -3.407169 0.209523
vn  9.692694 -2.456427 -0.132799
vn  9.326614 -3.547119 -0.657421
vn  9.905733 -1.268788 0.516346
vn  9.919962 -0.905184 -0.880326
vn  9.808463 -1.763906 0.826245
vn  9.884323 0.183079 -1.505533
vn  3.877558 -11.011215 -11.336114
vn  2.466738 -6.296650 -7.366640
vn  2.776475 -6.137501 -7.390687
vn  2.099430 -7.156877 -6.661193
vn  2.890778 -5.820923 -7.600017
vn  3.619444 -5.239994 -7.709869
vn  4.180610 -9.402056 -11.957500
vn  5.969513 -1.883373 -7.798578
vn  6.876627 -0.682418 -7.228161
vn  4.859367 -4.186052 -7.672256
vn  5.185864 -9.677877 -11.742305
vn  3.572423 -6.524987 -6.682989
vn  4.829397 -5.519880 -6.797635
vn  4.009959 -7.920701 -4.602468
vn  5.582595 -6.822318 -4.721292
vn  7.103917 -12.672129 -7.368367
vn  8.391349 -1.999898 -5.058228
vn  8.639434 -2.926537 -4.098238
vn  6.037995 -12.401628 -4.729115
vn  4.125939 -8.893108 -1.972116
vn  5.628011 -7.978973 -2.159045
vn  4.118702 -8.907043 1.923760
vn  5.575951 -8.187594 1.368232
vn  7.350623 -13.736739 3.081770
vn  8.596956 -5.008599 -1.003135
vn  8.636436 -5.039245 0.134027
vn  6.192824 -10.952819 6.558384
vn  4.671056 -6.357542 6.145152
vn  6.018385 -6.049115 5.214139
vn  6.528731 -1.875438 7.338828
vn  7.477121 -1.927773 6.354239
vn  10.933749 -3.305747 12.718461
vn  9.310959 -2.955113 2.138539
vn  9.592259 -1.819084 2.163209
vn  12.275849 4.240353 9.793055
vn  7.355145 5.744144 3.592581
vn  8.207828 4.871829 2.982756
vn  6.325012 7.687767 0.944701
vn  7.448331 6.661245 0.387510
vn  8.733356 10.389510 1.177203
vn  9.838758 1.717999 -0.497280
vn  9.590867 2.432905 -1.447834
vn  9.453438 12.818151 0.714690
vn  5.510318 8.344343 0.091190
vn  6.694536 7.391739 -0.738497
vn  4.595394 8.838846 -0.870143
vn  5.569920 8.143525 -1.630640
vn  7.693713 14.430539 -1.621140
vn  8.274089 4.463650 -3.408118
vn  7.688083 5.202046 -3.719151
vn  6.617706 13.825693 -2.404774
vn  4.172178 8.831016 -2.146178
vn  4.569794 8.529768 -2.521910
vn  4.572007 8.378448 -2.983012
vn  4.548882 8.355412 -3.081357
vn  6.899454 13.782357 -4.123867
vn  6.355186 6.208057 -4.590385
vn  6.163821 6.333767 -4.678748
vn  7.864532 12.536731 -4.840931
vn  5.418724 7.730917 -3.297021
vn  5.291800 7.803363 -3.332323
vn  6.475601 7.072861 -2.835705
vn  6.524154 6.958584 -3.002250
vn  10.159005 11.507140 -4.157918
vn  6.910591 5.456996 -4.739718
vn  7.570243 4.599072 -4.641115
vn  10.934493 10.639365 -3.421525
vn  7.288510 6.664332 -1.569803
vn  7.617489 6.181841 -1.938734
vn  7.448671 6.656331 -0.458851
vn  7.923429 6.037047 -0.879390
vn  11.784495 10.106612 -1.089358
vn  8.889878 3.318473 -3.155598
vn  8.917388 3.915554 -2.269058
vn  11.629845 10.692775 -0.216914
vn  7.303337 6.825806 0.263895
vn  7.796143 6.262095 -0.079356
vn  7.042574 7.065833 0.690030
vn  7.511710 6.587012 0.430679
vn  10.952588 10.596811 0.763512
vn  8.992758 4.232169 -1.104100
vn  8.666347 4.960998 -0.531907
vn  11.108657 11.737659 1.145658
vn  6.708954 7.369908 0.821197
vn  7.135484 6.978155 0.624672
vn  6.306873 7.716517 0.823830
vn  6.714759 7.382004 0.646539
vn  9.983650 11.817043 0.974284
vn  8.205052 5.711023 -0.247638
vn  7.767283 6.297894 -0.076374
vn  9.139438 12.040518 1.045957
vn  5.771881 8.137927 0.677876
vn  6.194433 7.834597 0.498084
vn  4.900115 8.714001 -0.234613
vn  5.376857 8.424404 -0.344681
vn  8.532291 14.587565 -0.980020
vn  6.876031 7.237150 -0.586381
vn  6.501970 7.506621 -1.172608
vn  5.743746 12.329858 -2.649033
vn  3.442538 8.635232 -3.685334
vn  3.967430 8.420553 -3.654282
vn  2.242832 6.529782 -7.234062
vn  2.663758 6.514271 -7.104130
vn  3.459878 10.124150 -11.160795
vn  5.751567 6.105093 -5.444934
vn  4.845154 5.571591 -6.744022
vn  2.615154 7.936311 -11.622001
vn  1.335820 4.419673 -8.870292
vn  -1.366858 1.244427 9.827670
vn  2.235009 -4.785743 -8.491255
vn  2.219570 -5.495754 -8.054203
vn  2.351138 -5.542064 -11.166993
vn  -5.121399 0.657462 8.563820
vn  4.440225 -4.542521 -7.723335
vn  4.791494 -10.307305 -13.656275
vn  3.116524 -6.630301 -6.806348
vn  3.118018 -6.767786 -6.668962
vn  3.478295 -7.350722 -5.819651
vn  3.720985 -7.222869 -5.829616
vn  5.073736 -10.688920 -8.460928
vn  4.783916 -6.189483 -6.229322
vn  5.391859 -6.090896 -5.816257
vn  5.662463 -12.196033 -8.528281
vn  3.479483 -7.848086 -5.128424
vn  3.899102 -7.611330 -5.183113
vn  3.065680 -8.108564 -4.985256
vn  3.652024 -7.809745 -5.066616
vn  5.286717 -12.759121 -7.800920
vn  5.666965 -6.542785 -5.007741
vn  5.670137 -6.555731 -4.987175
vn  4.373138 -12.806565 -7.764685
vn  2.501147 -8.254743 -5.059988
vn  3.198105 -7.941936 -5.166988
vn  1.977299 -8.521308 -4.845368
vn  2.738445 -8.206471 -5.015450
vn  3.567685 -13.204736 -7.497450
vn  5.517951 -6.575809 -5.129419
vn  5.136651 -6.863198 -5.148913
vn  2.748349 -13.469750 -7.000524
vn  1.593868 -8.837349 -4.400096
vn  2.281396 -8.560776 -4.637708
vn  1.756891 -8.927277 -4.149344
vn  2.061067 -8.804101 -4.270807
vn  2.402565 -13.222323 -6.081308
vn  4.474221 -7.314683 -5.145556
vn  4.085081 -7.548676 -5.131237
vn  3.419789 -14.368857 -7.149121
vn  2.455622 -8.454988 -4.741633
vn  2.404275 -8.570171 -4.557589
vn  2.655043 -7.546991 -5.999472
vn  3.165107 -11.483367 -8.790882
vn  4.308234 -6.503331 -6.256660
vn  3.693411 5.873554 -7.201395
vn  5.703604 6.372616 -5.182534
vn  5.603241 -2.445620 -7.913446
vn  5.248871 -3.990005 -7.518591
vn  4.763103 -0.515233 -8.777664
vn  3.207421 3.790152 -8.680276
vn  7.369194 0.457537 -6.744305
vn  6.365246 4.358675 -6.362829
vn  4.248251 6.887778 -5.874595
vn  3.469282 6.345164 -6.906734
vn  4.763675 -1.601422 -8.645394
vn  4.058619 4.248743 -8.091712
vn  3.621118 5.089255 -7.809416
vn  3.362535 5.994184 -7.263822
vn  4.707967 6.638779 -5.810477
vn  5.479766 5.600056 -6.213817
vn  5.299105 -3.856383 -7.552999
vn  5.387190 -2.103237 -8.158099
vn  5.615656 -2.280224 -7.953929
vn  5.044615 -3.351335 -7.957412
vn  4.409252 -1.684471 -8.815955
vn  4.044890 1.525255 -9.017343
vn  3.383485 3.763166 -8.624999
vn  7.226455 2.993156 -6.230519
vn  6.133780 -0.616308 -7.873811
vn  5.292489 4.856241 -6.957477
vn  3.855207 6.684909 -6.359982
vn  3.603992 5.689412 -7.392012
vn  4.565422 1.417816 -8.783320
vn  7.903077 -5.251473 -11.027951
vn  15.986592 2.859538 -10.116589
vn  10.939589 1.785897 -7.515243
vn  10.445329 4.951364 -7.285611
vn  7.774524 8.516707 -6.974449
vn  6.948968 14.735051 -11.716771
vn  5.230696 9.092370 -8.044787
vn  5.175359 9.918698 -9.783820
vn  4.203440 10.930441 -11.661448
vn  4.669151 5.705578 -11.931792
vn  7.020097 0.846344 -14.194325
vn  11.256027 -4.596972 -16.636398
vn  14.873749 -9.776548 -22.097574
vn  20.358173 -7.541955 -16.845255
vn  25.633745 8.300882 -13.676441
vn  20.139273 14.801480 -14.982946
vn  16.902599 22.943373 -9.125264
vn  11.166245 18.569082 -17.294836
vn  10.544133 19.769676 -19.044220
vn  9.852694 18.232216 -19.882843
vn  6.184718 13.665515 -23.006485
vn  8.967192 6.175095 -29.380985
vn  14.228641 -3.902947 -24.637548
vn  13.946179 -5.188706 -19.132853
vn  3.296086 5.549472 -7.638009
vn  3.416625 5.631832 -7.523905
vn  3.605083 5.829731 -7.281320
vn  3.433123 6.127224 -7.118341
vn  5.462125 6.980458 -4.630160
vn  5.146294 6.126525 -5.998445
vn  7.790320 -2.796745 5.611517
vn  6.047310 6.061126 -5.166507
vn  5.473058 -3.350447 -7.669429
vn  5.255494 -2.884160 -8.003837
vn  5.685186 -2.061017 -7.964350
vn  5.510055 -2.101450 -8.076088
vn  5.729729 -2.232006 -7.885959
vn  5.067107 -3.751731 -7.762019
vn  5.424841 -4.113644 -7.324550
vn  5.268991 -4.021369 -7.487744
vn  5.705951 -3.202240 -7.562260
vn  5.545802 -3.331807 -7.625165
vn  4.803021 -2.095963 -8.516920
vn  4.140494 -0.184780 -9.100668
vn  4.481198 0.306650 -8.934475
vn  3.911237 0.628689 -9.181883
vn  5.367518 -1.272462 -8.340899
vn  2.684232 3.689976 -8.898256
vn  3.151497 4.543220 -8.332300
vn  3.424704 2.775687 -8.975910
vn  3.445885 2.649710 -9.005826
vn  3.211807 4.512955 -8.325715
vn  8.356889 1.158400 -5.368474
vn  6.846385 -1.182983 -7.192188
vn  8.059623 2.098384 -5.535275
vn  6.970339 1.368453 -7.038587
vn  6.531666 -1.492180 -7.423661
vn  5.516967 5.445083 -6.317764
vn  6.389641 4.074460 -6.524665
vn  7.005314 3.778302 -6.053924
vn  7.699850 3.918099 -5.035952
vn  6.042770 4.952283 -6.241780
vn  4.282006 6.757733 -5.999789
vn  4.682483 7.329576 -4.934740
vn  4.959866 7.242021 -4.790915
vn  3.936173 6.671593 -6.324269
vn  3.950509 6.955905 -6.000737
vn  3.449234 6.608146 -6.665972
vn  3.541449 6.630590 -6.594954
vn  3.379045 6.229598 -7.055080
vn  3.368873 5.901411 -7.336487
vn  3.701115 6.260828 -6.863218
vn  4.649076 -2.724308 -8.424027
vn  5.301972 -2.348182 -8.147094
vn  5.280312 0.245566 -8.488699
vn  4.342412 -0.514697 -8.993250
vn  4.902020 3.458790 -8.000436
vn  4.262847 5.320140 -7.316026
vn  3.499267 4.866435 -8.004558
vn  3.893157 2.720211 -8.800215
vn  3.017881 4.895078 -8.181112
vn  3.759621 5.552759 -7.418364
vn  -6.205075 6.322052 -4.639902
vn  3.340469 5.757398 -7.462817
vn  3.490142 5.935345 -7.251937
vn  3.327645 5.153268 -7.897507
vn  3.673959 6.109375 -7.012671
vn  3.333058 6.184803 -7.116104
vn  5.180600 7.326602 -4.413873
vn  5.080120 6.278051 -5.897326
vn  6.462377 7.608840 -0.585848
vn  5.223104 5.777088 -6.272514
vn  5.380875 5.883336 -6.035937
vn  4.666699 6.511600 -5.985063
vn  5.272467 4.488150 7.215096
vn  6.213839 5.748169 -5.324166
vn  5.388983 -3.562913 -7.633120
vn  5.446749 -3.290055 -7.714173
vn  5.558967 -2.322304 -7.981528
vn  5.050394 -2.614876 -8.225324
vn  5.433515 -2.402430 -8.043957
vn  5.097063 -3.485222 -7.865950
vn  5.746212 -2.179112 -7.888759
vn  5.443954 -2.083720 -8.125360
vn  5.248006 -2.146396 -8.237198
vn  5.257976 -4.091473 -7.457448
vn  5.252222 -3.712570 -7.657088
vn  4.827490 -3.423730 -8.060609
vn  6.288993 -4.391446 -6.415899
vn  4.995161 -3.786392 -7.791765
vn  6.446504 -2.574101 -7.198375
vn  5.314940 -3.151500 -7.862535
vn  5.411511 -3.127776 -7.805931
vn  5.919443 -2.627018 -7.619644
vn  4.619169 -2.613365 -8.475471
vn  4.478173 -1.355983 -8.837832
vn  5.229878 -1.429095 -8.402741
vn  3.755566 1.208741 -9.188834
vn  4.162556 0.278640 -9.088206
vn  4.140707 -0.575955 -9.084208
vn  4.758254 -0.581137 -8.776178
vn  3.893252 0.603987 -9.191180
vn  3.453698 1.395923 -9.280268
vn  2.608440 3.284550 -9.077872
vn  2.456511 4.089247 -8.788836
vn  3.280340 4.415758 -8.351075
vn  3.608046 2.911906 -8.860181
vn  3.557518 2.513306 -9.001520
vn  3.206408 3.656860 -8.737638
vn  3.285531 4.651236 -8.220176
vn  8.432746 1.667047 -5.109770
vn  9.708517 0.297538 -2.378269
vn  6.335430 -1.070853 -7.662611
vn  8.044031 3.465667 -4.825216
vn  7.453249 1.673835 -6.453477
vn  6.171342 0.914262 -7.815283
vn  6.895731 -0.146488 -7.240678
vn  6.813038 2.919925 -6.712417
vn  5.948106 -1.972836 -7.792814
vn  4.951526 5.531173 -6.699889
vn  5.965785 4.975179 -6.297381
vn  5.653904 4.965195 -6.586365
vn  6.993962 3.994758 -5.926754
vn  5.691857 3.967259 -7.201640
vn  6.879808 4.366145 -5.796983
vn  7.517599 3.759539 -5.417709
vn  4.457482 6.929623 -5.666673
vn  4.078019 6.889616 -5.991907
vn  4.001734 6.505494 -6.454818
vn  4.254050 6.922289 -5.829662
vn  5.196775 7.818294 -3.444967
vn  3.902836 6.842064 -6.160684
vn  3.736910 6.862072 -6.240791
vn  3.420868 6.470780 -6.813711
vn  3.445745 6.622344 -6.653676
vn  3.615456 6.482763 -6.700915
vn  3.419606 6.113678 -7.136472
vn  3.395778 5.504205 -7.627085
vn  3.482759 6.084828 -7.130585
vn  3.897820 5.900889 -7.070113
vn  4.841302 -2.683367 -8.328345
vn  4.475007 -1.834431 -8.752667
vn  5.258202 -1.216399 -8.418532
vn  5.190363 1.928354 -8.327160
vn  4.696714 -0.283226 -8.823869
vn  4.147521 1.056707 -9.037779
vn  4.601446 4.615102 -7.584691
vn  4.334763 3.041397 -8.482908
vn  3.807554 5.126273 -7.695704
vn  3.668761 3.958625 -8.418402
vn  15.279199 -9.587508 -20.447899
vn  24.914560 0.936742 -16.391153
vn  20.663412 8.143909 -22.509455
vn  -20.322180 -20.050707 11.409645
vn  12.134551 16.625868 -23.357071
vn  10.331460 17.112785 -17.729546
vn  10.054085 19.373577 -19.437881
vn  10.746767 16.307623 -20.022726
vn  8.203781 11.746361 -27.054876
vn  14.216680 2.525824 -26.702593
vn  15.416971 -4.200394 -21.089859
vn  16.152811 -7.060980 -22.651955
vn  4.256709 -13.150095 -13.542589
vn  8.996518 -23.807278 -18.673849
vn  9.330508 -13.368607 -26.949369
vn  6.387527 -22.936314 -20.204166
vn  4.090350 -12.709642 5.571545
vn  20.354767 16.515665 -15.350632
vn  8.047936 15.372531 28.682417
vn  23.071068 -6.000550 -25.907406
vn  -0.654327 -14.011047 20.731522
vn  27.072239 11.229421 -14.196488
vn  19.945906 11.542824 -26.569422
vn  11.295553 14.385760 -25.599815
vn  9.198086 8.663085 -30.881184
vn  7.585597 -22.849428 -19.739653
vn  16.240187 -22.298136 -22.934658
vn  7.421012 -24.764730 -17.927277
vn  15.818396 -8.340206 -14.116121
vn  1.207096 25.040154 -23.841248
vn  12.005807 22.769371 -22.107330
vn  23.065739 16.905361 -17.024614
vn  28.080843 10.565260 -12.420200
vn  11.041468 -19.527559 -22.323561
vn  10.253748 -15.400656 -25.573959
vn  23.958450 27.532194 -8.105454
vn  12.279826 39.445663 -2.321292
vn  19.912102 20.514322 -11.309085
vn  2.624861 13.120009 -0.471109
vn  -1.961995 39.374107 1.423089
vn  8.249196 -17.291746 -24.281164
vn  18.530224 21.417095 -13.540758
vn  2.985065 -26.564331 -16.195026
vn  38.893597 2.943657 -6.381133
vn  -1.291439 -30.373461 -8.221194
vn  13.771413 1.984292 -28.743498
vn  32.024006 10.275808 0.027409
vn  20.310261 -0.353831 -25.499640
vn  11.164808 0.572218 -33.596535
vn  6.044136 -17.186987 -17.008909
vn  15.744776 -9.809549 -14.347242
vn  4.537828 17.496517 -17.368580
vn  13.815114 14.714067 -15.586256
vn  22.452156 10.079155 -11.972974
vn  1.493128 -1.324947 -1.830244
vn  6.687784 10.069911 -7.156485
vn  0.897539 1.372666 -1.026871
vn  5.750014 -17.067780 -2.725643
vn  1.918088 15.225168 2.999082
vn  -0.155850 0.621308 1.007011
vn  0.041977 0.594235 0.947817
vn  -1.578908 27.384180 -14.112379
vn  -1.147897 9.632788 -2.427286
vn  3.508817 9.114309 -2.148853
vn  6.233840 -6.209195 -4.752382
vn  5.433616 -1.483020 -8.262958
vn  7.209774 -3.179056 -6.157333
vn  9.059406 -3.788571 -1.890468
vn  7.227211 -3.083831 6.185257
vn  0.524029 5.220078 8.513295
vn  -2.813009 -6.233855 -7.295617
vn  6.233329 -4.332222 -6.509797
vn  2.053432 -8.703763 4.475256
vn  8.997472 2.092000 3.830016
vn  7.099236 -2.902152 6.417037
vn  -1.565283 -5.041058 8.493387
vn  6.872915 0.647002 7.234945
vn  -4.088318 1.930733 -8.919525
vn  -2.976163 -6.413180 7.072028
vn  -2.478697 6.797645 -6.902759
vn  2.845686 -6.819299 -6.737895
vn  2.889751 -7.666534 -5.733549
vn  6.296845 -4.686970 -6.195324
vn  6.258032 -6.062338 -4.907656
vn  1.728799 7.167324 -6.755792
vn  5.361618 6.104712 -5.829712
vn  8.014626 4.269292 -4.187950
vn  8.789999 3.804338 -2.874531
vn  1.610183 8.842133 -4.384518
vn  4.323486 8.355637 -3.389807
vn  6.092462 7.663482 -2.037877
vn  7.084188 6.956224 -1.193823
vn  1.149798 9.666664 -2.287697
vn  1.005923 9.945223 -0.283990
vn  4.198504 9.004330 -1.137801
vn  4.922050 8.687942 -0.541367
vn  0.953329 9.942260 0.492567
vn  0.809937 9.925842 0.906443
vn  4.845780 8.747275 -0.059800
vn  7.414211 6.625250 -1.065612
vn  9.196402 3.368881 -2.019114
vn  3.055230 -7.667536 -5.645747
vn  6.256174 -6.126849 -4.829287
vn  3.497091 -7.140362 -6.065112
vn  6.163352 -6.377796 -4.619178
vn  3.652143 -4.990675 -7.858436
vn  3.242374 -4.400445 -8.373953
vn  9.231244 2.892063 -2.533790
vn  7.659717 6.270674 -1.416816
vn  4.590970 8.883538 -0.075657
vn  7.742000 5.987185 -2.053057
vn  4.649944 8.838499 -0.508862
vn  8.763328 3.296079 -3.512826
vn  6.911176 6.203671 -3.708113
vn  7.461652 4.548304 -4.861756
vn  7.118117 5.002895 -4.929852
vn  0.963206 9.940143 0.515542
vn  1.449336 9.892947 -0.170319
vn  1.540294 9.873324 -0.380704
vn  5.014924 -3.001724 -8.114197
vn  3.105941 -4.287758 -8.483411
vn  2.722209 -6.506581 -7.089004
vn  4.974855 -5.977507 -6.286511
vn  6.665484 -5.326117 -5.215726
vn  6.260140 6.609673 -4.137979
vn  8.108446 3.789730 -4.459938
vn  6.406854 5.992970 -4.799637
vn  1.982126 -7.613807 -6.172610
vn  5.468867 -6.222789 -5.600749
vn  6.016441 -6.261971 -4.958846
vn  9.614805 -2.668431 0.659543
vn  9.908845 0.529424 -1.238749
vn  6.135071 -1.083987 7.822140
vn  8.638758 5.004895 -0.568229
vn  2.420558 3.378835 9.095294
vn  0.112271 -8.722442 -4.889416
vn  5.047482 -1.147722 -8.556030
vn  -0.714645 -9.961816 -0.501506
vn  -3.712734 -9.240930 0.905983
vn  0.450714 -9.581684 2.826336
vn  -1.350164 -7.826643 6.076241
vn  9.303247 3.591735 0.740958
vn  2.845052 -2.009347 9.373804
vn  7.323565 -4.085533 5.447368
vn  9.658778 1.849096 1.813513
vn  0.254085 -3.273689 9.445549
vn  0.062095 -5.610096 8.277860
vn  4.584513 -7.283086 5.093023
vn  6.485460 -6.529390 3.912270
vn  -3.018452 -6.359020 7.102943
vn  -6.165920 -7.357339 2.801960
vn  1.698409 -9.098825 3.785074
vn  3.066858 -8.728151 3.796544
vn  -0.656874 -5.486475 8.334693
vn  -2.970567 -6.065081 7.374993
vn  -1.721943 -5.930254 7.865557
vn  1.944104 9.513600 -2.389948
vn  -4.742408 -7.858154 3.969756
vn  2.528269 -7.811904 -5.708066
vn  -5.517532 -7.518776 3.608994
vn  1.730361 0.477954 -9.837551
vn  4.367080 5.372450 -7.215635
vn  5.305843 8.215473 -2.086629
vn  5.944038 -0.727214 -8.008718
vn  8.176586 -3.705126 4.406300
vn  6.830684 -5.552750 -4.744335
vn  5.240912 -4.456977 -7.257286
vn  4.716474 -3.386831 -8.141514
vn  4.933279 -1.092282 -8.629581
vn  5.529020 0.719820 -8.301313
vn  4.610333 -0.600339 -8.853498
vn  4.947661 -4.636292 -7.350200
vn  5.632521 -6.340633 -5.298214
vn  5.922961 -5.035432 -6.289908
vn  4.333915 5.896716 -6.815124
vn  5.240272 -5.776480 -6.258739
vn  0.351772 7.320470 -6.803452
vn  0.221345 8.888861 -4.575931
vn  -6.258370 7.340713 -2.635665
vn  0.103788 9.730156 -2.305058
vn  -0.006317 9.997125 -0.239647
vn  -0.049430 9.983276 0.575963
vn  -0.072537 9.953135 0.964270
vn  -0.050510 9.992880 0.373874
vn  -0.012717 9.990699 -0.431005
vn  -0.093239 9.997561 -0.200210
vn  -0.149791 -9.732389 2.293062
vn  0.049680 -9.539738 2.998487
vn  3.820179 9.135956 -1.393028
vn  2.100006 9.505694 -2.287297
vn  4.139299 8.673903 -2.762174
vn  6.967583 -5.907279 -4.069009
vn  6.437503 -6.218704 -4.459403
vn  4.306230 -7.104487 -5.566206
vn  4.703948 -2.497787 -8.463683
vn  5.852391 -0.330536 -8.101868
vn  16.222197 -6.993420 -24.693655
vn  22.755806 -11.522859 -17.206852
vn  6.475084 -1.972032 -7.361003
vn  7.099289 -4.510315 -5.408988
vn  7.753309 -4.499973 -4.431300
vn  8.899148 -4.532628 -0.510342
vn  33.817593 -9.734147 -4.698029
vn  7.388680 -2.203375 6.368088
vn  7.734471 -3.768279 5.096864
vn  6.927518 -2.885852 6.609186
vn  1.178885 16.760176 27.004700
vn  0.738638 4.292429 9.001637
vn  -4.743672 -8.203904 -3.192731
vn  1.355115 -4.078211 -9.029500
vn  -1.065889 -7.167105 -6.891768
vn  6.285120 -1.798424 -7.567227
vn  6.254129 -4.727956 -6.207438
vn  6.057744 -5.769699 -5.478531
vn  3.049807 -7.925994 5.279895
vn  0.342363 -8.445020 5.344570
vn  1.190620 -9.180082 3.782658
vn  8.889769 -0.585549 4.541932
vn  9.295306 3.363650 1.511005
vn  5.496501 0.687866 8.325582
vn  7.296041 -1.492725 6.673796
vn  6.933437 -3.166687 6.472985
vn  -1.236817 -5.148181 8.483308
vn  -0.588324 -4.505325 8.908194
vn  -2.309185 -5.946487 7.701100
vn  23.315382 4.796018 23.237209
vn  5.556838 0.634287 8.289706
vn  9.723029 2.297245 -0.430528
vn  -1.319574 -5.754828 8.070977
vn  -3.008582 -6.163304 7.277508
vn  -2.263699 -6.365739 7.372451
vn  -3.967722 -7.387007 5.448790
vn  -1.508663 8.132348 -5.620396
vn  -9.073325 0.516140 4.172334
vn  4.599178 -6.133335 -6.421040
vn  2.927997 -7.185162 -6.308746
vn  4.615564 -7.065404 -5.364386
vn  2.908290 -7.764461 -5.590617
vn  6.202731 -5.473845 -5.618109
vn  20.659346 -13.348161 -19.165276
vn  21.064890 -17.588167 -14.731998
vn  6.244692 -6.201941 -4.747602
vn  3.473394 6.811497 -6.445079
vn  1.606861 7.888381 -5.932239
vn  4.921652 7.200165 -4.892336
vn  6.908157 5.286436 -4.932642
vn  8.480435 3.859733 -3.631068
vn  7.302063 5.982265 -3.300359
vn  27.753996 10.170133 -10.410097
vn  9.008420 3.723711 -2.232118
vn  8.174042 5.439270 -1.897205
vn  1.455900 9.338834 -3.265964
vn  3.064754 8.644957 -3.983967
vn  5.325427 8.046247 -2.626353
vn  6.664701 7.309488 -1.467357
vn  5.288532 8.354712 -1.493390
vn  7.333620 6.709120 -1.098058
vn  6.316905 7.689145 -0.986790
vn  1.009971 9.884440 -1.130390
vn  0.999541 9.948631 0.160119
vn  2.426040 9.680763 -0.630191
vn  4.557701 8.857391 -0.879753
vn  5.062480 8.619106 -0.286872
vn  2.655865 9.640549 0.078679
vn  0.902142 9.926488 0.806828
vn  0.773628 9.940078 0.772224
vn  2.419568 9.682654 0.626002
vn  6.500230 7.565243 -0.717005
vn  4.617873 8.869896 0.013279
vn  8.473515 5.068651 -1.583763
vn  7.446235 6.564689 -1.207656
vn  29.417223 8.698211 -6.528504
vn  9.268902 3.082091 -2.141999
vn  4.703896 -7.060465 -5.293693
vn  3.193307 -7.593079 -5.669915
vn  21.245415 -18.292673 -15.043743
vn  6.321930 -6.227448 -4.609998
vn  3.931543 -6.096985 -6.882567
vn  20.791948 -18.937820 -17.515045
vn  5.580946 -6.948278 -4.535908
vn  3.319599 -4.593567 -8.238895
vn  3.787381 -4.405385 -8.139307
vn  3.324592 -4.403985 -8.339785
vn  3.214562 -4.038320 -8.564961
vn  8.713704 4.461850 -2.040402
vn  29.748241 7.276110 -8.215192
vn  9.099680 2.875661 -2.987706
vn  6.381117 7.652738 -0.846717
vn  7.808888 6.021845 -1.660912
vn  4.632913 8.861395 -0.108615
vn  2.427325 9.687862 0.503381
vn  7.411036 6.115449 -2.770889
vn  6.462893 7.507277 -1.368134
vn  8.523129 4.374091 -2.867681
vn  2.850037 9.584895 -0.084032
vn  27.254478 9.128097 -11.812213
vn  8.164449 3.899082 -4.258983
vn  7.300255 5.288368 -4.328907
vn  6.540607 6.455153 -3.943531
vn  22.707005 13.358874 -15.703312
vn  7.108204 4.924618 -5.022107
vn  22.610750 15.187282 -15.767456
vn  7.374066 4.832616 -4.719001
vn  6.682227 5.863855 -4.578542
vn  1.180658 9.929302 0.122461
vn  1.655028 9.856756 -0.324394
vn  5.755193 -1.963485 -7.938670
vn  5.060196 -2.214266 -8.336152
vn  3.918439 -3.882489 -8.340990
vn  4.944814 -4.700373 -7.311313
vn  2.958327 -5.388230 -7.887666
vn  3.762097 -6.147222 -6.932408
vn  2.483232 -7.122420 -6.565415
vn  5.087864 -6.405798 -5.751468
vn  5.781291 -5.979437 -5.551847
vn  6.217158 -6.045231 -4.980172
vn  6.072242 6.580660 -4.452278
vn  7.221685 5.040225 -4.737445
vn  27.102982 10.584231 -11.688178
vn  9.048698 2.384115 -3.526620
vn  7.152295 5.193544 -4.676725
vn  3.787689 -6.512769 -6.575504
vn  1.149393 -8.204865 -5.599919
vn  5.796770 -6.434425 -4.999563
vn  5.063278 -6.965351 -5.084003
vn  8.415879 -3.351329 -4.235748
vn  9.750591 1.442332 1.686900
vn  8.982128 -3.236890 2.973871
vn  9.011184 -1.509032 4.064651
vn  9.673553 1.812246 -1.771479
vn  36.103256 -1.519595 -2.419241
vn  4.290121 1.103024 8.965389
vn  6.891574 3.861628 6.131398
vn  3.836667 17.773165 32.049309
vn  -0.834437 -9.482506 -3.063622
vn  2.763393 -0.507294 -9.597203
vn  -0.262512 -9.906535 1.338522
vn  -1.824464 -9.832154 -0.007338
vn  -2.197332 -8.943202 3.897547
vn  -5.468915 -8.199060 1.693037
vn  1.009166 -9.390896 3.285217
vn  -0.683633 -6.729831 7.364918
vn  -2.522589 -7.102790 6.571675
vn  9.322469 3.357965 1.347453
vn  1.319710 -2.285462 9.645467
vn  1.517076 -4.351387 8.874904
vn  5.213524 -3.075143 7.960066
vn  7.282047 -5.313095 4.329296
vn  26.964180 -10.771427 12.659513
vn  5.568409 -0.302714 8.300673
vn  -0.654326 -4.544427 8.883695
vn  2.711056 -6.386271 7.201786
vn  3.606409 -8.288385 4.277439
vn  5.651923 -7.032843 4.312177
vn  4.896329 -7.818541 3.859581
vn  21.792608 -19.580774 10.692878
vn  -2.974652 -6.016994 7.412640
vn  -4.419597 -7.015577 5.590065
vn  -5.875398 -7.247836 3.598412
vn  -5.092728 -6.118125 -6.052493
vn  2.367218 -8.970140 3.732672
vn  10.734547 -26.627592 12.153320
vn  -0.406378 -5.756205 8.167066
vn  -1.969879 -5.795793 7.907488
vn  -4.248906 -6.789636 5.987290
vn  -8.664238 4.840449 1.225165
vn  4.641957 -7.758795 -4.272390
vn  -1.511219 -9.057168 -3.960293
vn  -0.796899 0.591880 9.950610
vn  -5.212080 -7.717905 3.642548
vn  -0.934944 9.852593 1.432578
vn  -2.478011 -3.013960 -9.207361
vn  1.508643 1.389590 -9.787392
vn  5.958657 7.892063 -1.486518
vn  2.883697 4.692781 -8.346382
vn  5.817873 0.171932 -8.131593
vn  25.695013 -13.829715 17.722826
vn  7.858827 -1.748678 -5.931354
vn  20.959490 -2.959022 -7.354981
vn  6.837369 -5.554728 -4.732376
vn  5.003623 -3.342640 -7.986897
vn  19.376450 0.132224 -9.600663
vn  5.088850 -2.612211 -8.202436
vn  11.738989 3.228521 -13.187748
vn  5.421357 -0.358983 -8.395238
vn  8.870746 2.098398 -14.643248
vn  5.159113 1.401661 -8.450971
vn  7.106614 2.640690 -11.982392
vn  4.507378 -3.577904 -8.178150
vn  7.821856 -10.032904 -17.471432
vn  8.157151 -7.643801 -12.118190
vn  5.003604 -5.836523 -6.395228
vn  9.897666 -8.833870 -12.459507
vn  10.228724 -8.094024 -10.300996
vn  8.474824 -7.520248 -10.388255
vn  6.112553 -5.084195 -6.065283
vn  6.278397 9.601974 -7.183095
vn  10.297088 -5.171568 -14.085371
vn  7.638384 -21.340193 -21.444870
vn  7.297830 -24.452406 -18.253595
vn  -1.449946 23.434797 -22.956005
vn  7.860410 -24.299053 -18.455824
vn  10.397081 -21.711672 -20.470787
vn  11.038851 -17.181574 -24.050714
vn  9.684611 -14.549018 -26.276051
vn  8.908246 -14.315890 -26.190744
vn  7.410533 -20.984283 -21.788685
vn  4.897752 -25.113585 -17.920845
vn  -3.799010 26.869555 3.823460
vn  0.251856 -28.932825 -12.266791
vn  -1.022837 -37.404743 -3.501807
vn  8.994231 -31.467869 9.890453
vn  20.757954 9.094285 5.761606
vn  1.359965 17.033138 26.698660
vn  -14.008275 11.352479 -22.278280
vn  -14.165808 15.431481 -22.121931
vn  10.761673 -22.181829 -21.459265
vn  6.344097 -21.911480 -21.518591
vn  22.733278 -11.508720 -18.737797
vn  20.371227 -17.324003 -21.115280
vn  3.815119 23.510815 -22.787428
vn  8.225215 22.558256 -21.362038
vn  15.358062 20.247280 -20.569660
vn  19.875786 17.973898 -17.740444
vn  25.342314 13.671384 -14.927576
vn  27.220337 11.334898 -12.736300
vn  17.755371 34.947323 -0.534027
vn  22.145985 20.720449 -12.264423
vn  6.646274 33.123123 -2.410964
vn  5.020295 35.376125 -1.110334
vn  19.036253 21.599369 -11.851512
vn  18.332376 20.041067 -15.547391
vn  17.488691 2.694077 -26.747316
vn  29.025232 12.503772 2.159480
vn  32.955349 5.717306 -4.812275
vn  23.365860 0.468774 -23.142927
vn  16.902336 1.324607 -27.704033
vn  9.857567 5.701660 -30.771297
vn  9.961390 9.461947 -29.097998
vn  -13.513681 6.315462 18.946056
vn  15.681601 22.919176 7.928699
vn  -2.702983 -6.479127 20.243877
vn  -4.512359 14.116783 1.573448
vn  -2.313642 14.218138 2.064229
vn  -2.471022 15.185292 2.204643
vn  -5.264793 -23.271568 -20.892376
vn  -3.936761 -21.891117 -21.976366
vn  -5.131653 -24.647161 -18.637085
vn  -6.474270 -23.035252 -19.827473
vn  -9.385117 -18.515354 -22.323698
vn  -7.071381 -15.507963 -26.010201
vn  -6.582685 -13.483043 -27.402563
vn  -5.632245 -17.635765 -25.768688
vn  -4.213335 -23.647017 -20.565018
vn  -1.132928 -27.339218 -15.378723
vn  2.889869 -29.447588 -7.045127
vn  1.204808 -17.140469 -0.674389
vn  -4.197072 -12.866324 5.095403
vn  -5.489524 -14.908246 5.792276
vn  -3.583891 -19.075340 -24.931639
vn  -3.919415 -22.447865 -21.658495
vn  -3.052825 -13.945692 -28.116415
vn  -2.632612 0.930752 -29.630150
vn  -2.345745 14.732854 -27.449612
vn  -2.543634 18.989807 -24.998886
vn  -1.526450 13.431634 -13.359127
vn  -2.583081 21.928431 -22.374981
vn  -1.732084 6.905099 11.191734
vn  -2.214506 8.828316 14.308868
vn  -1.041108 24.854464 -19.039249
vn  -0.793951 22.442997 -21.142246
vn  -0.920660 9.000072 -9.120627
vn  -0.999199 22.873478 -22.045830
vn  -32.292870 1.598479 -2.560940
vn  -1.464452 31.155643 -3.593429
vn  -2.525123 29.466530 -5.276225
vn  -6.004926 31.225149 -7.682412
vn  -1.595364 31.386358 -0.848166
vn  -1.631508 31.382374 0.635517
vn  -1.558491 31.280920 2.625954
vn  -1.607592 31.342361 1.665104
vn  -1.384420 31.231911 2.957482
vn  -1.293376 31.269547 2.306617
vn  -1.511976 31.325808 1.176688
vn  -1.910304 31.309473 -0.215555
vn  -2.448115 31.275709 -1.390738
vn  -2.964341 31.263435 -1.589417
vn  -3.241210 31.287439 -0.483254
vn  -3.707072 31.224594 1.615519
vn  -4.316631 30.867420 4.190073
vn  -0.993245 6.214431 1.143455
vn  -0.992569 -30.559254 7.051309
vn  -2.310602 -30.093554 8.797252
vn  -1.160215 -30.859077 5.997476
vn  3.903385 -29.493080 9.623158
vn  -3.551378 -30.321299 8.479170
vn  0.012260 -31.125360 1.242576
vn  0.395936 -24.955124 -2.295234
vn  5.543747 -29.090557 9.024569
vn  3.252296 -27.377245 6.665714
vn  9.824038 -15.791345 -25.697393
vn  11.763614 -19.405352 -22.113680
vn  11.775313 -18.475492 -21.195387
vn  9.855440 -15.476077 -25.107634
vn  3.318030 -26.570940 -15.622434
vn  2.864591 -27.331688 -15.165569
vn  -2.013646 -29.456825 -7.306591
vn  -1.856829 -30.374218 -7.134950
vn  -0.872645 -14.185970 -0.658861
vn  -1.061858 -17.144737 -0.795252
vn  4.235929 -12.749342 5.431471
vn  4.363305 -15.069839 6.464133
vn  3.679732 -12.851486 5.515409
vn  4.898412 -14.888677 6.346178
vn  -5.612563 30.044714 2.824564
vn  -1.232817 7.768872 1.163599
vn  -2.283322 15.217254 2.775055
vn  -12.997090 29.656895 -6.649910
vn  -13.887724 46.807587 -1.946975
vn  -5.997634 12.758182 -2.373868
vn  -8.620805 17.261639 -4.156858
vn  -9.999214 29.463985 -8.182476
vn  -1.899720 9.786031 0.790358
vn  -3.373502 15.283213 2.825469
vn  0.396553 -7.216261 -6.911462
vn  0.446304 -6.113414 -7.901075
vn  6.286458 -19.056747 -24.405331
vn  6.284678 -22.428642 -21.114393
vn  0.506872 -4.389184 -8.970961
vn  0.553799 0.154257 -9.983462
vn  5.765062 0.946572 -29.182371
vn  6.077806 -13.928493 -27.629553
vn  0.460529 4.655810 -8.838062
vn  0.407001 6.007875 -7.983720
vn  5.116251 19.004236 -24.590448
vn  5.196090 14.747061 -27.047468
vn  0.367987 7.031396 -7.100989
vn  0.896295 17.543983 -17.223940
vn  2.887942 13.439949 -13.123744
vn  4.865405 21.942461 -21.977816
vn  -3.753824 -3.660322 -8.515329
vn  -4.165838 -5.161341 -7.483739
vn  -6.685608 -3.108231 -6.755852
vn  -5.899216 -2.766227 -7.585990
vn  -7.250679 1.484756 -6.724816
vn  -6.262422 1.397158 -7.670073
vn  -3.442426 0.725158 -9.360762
vn  -2.927496 4.927199 -8.194661
vn  -4.665635 4.921709 -7.349056
vn  -5.280112 5.326389 -6.614377
vn  -3.120154 5.973813 -7.387706
vn  -6.594784 -27.298058 -26.497631
vn  -9.305302 -12.594896 -14.792221
vn  -4.186876 -5.894651 -6.908195
vn  -1.673383 -7.080849 -6.860128
vn  -1.502480 -6.025698 -7.837954
vn  4.763403 -30.274796 -30.358913
vn  -7.711785 -0.757223 -6.320995
vn  -6.489164 -3.899028 -6.533630
vn  -25.318899 -15.955292 -26.683672
vn  -16.475311 -1.928038 -13.171855
vn  -1.299863 -4.390058 -8.890318
vn  -1.231323 0.281795 -9.919901
vn  -1.105851 6.028619 -7.901446
vn  -0.990719 4.762199 -8.737273
vn  -3.102931 6.540790 -6.898542
vn  -1.189457 6.942075 -7.098787
vn  -7.995916 16.965460 -17.812843
vn  -4.371935 26.754822 -26.965942
vn  -6.924788 3.848631 -6.102077
vn  -18.215975 11.249926 -16.059059
vn  -19.042265 21.628382 -24.744848
vn  -5.085227 5.719901 -6.436086
vn  -28.008671 8.461457 -19.523947
vn  -7.985423 1.978400 -5.684976
vn  -31.318516 5.997283 -21.476873
vn  -5.636926 1.460958 -3.803891
vn  -8.701463 4.413534 -2.192087
vn  -8.389967 4.940152 -2.281084
vn  -8.701095 3.762122 -3.183926
vn  -9.005009 3.062432 -3.087283
vn  -7.999629 5.492253 -2.416836
vn  -8.250330 4.694790 -3.144994
vn  -5.136146 -4.889470 -7.050751
vn  -8.684233 0.476015 -4.935333
vn  -8.861370 -0.038679 -4.634072
vn  -6.719408 6.918366 -2.643058
vn  -7.087763 5.893152 -3.877418
vn  -7.338882 5.986869 -3.209080
vn  -7.376665 6.246938 -2.561360
vn  -6.368216 6.044693 -4.786178
vn  -7.630577 3.190484 -5.620953
vn  -2.500556 9.678913 -0.256631
vn  3.785100 5.517006 7.432070
vn  3.097901 7.725103 5.543084
vn  -5.776878 0.769710 -8.126205
vn  5.999541 0.377809 7.991418
vn  5.798179 3.120671 7.526123
vn  -3.567837 -5.828899 -7.300307
vn  -4.432717 -4.846270 -7.540868
vn  5.213658 -8.520421 -0.469238
vn  6.349179 1.061103 7.652581
vn  -5.488832 -4.750803 -6.877687
vn  0.005264 -8.621776 -5.066060
vn  -6.480326 -4.629453 -6.047606
vn  -7.553765 -3.201150 -5.717802
vn  -7.277882 -3.003899 -6.165145
vn  -6.059383 -4.529915 -6.539398
vn  -9.304438 2.538158 -2.642951
vn  -9.210314 3.035327 -2.440675
vn  -9.364069 1.674377 -3.083936
vn  -9.367698 1.327287 -3.237982
vn  -9.126616 3.404556 -2.261389
vn  -9.314861 2.066810 -2.993603
vn  -9.003095 -0.866472 -4.265385
vn  -9.004396 -1.075054 -4.214867
vn  -8.954659 -1.219286 -4.281052
vn  -9.194791 2.536192 -3.003922
vn  -8.925435 3.941538 -2.191091
vn  -8.966376 -0.543786 -4.394131
vn  -6.739881 -4.699243 -5.700098
vn  -7.672135 -3.504704 -5.371721
vn  -6.890870 -4.795010 -5.433580
vn  -7.774463 -3.604326 -5.154275
vn  -7.045299 -4.701870 -5.315653
vn  -7.838022 -3.608362 -5.054220
vn  -7.827804 -3.627367 -5.056450
vn  -7.001011 -4.742090 -5.338391
vn  -8.945731 1.147070 -4.319504
vn  -9.084334 1.605150 -3.859839
vn  -9.046015 0.367153 -4.246741
vn  -8.814633 0.039115 -4.722362
vn  -9.249964 1.817324 -3.336989
vn  -9.211544 0.700355 -3.828440
vn  -8.706505 -1.569949 -4.661763
vn  -8.492708 -1.817714 -4.956795
vn  -8.188807 -2.161654 -5.317019
vn  -9.313602 1.002322 -3.500308
vn  -9.268072 2.264981 -2.995445
vn  -8.862762 -1.376061 -4.422430
vn  -7.033267 -4.655162 -5.372395
vn  -7.779558 -3.615040 -5.139062
vn  -6.934410 -4.678953 -5.479174
vn  -7.656488 -3.698841 -5.262772
vn  -6.457237 -5.034355 -5.741024
vn  -7.136966 -4.149748 -5.642988
vn  -7.440638 -3.870080 -5.446044
vn  -6.757588 -4.841407 -5.558396
vn  -7.400163 1.543645 -6.546353
vn  -7.853192 0.986057 -6.111878
vn  -7.725769 -0.608396 -6.319996
vn  -7.341735 -0.216306 -6.786172
vn  -8.309909 0.709985 -5.517365
vn  -8.112672 -0.592931 -5.816612
vn  -7.335457 -2.886111 -6.153164
vn  -6.907802 -3.054942 -6.553595
vn  -6.596277 -2.842921 -6.957508
vn  -8.497021 -0.356013 -5.260597
vn  -8.613611 0.989675 -4.982594
vn  -7.784494 -2.558574 -5.731958
vn  -6.045155 -5.466706 -5.794068
vn  -6.700526 -4.520873 -5.887670
vn  -5.589570 -5.681836 -6.039326
vn  -6.216971 -4.873295 -6.131905
vn  -4.916900 -5.982697 -6.327039
vn  -5.497677 -5.098449 -6.616749
vn  -5.807714 -5.054350 -6.381536
vn  -5.166309 -6.023504 -6.084951
vn  -4.827058 -5.792544 -6.568557
vn  -5.419722 -4.633872 -7.010980
vn  -4.984572 -5.040901 -7.052897
vn  -5.503479 -3.790954 -7.439112
vn  -6.353602 -1.177722 -7.631823
vn  -6.411326 -2.283581 -7.326674
vn  -5.606641 -2.081472 -8.014552
vn  -5.921493 -0.903414 -8.007482
vn  -5.698742 -2.345232 -7.875546
vn  -5.236576 -3.610400 -7.716430
vn  -6.393727 1.200895 -7.594610
vn  -6.363427 -0.005631 -7.714063
vn  -6.347557 4.207042 -6.481459
vn  -6.423657 3.776436 -6.668970
vn  -6.513796 2.584312 -7.133849
vn  -6.487876 3.159831 -6.922638
vn  -6.572427 3.257959 -6.796241
vn  -6.735573 1.595896 -7.217006
vn  -7.003518 0.658172 -7.107570
vn  -6.945723 2.382052 -6.788427
vn  -7.532651 3.624457 -5.488394
vn  -7.078901 3.989605 -5.828569
vn  -7.081822 3.482225 -6.141816
vn  -7.525108 3.190641 -5.761297
vn  -6.724088 4.206426 -6.090371
vn  -6.784085 3.571570 -6.420286
vn  -6.754075 2.334365 -6.995228
vn  -7.089817 2.417448 -6.624986
vn  -7.501265 2.265686 -6.212704
vn  -6.547109 3.524981 -6.686543
vn  -6.509518 4.261832 -6.281955
vn  -6.557542 1.902046 -7.306220
vn  -5.798477 -0.471241 -8.133610
vn  -6.173737 0.334458 -7.859587
vn  -6.276094 0.306478 -7.779249
vn  -6.481161 1.037668 -7.544388
vn  -7.156857 0.840769 -6.933434
vn  -7.323136 1.357089 -6.673079
vn  -6.843713 1.378458 -7.159850
vn  -6.567532 0.879018 -7.489650
vn  -9.360144 0.979701 -3.380517
vn  -8.910166 1.863643 -4.139538
vn  -8.889658 1.444250 -4.346045
vn  -9.294277 0.594456 -3.641843
vn  -8.479487 2.541978 -4.651520
vn  -8.452953 2.160881 -4.886529
vn  -8.433868 1.304238 -5.212372
vn  -8.856111 0.579434 -4.607988
vn  -9.217458 -0.277645 -3.867995
vn  -7.990357 2.736786 -5.353894
vn  -7.990300 3.171876 -5.108258
vn  -7.983675 1.880936 -5.720404
vn  -7.653960 0.624974 -6.405178
vn  -7.825581 1.016427 -6.142243
vn  -8.168037 0.040609 -5.769012
vn  -8.315866 0.464584 -5.534483
vn  -8.906698 -1.530555 -4.281135
vn  -9.057255 -1.180388 -4.070972
vn  -8.731120 -0.300652 -4.865915
vn  -8.599370 -0.697891 -5.056064
vn  -9.096744 -2.367551 -3.412323
vn  -9.259500 -1.968125 -3.223064
vn  -9.190598 -2.984985 -2.573471
vn  -9.352657 -2.651417 -2.344733
vn  -9.594769 -1.786915 -2.178836
vn  -9.461561 -1.104934 -3.042692
vn  -9.064900 -4.140712 -0.825883
vn  -9.355441 -3.442499 -0.790514
vn  -9.335164 -3.326347 -1.337953
vn  -9.190427 -3.582001 -1.644782
vn  -9.616657 -2.684196 -0.561237
vn  -9.614315 -2.492798 -1.162283
vn  -9.877895 -1.557733 -0.025284
vn  -9.899637 -1.306098 -0.539711
vn  -9.829688 -1.627432 -0.853631
vn  -9.834013 -1.800909 -0.221127
vn  -9.847425 -0.569893 -1.644212
vn  -9.766628 -0.942270 -1.930050
vn  -9.594582 -0.208023 -2.810822
vn  -9.668795 0.146245 -2.548140
vn  -1.754426 -9.293743 -8.880994
vn  -2.608685 -11.023435 -11.681972
vn  -1.352267 -7.163380 -6.845243
vn  -1.352267 -7.163379 -6.845243
vn  -0.280150 -1.478924 -1.672507
vn  -1.645704 -6.304398 -7.585923
vn  -2.283329 -5.607164 -7.959027
vn  -1.951723 -6.146408 -7.642803
vn  -2.278443 -6.346107 -7.384823
vn  -0.456467 -1.507998 -1.975211
vn  -2.044292 -5.830230 -7.863160
vn  -1.806620 -5.968408 -7.817559
vn  -2.849987 -9.415305 -12.332387
vn  -2.995492 -4.882626 -8.196767
vn  -2.759338 -5.252012 -8.049995
vn  -6.066370 -0.706797 -7.918307
vn  -6.066370 -0.706797 -7.918307
vn  -5.099243 -1.904227 -8.388781
vn  -4.000179 -4.202741 -8.144663
vn  -4.742494 -3.201519 -8.201160
vn  -3.871370 -9.694963 -12.225272
vn  -2.363703 -6.089150 -7.571998
vn  -0.872865 -1.931636 -2.091580
vn  -2.816955 -6.537025 -7.023679
vn  -4.063733 -5.529340 -7.274096
vn  -4.058388 -5.536611 -7.271549
vn  -1.133948 -2.310201 -1.470019
vn  -3.468007 -7.934790 -5.001204
vn  -3.826056 -7.794854 -4.959994
vn  -6.232364 -12.697246 -8.079466
vn  -4.821014 -7.054974 -5.194725
vn  -5.023218 -6.842282 -5.286818
vn  -8.143580 -2.958153 -4.993137
vn  -8.143580 -2.958153 -4.993137
vn  -7.798295 -2.030391 -5.921494
vn  -6.766014 -0.899578 -7.308339
vn  -5.454253 -12.423246 -5.341905
vn  -4.010022 -8.334138 -3.802875
vn  -1.152789 -2.379152 -0.640478
vn  -3.859374 -8.908156 -2.397909
vn  -5.061855 -8.221873 -2.603539
vn  -5.336471 -7.999640 -2.743689
vn  -1.415078 -2.568022 0.426368
vn  -4.266430 -8.922839 1.476650
vn  -4.775936 -8.667162 1.439005
vn  -7.584970 -13.764874 2.285376
vn  -5.354425 -8.383083 1.026663
vn  -5.659033 -8.208758 0.769163
vn  -8.582726 -5.071682 -0.784129
vn  -8.582726 -5.071682 -0.784129
vn  -8.422657 -5.040660 -1.910651
vn  -8.332986 -3.815780 -4.000145
vn  -6.813940 -10.977321 5.864841
vn  -5.157127 -7.684986 3.787483
vn  -1.528767 -1.733173 1.522319
vn  -5.274133 -6.376276 5.614857
vn  -6.285575 -6.091262 4.836121
vn  -6.515966 -6.072728 4.545785
vn  -2.807164 -0.769928 2.639944
vn  -7.265036 -1.901423 6.603320
vn  -7.143520 -1.959273 6.717988
vn  -12.211746 -3.349349 11.484303
vn  -8.108621 -1.963440 5.513181
vn  -8.103143 -1.957123 5.523472
vn  -9.761004 -1.855541 1.131259
vn  -9.761004 -1.855542 1.131259
vn  -9.474408 -2.990501 1.136870
vn  -8.566219 -5.153310 0.251530
vn  -13.263487 4.192242 8.431252
vn  -8.085919 2.699059 5.228095
vn  -3.735740 2.777778 1.364641
vn  -7.717006 5.715751 2.788907
vn  -8.638522 4.600843 2.051381
vn  -8.496720 4.840361 2.092041
vn  -2.005205 2.347051 0.054331
vn  -6.418445 7.663761 0.265198
vn  -6.494662 7.601868 0.175972
vn  -8.847991 10.356391 0.239735
vn  -7.436797 6.673498 -0.398090
vn  -7.472278 6.633138 -0.408083
vn  -9.391593 2.397146 -2.460012
vn  -9.391593 2.397146 -2.460012
vn  -9.736474 1.681123 -1.541065
vn  -9.942130 -0.702038 0.813128
vn  -9.523925 12.782402 -0.297216
vn  -6.156733 7.875976 -0.252244
vn  -1.441989 2.084613 -0.186422
vn  -5.520081 8.323565 -0.496970
vn  -6.406301 7.561213 -1.336920
vn  -6.605766 7.366684 -1.447692
vn  -1.050481 2.008656 -0.339330
vn  -4.509996 8.821681 -1.355681
vn  -4.583210 8.763694 -1.480487
vn  -7.531849 14.401875 -2.432968
vn  -5.227183 8.260697 -2.106520
vn  -5.395470 8.122882 -2.215329
vn  -7.268490 5.173865 -4.516654
vn  -7.268490 5.173865 -4.516654
vn  -7.881457 4.433220 -4.269564
vn  -8.912892 3.223325 -3.189125
vn  -6.376374 13.801223 -3.097659
vn  -4.031118 8.941611 -1.948758
vn  -0.845324 1.983389 -0.516830
vn  -3.953442 8.815708 -2.579450
vn  -4.408302 8.437995 -3.060571
vn  -4.307714 8.513044 -2.995275
vn  -0.952528 2.024257 -0.711717
vn  -4.260311 8.361809 -3.453967
vn  -4.057364 8.622478 -3.031611
vn  -6.473527 13.757165 -4.836937
vn  -4.508731 8.104586 -3.739923
vn  -4.226772 8.338880 -3.549291
vn  -5.655081 6.311503 -5.308953
vn  -5.655081 6.311503 -5.308953
vn  -5.854283 6.185057 -5.241415
vn  -6.697009 5.646067 -4.824105
vn  -7.352194 12.508065 -5.652314
vn  -4.340613 8.352022 -3.376802
vn  -1.286745 2.091852 -0.898229
vn  -5.066396 7.711165 -3.856106
vn  -5.249123 7.455866 -4.105698
vn  -4.936711 7.784094 -3.877725
vn  -1.676681 1.982093 -0.901548
vn  -6.163858 7.049050 -3.509663
vn  -6.100959 7.212266 -3.280473
vn  -9.702404 11.469726 -5.216963
vn  -6.351286 6.721582 -3.805454
vn  -6.193995 6.934626 -3.680404
vn  -7.051003 4.571528 -5.420745
vn  -7.051003 4.571529 -5.420745
vn  -6.387833 5.431944 -5.448813
vn  -5.671339 6.153302 -5.474741
vn  -10.548507 10.598906 -4.567014
vn  -6.716139 6.818486 -2.898571
vn  -1.955916 1.800461 -0.668374
vn  -7.105224 6.637233 -2.337288
vn  -7.319195 6.265645 -2.677885
vn  -7.391304 6.153559 -2.739039
vn  -2.083280 1.800984 -0.418526
vn  -7.382591 6.628398 -1.249670
vn  -7.479136 6.465670 -1.502542
vn  -11.639719 10.062470 -2.338394
vn  -7.623613 6.275960 -1.578874
vn  -7.807597 6.007434 -1.718182
vn  -8.640171 3.882501 -3.205249
vn  -8.640171 3.882501 -3.205249
vn  -8.516308 3.285663 -4.083738
vn  -7.722638 3.990494 -4.943361
vn  -11.580892 10.649065 -1.454527
vn  -7.515501 6.516262 -1.027404
vn  -2.191027 1.962526 -0.220889
vn  -7.315573 6.798275 -0.515604
vn  -7.566144 6.490355 -0.792932
vn  -7.766976 6.232768 -0.909216
vn  -2.283756 2.189187 -0.084546
vn  -7.102515 7.039186 -0.064211
vn  -7.216377 6.917552 -0.267153
vn  -11.011410 10.555435 -0.407647
vn  -7.340622 6.784837 -0.285024
vn  -7.539608 6.558658 -0.371884
vn  -8.579222 4.928507 -1.451468
vn  -8.579222 4.928507 -1.451468
vn  -8.840183 4.198598 -2.054975
vn  -8.777885 4.018896 -2.607143
vn  -11.211517 11.695612 -0.044493
vn  -7.093265 7.048306 -0.083494
vn  -2.374424 2.494740 -0.027547
vn  -6.785880 7.344487 0.101629
vn  -6.998127 7.142879 -0.074051
vn  -7.187618 6.951173 -0.139060
vn  -2.495424 2.917550 -0.023599
vn  -6.387664 7.692604 0.146935
vn  -6.499778 7.599282 -0.061467
vn  -10.074971 11.779257 -0.095277
vn  -6.573295 7.536025 -0.010517
vn  -6.773124 7.356596 -0.072658
vn  -7.738724 6.268684 -0.903181
vn  -7.738725 6.268684 -0.903181
vn  -8.153591 5.680207 -1.119910
vn  -8.465620 5.195386 -1.158115
vn  -9.244019 12.005885 0.065715
vn  -6.308466 7.759067 -0.010956
vn  -2.611022 3.515443 -0.099331
vn  -5.841775 8.116046 0.058615
vn  -6.010106 7.991766 -0.101430
vn  -6.241668 7.811168 -0.165026
vn  -2.918834 5.037133 -0.652227
vn  -4.880083 8.695579 -0.756105
vn  -4.982534 8.598532 -1.113371
vn  -8.434439 14.555603 -1.884716
vn  -5.079482 8.563491 -0.930308
vn  -5.341323 8.404216 -0.916190
vn  -6.368554 7.482383 -1.858885
vn  -6.368554 7.482383 -1.858885
vn  -6.801829 7.211382 -1.315706
vn  -7.488701 6.565102 -0.904866
vn  -5.475754 12.308718 -3.247279
vn  -4.164115 8.806293 -2.260381
vn  -2.752175 7.674798 -3.694130
vn  -3.063534 8.622980 -4.032240
vn  -3.408132 8.415254 -4.191436
vn  -3.587938 8.406322 -4.057146
vn  -1.611224 7.111223 -8.063397
vn  -1.485356 6.522756 -7.432858
vn  -1.482098 6.541316 -7.417181
vn  -2.291423 10.113317 -11.467464
vn  -1.783314 6.406630 -7.468258
vn  -1.917650 6.505641 -7.348419
vn  -4.121422 5.554693 -7.222137
vn  -4.121423 5.554693 -7.222137
vn  -5.162834 6.084542 -6.026897
vn  -5.876760 7.727128 -2.398998
vn  -1.394234 7.928771 -11.835801
vn  -1.233731 5.838783 -8.024121
vn  -0.666015 4.230099 -12.346999
vn  -0.401566 4.416401 -8.962932
vn  -0.988424 4.264709 -8.990845
vn  0.309344 1.247567 9.917050
vn  -1.156199 -5.679970 -11.621323
vn  -1.301372 -4.792405 -8.679821
vn  -0.890296 -4.373688 -8.948644
vn  -1.129464 -5.548629 -11.352595
vn  -1.590547 -4.638614 -8.715126
vn  -1.329830 -5.502441 -8.243464
vn  -3.576648 -4.557609 -8.150815
vn  -3.576648 -4.557609 -8.150815
vn  4.179209 0.674794 9.059739
vn  4.048003 -1.588956 9.004937
vn  -3.273354 -10.322495 -14.086319
vn  -1.633711 -6.193428 -7.679352
vn  -1.446722 -4.483513 -4.826513
vn  -2.350132 -6.640597 -7.097841
vn  -2.551193 -6.520532 -7.139613
vn  -2.365703 -6.778119 -6.961361
vn  -1.296820 -3.382201 -2.827509
vn  -2.812071 -7.362570 -6.155064
vn  -2.822120 -7.360296 -6.153184
vn  -4.105025 -10.706203 -8.950352
vn  -3.075381 -7.212191 -6.206959
vn  -3.052801 -7.235627 -6.190807
vn  -4.719859 -6.109944 -6.355431
vn  -4.719859 -6.109944 -6.355431
vn  -4.071071 -6.206164 -6.701485
vn  -3.456091 -5.682335 -7.467698
vn  -4.677589 -12.215513 -9.079629
vn  -2.996809 -7.618546 -5.742550
vn  -1.118600 -2.865418 -1.993831
vn  -2.884884 -7.860076 -5.467782
vn  -3.202731 -7.701640 -5.516090
vn  -3.297197 -7.624885 -5.566833
vn  -0.900235 -2.626635 -1.709586
vn  -2.487676 -8.119025 -5.281371
vn  -2.760842 -8.055374 -5.242966
vn  -4.379212 -12.777329 -8.316324
vn  -2.880274 -7.949312 -5.339705
vn  -3.063162 -7.822395 -5.424682
vn  -5.082977 -6.575988 -5.560550
vn  -5.082977 -6.575988 -5.560550
vn  -5.077684 -6.563026 -5.580664
vn  -4.953292 -6.371882 -5.904576
vn  -3.474494 -12.821348 -8.183135
vn  -2.455146 -8.075066 -5.363355
vn  -0.685984 -2.537418 -1.628650
vn  -1.917851 -8.263067 -5.295617
vn  -2.387498 -8.085901 -5.377550
vn  -2.600650 -7.952860 -5.476188
vn  -0.514042 -2.515742 -1.490745
vn  -1.418799 -8.527705 -5.026454
vn  -1.731308 -8.473098 -5.020875
vn  -2.700536 -13.216544 -7.831683
vn  -1.922591 -8.353150 -5.150584
vn  -2.158724 -8.215694 -5.276577
vn  -4.534164 -6.881417 -5.664578
vn  -4.534164 -6.881416 -5.664578
vn  -4.916441 -6.595474 -5.685800
vn  -5.019305 -6.558520 -5.638474
vn  -1.937703 -13.478576 -7.250392
vn  -1.496256 -8.611310 -4.858657
vn  -0.369327 -2.459116 -1.277180
vn  -1.083706 -8.842393 -4.542869
vn  -1.548754 -8.679724 -4.718448
vn  -1.743104 -8.568357 -4.852302
vn  -0.290911 -2.273919 -1.082759
vn  -1.272133 -8.932982 -4.310857
vn  -1.147444 -8.969063 -4.270747
vn  -1.692568 -13.230056 -6.299680
vn  -1.628607 -8.764542 -4.531053
vn  -1.562126 -8.810927 -4.464002
vn  -3.487862 -7.562948 -5.535036
vn  -3.487862 -7.562948 -5.535036
vn  -3.874141 -7.330422 -5.590702
vn  -4.209276 -7.091142 -5.656650
vn  -2.586148 -14.380172 -7.469368
vn  -1.330877 -8.962137 -4.231885
vn  -0.321012 -1.951250 -1.058008
vn  -1.905687 -8.463204 -4.974186
vn  -2.178773 -8.249276 -5.215590
vn  -1.873770 -8.578230 -4.785702
vn  -1.465235 -7.763602 -6.130218
vn  -2.169167 -11.493416 -9.075315
vn  -1.973628 -7.555711 -6.246281
vn  -4.297099 -4.610825 -7.763712
vn  -3.594017 -6.518201 -6.678030
vn  -3.563718 -7.406823 -5.695513
vn  -7.677195 1.450197 -6.087518
vn  -11.769914 2.038046 -10.079177
vn  -1.843074 0.348151 -1.461438
vn  -14.830761 2.801482 -11.759833
vn  -10.169532 5.188902 -8.824331
vn  -2.275904 1.132595 -2.120172
vn  -8.102345 9.796653 -8.959403
vn  -1.244095 1.502505 -1.384683
vn  -2.062910 5.306597 -4.470103
vn  -4.645069 9.624154 -9.075771
vn  -1.171339 3.013134 -2.538164
vn  -5.718891 14.711182 -12.392216
vn  -3.665811 8.761111 -9.096948
vn  -0.891631 2.280363 -2.320191
vn  -2.188203 8.014759 -8.842601
vn  -0.685044 1.770613 -1.995373
vn  -3.851497 6.455064 -14.022985
vn  -0.220783 0.557310 -1.354600
vn  -4.616563 0.693926 -12.532838
vn  -0.674546 0.087372 -2.070347
vn  -4.140907 -2.040970 -7.809276
vn  -0.740073 -0.439688 -1.511844
vn  -3.754418 13.646792 -23.536457
vn  -2.149150 4.885345 -8.456629
vn  -2.485990 5.538581 -7.946318
vn  6.639506 6.346249 -3.955006
vn  -2.789220 5.077180 -8.151226
vn  -2.970266 5.540083 -7.777210
vn  -2.928707 5.861078 -7.554498
vn  -2.454371 5.294866 -8.120374
vn  -2.549533 5.746300 -7.776884
vn  -2.618290 5.620461 -7.845697
vn  -2.488291 5.142315 -8.207619
vn  -2.593524 5.982964 -7.581410
vn  -2.721447 5.923641 -7.583152
vn  -7.750899 18.199055 -20.821493
vn  -8.617788 16.271145 -21.055279
vn  -2.832216 5.817604 -7.624568
vn  -2.930320 6.096934 -7.364823
vn  -2.580638 6.173664 -7.431431
vn  -2.679678 6.115708 -7.444289
vn  -15.922446 22.881536 -10.875553
vn  -4.709338 7.307971 -4.941222
vn  -4.964964 6.960816 -5.186151
vn  -6.391974 7.584626 -1.271265
vn  -4.088289 6.622209 -6.279509
vn  -4.447739 6.260103 -6.405368
vn  -5.144049 6.352181 -5.760950
vn  -3.818923 6.071276 -6.968173
vn  -4.548131 5.758680 -6.793534
vn  -4.502214 6.108349 -6.512920
vn  -4.028212 6.495221 -6.448691
vn  -4.808913 5.580674 -6.762427
vn  -4.730563 5.864288 -6.575097
vn  -18.487246 14.728715 -17.042580
vn  19.068821 -19.976501 13.510042
vn  -8.332316 -2.827120 4.751829
vn  -6.026653 4.466864 6.612607
vn  -5.633980 5.725851 -5.955913
vn  -5.486338 6.039399 -5.781501
vn  -12.402702 -9.827931 -23.552002
vn  -4.533291 -3.581604 -8.162192
vn  -4.613825 -3.369449 -8.207279
vn  -4.669920 -2.341573 -8.526950
vn  -4.451340 -3.874751 -8.072910
vn  -4.583134 -3.308949 -8.248984
vn  -4.720720 -2.465070 -8.463937
vn  -3.969505 -3.090379 -8.642487
vn  -4.137208 -2.632185 -8.715223
vn  -4.363688 -2.902280 -8.516748
vn  -4.218561 -3.502770 -8.362676
vn  -4.481166 -2.121824 -8.684298
vn  -4.538239 -2.421214 -8.575669
vn  -11.513221 -3.951439 -26.010143
vn  -13.070972 -4.254049 -22.608881
vn  -4.798232 -2.080766 -8.523343
vn  -4.541159 -2.102534 -8.657784
vn  -11.812898 -5.237245 -20.506371
vn  -4.866504 -2.199110 -8.454647
vn  -4.334200 -2.164446 -8.748136
vn  -4.612061 -2.120516 -8.615817
vn  -13.625751 -7.117079 -24.239799
vn  -4.850214 -2.251939 -8.450100
vn  -4.198825 -3.769186 -8.256095
vn  -3.930049 -3.440227 -8.527576
vn  -4.419723 -4.109704 -7.973480
vn  -4.404549 -4.008191 -8.033328
vn  -4.394195 -3.730742 -8.171452
vn  -4.157187 -3.368669 -8.448069
vn  -12.981989 -9.640747 -21.954834
vn  -4.599690 -4.132528 -7.859076
vn  -4.123995 -3.803571 -8.278014
vn  -18.422922 -7.615010 -18.913132
vn  -5.554518 -4.413757 -7.047416
vn  -4.427717 -4.039636 -8.004790
vn  -5.634753 -2.596859 -7.842568
vn  -4.857349 -3.222139 -8.125514
vn  -4.729380 -2.299712 -8.505545
vn  -4.436818 -3.169870 -8.382516
vn  -4.989170 -2.743459 -8.220804
vn  -4.538949 -3.146520 -8.336507
vn  -4.690933 -3.351091 -8.171006
vn  -5.065688 -2.647712 -8.205390
vn  -3.681839 -2.629003 -8.918095
vn  -3.862182 -2.112287 -8.978964
vn  -3.440395 -1.699258 -9.234511
vn  -3.507833 -1.371027 -9.263660
vn  -3.800701 -0.531365 -9.234302
vn  -4.301263 -1.447053 -8.910958
vn  -2.879178 1.018841 -9.522201
vn  -2.761637 1.196464 -9.536343
vn  -3.148521 -0.198511 -9.489331
vn  -3.149013 -0.589687 -9.472908
vn  -3.068744 1.511853 -9.396654
vn  -3.173520 0.264820 -9.479380
vn  -5.815086 6.147246 -30.169195
vn  -11.305933 2.477757 -28.063488
vn  -3.506813 0.291603 -9.360408
vn  -2.896023 0.591197 -9.553195
vn  -3.795789 -0.597249 -9.232296
vn  -2.452464 1.384795 -9.595195
vn  -2.914985 0.615831 -9.545869
vn  -4.445288 -1.290948 -8.864134
vn  -5.324300 11.720877 -27.776217
vn  -1.736609 3.681648 -9.133984
vn  -1.523315 4.081749 -9.001046
vn  -1.640623 3.276546 -9.304440
vn  -2.280383 3.779815 -8.972896
vn  -2.264607 4.533015 -8.621098
vn  -2.390246 4.405074 -8.653441
vn  -2.461184 2.764599 -9.289756
vn  -2.656303 2.900105 -9.194207
vn  -2.589534 2.501728 -9.329291
vn  -2.478590 2.638550 -9.321730
vn  -2.461225 3.752156 -8.936649
vn  -2.272777 3.646538 -9.029798
vn  -2.325166 4.502526 -8.620955
vn  -2.410211 4.640505 -8.523884
vn  -23.033585 0.846418 -18.947832
vn  -7.742908 1.128072 -6.226943
vn  -9.401609 0.261538 -3.397255
vn  -24.065033 8.207260 -16.326468
vn  -7.847756 1.636378 -5.977875
vn  -6.611880 0.431200 -7.489800
vn  -6.038248 -1.207255 -7.879220
vn  -5.480590 -1.093112 -8.292662
vn  -7.498265 3.436388 -5.653959
vn  -7.433123 2.069198 -6.361375
vn  -6.534114 2.967231 -6.964257
vn  -6.730950 1.647113 -7.209807
vn  -5.179082 2.457670 -8.193715
vn  -5.308661 0.892637 -8.427415
vn  -6.187417 1.343666 -7.740182
vn  -6.071525 2.895648 -7.399446
vn  -5.259336 -0.637768 -8.481312
vn  -6.086052 -0.170938 -7.932890
vn  -5.699540 -1.515221 -8.075850
vn  -5.078230 -1.993608 -8.380757
vn  -4.231723 5.513874 -7.189556
vn  -4.834266 5.425583 -6.869709
vn  -4.540822 4.837718 -7.481806
vn  -5.280938 4.953992 -6.897076
vn  -5.668855 4.336005 -7.004508
vn  -4.940060 4.945238 -7.151254
vn  -5.674834 4.051733 -7.167964
vn  -4.908619 3.947290 -7.766876
vn  -6.339007 3.969641 -6.637691
vn  -18.183022 8.070730 -24.580814
vn  -6.335958 3.753170 -6.765305
vn  -6.912920 3.732354 -6.187170
vn  -6.240697 4.341428 -6.496591
vn  -7.135328 3.890152 -5.826990
vn  -5.363313 4.930797 -6.849972
vn  -3.645061 6.742799 -6.422474
vn  -3.317046 6.491706 -6.845068
vn  -3.855611 6.913963 -6.109941
vn  -3.625301 6.872947 -6.294425
vn  -3.443570 6.875447 -6.392969
vn  -3.182112 6.671652 -6.735222
vn  -9.644312 16.584841 -24.518358
vn  -4.158671 7.312921 -5.406167
vn  -4.830304 7.799405 -3.979628
vn  -9.333449 18.530439 -18.387949
vn  -3.635972 6.907423 -6.250376
vn  -4.449444 7.224296 -5.292635
vn  -8.451735 17.077387 -18.731098
vn  -3.266365 6.658026 -6.708318
vn  -8.533367 19.733740 -20.061478
vn  -3.251256 6.828600 -6.542137
vn  -3.077821 6.849232 -6.604168
vn  -3.316092 6.942216 -6.388205
vn  -8.002756 19.339542 -20.400709
vn  -2.745613 6.596474 -6.996294
vn  -2.743502 6.610683 -6.983700
vn  -2.701182 6.459251 -7.140146
vn  -2.738954 6.333469 -7.237769
vn  -2.844937 6.618558 -6.935490
vn  -2.906702 6.470476 -7.048689
vn  -2.633026 6.218277 -7.375649
vn  -2.664266 6.102217 -7.460874
vn  -2.586105 5.492938 -7.946049
vn  -2.591749 5.890182 -7.654318
vn  -2.818834 5.677313 -7.734487
vn  -2.727573 6.073128 -7.461733
vn  -2.973786 6.248253 -7.219136
vn  -3.146019 5.887620 -7.445703
vn  -3.716628 -2.740067 -8.870102
vn  -3.918093 -2.699868 -8.795411
vn  -3.811255 -1.617575 -9.102625
vn  -3.511943 -1.849477 -9.178545
vn  -4.396681 -2.366452 -8.664243
vn  -4.328546 -1.234459 -8.929715
vn  -4.282623 1.910509 -8.832276
vn  -4.348561 0.227427 -9.002128
vn  -3.610804 1.402414 -9.219292
vn  -3.730649 -0.299101 -9.273231
vn  -3.359476 -0.529205 -9.403928
vn  -3.166860 1.042928 -9.427794
vn  -4.036411 3.441952 -8.477048
vn  -3.786098 4.599301 -8.031929
vn  -3.191060 4.235085 -8.478277
vn  -3.419500 3.026789 -8.896379
vn  -3.480641 5.305554 -7.728922
vn  -2.986831 5.113474 -8.057991
vn  -2.646472 4.854857 -8.332260
vn  -2.767583 3.946498 -8.761600
vn  -2.945452 2.707329 -9.164862
vn  0.045544 0.621687 1.017750
vn  0.506171 6.909316 11.311082
vn  0.647150 8.833706 14.461456
vn  0.304027 7.999441 -5.993038
vn  2.966470 24.862013 -18.825560
vn  2.953409 22.450056 -20.942427
vn  0.346207 7.320460 -6.803749
vn  1.240981 25.040228 -23.839453
vn  3.251962 22.881487 -21.819151
vn  3.794830 23.444677 -22.676344
vn  0.233125 8.888884 -4.575303
vn  2.967786 27.392746 -13.869942
vn  0.163433 9.415749 -3.364069
vn  6.475540 7.364700 -1.956671
vn  0.105368 9.730159 -2.304974
vn  1.363310 9.637519 -2.293384
vn  0.042820 9.935597 -1.132281
vn  1.721218 31.161646 -3.423563
vn  2.961162 29.476866 -4.983686
vn  -0.005793 9.997127 -0.239619
vn  1.558586 31.392302 -0.679992
vn  -0.028318 9.997166 0.236370
vn  1.436763 31.388153 0.799122
vn  -0.062563 9.962147 0.867011
vn  1.152878 31.286026 2.770529
vn  1.303647 31.347845 1.820336
vn  -0.049605 9.983276 0.575954
vn  -0.067809 9.953145 0.964522
vn  0.944724 31.236298 3.081676
vn  -0.064725 9.971450 0.752326
vn  0.923269 31.273720 2.424812
vn  -0.027078 9.992925 0.375124
vn  1.260574 31.331032 1.324525
vn  -0.011419 9.999965 -0.023826
vn  1.804754 31.316469 -0.017461
vn  0.020944 9.990762 -0.429211
vn  2.464609 31.284964 -1.128782
vn  0.031568 9.990421 -0.436432
vn  2.999078 31.274670 -1.271437
vn  0.076440 9.997880 -0.191163
vn  3.156654 31.299494 -0.142108
vn  1.651599 39.380917 1.615772
vn  3.396922 31.237974 1.994316
vn  3.269906 26.882870 4.200387
vn  3.730583 30.882582 4.619164
vn  -0.130517 -9.562285 2.923294
vn  -0.058342 -9.732218 2.297938
vn  0.351900 -30.556721 7.122999
vn  1.475036 -30.086424 8.999108
vn  2.743448 -30.309441 8.814820
vn  -0.332419 -9.540457 2.978113
vn  -4.650108 8.488174 -2.515428
vn  -3.684678 9.121819 -1.793200
vn  -3.294628 9.101492 -2.511624
vn  -3.854654 8.658844 -3.188426
vn  -2.079661 9.686011 -1.362419
vn  -1.880563 9.498196 -2.499548
vn  -2.361069 9.091335 -3.431175
vn  -4.246542 -6.040064 -6.744220
vn  -6.473129 -5.932600 -4.785692
vn  -5.669747 -6.231620 -5.387102
vn  -3.663177 -7.119500 -5.991148
vn  -5.871336 -6.438202 -4.906827
vn  -5.903375 -6.241951 -5.117440
vn  -4.354529 -6.947902 -5.724048
vn  -2.020562 -1.598151 -4.705746
vn  -3.767823 -2.513747 -8.915413
vn  -4.518507 -1.501768 -8.793622
vn  -13.477882 -7.049373 -26.277311
vn  -4.620627 -0.173036 -8.866785
vn  -4.956366 -0.350898 -8.678208
vn  -18.087166 -4.683794 -24.700695
vn  -24.142212 -13.010968 -16.227345
vn  -20.753517 -11.604829 -19.526840
vn  -6.502122 -3.204886 -6.888477
vn  -6.466843 -4.535871 -6.132357
vn  -5.648139 -1.994868 -8.007435
vn  -5.331593 -4.004122 -7.452591
vn  -7.221158 -4.528182 -5.229765
vn  -8.792706 -3.822199 -2.842376
vn  -33.089436 -9.860187 -8.265629
vn  -7.331018 -5.369789 -4.173911
vn  -8.777325 -4.565928 -1.452879
vn  -33.184006 -15.764953 4.486081
vn  -7.438994 -1.763084 6.446154
vn  -8.015640 -2.232395 5.546703
vn  -7.832339 -3.112199 5.382256
vn  -7.580173 -2.913182 5.835610
vn  -36.855389 -9.836575 13.171533
vn  -8.218406 -3.798329 4.246232
vn  -7.840489 -2.341560 5.748375
vn  -4.850197 15.541079 28.873802
vn  -4.106859 16.750219 26.722857
vn  -1.445975 5.216366 8.408251
vn  -1.707811 4.287821 8.871188
vn  -0.144761 0.593878 0.937852
vn  -4.255391 17.022560 26.399239
vn  -11.110106 15.336444 27.660877
vn  2.482904 -9.121605 -3.260598
vn  5.087077 -8.185386 -2.668541
vn  3.596281 -6.221781 -6.953863
vn  1.819639 -7.161670 -6.737907
vn  3.811248 -6.697835 -6.372863
vn  -0.371894 -4.081466 -9.121586
vn  -2.296991 -5.824924 -7.797056
vn  -5.437978 -1.820508 -8.192323
vn  -5.489408 -4.354306 -7.134873
vn  -5.419085 -5.791319 -6.090496
vn  -20.162529 -6.081994 -28.212696
vn  -5.540756 -4.750175 -6.836363
vn  -5.346651 -6.187664 -5.755531
vn  -2.826283 -8.740960 3.950662
vn  -3.564184 -7.938453 4.927226
vn  -2.484977 -8.712312 4.233261
vn  -1.551622 -9.185248 3.636437
vn  -2.304759 -7.590742 6.088408
vn  -0.877038 -8.447316 5.279550
vn  0.213519 -9.534441 3.008126
vn  -9.320090 -0.619858 3.570950
vn  -9.361538 2.057417 2.851077
vn  -6.353232 0.665547 7.693730
vn  -9.900764 0.263128 1.380438
vn  -9.415850 3.328407 0.513300
vn  -7.737500 1.406595 6.176777
vn  -26.247601 -7.317832 16.694202
vn  -7.958707 -1.521464 5.860385
vn  -7.730420 -2.930088 5.626294
vn  -7.570520 -3.194009 5.699608
vn  1.146202 -6.100174 7.840542
vn  0.347015 -5.145197 8.567760
vn  0.672142 -5.036843 8.612691
vn  1.499475 -5.939313 7.904185
vn  -0.857986 -3.743596 9.233057
vn  -0.345394 -4.504867 8.921147
vn  0.875878 -5.352770 8.401231
vn  -7.605695 0.619728 6.462920
vn  -6.409205 0.611747 7.651656
vn  -25.672094 4.703741 20.625113
vn  -18.057425 9.280135 32.124577
vn  -6.723160 -1.935177 7.145223
vn  -9.630676 2.260787 -1.462502
vn  5.006363 1.947865 -8.434581
vn  0.475429 -5.751447 8.166690
vn  -25.451067 11.130478 -16.997122
vn  16.255184 11.409490 -20.664579
vn  -1.501356 -14.012643 20.686356
vn  3.609227 -6.954893 6.213127
vn  2.240761 -6.153416 7.557411
vn  2.231315 -6.403370 7.349699
vn  3.393520 -7.373139 5.841305
vn  1.278993 -5.897757 7.973747
vn  1.490771 -6.358666 7.572646
vn  1.432452 -8.786730 4.554279
vn  -17.050619 11.473130 -28.542139
vn  2.067223 8.139085 -5.429723
vn  3.173131 6.808292 -6.601394
vn  16.379871 15.489023 -20.493181
vn  6.870501 1.285331 7.151514
vn  8.576184 0.549388 5.113436
vn  -3.925880 -6.560106 -6.446121
vn  -3.867207 -6.149283 -6.872483
vn  -2.087398 -6.828592 -7.000936
vn  -2.213503 -7.194848 -6.582900
vn  -13.625329 -22.354399 -24.527136
vn  -8.335248 -22.217804 -22.477541
vn  -4.136510 -17.206165 -17.551760
vn  -3.937457 -21.930847 -22.066820
vn  -2.743009 -13.163282 -13.915827
vn  -5.234381 -21.364443 -22.131269
vn  -5.357559 -22.873810 -20.429802
vn  -4.040746 -7.172935 -5.676387
vn  -3.992364 -7.081619 -5.823375
vn  -2.234832 -7.676188 -6.006801
vn  -2.268098 -7.774211 -5.866631
vn  -5.223431 -24.475994 -18.921253
vn  -5.379441 -24.788843 -18.609819
vn  -5.549517 -5.495984 -6.244759
vn  -5.584672 -4.709352 -6.828868
vn  -18.814541 -16.001104 -18.729095
vn  -18.453854 -13.421846 -21.250858
vn  -14.196132 -8.396750 -15.716553
vn  -20.568398 -11.590287 -21.046713
vn  -14.092843 -9.865760 -15.938230
vn  -17.945068 -17.396193 -23.158365
vn  -19.210220 -18.132051 -16.557169
vn  -19.312613 -17.664228 -16.884998
vn  -5.677844 -6.084823 -5.544097
vn  -5.681075 -6.224407 -5.383505
vn  -1.027495 7.162131 -6.902762
vn  -0.996535 7.883476 -6.071056
vn  -1.458554 23.500877 -23.068626
vn  -2.730810 17.482826 -17.756155
vn  -5.991612 22.531477 -22.120104
vn  -9.672279 22.728533 -23.263241
vn  -2.793890 6.799691 -6.779261
vn  -2.724226 7.662153 -5.819793
vn  -5.880504 6.610833 -4.660103
vn  -4.400506 7.182604 -5.389410
vn  -4.734178 6.085693 -6.368037
vn  -6.364259 5.261432 -5.640349
vn  -13.159547 20.193554 -22.090271
vn  -12.134505 14.665180 -16.969938
vn  -17.943941 17.902647 -19.757055
vn  -21.187893 16.822002 -19.384293
vn  -23.662382 13.579091 -17.540583
vn  -7.539813 4.239991 -5.017339
vn  -21.089346 9.997126 -14.294677
vn  -25.753992 11.235115 -15.560978
vn  -26.640337 10.462172 -15.338032
vn  -8.060659 3.828573 -4.513070
vn  -7.508099 5.673931 -3.381562
vn  -6.932120 5.955450 -4.059350
vn  -26.527615 10.067870 -13.304494
vn  -8.448708 3.771863 -3.793729
vn  -27.223486 9.474791 -10.746970
vn  -8.733900 3.690287 -3.178170
vn  -8.152242 5.210948 -2.527246
vn  -7.946318 5.408903 -2.756771
vn  -1.135414 9.333953 -3.404138
vn  -1.168008 8.836898 -4.532656
vn  -2.656175 8.634180 -4.289016
vn  -3.969857 8.340014 -3.832023
vn  -5.046134 8.026709 -3.179383
vn  -5.869955 7.640947 -2.675735
vn  -6.498285 7.284691 -2.169231
vn  -5.726774 7.991107 -1.829275
vn  -5.131089 8.335082 -2.048983
vn  -6.943151 6.929799 -1.941785
vn  -7.200420 6.681741 -1.873037
vn  -6.452794 7.495863 -1.474273
vn  -6.204993 7.665556 -1.654479
vn  -0.936311 9.662734 -2.398932
vn  -0.921165 9.880802 -1.233361
vn  -2.559578 9.654180 -0.495350
vn  -1.048269 9.944774 0.050926
vn  -1.007375 9.941430 -0.391342
vn  -2.381621 9.671707 -0.886544
vn  -4.087502 8.988720 -1.579626
vn  -4.471550 8.840382 -1.361208
vn  -4.869176 8.669497 -1.063452
vn  -5.035614 8.600082 -0.825321
vn  -2.667100 9.636654 0.146524
vn  -2.685372 9.630486 -0.206125
vn  -1.037649 9.938509 0.386405
vn  -1.020112 9.922867 0.704330
vn  -2.426580 9.695333 0.334949
vn  -0.888699 9.936947 0.683586
vn  -0.939021 9.922547 0.813185
vn  -2.508777 9.673371 0.363214
vn  -4.844773 8.729020 -0.576517
vn  -4.626391 8.852482 -0.479641
vn  -6.415502 7.540911 -1.405695
vn  -6.319842 7.628766 -1.364377
vn  -7.283689 6.597563 -1.849329
vn  -7.300200 6.536910 -1.993962
vn  -8.276031 5.037099 -2.476877
vn  -8.390802 4.751913 -2.648350
vn  -8.942134 3.334711 -2.986292
vn  -9.000076 3.047676 -3.116133
vn  -28.588642 8.588940 -9.621478
vn  -28.978643 7.826393 -10.391186
vn  -4.087729 -7.077027 -5.762478
vn  -2.408705 -7.677829 -5.937093
vn  -2.543708 -7.603886 -5.975823
vn  -5.761889 -24.324715 -19.182190
vn  -6.870208 -23.837168 -19.519890
vn  -19.064615 -19.462271 -17.188673
vn  -19.456310 -18.369347 -17.214029
vn  -5.684088 -6.149341 -5.465962
vn  -5.772412 -6.250231 -5.254890
vn  -2.805443 -7.152234 -6.401175
vn  -3.154419 -6.110333 -7.260404
vn  -8.079606 -21.746477 -21.455997
vn  -8.531513 -19.564432 -23.367229
vn  -3.842010 -4.511769 -4.120676
vn  -18.740200 -19.012283 -19.622976
vn  -5.613194 -6.399980 -5.247124
vn  -5.040805 -6.968288 -5.102278
vn  -7.418119 -15.433944 -26.516249
vn  -2.407364 -4.604356 -8.544268
vn  -2.776988 -5.002786 -8.201248
vn  -8.354058 -17.218107 -25.084778
vn  -2.570476 -4.345342 -8.631956
vn  -2.883789 -4.417953 -8.495026
vn  -2.810206 -3.690673 -8.858989
vn  -2.402313 -4.414773 -8.645153
vn  -2.316941 -4.410918 -8.670385
vn  -2.270335 -4.048652 -8.857426
vn  -6.780754 -14.580036 -27.154015
vn  -6.361496 -13.398170 -27.786097
vn  -8.407320 4.272902 -3.325547
vn  -8.464019 4.429491 -2.956348
vn  -8.920256 2.857868 -3.501660
vn  -8.741106 2.842052 -3.939009
vn  -28.733078 7.165931 -11.333520
vn  -27.749464 7.764406 -12.983678
vn  -6.377412 7.543320 -1.557856
vn  -6.283599 7.628881 -1.522021
vn  -7.489122 6.242137 -2.224579
vn  -7.610555 5.992798 -2.483104
vn  -4.628351 8.843948 -0.602442
vn  -4.590234 8.866243 -0.565215
vn  -2.735406 9.618454 -0.053663
vn  -2.503471 9.678575 0.240463
vn  -7.537489 4.808284 -4.479583
vn  -7.097277 6.088119 -3.544498
vn  -7.502214 5.958468 -2.865906
vn  -8.186221 4.342614 -3.758653
vn  -23.063929 27.443615 -10.612771
vn  -6.308917 7.483218 -2.049149
vn  -17.729071 34.880478 -2.426118
vn  -4.602637 8.821069 -1.002226
vn  -12.111455 39.399712 -3.621878
vn  -2.860930 9.574137 -0.388551
vn  -8.352402 3.263836 -4.425467
vn  -7.679841 3.869233 -5.103828
vn  -25.877916 9.028015 -14.645325
vn  -23.522354 10.991023 -16.106607
vn  -18.673506 20.441637 -13.366537
vn  -20.793890 20.639563 -14.554044
vn  -6.500921 6.178406 -4.423269
vn  -6.108367 6.431325 -4.617996
vn  -6.818337 5.261771 -5.081735
vn  -6.380667 5.634711 -5.247582
vn  -6.919375 4.521213 -5.628577
vn  -6.552295 4.898884 -5.750509
vn  -20.958374 13.276618 -18.031626
vn  -20.317577 14.305635 -18.255766
vn  -20.862715 15.105387 -18.085537
vn  -6.572257 4.977105 -5.659846
vn  -22.900576 14.105759 -17.819790
vn  -6.848535 4.805823 -5.477374
vn  -6.290784 5.580789 -5.411177
vn  -6.179433 5.839627 -5.264348
vn  -1.224281 9.924771 -0.005775
vn  -1.049905 9.936350 0.408200
vn  -1.648166 9.850533 -0.500526
vn  -1.460163 9.887466 -0.325459
vn  -2.609152 13.110150 -0.750196
vn  -5.006625 35.357239 -1.644986
vn  -1.528158 9.867544 -0.544320
vn  -6.476598 33.098400 -3.110699
vn  -4.870938 -1.983502 -8.505274
vn  -4.112305 -3.018918 -8.600877
vn  -4.121592 -4.717452 -7.794750
vn  -4.633167 -1.322534 -8.762686
vn  -4.136676 -2.231591 -8.826546
vn  -2.994619 -3.895512 -8.709607
vn  -2.999201 -5.074018 -8.078312
vn  -2.170066 -4.297698 -8.764736
vn  -2.082509 -5.397727 -8.156452
vn  -6.018744 -14.344009 -26.986675
vn  -5.555322 -17.317751 -25.017242
vn  -2.996075 -6.760877 -6.731573
vn  -2.980446 -6.159924 -7.291932
vn  -1.928459 -6.515342 -7.336986
vn  -1.744205 -7.130383 -6.790830
vn  -4.972600 -21.007610 -22.448977
vn  -4.116567 -22.956102 -20.764267
vn  -4.423296 -6.423716 -6.258619
vn  -4.255641 -5.994895 -6.778697
vn  -5.118369 -6.338449 -5.798823
vn  -5.135617 -6.000002 -6.133955
vn  -6.052988 -5.350075 -5.893897
vn  -5.629555 -6.067548 -5.611860
vn  -5.809395 6.586937 -4.781547
vn  -17.749025 21.530073 -13.812967
vn  -5.589031 6.558692 -5.074079
vn  -17.065546 21.350040 -15.438787
vn  -7.743592 3.624513 -5.186490
vn  -6.695838 5.014004 -5.479553
vn  -7.602375 3.760136 -5.297667
vn  -8.631258 2.350809 -4.469347
vn  -25.745941 10.484685 -14.506171
vn  -27.386690 5.358042 -12.058380
vn  -5.882598 5.969819 -5.454932
vn  -16.650265 19.975180 -17.412718
vn  -6.633875 5.167576 -5.411826
vn  -18.668850 16.442160 -17.431427
vn  -3.042472 -6.525636 -6.939701
vn  -1.285868 -7.619963 -6.346866
vn  -0.516542 -8.208003 -5.688749
vn  -2.869880 -25.128218 -18.335028
vn  -1.146128 -26.572113 -16.415308
vn  -4.818852 -6.242168 -6.149308
vn  -5.208029 -6.455156 -5.586358
vn  -5.431430 -6.283536 -5.569266
vn  -4.467726 -6.983306 -5.592213
vn  -38.005268 2.798812 -10.481508
vn  -7.905078 -3.382071 -5.106009
vn  -9.620330 -2.704665 -0.366105
vn  -9.235215 -3.271210 2.002490
vn  -9.880038 1.405359 0.640162
vn  -9.386593 -1.543690 3.083649
vn  -9.722848 0.492442 -2.285546
vn  -35.635311 -1.654735 -6.244467
vn  -8.990002 0.757251 4.313516
vn  -9.437060 1.776245 -2.790490
vn  -6.927979 -1.108595 7.125596
vn  -5.223294 1.085102 8.458117
vn  -7.518973 3.834481 5.363002
vn  -8.548089 4.972519 -1.484661
vn  -21.286953 9.015077 3.519694
vn  -3.386710 3.367896 8.785640
vn  -7.289806 17.752207 31.456032
vn  1.162732 -28.931108 -12.218222
vn  0.441080 -8.721823 -4.871883
vn  2.272465 -30.366749 -8.031161
vn  1.191113 -9.478690 -2.955616
vn  -4.104660 -1.164963 -9.044039
vn  -1.725225 -0.515749 -9.836544
vn  -10.644079 1.938300 -30.045376
vn  -14.555193 2.633713 -28.455952
vn  1.851824 -9.825229 0.188688
vn  0.801344 -9.958960 -0.420671
vn  0.155900 -9.905746 1.360832
vn  1.529941 -37.399933 -3.365689
vn  3.630030 -9.227098 1.297513
vn  5.288631 -8.178795 2.266646
vn  1.803987 -8.935664 4.110903
vn  3.311891 -7.863280 5.215381
vn  -0.712712 -9.583876 2.764300
vn  -1.317508 -9.395279 3.161154
vn  -0.078156 -6.728691 7.397203
vn  0.725750 -7.822731 6.186934
vn  1.836115 -7.094579 6.804089
vn  -9.342717 3.556610 -0.253278
vn  -29.137064 12.394197 -0.941830
vn  -31.883717 10.155414 -3.380259
vn  -9.425447 3.322645 0.347777
vn  -3.818168 -2.021899 9.018510
vn  -6.018851 -3.096303 7.361136
vn  -2.329337 -2.292337 9.450893
vn  -2.435879 -4.358834 8.664125
vn  -5.537989 -5.491060 6.259307
vn  -7.845914 -4.114110 4.638505
vn  -28.116850 -10.875189 9.722495
vn  -7.681125 -5.341282 3.531433
vn  -25.289042 -16.329876 9.471071
vn  -9.803740 1.812432 0.775738
vn  -6.418357 -0.325297 7.661519
vn  -32.277988 5.594420 -8.290630
vn  -1.244790 -3.276513 9.365626
vn  -0.277014 -4.543716 8.903814
vn  -0.920939 -5.611948 8.225443
vn  -3.437515 -6.397854 6.873933
vn  -5.072719 -7.301279 4.578083
vn  -6.051973 -7.054892 3.688104
vn  -4.009662 -8.302732 3.871336
vn  -4.794870 -7.994702 3.618557
vn  -6.840144 -6.554493 3.201725
vn  -22.732410 -19.664648 8.318727
vn  -5.249588 -7.837654 3.318583
vn  -16.504469 -24.003942 10.169142
vn  2.192103 -6.007260 7.688140
vn  2.269873 -6.349058 7.384926
vn  3.796231 -6.691844 6.388103
vn  3.826411 -7.000043 6.029757
vn  5.860592 -7.334684 3.443234
vn  5.486613 -7.226432 4.204254
vn  5.703034 -5.902741 -5.712534
vn  5.730427 -6.097735 -5.475383
vn  -2.057091 -9.105899 3.584824
vn  -2.717014 -8.979718 3.461572
vn  -4.611862 -12.726036 5.107528
vn  -11.865960 -26.670166 10.948222
vn  -3.420383 -8.740372 3.450634
vn  -9.876705 -31.503418 8.884223
vn  -0.212561 -5.485638 8.358384
vn  -0.442796 -5.756274 8.165123
vn  1.139581 -5.789935 8.073290
vn  2.192225 -6.055355 7.650282
vn  3.613598 -6.774824 6.406533
vn  0.898017 -5.925319 8.005258
vn  8.466577 4.872721 2.138614
vn  -1.714664 9.506711 -2.585028
vn  -4.132129 -7.775317 -4.740247
vn  -20.773930 0.385623 -25.496538
vn  -17.481972 -0.424981 -27.514790
vn  1.957800 -9.050625 -3.775341
vn  4.322859 -7.841076 4.453134
vn  0.441332 0.268199 9.986656
vn  -0.268005 0.592875 9.978811
vn  -0.614175 -1.630342 9.847070
vn  4.824133 -7.698999 4.177697
vn  -1.877560 -7.820208 -5.942989
vn  -13.865294 1.266587 -29.344608
vn  -7.530886 0.536993 -34.593426
vn  0.740328 9.855743 1.521914
vn  5.130672 -7.498717 4.176775
vn  3.454383 -3.002785 -8.891036
vn  -0.676200 0.473421 -9.965874
vn  -6.550779 5.670750 -31.646219
vn  -0.464500 1.385873 -9.892603
vn  -5.894482 8.634652 -31.685949
vn  -3.595154 5.357450 -7.640195
vn  -6.846080 9.430285 -29.994202
vn  -5.796400 7.869919 -2.113318
vn  -8.563167 14.348351 -26.658716
vn  -5.084692 8.195899 -2.640672
vn  -1.997395 4.683586 -8.606650
vn  -5.055906 -0.747935 -8.595255
vn  -4.920769 0.151703 -8.704196
vn  -27.381836 -13.929701 14.892676
vn  -8.584814 -3.736701 3.512553
vn  -6.274440 -5.579430 -5.431515
vn  -6.274440 -5.579430 -5.431515
vn  -7.176894 -1.777006 -6.733085
vn  -6.381123 -1.550059 -4.034565
vn  -20.047277 -3.036235 -9.541496
vn  -2.511365 -2.071229 -2.525002
vn  -7.012899 -2.145946 -6.798100
vn  -4.113328 -3.359813 -8.473027
vn  -10.934067 -0.764969 -7.864343
vn  -18.245998 0.061351 -11.606757
vn  -4.059677 -2.979879 -8.639406
vn  -4.177891 -2.629667 -8.696556
vn  -8.019951 1.651891 -11.484754
vn  -10.282078 3.187029 -14.361960
vn  -4.179962 -2.631540 -8.694994
vn  -4.496474 -0.377666 -8.924074
vn  -6.908469 2.109549 -14.837122
vn  -7.271092 2.067990 -15.503959
vn  -5.040885 0.239536 -8.633198
vn  -4.236406 1.383962 -8.951956
vn  -6.071927 4.564271 -17.299889
vn  -5.801971 2.616373 -12.670700
vn  -3.872414 -0.504374 -9.205977
vn  -3.598675 -3.593174 -8.610379
vn  -4.203308 -4.869316 -10.925841
vn  -5.881830 -10.058719 -18.202137
vn  -6.793466 -7.671965 -12.915382
vn  -3.523974 -5.940078 -7.231672
vn  -4.273195 -5.854001 -6.889882
vn  -7.045969 -7.704055 -11.121699
vn  -8.483333 -8.868496 -13.439613
vn  -4.939928 -5.891816 -6.394029
vn  -9.044828 -8.130331 -11.328695
vn  -5.413762 -5.105908 -6.679886
vn  -5.413762 -5.105908 -6.679886
vn  11.398495 6.362391 20.274416
vn  -10.146909 -8.225162 -7.120715
vn  -7.293761 -7.549953 -11.229063
vn  -0.984851 -0.960178 -1.476289
vn  -5.720813 7.914944 2.150802
vn  -16.521820 22.858511 6.211557
vn  0.559233 -6.472986 20.417810
vn  -7.025307 12.186127 -10.403991
vn  -5.514972 9.579754 -7.811936
vn  -0.726042 1.260850 -1.028232
vn  2.862632 9.483085 1.369828
vn  4.266389 14.133334 2.041555
vn  -8.721349 -5.207395 -15.099467
vn  -0.733835 -0.413475 -1.197765
vn  2.027579 14.226315 2.295711
vn  0.184117 1.291837 0.208465
vn  2.165500 15.194027 2.451871
vn  7.544044 -23.247440 -20.209385
vn  7.445210 -22.340431 -19.539314
vn  6.333637 -21.871769 -21.428730
vn  7.176998 -24.623974 -17.980768
vn  7.179595 -24.808365 -18.069460
vn  8.632523 -23.006794 -19.021952
vn  8.471100 -23.492630 -19.569723
vn  9.509976 -13.452727 -26.544474
vn  9.514585 -13.514633 -26.853735
vn  8.406785 -17.609318 -25.020100
vn  8.004273 -16.666737 -23.948622
vn  6.465152 -23.626900 -19.995621
vn  6.548531 -22.858374 -19.847841
vn  1.851515 9.005295 -8.972811
vn  32.375858 1.720301 0.887309
vn  6.670477 31.249027 -7.006537
vn  0.842663 6.217889 1.241349
vn  0.631787 -30.855701 6.093028
vn  -4.793756 -29.509464 9.159410
vn  -0.027392 -31.125435 1.240462
vn  -0.055857 -24.955976 -2.319325
vn  -6.362662 -29.112988 8.389698
vn  -3.839815 -27.390604 6.287551
# 5436 vertex normals

g Máscara_de_Zorro
s 2
f 94/16/94 1309/1379/1309 1310/1380/1310
f 1310/1380/1310 96/17/96 94/16/94
f 1314/1384/1314 1315/1385/1315 128/26/128
f 128/26/128 124/24/124 1314/1384/1314
f 128/26/128 1315/1385/1315 1316/1386/1316
f 1316/1386/1316 8/27/8 128/26/128
f 141/29/141 1317/1387/1317 1318/1388/1318
f 1318/1388/1318 10/30/10 141/29/141
f 32/51/32 33/52/33 918/53/918
f 105/116/105 104/115/104 107/118/107
f 107/118/107 109/120/109 105/116/105
f 109/120/109 107/118/107 121/128/121
f 121/128/121 127/135/127 109/120/109
f 127/135/127 121/128/121 32/51/32
f 32/51/32 918/53/918 127/135/127
f 109/120/109 127/135/127 918/25/918
f 918/25/918 116/21/116 109/120/109
f 65/4/65 1319/1389/1319 1320/1390/1320
f 1320/1390/1320 155/175/155 65/4/65
f 2/6/2 1322/1392/1322 1321/1391/1321
f 1321/1391/1321 156/176/156 2/6/2
f 71/7/71 1324/1394/1324 1323/1393/1323
f 1323/1393/1323 157/177/157 71/7/71
f 158/178/158 72/8/72 1325/1395/1325
f 1325/1395/1325 1326/1396/1326 158/178/158
f 159/179/159 14/32/14 160/180/160
f 160/180/160 177/197/177 159/179/159
f 160/180/160 13/33/13 161/181/161
f 161/181/161 177/197/177 160/180/160
f 161/181/161 12/31/12 159/179/159
f 159/179/159 177/197/177 161/181/161
f 162/182/162 12/31/12 161/181/161
f 161/181/161 178/198/178 162/182/162
f 161/181/161 13/33/13 163/183/163
f 163/183/163 178/198/178 161/181/161
f 163/183/163 15/34/15 162/182/162
f 162/182/162 178/198/178 163/183/163
f 164/184/164 64/85/64 165/185/165
f 165/185/165 179/199/179 164/184/164
f 165/185/165 14/32/14 166/186/166
f 166/186/166 179/199/179 165/185/165
f 166/186/166 65/4/65 155/175/155
f 155/175/155 179/199/179 166/186/166
f 155/175/155 1/3/1 164/184/164
f 164/184/164 179/199/179 155/175/155
f 167/187/167 13/33/13 160/180/160
f 160/180/160 180/200/180 167/187/167
f 160/180/160 14/32/14 165/185/165
f 165/185/165 180/200/180 160/180/160
f 165/185/165 64/85/64 168/188/168
f 168/188/168 180/200/180 165/185/165
f 168/188/168 68/88/68 167/187/167
f 167/187/167 180/200/180 168/188/168
f 156/176/156 65/4/65 166/186/166
f 166/186/166 181/201/181 156/176/156
f 166/186/166 14/32/14 159/179/159
f 159/179/159 181/201/181 166/186/166
f 159/179/159 12/31/12 169/189/169
f 169/189/169 181/201/181 159/179/159
f 169/189/169 2/6/2 156/176/156
f 156/176/156 181/201/181 169/189/169
f 162/182/162 15/34/15 170/190/170
f 170/190/170 182/202/182 162/182/162
f 170/190/170 71/7/71 157/177/157
f 157/177/157 182/202/182 170/190/170
f 157/177/157 2/6/2 169/189/169
f 169/189/169 182/202/182 157/177/157
f 169/189/169 12/31/12 162/182/162
f 162/182/162 182/202/182 169/189/169
f 170/190/170 15/34/15 171/191/171
f 171/191/171 183/203/183 170/190/170
f 171/191/171 73/90/73 172/192/172
f 172/192/172 183/203/183 171/191/171
f 172/192/172 72/8/72 158/178/158
f 158/178/158 183/203/183 172/192/172
f 158/178/158 71/7/71 170/190/170
f 170/190/170 183/203/183 158/178/158
f 173/193/173 74/91/74 174/194/174
f 174/194/174 184/204/184 173/193/173
f 174/194/174 73/90/73 171/191/171
f 171/191/171 184/204/184 174/194/174
f 171/191/171 15/34/15 163/183/163
f 163/183/163 184/204/184 171/191/171
f 163/183/163 13/33/13 173/193/173
f 173/193/173 184/204/184 163/183/163
f 175/195/175 74/91/74 173/193/173
f 173/193/173 185/205/185 175/195/175
f 173/193/173 13/33/13 167/187/167
f 167/187/167 185/205/185 173/193/173
f 167/187/167 68/88/68 176/196/176
f 176/196/176 185/205/185 167/187/167
f 176/196/176 78/94/78 175/195/175
f 175/195/175 185/205/185 176/196/176
f 197/217/197 424/444/424 315/335/315
f 315/335/315 427/447/427 197/217/197
f 269/289/269 425/445/425 315/335/315
f 315/335/315 424/444/424 269/289/269
f 224/244/224 426/446/426 315/335/315
f 315/335/315 425/445/425 224/244/224
f 251/271/251 427/447/427 315/335/315
f 315/335/315 426/446/426 251/271/251
f 198/218/198 428/448/428 316/336/316
f 316/336/316 430/450/430 198/218/198
f 270/290/270 429/449/429 316/336/316
f 316/336/316 428/448/428 270/290/270
f 224/244/224 425/445/425 316/336/316
f 316/336/316 429/449/429 224/244/224
f 269/289/269 430/450/430 316/336/316
f 316/336/316 425/445/425 269/289/269
f 199/219/199 431/451/431 317/337/317
f 317/337/317 433/453/433 199/219/199
f 271/291/271 432/452/432 317/337/317
f 317/337/317 431/451/431 271/291/271
f 224/244/224 429/449/429 317/337/317
f 317/337/317 432/452/432 224/244/224
f 270/290/270 433/453/433 317/337/317
f 317/337/317 429/449/429 270/290/270
f 200/220/200 434/454/434 318/338/318
f 318/338/318 436/456/436 200/220/200
f 272/292/272 435/455/435 318/338/318
f 318/338/318 434/454/434 272/292/272
f 224/244/224 432/452/432 318/338/318
f 318/338/318 435/455/435 224/244/224
f 271/291/271 436/456/436 318/338/318
f 318/338/318 432/452/432 271/291/271
f 201/221/201 437/457/437 319/339/319
f 319/339/319 438/458/438 201/221/201
f 251/271/251 426/446/426 319/339/319
f 319/339/319 437/457/437 251/271/251
f 224/244/224 435/455/435 319/339/319
f 319/339/319 426/446/426 224/244/224
f 272/292/272 438/458/438 319/339/319
f 319/339/319 435/455/435 272/292/272
f 196/216/196 439/459/439 320/340/320
f 320/340/320 442/462/442 196/216/196
f 268/288/268 440/460/440 320/340/320
f 320/340/320 439/459/439 268/288/268
f 225/245/225 441/461/441 320/340/320
f 320/340/320 440/460/440 225/245/225
f 252/272/252 442/462/442 320/340/320
f 320/340/320 441/461/441 252/272/252
f 197/217/197 427/447/427 321/341/321
f 321/341/321 444/464/444 197/217/197
f 251/271/251 443/463/443 321/341/321
f 321/341/321 427/447/427 251/271/251
f 225/245/225 440/460/440 321/341/321
f 321/341/321 443/463/443 225/245/225
f 268/288/268 444/464/444 321/341/321
f 321/341/321 440/460/440 268/288/268
f 201/221/201 445/465/445 322/342/322
f 322/342/322 437/457/437 201/221/201
f 273/293/273 446/466/446 322/342/322
f 322/342/322 445/465/445 273/293/273
f 225/245/225 443/463/443 322/342/322
f 322/342/322 446/466/446 225/245/225
f 251/271/251 437/457/437 322/342/322
f 322/342/322 443/463/443 251/271/251
f 202/222/202 447/467/447 323/343/323
f 323/343/323 448/468/448 202/222/202
f 252/272/252 441/461/441 323/343/323
f 323/343/323 447/467/447 252/272/252
f 225/245/225 446/466/446 323/343/323
f 323/343/323 441/461/441 225/245/225
f 273/293/273 448/468/448 323/343/323
f 323/343/323 446/466/446 273/293/273
f 195/215/195 449/469/449 324/344/324
f 324/344/324 452/472/452 195/215/195
f 267/287/267 450/470/450 324/344/324
f 324/344/324 449/469/449 267/287/267
f 226/246/226 451/471/451 324/344/324
f 324/344/324 450/470/450 226/246/226
f 253/273/253 452/472/452 324/344/324
f 324/344/324 451/471/451 253/273/253
f 196/216/196 442/462/442 325/345/325
f 325/345/325 454/474/454 196/216/196
f 252/272/252 453/473/453 325/345/325
f 325/345/325 442/462/442 252/272/252
f 226/246/226 450/470/450 325/345/325
f 325/345/325 453/473/453 226/246/226
f 267/287/267 454/474/454 325/345/325
f 325/345/325 450/470/450 267/287/267
f 202/222/202 455/475/455 326/346/326
f 326/346/326 447/467/447 202/222/202
f 274/294/274 456/476/456 326/346/326
f 326/346/326 455/475/455 274/294/274
f 226/246/226 453/473/453 326/346/326
f 326/346/326 456/476/456 226/246/226
f 252/272/252 447/467/447 326/346/326
f 326/346/326 453/473/453 252/272/252
f 203/223/203 457/477/457 327/347/327
f 327/347/327 458/478/458 203/223/203
f 253/273/253 451/471/451 327/347/327
f 327/347/327 457/477/457 253/273/253
f 226/246/226 456/476/456 327/347/327
f 327/347/327 451/471/451 226/246/226
f 274/294/274 458/478/458 327/347/327
f 327/347/327 456/476/456 274/294/274
f 194/214/194 459/479/459 328/348/328
f 328/348/328 462/482/462 194/214/194
f 266/286/266 460/480/460 328/348/328
f 328/348/328 459/479/459 266/286/266
f 227/247/227 461/481/461 328/348/328
f 328/348/328 460/480/460 227/247/227
f 254/274/254 462/482/462 328/348/328
f 328/348/328 461/481/461 254/274/254
f 195/215/195 452/472/452 329/349/329
f 329/349/329 464/484/464 195/215/195
f 253/273/253 463/483/463 329/349/329
f 329/349/329 452/472/452 253/273/253
f 227/247/227 460/480/460 329/349/329
f 329/349/329 463/483/463 227/247/227
f 266/286/266 464/484/464 329/349/329
f 329/349/329 460/480/460 266/286/266
f 203/223/203 465/485/465 330/350/330
f 330/350/330 457/477/457 203/223/203
f 275/295/275 466/486/466 330/350/330
f 330/350/330 465/485/465 275/295/275
f 227/247/227 463/483/463 330/350/330
f 330/350/330 466/486/466 227/247/227
f 253/273/253 457/477/457 330/350/330
f 330/350/330 463/483/463 253/273/253
f 204/224/204 467/487/467 331/351/331
f 331/351/331 468/488/468 204/224/204
f 254/274/254 461/481/461 331/351/331
f 331/351/331 467/487/467 254/274/254
f 227/247/227 466/486/466 331/351/331
f 331/351/331 461/481/461 227/247/227
f 275/295/275 468/488/468 331/351/331
f 331/351/331 466/486/466 275/295/275
f 204/224/204 469/489/469 332/352/332
f 332/352/332 467/487/467 204/224/204
f 276/296/276 470/490/470 332/352/332
f 332/352/332 469/489/469 276/296/276
f 228/248/228 471/491/471 332/352/332
f 332/352/332 470/490/470 228/248/228
f 254/274/254 467/487/467 332/352/332
f 332/352/332 471/491/471 254/274/254
f 186/206/186 472/492/472 333/353/333
f 333/353/333 474/494/474 186/206/186
f 255/275/255 473/493/473 333/353/333
f 333/353/333 472/492/472 255/275/255
f 228/248/228 470/490/470 333/353/333
f 333/353/333 473/493/473 228/248/228
f 276/296/276 474/494/474 333/353/333
f 333/353/333 470/490/470 276/296/276
f 193/213/193 475/495/475 334/354/334
f 334/354/334 477/497/477 193/213/193
f 265/285/265 476/496/476 334/354/334
f 334/354/334 475/495/475 265/285/265
f 228/248/228 473/493/473 334/354/334
f 334/354/334 476/496/476 228/248/228
f 255/275/255 477/497/477 334/354/334
f 334/354/334 473/493/473 255/275/255
f 194/214/194 462/482/462 335/355/335
f 335/355/335 478/498/478 194/214/194
f 254/274/254 471/491/471 335/355/335
f 335/355/335 462/482/462 254/274/254
f 228/248/228 476/496/476 335/355/335
f 335/355/335 471/491/471 228/248/228
f 265/285/265 478/498/478 335/355/335
f 335/355/335 476/496/476 265/285/265
f 192/212/192 479/499/479 336/356/336
f 336/356/336 482/502/482 192/212/192
f 264/284/264 480/500/480 336/356/336
f 336/356/336 479/499/479 264/284/264
f 229/249/229 481/501/481 336/356/336
f 336/356/336 480/500/480 229/249/229
f 256/276/256 482/502/482 336/356/336
f 336/356/336 481/501/481 256/276/256
f 193/213/193 477/497/477 337/357/337
f 337/357/337 484/504/484 193/213/193
f 255/275/255 483/503/483 337/357/337
f 337/357/337 477/497/477 255/275/255
f 229/249/229 480/500/480 337/357/337
f 337/357/337 483/503/483 229/249/229
f 264/284/264 484/504/484 337/357/337
f 337/357/337 480/500/480 264/284/264
f 186/206/186 485/505/485 338/358/338
f 338/358/338 472/492/472 186/206/186
f 258/278/258 486/506/486 338/358/338
f 338/358/338 485/505/485 258/278/258
f 229/249/229 483/503/483 338/358/338
f 338/358/338 486/506/486 229/249/229
f 255/275/255 472/492/472 338/358/338
f 338/358/338 483/503/483 255/275/255
f 187/207/187 487/507/487 339/359/339
f 339/359/339 488/508/488 187/207/187
f 256/276/256 481/501/481 339/359/339
f 339/359/339 487/507/487 256/276/256
f 229/249/229 486/506/486 339/359/339
f 339/359/339 481/501/481 229/249/229
f 258/278/258 488/508/488 339/359/339
f 339/359/339 486/506/486 258/278/258
f 191/211/191 489/509/489 340/360/340
f 340/360/340 492/512/492 191/211/191
f 263/283/263 490/510/490 340/360/340
f 340/360/340 489/509/489 263/283/263
f 230/250/230 491/511/491 340/360/340
f 340/360/340 490/510/490 230/250/230
f 257/277/257 492/512/492 340/360/340
f 340/360/340 491/511/491 257/277/257
f 192/212/192 482/502/482 341/361/341
f 341/361/341 494/514/494 192/212/192
f 256/276/256 493/513/493 341/361/341
f 341/361/341 482/502/482 256/276/256
f 230/250/230 490/510/490 341/361/341
f 341/361/341 493/513/493 230/250/230
f 263/283/263 494/514/494 341/361/341
f 341/361/341 490/510/490 263/283/263
f 187/207/187 495/515/495 342/362/342
f 342/362/342 487/507/487 187/207/187
f 259/279/259 496/516/496 342/362/342
f 342/362/342 495/515/495 259/279/259
f 230/250/230 493/513/493 342/362/342
f 342/362/342 496/516/496 230/250/230
f 256/276/256 487/507/487 342/362/342
f 342/362/342 493/513/493 256/276/256
f 188/208/188 497/517/497 343/363/343
f 343/363/343 498/518/498 188/208/188
f 257/277/257 491/511/491 343/363/343
f 343/363/343 497/517/497 257/277/257
f 230/250/230 496/516/496 343/363/343
f 343/363/343 491/511/491 230/250/230
f 259/279/259 498/518/498 343/363/343
f 343/363/343 496/516/496 259/279/259
f 188/208/188 499/519/499 344/364/344
f 344/364/344 497/517/497 188/208/188
f 260/280/260 500/520/500 344/364/344
f 344/364/344 499/519/499 260/280/260
f 231/251/231 501/521/501 344/364/344
f 344/364/344 500/520/500 231/251/231
f 257/277/257 497/517/497 344/364/344
f 344/364/344 501/521/501 257/277/257
f 189/209/189 502/522/502 345/365/345
f 345/365/345 504/524/504 189/209/189
f 261/281/261 503/523/503 345/365/345
f 345/365/345 502/522/502 261/281/261
f 231/251/231 500/520/500 345/365/345
f 345/365/345 503/523/503 231/251/231
f 260/280/260 504/524/504 345/365/345
f 345/365/345 500/520/500 260/280/260
f 190/210/190 505/525/505 346/366/346
f 346/366/346 507/527/507 190/210/190
f 262/282/262 506/526/506 346/366/346
f 346/366/346 505/525/505 262/282/262
f 231/251/231 503/523/503 346/366/346
f 346/366/346 506/526/506 231/251/231
f 261/281/261 507/527/507 346/366/346
f 346/366/346 503/523/503 261/281/261
f 191/211/191 492/512/492 347/367/347
f 347/367/347 508/528/508 191/211/191
f 257/277/257 501/521/501 347/367/347
f 347/367/347 492/512/492 257/277/257
f 231/251/231 506/526/506 347/367/347
f 347/367/347 501/521/501 231/251/231
f 262/282/262 508/528/508 347/367/347
f 347/367/347 506/526/506 262/282/262
s 0
f 205/225/205 509/529/509 348/368/348
f 348/368/348 512/532/512 205/225/205
f 296/316/296 510/530/510 348/368/348
f 348/368/348 509/529/509 296/316/296
f 232/252/232 511/531/511 348/368/348
f 348/368/348 510/530/510 232/252/232
f 277/297/277 512/532/512 348/368/348
f 348/368/348 511/531/511 277/297/277
f 206/226/206 513/533/513 349/369/349
f 349/369/349 515/535/515 206/226/206
f 278/298/278 514/534/514 349/369/349
f 349/369/349 513/533/513 278/298/278
f 232/252/232 510/530/510 349/369/349
f 349/369/349 514/534/514 232/252/232
f 296/316/296 515/535/515 349/369/349
f 349/369/349 510/530/510 296/316/296
f 187/207/187 488/508/488 350/370/350
f 350/370/350 517/537/517 187/207/187
f 258/278/258 516/536/516 350/370/350
f 350/370/350 488/508/488 258/278/258
f 232/252/232 514/534/514 350/370/350
f 350/370/350 516/536/516 232/252/232
f 278/298/278 517/537/517 350/370/350
f 350/370/350 514/534/514 278/298/278
f 186/206/186 518/538/518 351/371/351
f 351/371/351 485/505/485 186/206/186
f 277/297/277 511/531/511 351/371/351
f 351/371/351 518/538/518 277/297/277
f 232/252/232 516/536/516 351/371/351
f 351/371/351 511/531/511 232/252/232
f 258/278/258 485/505/485 351/371/351
f 351/371/351 516/536/516 258/278/258
f 206/226/206 519/539/519 352/372/352
f 352/372/352 513/533/513 206/226/206
f 297/317/297 520/540/520 352/372/352
f 352/372/352 519/539/519 297/317/297
f 233/253/233 521/541/521 352/372/352
f 352/372/352 520/540/520 233/253/233
f 278/298/278 513/533/513 352/372/352
f 352/372/352 521/541/521 278/298/278
f 207/227/207 522/542/522 353/373/353
f 353/373/353 524/544/524 207/227/207
f 279/299/279 523/543/523 353/373/353
f 353/373/353 522/542/522 279/299/279
f 233/253/233 520/540/520 353/373/353
f 353/373/353 523/543/523 233/253/233
f 297/317/297 524/544/524 353/373/353
f 353/373/353 520/540/520 297/317/297
f 188/208/188 498/518/498 354/374/354
f 354/374/354 526/546/526 188/208/188
f 259/279/259 525/545/525 354/374/354
f 354/374/354 498/518/498 259/279/259
f 233/253/233 523/543/523 354/374/354
f 354/374/354 525/545/525 233/253/233
f 279/299/279 526/546/526 354/374/354
f 354/374/354 523/543/523 279/299/279
f 187/207/187 517/537/517 355/375/355
f 355/375/355 495/515/495 187/207/187
f 278/298/278 521/541/521 355/375/355
f 355/375/355 517/537/517 278/298/278
f 233/253/233 525/545/525 355/375/355
f 355/375/355 521/541/521 233/253/233
f 259/279/259 495/515/495 355/375/355
f 355/375/355 525/545/525 259/279/259
f 207/227/207 527/547/527 356/376/356
f 356/376/356 522/542/522 207/227/207
f 298/318/298 528/548/528 356/376/356
f 356/376/356 527/547/527 298/318/298
f 234/254/234 529/549/529 356/376/356
f 356/376/356 528/548/528 234/254/234
f 279/299/279 522/542/522 356/376/356
f 356/376/356 529/549/529 279/299/279
f 208/228/208 530/550/530 357/377/357
f 357/377/357 532/552/532 208/228/208
f 280/300/280 531/551/531 357/377/357
f 357/377/357 530/550/530 280/300/280
f 234/254/234 528/548/528 357/377/357
f 357/377/357 531/551/531 234/254/234
f 298/318/298 532/552/532 357/377/357
f 357/377/357 528/548/528 298/318/298
f 189/209/189 504/524/504 358/378/358
f 358/378/358 534/554/534 189/209/189
f 260/280/260 533/553/533 358/378/358
f 358/378/358 504/524/504 260/280/260
f 234/254/234 531/551/531 358/378/358
f 358/378/358 533/553/533 234/254/234
f 280/300/280 534/554/534 358/378/358
f 358/378/358 531/551/531 280/300/280
f 188/208/188 526/546/526 359/379/359
f 359/379/359 499/519/499 188/208/188
f 279/299/279 529/549/529 359/379/359
f 359/379/359 526/546/526 279/299/279
f 234/254/234 533/553/533 359/379/359
f 359/379/359 529/549/529 234/254/234
f 260/280/260 499/519/499 359/379/359
f 359/379/359 533/553/533 260/280/260
f 208/228/208 535/555/535 360/380/360
f 360/380/360 530/550/530 208/228/208
f 312/332/312 536/556/536 360/380/360
f 360/380/360 535/555/535 312/332/312
f 235/255/235 537/557/537 360/380/360
f 360/380/360 536/556/536 235/255/235
f 280/300/280 530/550/530 360/380/360
f 360/380/360 537/557/537 280/300/280
f 209/229/209 538/558/538 361/381/361
f 361/381/361 540/560/540 209/229/209
f 281/301/281 539/559/539 361/381/361
f 361/381/361 538/558/538 281/301/281
f 235/255/235 536/556/536 361/381/361
f 361/381/361 539/559/539 235/255/235
f 312/332/312 540/560/540 361/381/361
f 361/381/361 536/556/536 312/332/312
f 190/210/190 507/527/507 362/382/362
f 362/382/362 542/562/542 190/210/190
f 261/281/261 541/561/541 362/382/362
f 362/382/362 507/527/507 261/281/261
f 235/255/235 539/559/539 362/382/362
f 362/382/362 541/561/541 235/255/235
f 281/301/281 542/562/542 362/382/362
f 362/382/362 539/559/539 281/301/281
f 189/209/189 534/554/534 363/383/363
f 363/383/363 502/522/502 189/209/189
f 280/300/280 537/557/537 363/383/363
f 363/383/363 534/554/534 280/300/280
f 235/255/235 541/561/541 363/383/363
f 363/383/363 537/557/537 235/255/235
f 261/281/261 502/522/502 363/383/363
f 363/383/363 541/561/541 261/281/261
f 209/229/209 543/563/543 364/384/364
f 364/384/364 538/558/538 209/229/209
f 313/333/313 544/564/544 364/384/364
f 364/384/364 543/563/543 313/333/313
f 236/256/236 545/565/545 364/384/364
f 364/384/364 544/564/544 236/256/236
f 281/301/281 538/558/538 364/384/364
f 364/384/364 545/565/545 281/301/281
f 222/242/222 546/566/546 365/385/365
f 365/385/365 548/568/548 222/242/222
f 282/302/282 547/567/547 365/385/365
f 365/385/365 546/566/546 282/302/282
f 236/256/236 544/564/544 365/385/365
f 365/385/365 547/567/547 236/256/236
f 313/333/313 548/568/548 365/385/365
f 365/385/365 544/564/544 313/333/313
f 191/211/191 508/528/508 366/386/366
f 366/386/366 550/570/550 191/211/191
f 262/282/262 549/569/549 366/386/366
f 366/386/366 508/528/508 262/282/262
f 236/256/236 547/567/547 366/386/366
f 366/386/366 549/569/549 236/256/236
f 282/302/282 550/570/550 366/386/366
f 366/386/366 547/567/547 282/302/282
f 190/210/190 542/562/542 367/387/367
f 367/387/367 505/525/505 190/210/190
f 281/301/281 545/565/545 367/387/367
f 367/387/367 542/562/542 281/301/281
f 236/256/236 549/569/549 367/387/367
f 367/387/367 545/565/545 236/256/236
f 262/282/262 505/525/505 367/387/367
f 367/387/367 549/569/549 262/282/262
f 222/242/222 551/571/551 368/388/368
f 368/388/368 546/566/546 222/242/222
f 311/331/311 552/572/552 368/388/368
f 368/388/368 551/571/551 311/331/311
f 237/257/237 553/573/553 368/388/368
f 368/388/368 552/572/552 237/257/237
f 282/302/282 546/566/546 368/388/368
f 368/388/368 553/573/553 282/302/282
f 221/241/221 554/574/554 369/389/369
f 369/389/369 556/576/556 221/241/221
f 283/303/283 555/575/555 369/389/369
f 369/389/369 554/574/554 283/303/283
f 237/257/237 552/572/552 369/389/369
f 369/389/369 555/575/555 237/257/237
f 311/331/311 556/576/556 369/389/369
f 369/389/369 552/572/552 311/331/311
f 192/212/192 494/514/494 370/390/370
f 370/390/370 558/578/558 192/212/192
f 263/283/263 557/577/557 370/390/370
f 370/390/370 494/514/494 263/283/263
f 237/257/237 555/575/555 370/390/370
f 370/390/370 557/577/557 237/257/237
f 283/303/283 558/578/558 370/390/370
f 370/390/370 555/575/555 283/303/283
f 191/211/191 550/570/550 371/391/371
f 371/391/371 489/509/489 191/211/191
f 282/302/282 553/573/553 371/391/371
f 371/391/371 550/570/550 282/302/282
f 237/257/237 557/577/557 371/391/371
f 371/391/371 553/573/553 237/257/237
f 263/283/263 489/509/489 371/391/371
f 371/391/371 557/577/557 263/283/263
f 221/241/221 559/579/559 372/392/372
f 372/392/372 554/574/554 221/241/221
f 310/330/310 560/580/560 372/392/372
f 372/392/372 559/579/559 310/330/310
f 238/258/238 561/581/561 372/392/372
f 372/392/372 560/580/560 238/258/238
f 283/303/283 554/574/554 372/392/372
f 372/392/372 561/581/561 283/303/283
f 220/240/220 562/582/562 373/393/373
f 373/393/373 564/584/564 220/240/220
f 284/304/284 563/583/563 373/393/373
f 373/393/373 562/582/562 284/304/284
f 238/258/238 560/580/560 373/393/373
f 373/393/373 563/583/563 238/258/238
f 310/330/310 564/584/564 373/393/373
f 373/393/373 560/580/560 310/330/310
f 193/213/193 484/504/484 374/394/374
f 374/394/374 566/586/566 193/213/193
f 264/284/264 565/585/565 374/394/374
f 374/394/374 484/504/484 264/284/264
f 238/258/238 563/583/563 374/394/374
f 374/394/374 565/585/565 238/258/238
f 284/304/284 566/586/566 374/394/374
f 374/394/374 563/583/563 284/304/284
f 192/212/192 558/578/558 375/395/375
f 375/395/375 479/499/479 192/212/192
f 283/303/283 561/581/561 375/395/375
f 375/395/375 558/578/558 283/303/283
f 238/258/238 565/585/565 375/395/375
f 375/395/375 561/581/561 238/258/238
f 264/284/264 479/499/479 375/395/375
f 375/395/375 565/585/565 264/284/264
f 220/240/220 567/587/567 376/396/376
f 376/396/376 562/582/562 220/240/220
f 308/328/308 568/588/568 376/396/376
f 376/396/376 567/587/567 308/328/308
f 239/259/239 569/589/569 376/396/376
f 376/396/376 568/588/568 239/259/239
f 284/304/284 562/582/562 376/396/376
f 376/396/376 569/589/569 284/304/284
f 219/239/219 570/590/570 377/397/377
f 377/397/377 572/592/572 219/239/219
f 285/305/285 571/591/571 377/397/377
f 377/397/377 570/590/570 285/305/285
f 239/259/239 568/588/568 377/397/377
f 377/397/377 571/591/571 239/259/239
f 308/328/308 572/592/572 377/397/377
f 377/397/377 568/588/568 308/328/308
f 194/214/194 478/498/478 378/398/378
f 378/398/378 574/594/574 194/214/194
f 265/285/265 573/593/573 378/398/378
f 378/398/378 478/498/478 265/285/265
f 239/259/239 571/591/571 378/398/378
f 378/398/378 573/593/573 239/259/239
f 285/305/285 574/594/574 378/398/378
f 378/398/378 571/591/571 285/305/285
f 193/213/193 566/586/566 379/399/379
f 379/399/379 475/495/475 193/213/193
f 284/304/284 569/589/569 379/399/379
f 379/399/379 566/586/566 284/304/284
f 239/259/239 573/593/573 379/399/379
f 379/399/379 569/589/569 239/259/239
f 265/285/265 475/495/475 379/399/379
f 379/399/379 573/593/573 265/285/265
f 219/239/219 575/595/575 380/400/380
f 380/400/380 570/590/570 219/239/219
f 307/327/307 576/596/576 380/400/380
f 380/400/380 575/595/575 307/327/307
f 240/260/240 577/597/577 380/400/380
f 380/400/380 576/596/576 240/260/240
f 285/305/285 570/590/570 380/400/380
f 380/400/380 577/597/577 285/305/285
f 218/238/218 578/598/578 381/401/381
f 381/401/381 580/600/580 218/238/218
f 286/306/286 579/599/579 381/401/381
f 381/401/381 578/598/578 286/306/286
f 240/260/240 576/596/576 381/401/381
f 381/401/381 579/599/579 240/260/240
f 307/327/307 580/600/580 381/401/381
f 381/401/381 576/596/576 307/327/307
f 195/215/195 464/484/464 382/402/382
f 382/402/382 582/602/582 195/215/195
f 266/286/266 581/601/581 382/402/382
f 382/402/382 464/484/464 266/286/266
f 240/260/240 579/599/579 382/402/382
f 382/402/382 581/601/581 240/260/240
f 286/306/286 582/602/582 382/402/382
f 382/402/382 579/599/579 286/306/286
f 194/214/194 574/594/574 383/403/383
f 383/403/383 459/479/459 194/214/194
f 285/305/285 577/597/577 383/403/383
f 383/403/383 574/594/574 285/305/285
f 240/260/240 581/601/581 383/403/383
f 383/403/383 577/597/577 240/260/240
f 266/286/266 459/479/459 383/403/383
f 383/403/383 581/601/581 266/286/266
f 218/238/218 583/603/583 384/404/384
f 384/404/384 578/598/578 218/238/218
f 306/326/306 584/604/584 384/404/384
f 384/404/384 583/603/583 306/326/306
f 241/261/241 585/605/585 384/404/384
f 384/404/384 584/604/584 241/261/241
f 286/306/286 578/598/578 384/404/384
f 384/404/384 585/605/585 286/306/286
f 215/235/215 586/606/586 385/405/385
f 385/405/385 588/608/588 215/235/215
f 287/307/287 587/607/587 385/405/385
f 385/405/385 586/606/586 287/307/287
f 241/261/241 584/604/584 385/405/385
f 385/405/385 587/607/587 241/261/241
f 306/326/306 588/608/588 385/405/385
f 385/405/385 584/604/584 306/326/306
f 196/216/196 454/474/454 386/406/386
f 386/406/386 590/610/590 196/216/196
f 267/287/267 589/609/589 386/406/386
f 386/406/386 454/474/454 267/287/267
f 241/261/241 587/607/587 386/406/386
f 386/406/386 589/609/589 241/261/241
f 287/307/287 590/610/590 386/406/386
f 386/406/386 587/607/587 287/307/287
f 195/215/195 582/602/582 387/407/387
f 387/407/387 449/469/449 195/215/195
f 286/306/286 585/605/585 387/407/387
f 387/407/387 582/602/582 286/306/286
f 241/261/241 589/609/589 387/407/387
f 387/407/387 585/605/585 241/261/241
f 267/287/267 449/469/449 387/407/387
f 387/407/387 589/609/589 267/287/267
f 215/235/215 591/611/591 388/408/388
f 388/408/388 586/606/586 215/235/215
f 303/323/303 592/612/592 388/408/388
f 388/408/388 591/611/591 303/323/303
f 242/262/242 593/613/593 388/408/388
f 388/408/388 592/612/592 242/262/242
f 287/307/287 586/606/586 388/408/388
f 388/408/388 593/613/593 287/307/287
f 214/234/214 594/614/594 389/409/389
f 389/409/389 596/616/596 214/234/214
f 288/308/288 595/615/595 389/409/389
f 389/409/389 594/614/594 288/308/288
f 242/262/242 592/612/592 389/409/389
f 389/409/389 595/615/595 242/262/242
f 303/323/303 596/616/596 389/409/389
f 389/409/389 592/612/592 303/323/303
f 197/217/197 444/464/444 390/410/390
f 390/410/390 598/618/598 197/217/197
f 268/288/268 597/617/597 390/410/390
f 390/410/390 444/464/444 268/288/268
f 242/262/242 595/615/595 390/410/390
f 390/410/390 597/617/597 242/262/242
f 288/308/288 598/618/598 390/410/390
f 390/410/390 595/615/595 288/308/288
f 196/216/196 590/610/590 391/411/391
f 391/411/391 439/459/439 196/216/196
f 287/307/287 593/613/593 391/411/391
f 391/411/391 590/610/590 287/307/287
f 242/262/242 597/617/597 391/411/391
f 391/411/391 593/613/593 242/262/242
f 268/288/268 439/459/439 391/411/391
f 391/411/391 597/617/597 268/288/268
f 214/234/214 599/619/599 392/412/392
f 392/412/392 594/614/594 214/234/214
f 302/322/302 600/620/600 392/412/392
f 392/412/392 599/619/599 302/322/302
f 243/263/243 601/621/601 392/412/392
f 392/412/392 600/620/600 243/263/243
f 288/308/288 594/614/594 392/412/392
f 392/412/392 601/621/601 288/308/288
f 213/233/213 602/622/602 393/413/393
f 393/413/393 604/624/604 213/233/213
f 289/309/289 603/623/603 393/413/393
f 393/413/393 602/622/602 289/309/289
f 243/263/243 600/620/600 393/413/393
f 393/413/393 603/623/603 243/263/243
f 302/322/302 604/624/604 393/413/393
f 393/413/393 600/620/600 302/322/302
f 198/218/198 430/450/430 394/414/394
f 394/414/394 606/626/606 198/218/198
f 269/289/269 605/625/605 394/414/394
f 394/414/394 430/450/430 269/289/269
f 243/263/243 603/623/603 394/414/394
f 394/414/394 605/625/605 243/263/243
f 289/309/289 606/626/606 394/414/394
f 394/414/394 603/623/603 289/309/289
f 197/217/197 598/618/598 395/415/395
f 395/415/395 424/444/424 197/217/197
f 288/308/288 601/621/601 395/415/395
f 395/415/395 598/618/598 288/308/288
f 243/263/243 605/625/605 395/415/395
f 395/415/395 601/621/601 243/263/243
f 269/289/269 424/444/424 395/415/395
f 395/415/395 605/625/605 269/289/269
f 213/233/213 607/627/607 396/416/396
f 396/416/396 602/622/602 213/233/213
f 314/334/314 608/628/608 396/416/396
f 396/416/396 607/627/607 314/334/314
f 244/264/244 609/629/609 396/416/396
f 396/416/396 608/628/608 244/264/244
f 289/309/289 602/622/602 396/416/396
f 396/416/396 609/629/609 289/309/289
f 223/243/223 610/630/610 397/417/397
f 397/417/397 612/632/612 223/243/223
f 290/310/290 611/631/611 397/417/397
f 397/417/397 610/630/610 290/310/290
f 244/264/244 608/628/608 397/417/397
f 397/417/397 611/631/611 244/264/244
f 314/334/314 612/632/612 397/417/397
f 397/417/397 608/628/608 314/334/314
f 199/219/199 433/453/433 398/418/398
f 398/418/398 614/634/614 199/219/199
f 270/290/270 613/633/613 398/418/398
f 398/418/398 433/453/433 270/290/270
f 244/264/244 611/631/611 398/418/398
f 398/418/398 613/633/613 244/264/244
f 290/310/290 614/634/614 398/418/398
f 398/418/398 611/631/611 290/310/290
f 198/218/198 606/626/606 399/419/399
f 399/419/399 428/448/428 198/218/198
f 289/309/289 609/629/609 399/419/399
f 399/419/399 606/626/606 289/309/289
f 244/264/244 613/633/613 399/419/399
f 399/419/399 609/629/609 244/264/244
f 270/290/270 428/448/428 399/419/399
f 399/419/399 613/633/613 270/290/270
f 223/243/223 615/635/615 400/420/400
f 400/420/400 610/630/610 223/243/223
f 301/321/301 616/636/616 400/420/400
f 400/420/400 615/635/615 301/321/301
f 245/265/245 617/637/617 400/420/400
f 400/420/400 616/636/616 245/265/245
f 290/310/290 610/630/610 400/420/400
f 400/420/400 617/637/617 290/310/290
f 210/230/210 618/638/618 401/421/401
f 401/421/401 620/640/620 210/230/210
f 291/311/291 619/639/619 401/421/401
f 401/421/401 618/638/618 291/311/291
f 245/265/245 616/636/616 401/421/401
f 401/421/401 619/639/619 245/265/245
f 301/321/301 620/640/620 401/421/401
f 401/421/401 616/636/616 301/321/301
f 200/220/200 436/456/436 402/422/402
f 402/422/402 622/642/622 200/220/200
f 271/291/271 621/641/621 402/422/402
f 402/422/402 436/456/436 271/291/271
f 245/265/245 619/639/619 402/422/402
f 402/422/402 621/641/621 245/265/245
f 291/311/291 622/642/622 402/422/402
f 402/422/402 619/639/619 291/311/291
f 199/219/199 614/634/614 403/423/403
f 403/423/403 431/451/431 199/219/199
f 290/310/290 617/637/617 403/423/403
f 403/423/403 614/634/614 290/310/290
f 245/265/245 621/641/621 403/423/403
f 403/423/403 617/637/617 245/265/245
f 271/291/271 431/451/431 403/423/403
f 403/423/403 621/641/621 271/291/271
f 210/230/210 623/643/623 404/424/404
f 404/424/404 618/638/618 210/230/210
f 299/319/299 624/644/624 404/424/404
f 404/424/404 623/643/623 299/319/299
f 246/266/246 625/645/625 404/424/404
f 404/424/404 624/644/624 246/266/246
f 291/311/291 618/638/618 404/424/404
f 404/424/404 625/645/625 291/311/291
f 211/231/211 626/646/626 405/425/405
f 405/425/405 628/648/628 211/231/211
f 292/312/292 627/647/627 405/425/405
f 405/425/405 626/646/626 292/312/292
f 246/266/246 624/644/624 405/425/405
f 405/425/405 627/647/627 246/266/246
f 299/319/299 628/648/628 405/425/405
f 405/425/405 624/644/624 299/319/299
f 201/221/201 438/458/438 406/426/406
f 406/426/406 630/650/630 201/221/201
f 272/292/272 629/649/629 406/426/406
f 406/426/406 438/458/438 272/292/272
f 246/266/246 627/647/627 406/426/406
f 406/426/406 629/649/629 246/266/246
f 292/312/292 630/650/630 406/426/406
f 406/426/406 627/647/627 292/312/292
f 200/220/200 622/642/622 407/427/407
f 407/427/407 434/454/434 200/220/200
f 291/311/291 625/645/625 407/427/407
f 407/427/407 622/642/622 291/311/291
f 246/266/246 629/649/629 407/427/407
f 407/427/407 625/645/625 246/266/246
f 272/292/272 434/454/434 407/427/407
f 407/427/407 629/649/629 272/292/272
f 211/231/211 631/651/631 408/428/408
f 408/428/408 626/646/626 211/231/211
f 300/320/300 632/652/632 408/428/408
f 408/428/408 631/651/631 300/320/300
f 247/267/247 633/653/633 408/428/408
f 408/428/408 632/652/632 247/267/247
f 292/312/292 626/646/626 408/428/408
f 408/428/408 633/653/633 292/312/292
f 212/232/212 634/654/634 409/429/409
f 409/429/409 636/656/636 212/232/212
f 293/313/293 635/655/635 409/429/409
f 409/429/409 634/654/634 293/313/293
f 247/267/247 632/652/632 409/429/409
f 409/429/409 635/655/635 247/267/247
f 300/320/300 636/656/636 409/429/409
f 409/429/409 632/652/632 300/320/300
f 202/222/202 448/468/448 410/430/410
f 410/430/410 638/658/638 202/222/202
f 273/293/273 637/657/637 410/430/410
f 410/430/410 448/468/448 273/293/273
f 247/267/247 635/655/635 410/430/410
f 410/430/410 637/657/637 247/267/247
f 293/313/293 638/658/638 410/430/410
f 410/430/410 635/655/635 293/313/293
f 201/221/201 630/650/630 411/431/411
f 411/431/411 445/465/445 201/221/201
f 292/312/292 633/653/633 411/431/411
f 411/431/411 630/650/630 292/312/292
f 247/267/247 637/657/637 411/431/411
f 411/431/411 633/653/633 247/267/247
f 273/293/273 445/465/445 411/431/411
f 411/431/411 637/657/637 273/293/273
f 212/232/212 639/659/639 412/432/412
f 412/432/412 634/654/634 212/232/212
f 304/324/304 640/660/640 412/432/412
f 412/432/412 639/659/639 304/324/304
f 248/268/248 641/661/641 412/432/412
f 412/432/412 640/660/640 248/268/248
f 293/313/293 634/654/634 412/432/412
f 412/432/412 641/661/641 293/313/293
f 216/236/216 642/662/642 413/433/413
f 413/433/413 644/664/644 216/236/216
f 294/314/294 643/663/643 413/433/413
f 413/433/413 642/662/642 294/314/294
f 248/268/248 640/660/640 413/433/413
f 413/433/413 643/663/643 248/268/248
f 304/324/304 644/664/644 413/433/413
f 413/433/413 640/660/640 304/324/304
f 203/223/203 458/478/458 414/434/414
f 414/434/414 646/666/646 203/223/203
f 274/294/274 645/665/645 414/434/414
f 414/434/414 458/478/458 274/294/274
f 248/268/248 643/663/643 414/434/414
f 414/434/414 645/665/645 248/268/248
f 294/314/294 646/666/646 414/434/414
f 414/434/414 643/663/643 294/314/294
f 202/222/202 638/658/638 415/435/415
f 415/435/415 455/475/455 202/222/202
f 293/313/293 641/661/641 415/435/415
f 415/435/415 638/658/638 293/313/293
f 248/268/248 645/665/645 415/435/415
f 415/435/415 641/661/641 248/268/248
f 274/294/274 455/475/455 415/435/415
f 415/435/415 645/665/645 274/294/274
f 216/236/216 647/667/647 416/436/416
f 416/436/416 642/662/642 216/236/216
f 305/325/305 648/668/648 416/436/416
f 416/436/416 647/667/647 305/325/305
f 249/269/249 649/669/649 416/436/416
f 416/436/416 648/668/648 249/269/249
f 294/314/294 642/662/642 416/436/416
f 416/436/416 649/669/649 294/314/294
f 217/237/217 650/670/650 417/437/417
f 417/437/417 652/672/652 217/237/217
f 295/315/295 651/671/651 417/437/417
f 417/437/417 650/670/650 295/315/295
f 249/269/249 648/668/648 417/437/417
f 417/437/417 651/671/651 249/269/249
f 305/325/305 652/672/652 417/437/417
f 417/437/417 648/668/648 305/325/305
f 204/224/204 468/488/468 418/438/418
f 418/438/418 654/674/654 204/224/204
f 275/295/275 653/673/653 418/438/418
f 418/438/418 468/488/468 275/295/275
f 249/269/249 651/671/651 418/438/418
f 418/438/418 653/673/653 249/269/249
f 295/315/295 654/674/654 418/438/418
f 418/438/418 651/671/651 295/315/295
f 203/223/203 646/666/646 419/439/419
f 419/439/419 465/485/465 203/223/203
f 294/314/294 649/669/649 419/439/419
f 419/439/419 646/666/646 294/314/294
f 249/269/249 653/673/653 419/439/419
f 419/439/419 649/669/649 249/269/249
f 275/295/275 465/485/465 419/439/419
f 419/439/419 653/673/653 275/295/275
f 217/237/217 655/675/655 420/440/420
f 420/440/420 650/670/650 217/237/217
f 309/329/309 656/676/656 420/440/420
f 420/440/420 655/675/655 309/329/309
f 250/270/250 657/677/657 420/440/420
f 420/440/420 656/676/656 250/270/250
f 295/315/295 650/670/650 420/440/420
f 420/440/420 657/677/657 295/315/295
f 205/225/205 512/532/512 421/441/421
f 421/441/421 659/679/659 205/225/205
f 277/297/277 658/678/658 421/441/421
f 421/441/421 512/532/512 277/297/277
f 250/270/250 656/676/656 421/441/421
f 421/441/421 658/678/658 250/270/250
f 309/329/309 659/679/659 421/441/421
f 421/441/421 656/676/656 309/329/309
f 186/206/186 474/494/474 422/442/422
f 422/442/422 518/538/518 186/206/186
f 276/296/276 660/680/660 422/442/422
f 422/442/422 474/494/474 276/296/276
f 250/270/250 658/678/658 422/442/422
f 422/442/422 660/680/660 250/270/250
f 277/297/277 518/538/518 422/442/422
f 422/442/422 658/678/658 277/297/277
f 204/224/204 654/674/654 423/443/423
f 423/443/423 469/489/469 204/224/204
f 295/315/295 657/677/657 423/443/423
f 423/443/423 654/674/654 295/315/295
f 250/270/250 660/680/660 423/443/423
f 423/443/423 657/677/657 250/270/250
f 276/296/276 469/489/469 423/443/423
f 423/443/423 660/680/660 276/296/276
f 39/59/39 129/138/129 692/712/692
f 692/712/692 691/711/691 39/59/39
f 129/138/129 60/83/60 693/713/693
f 693/713/693 692/712/692 129/138/129
f 60/83/60 59/81/59 694/714/694
f 694/714/694 693/713/693 60/83/60
f 145/162/145 142/159/142 696/716/696
f 696/716/696 695/715/695 145/162/145
f 142/159/142 56/78/56 697/717/697
f 697/717/697 696/716/696 142/159/142
f 56/78/56 51/74/51 698/718/698
f 698/718/698 697/717/697 56/78/56
f 51/74/51 52/73/52 699/719/699
f 699/719/699 698/718/698 51/74/51
f 52/73/52 131/143/131 700/720/700
f 700/720/700 699/719/699 52/73/52
f 131/143/131 125/142/125 701/721/701
f 701/721/701 700/720/700 131/143/131
s 2
f 710/738/710 770/800/770 714/744/714
f 714/744/714 772/802/772 710/738/710
f 673/693/673 771/801/771 714/744/714
f 714/744/714 770/800/770 673/693/673
f 661/681/661 772/802/772 714/744/714
f 714/744/714 771/801/771 661/681/661
f 58/80/58 773/804/773 715/745/715
f 715/745/715 775/806/775 58/80/58
f 674/694/674 774/805/774 715/745/715
f 715/745/715 773/804/773 674/694/674
f 661/681/661 771/801/771 715/745/715
f 715/745/715 774/805/774 661/681/661
f 673/693/673 775/806/775 715/745/715
f 715/745/715 771/801/771 673/693/673
f 709/735/709 867/917/867 716/746/716
f 716/746/716 776/807/776 709/735/709
f 710/737/710 772/803/772 716/746/716
f 716/746/716 867/917/867 710/737/710
f 661/681/661 776/807/776 716/746/716
f 716/746/716 772/803/772 661/681/661
f 674/694/674 777/809/777 717/747/717
f 717/747/717 774/805/774 674/694/674
f 709/736/709 776/808/776 717/747/717
f 717/747/717 777/809/777 709/736/709
f 661/681/661 774/805/774 717/747/717
f 717/747/717 776/808/776 661/681/661
f 706/731/706 778/810/778 718/748/718
f 718/748/718 780/812/780 706/731/706
f 675/695/675 779/811/779 718/748/718
f 718/748/718 778/810/778 675/695/675
f 662/682/662 780/812/780 718/748/718
f 718/748/718 779/811/779 662/682/662
f 61/82/61 781/814/781 719/749/719
f 719/749/719 783/816/783 61/82/61
f 676/696/676 782/815/782 719/749/719
f 719/749/719 781/814/781 676/696/676
f 662/682/662 779/811/779 719/749/719
f 719/749/719 782/815/782 662/682/662
f 675/695/675 783/816/783 719/749/719
f 719/749/719 779/811/779 675/695/675
f 705/728/705 863/913/863 720/750/720
f 720/750/720 784/817/784 705/728/705
f 706/730/706 780/813/780 720/750/720
f 720/750/720 863/913/863 706/730/706
f 662/682/662 784/817/784 720/750/720
f 720/750/720 780/813/780 662/682/662
f 676/696/676 785/819/785 721/751/721
f 721/751/721 782/815/782 676/696/676
f 705/729/705 784/818/784 721/751/721
f 721/751/721 785/819/785 705/729/705
f 662/682/662 782/815/782 721/751/721
f 721/751/721 784/818/784 662/682/662
f 702/723/702 786/820/786 722/752/722
f 722/752/722 788/822/788 702/723/702
f 677/697/677 787/821/787 722/752/722
f 722/752/722 786/820/786 677/697/677
f 663/683/663 788/822/788 722/752/722
f 722/752/722 787/821/787 663/683/663
f 132/144/132 789/824/789 723/753/723
f 723/753/723 791/826/791 132/144/132
f 678/698/678 790/825/790 723/753/723
f 723/753/723 789/824/789 678/698/678
f 663/683/663 787/821/787 723/753/723
f 723/753/723 790/825/790 663/683/663
f 677/697/677 791/826/791 723/753/723
f 723/753/723 787/821/787 677/697/677
f 712/741/712 870/920/870 724/754/724
f 724/754/724 793/828/793 712/741/712
f 713/743/713 792/827/792 724/754/724
f 724/754/724 870/920/870 713/743/713
f 663/683/663 793/828/793 724/754/724
f 724/754/724 792/827/792 663/683/663
f 678/698/678 794/830/794 725/755/725
f 725/755/725 790/825/790 678/698/678
f 712/742/712 793/829/793 725/755/725
f 725/755/725 794/830/794 712/742/712
f 663/683/663 790/825/790 725/755/725
f 725/755/725 793/829/793 663/683/663
f 713/743/713 871/921/871 726/756/726
f 726/756/726 792/827/792 713/743/713
f 702/722/702 788/823/788 726/756/726
f 726/756/726 871/921/871 702/722/702
f 663/683/663 792/827/792 726/756/726
f 726/756/726 788/823/788 663/683/663
f 132/144/132 791/826/791 727/757/727
f 727/757/727 797/833/797 132/144/132
f 677/697/677 795/831/795 727/757/727
f 727/757/727 791/826/791 677/697/677
f 664/684/664 796/832/796 727/757/727
f 727/757/727 795/831/795 664/684/664
f 680/700/680 797/833/797 727/757/727
f 727/757/727 796/832/796 680/700/680
f 702/722/702 860/910/860 728/758/728
f 728/758/728 799/836/799 702/722/702
f 703/724/703 798/834/798 728/758/728
f 728/758/728 860/910/860 703/724/703
f 664/684/664 799/836/799 728/758/728
f 728/758/728 798/834/798 664/684/664
f 677/697/677 786/820/786 729/759/729
f 729/759/729 795/831/795 677/697/677
f 702/723/702 799/837/799 729/759/729
f 729/759/729 786/820/786 702/723/702
f 664/684/664 795/831/795 729/759/729
f 729/759/729 799/837/799 664/684/664
f 703/725/703 800/838/800 730/760/730
f 730/760/730 798/835/798 703/725/703
f 679/699/679 801/839/801 730/760/730
f 730/760/730 800/838/800 679/699/679
f 664/684/664 798/835/798 730/760/730
f 730/760/730 801/839/801 664/684/664
f 135/150/135 802/840/802 731/761/731
f 731/761/731 803/841/803 135/150/135
f 680/700/680 796/832/796 731/761/731
f 731/761/731 802/840/802 680/700/680
f 664/684/664 801/839/801 731/761/731
f 731/761/731 796/832/796 664/684/664
f 679/699/679 803/841/803 731/761/731
f 731/761/731 801/839/801 679/699/679
f 132/144/132 804/842/804 732/762/732
f 732/762/732 789/824/789 132/144/132
f 681/701/681 805/843/805 732/762/732
f 732/762/732 804/842/804 681/701/681
f 665/685/665 806/844/806 732/762/732
f 732/762/732 805/843/805 665/685/665
f 678/698/678 789/824/789 732/762/732
f 732/762/732 806/844/806 678/698/678
f 136/151/136 807/845/807 733/763/733
f 733/763/733 809/847/809 136/151/136
f 682/702/682 808/846/808 733/763/733
f 733/763/733 807/845/807 682/702/682
f 665/685/665 805/843/805 733/763/733
f 733/763/733 808/846/808 665/685/665
f 681/701/681 809/847/809 733/763/733
f 733/763/733 805/843/805 681/701/681
f 711/739/711 869/919/869 734/764/734
f 734/764/734 811/850/811 711/739/711
f 712/741/712 810/848/810 734/764/734
f 734/764/734 869/919/869 712/741/712
f 665/685/665 811/850/811 734/764/734
f 734/764/734 810/848/810 665/685/665
f 682/702/682 812/852/812 735/765/735
f 735/765/735 808/846/808 682/702/682
f 711/740/711 811/851/811 735/765/735
f 735/765/735 812/852/812 711/740/711
f 665/685/665 808/846/808 735/765/735
f 735/765/735 811/851/811 665/685/665
f 712/742/712 794/830/794 736/766/736
f 736/766/736 810/849/810 712/742/712
f 678/698/678 806/844/806 736/766/736
f 736/766/736 794/830/794 678/698/678
f 665/685/665 810/849/810 736/766/736
f 736/766/736 806/844/806 665/685/665
f 710/737/710 868/918/868 737/767/737
f 737/767/737 814/855/814 710/737/710
f 711/739/711 813/853/813 737/767/737
f 737/767/737 868/918/868 711/739/711
f 666/686/666 814/855/814 737/767/737
f 737/767/737 813/853/813 666/686/666
f 673/693/673 770/800/770 738/768/738
f 738/768/738 815/857/815 673/693/673
f 710/738/710 814/856/814 738/768/738
f 738/768/738 770/800/770 710/738/710
f 666/686/666 815/857/815 738/768/738
f 738/768/738 814/856/814 666/686/666
f 711/740/711 812/852/812 739/769/739
f 739/769/739 813/854/813 711/740/711
f 682/702/682 816/858/816 739/769/739
f 739/769/739 812/852/812 682/702/682
f 666/686/666 813/854/813 739/769/739
f 739/769/739 816/858/816 666/686/666
f 136/151/136 817/859/817 740/770/740
f 740/770/740 807/845/807 136/151/136
f 683/703/683 818/860/818 740/770/740
f 740/770/740 817/859/817 683/703/683
f 666/686/666 816/858/816 740/770/740
f 740/770/740 818/860/818 666/686/666
f 682/702/682 807/845/807 740/770/740
f 740/770/740 816/858/816 682/702/682
f 58/80/58 775/806/775 741/771/741
f 741/771/741 819/861/819 58/80/58
f 673/693/673 815/857/815 741/771/741
f 741/771/741 775/806/775 673/693/673
f 666/686/666 818/860/818 741/771/741
f 741/771/741 815/857/815 666/686/666
f 683/703/683 819/861/819 741/771/741
f 741/771/741 818/860/818 683/703/683
f 703/724/703 861/911/861 742/772/742
f 742/772/742 821/864/821 703/724/703
f 704/726/704 820/862/820 742/772/742
f 742/772/742 861/911/861 704/726/704
f 667/687/667 821/864/821 742/772/742
f 742/772/742 820/862/820 667/687/667
f 679/699/679 800/838/800 743/773/743
f 743/773/743 822/866/822 679/699/679
f 703/725/703 821/865/821 743/773/743
f 743/773/743 800/838/800 703/725/703
f 667/687/667 822/866/822 743/773/743
f 743/773/743 821/865/821 667/687/667
f 704/727/704 823/867/823 744/774/744
f 744/774/744 820/863/820 704/727/704
f 684/704/684 824/868/824 744/774/744
f 744/774/744 823/867/823 684/704/684
f 667/687/667 820/863/820 744/774/744
f 744/774/744 824/868/824 667/687/667
f 146/166/146 825/869/825 745/775/745
f 745/775/745 827/871/827 146/166/146
f 685/705/685 826/870/826 745/775/745
f 745/775/745 825/869/825 685/705/685
f 667/687/667 824/868/824 745/775/745
f 745/775/745 826/870/826 667/687/667
f 684/704/684 827/871/827 745/775/745
f 745/775/745 824/868/824 684/704/684
f 135/150/135 803/841/803 746/776/746
f 746/776/746 828/872/828 135/150/135
f 679/699/679 822/866/822 746/776/746
f 746/776/746 803/841/803 679/699/679
f 667/687/667 826/870/826 746/776/746
f 746/776/746 822/866/822 667/687/667
f 685/705/685 828/872/828 746/776/746
f 746/776/746 826/870/826 685/705/685
f 61/82/61 829/873/829 747/777/747
f 747/777/747 781/814/781 61/82/61
f 686/706/686 830/874/830 747/777/747
f 747/777/747 829/873/829 686/706/686
f 668/688/668 831/875/831 747/777/747
f 747/777/747 830/874/830 668/688/668
f 676/696/676 781/814/781 747/777/747
f 747/777/747 831/875/831 676/696/676
f 146/166/146 827/871/827 748/778/748
f 748/778/748 833/877/833 146/166/146
f 684/704/684 832/876/832 748/778/748
f 748/778/748 827/871/827 684/704/684
f 668/688/668 830/874/830 748/778/748
f 748/778/748 832/876/832 668/688/668
f 686/706/686 833/877/833 748/778/748
f 748/778/748 830/874/830 686/706/686
f 704/726/704 862/912/862 749/779/749
f 749/779/749 835/880/835 704/726/704
f 705/728/705 834/878/834 749/779/749
f 749/779/749 862/912/862 705/728/705
f 668/688/668 835/880/835 749/779/749
f 749/779/749 834/878/834 668/688/668
f 684/704/684 823/867/823 750/780/750
f 750/780/750 832/876/832 684/704/684
f 704/727/704 835/881/835 750/780/750
f 750/780/750 823/867/823 704/727/704
f 668/688/668 832/876/832 750/780/750
f 750/780/750 835/881/835 668/688/668
f 705/729/705 785/819/785 751/781/751
f 751/781/751 834/879/834 705/729/705
f 676/696/676 831/875/831 751/781/751
f 751/781/751 785/819/785 676/696/676
f 668/688/668 834/879/834 751/781/751
f 751/781/751 831/875/831 668/688/668
f 61/82/61 783/816/783 752/782/752
f 752/782/752 838/884/838 61/82/61
f 675/695/675 836/882/836 752/782/752
f 752/782/752 783/816/783 675/695/675
f 669/689/669 837/883/837 752/782/752
f 752/782/752 836/882/836 669/689/669
f 687/707/687 838/884/838 752/782/752
f 752/782/752 837/883/837 687/707/687
f 706/730/706 864/914/864 753/783/753
f 753/783/753 840/886/840 706/730/706
f 707/732/707 839/885/839 753/783/753
f 753/783/753 864/914/864 707/732/707
f 669/689/669 840/886/840 753/783/753
f 753/783/753 839/885/839 669/689/669
f 675/695/675 778/810/778 754/784/754
f 754/784/754 836/882/836 675/695/675
f 706/731/706 840/887/840 754/784/754
f 754/784/754 778/810/778 706/731/706
f 669/689/669 836/882/836 754/784/754
f 754/784/754 840/887/840 669/689/669
f 707/732/707 865/915/865 755/785/755
f 755/785/755 839/885/839 707/732/707
f 708/733/708 841/888/841 755/785/755
f 755/785/755 865/915/865 708/733/708
f 669/689/669 839/885/839 755/785/755
f 755/785/755 841/888/841 669/689/669
f 708/734/708 842/890/842 756/786/756
f 756/786/756 841/889/841 708/734/708
f 687/707/687 837/883/837 756/786/756
f 756/786/756 842/890/842 687/707/687
f 669/689/669 841/889/841 756/786/756
f 756/786/756 837/883/837 669/689/669
f 708/733/708 866/916/866 757/787/757
f 757/787/757 844/893/844 708/733/708
f 709/735/709 843/891/843 757/787/757
f 757/787/757 866/916/866 709/735/709
f 670/690/670 844/893/844 757/787/757
f 757/787/757 843/891/843 670/690/670
f 687/707/687 842/890/842 758/788/758
f 758/788/758 845/895/845 687/707/687
f 708/734/708 844/894/844 758/788/758
f 758/788/758 842/890/842 708/734/708
f 670/690/670 845/895/845 758/788/758
f 758/788/758 844/894/844 670/690/670
f 709/736/709 777/809/777 759/789/759
f 759/789/759 843/892/843 709/736/709
f 674/694/674 846/896/846 759/789/759
f 759/789/759 777/809/777 674/694/674
f 670/690/670 843/892/843 759/789/759
f 759/789/759 846/896/846 670/690/670
f 58/80/58 847/897/847 760/790/760
f 760/790/760 773/804/773 58/80/58
f 688/708/688 848/898/848 760/790/760
f 760/790/760 847/897/847 688/708/688
f 670/690/670 846/896/846 760/790/760
f 760/790/760 848/898/848 670/690/670
f 674/694/674 773/804/773 760/790/760
f 760/790/760 846/896/846 674/694/674
f 61/82/61 838/884/838 761/791/761
f 761/791/761 849/899/849 61/82/61
f 687/707/687 845/895/845 761/791/761
f 761/791/761 838/884/838 687/707/687
f 670/690/670 848/898/848 761/791/761
f 761/791/761 845/895/845 670/690/670
f 688/708/688 849/899/849 761/791/761
f 761/791/761 848/898/848 688/708/688
f 132/144/132 797/833/797 762/792/762
f 762/792/762 804/842/804 132/144/132
f 680/700/680 850/900/850 762/792/762
f 762/792/762 797/833/797 680/700/680
f 671/691/671 851/901/851 762/792/762
f 762/792/762 850/900/850 671/691/671
f 681/701/681 804/842/804 762/792/762
f 762/792/762 851/901/851 681/701/681
f 135/150/135 828/872/828 763/793/763
f 763/793/763 802/840/802 135/150/135
f 685/705/685 852/902/852 763/793/763
f 763/793/763 828/872/828 685/705/685
f 671/691/671 850/900/850 763/793/763
f 763/793/763 852/902/852 671/691/671
f 680/700/680 802/840/802 763/793/763
f 763/793/763 850/900/850 680/700/680
f 146/166/146 853/903/853 764/794/764
f 764/794/764 825/869/825 146/166/146
f 689/709/689 854/904/854 764/794/764
f 764/794/764 853/903/853 689/709/689
f 671/691/671 852/902/852 764/794/764
f 764/794/764 854/904/854 671/691/671
f 685/705/685 825/869/825 764/794/764
f 764/794/764 852/902/852 685/705/685
f 136/151/136 809/847/809 765/795/765
f 765/795/765 855/905/855 136/151/136
f 681/701/681 851/901/851 765/795/765
f 765/795/765 809/847/809 681/701/681
f 671/691/671 854/904/854 765/795/765
f 765/795/765 851/901/851 671/691/671
f 689/709/689 855/905/855 765/795/765
f 765/795/765 854/904/854 689/709/689
f 146/166/146 833/877/833 766/796/766
f 766/796/766 853/903/853 146/166/146
f 686/706/686 856/906/856 766/796/766
f 766/796/766 833/877/833 686/706/686
f 672/692/672 857/907/857 766/796/766
f 766/796/766 856/906/856 672/692/672
f 689/709/689 853/903/853 766/796/766
f 766/796/766 857/907/857 689/709/689
f 61/82/61 849/899/849 767/797/767
f 767/797/767 829/873/829 61/82/61
f 688/708/688 858/908/858 767/797/767
f 767/797/767 849/899/849 688/708/688
f 672/692/672 856/906/856 767/797/767
f 767/797/767 858/908/858 672/692/672
f 686/706/686 829/873/829 767/797/767
f 767/797/767 856/906/856 686/706/686
f 58/80/58 819/861/819 768/798/768
f 768/798/768 847/897/847 58/80/58
f 683/703/683 859/909/859 768/798/768
f 768/798/768 819/861/819 683/703/683
f 672/692/672 858/908/858 768/798/768
f 768/798/768 859/909/859 672/692/672
f 688/708/688 847/897/847 768/798/768
f 768/798/768 858/908/858 688/708/688
f 136/151/136 855/905/855 769/799/769
f 769/799/769 817/859/817 136/151/136
f 689/709/689 857/907/857 769/799/769
f 769/799/769 855/905/855 689/709/689
f 672/692/672 859/909/859 769/799/769
f 769/799/769 857/907/857 672/692/672
f 683/703/683 817/859/817 769/799/769
f 769/799/769 859/909/859 683/703/683
f 919/927/919 1327/1397/1327 1328/1398/1328
f 1329/1399/1329 1330/1400/1330 1036/1087/1036
f 1036/1087/1036 75/9/75 1329/1399/1329
f 889/942/889 1036/1087/1036 1330/1400/1330
f 889/942/889 1330/1400/1330 1332/1402/1332
f 889/942/889 1332/1402/1332 1260/1330/1260
f 75/9/75 1037/1088/1037 921/972/921
f 921/972/921 1329/1399/1329 75/9/75
f 83/10/83 1038/1089/1038 921/972/921
f 921/972/921 1037/1088/1037 83/10/83
f 83/10/83 1039/1090/1039 922/973/922
f 922/973/922 1038/1089/1038 83/10/83
f 1334/1404/1334 1335/1405/1335 922/973/922
f 3/11/3 1334/1404/1334 922/973/922
f 3/11/3 922/973/922 1039/1090/1039
f 1040/1091/1040 1337/1407/1337 1334/1404/1334
f 1334/1404/1334 3/11/3 1040/1091/1040
f 1338/1408/1338 1337/1407/1337 1040/1091/1040
f 1040/1091/1040 87/12/87 1338/1408/1338
f 1339/1409/1339 1340/1410/1340 1041/1092/1041
f 1041/1092/1041 89/13/89 1339/1409/1339
f 87/12/87 1041/1092/1041 1340/1410/1340
f 1340/1410/1340 1338/1408/1338 87/12/87
f 89/13/89 1042/1093/1042 1341/1411/1341
f 1341/1411/1341 1339/1409/1339 89/13/89
f 1342/1412/1342 1341/1411/1341 1042/1093/1042
f 1042/1093/1042 5/14/5 1342/1412/1342
f 5/14/5 1043/1094/1043 1343/1413/1343
f 1343/1413/1343 1342/1412/1342 5/14/5
f 1344/1414/1344 1343/1413/1343 1043/1094/1043
f 1043/1094/1043 114/19/114 1344/1414/1344
f 114/19/114 1044/1095/1044 1345/1415/1345
f 1345/1415/1345 1344/1414/1344 114/19/114
f 1346/1416/1346 1345/1415/1345 1044/1095/1044
f 1044/1095/1044 115/20/115 1346/1416/1346
f 115/20/115 1045/1096/1045 1347/1417/1347
f 1347/1417/1347 1346/1416/1346 115/20/115
f 1348/1418/1348 1347/1417/1347 1045/1096/1045
f 1045/1096/1045 899/952/899 1348/1418/1348
f 899/952/899 1268/1338/1268 1349/1419/1349
f 1349/1419/1349 1348/1418/1348 899/952/899
f 1046/1097/1046 1351/1421/1351 1352/1422/1352
f 1352/1422/1352 9/28/9 1046/1097/1046
f 9/28/9 1352/1422/1352 1355/1425/1355
f 1355/1425/1355 1047/1098/1047 9/28/9
f 16/35/16 1048/1099/1048 923/974/923
f 923/974/923 1050/1101/1050 16/35/16
f 18/36/18 1049/1100/1049 923/974/923
f 923/974/923 1048/1099/1048 18/36/18
f 17/37/17 1050/1101/1050 923/974/923
f 923/974/923 1049/1100/1049 17/37/17
f 19/38/19 1051/1102/1051 924/975/924
f 924/975/924 1053/1104/1053 19/38/19
f 21/39/21 1052/1103/1052 924/975/924
f 924/975/924 1051/1102/1051 21/39/21
f 20/40/20 1053/1104/1053 924/975/924
f 924/975/924 1052/1103/1052 20/40/20
f 23/42/23 1054/1105/1054 925/976/925
f 925/976/925 1056/1107/1056 23/42/23
f 22/41/22 1055/1106/1055 925/976/925
f 925/976/925 1054/1105/1054 22/41/22
f 24/43/24 1056/1107/1056 925/976/925
f 925/976/925 1055/1106/1055 24/43/24
f 25/44/25 1057/1108/1057 926/977/926
f 926/977/926 1059/1110/1059 25/44/25
f 24/43/24 1058/1109/1058 926/977/926
f 926/977/926 1057/1108/1057 24/43/24
f 26/45/26 1059/1110/1059 926/977/926
f 926/977/926 1058/1109/1058 26/45/26
f 25/44/25 1060/1111/1060 927/978/927
f 927/978/927 1062/1113/1062 25/44/25
f 28/46/28 1061/1112/1061 927/978/927
f 927/978/927 1060/1111/1060 28/46/28
f 27/47/27 1062/1113/1062 927/978/927
f 927/978/927 1061/1112/1061 27/47/27
f 29/48/29 1063/1114/1063 928/979/928
f 928/979/928 1065/1116/1065 29/48/29
f 31/49/31 1064/1115/1064 928/979/928
f 928/979/928 1063/1114/1063 31/49/31
f 30/50/30 1065/1116/1065 928/979/928
f 928/979/928 1064/1115/1064 30/50/30
f 34/54/34 1066/1117/1066 929/980/929
f 929/980/929 1067/1118/1067 34/54/34
f 920/928/920 1273/1343/1273 929/980/929
f 929/980/929 1066/1117/1066 920/928/920
f 878/930/878 1067/1118/1067 929/980/929
f 929/980/929 1273/1343/1273 878/930/878
f 35/55/35 1068/1119/1068 930/981/930
f 930/981/930 1070/1122/1070 35/55/35
f 37/56/37 1069/1120/1069 930/981/930
f 930/981/930 1068/1119/1068 37/56/37
f 36/57/36 1070/1122/1070 930/981/930
f 930/981/930 1069/1120/1069 36/57/36
f 36/58/36 1071/1124/1071 931/982/931
f 931/982/931 1073/1126/1073 36/58/36
f 879/931/879 1072/1125/1072 931/982/931
f 931/982/931 1071/1124/1071 879/931/879
f 38/60/38 1073/1126/1073 931/982/931
f 931/982/931 1072/1125/1072 38/60/38
f 40/61/40 1074/1128/1074 932/983/932
f 932/983/932 1076/1131/1076 40/61/40
f 42/62/42 1075/1129/1075 932/983/932
f 932/983/932 1074/1128/1074 42/62/42
f 41/63/41 1076/1131/1076 932/983/932
f 932/983/932 1075/1129/1075 41/63/41
f 30/64/30 1077/1132/1077 933/984/933
f 933/984/933 1079/1135/1079 30/64/30
f 44/65/44 1078/1134/1078 933/984/933
f 933/984/933 1077/1132/1077 44/65/44
f 43/66/43 1079/1135/1079 933/984/933
f 933/984/933 1078/1134/1078 43/66/43
f 45/67/45 1080/1137/1080 934/985/934
f 934/985/934 1081/1138/1081 45/67/45
f 29/48/29 1065/1116/1065 934/985/934
f 934/985/934 1080/1137/1080 29/48/29
f 30/50/30 1081/1138/1081 934/985/934
f 934/985/934 1065/1116/1065 30/50/30
f 46/68/46 1082/1139/1082 935/986/935
f 935/986/935 1084/1141/1084 46/68/46
f 48/69/48 1083/1140/1083 935/986/935
f 935/986/935 1082/1139/1082 48/69/48
f 47/70/47 1084/1141/1084 935/986/935
f 935/986/935 1083/1140/1083 47/70/47
f 29/48/29 1080/1137/1080 936/987/936
f 936/987/936 1086/1143/1086 29/48/29
f 45/67/45 1085/1142/1085 936/987/936
f 936/987/936 1080/1137/1080 45/67/45
f 49/71/49 1086/1143/1086 936/987/936
f 936/987/936 1085/1142/1085 49/71/49
f 50/72/50 1087/1144/1087 937/988/937
f 937/988/937 1088/1145/1088 50/72/50
f 881/934/881 1274/1344/1274 937/988/937
f 937/988/937 1087/1144/1087 881/934/881
f 880/932/880 1088/1145/1088 937/988/937
f 937/988/937 1274/1344/1274 880/932/880
f 53/75/53 1089/1147/1089 938/989/938
f 938/989/938 1091/1149/1091 53/75/53
f 55/76/55 1090/1148/1090 938/989/938
f 938/989/938 1089/1147/1089 55/76/55
f 54/77/54 1091/1149/1091 938/989/938
f 938/989/938 1090/1148/1090 54/77/54
f 882/935/882 1092/1150/1092 939/990/939
f 939/990/939 1275/1345/1275 882/935/882
f 57/79/57 1093/1151/1093 939/990/939
f 939/990/939 1092/1150/1092 57/79/57
f 880/932/880 1275/1345/1275 939/990/939
f 939/990/939 1093/1151/1093 880/932/880
f 62/84/62 1094/1153/1094 940/991/940
f 940/991/940 1095/1154/1095 62/84/62
f 886/939/886 1276/1346/1276 940/991/940
f 940/991/940 1094/1153/1094 886/939/886
f 909/963/909 1277/1347/1277 940/991/940
f 940/991/940 1276/1346/1276 909/963/909
f 872/922/872 1258/1328/1258 940/991/940
f 940/991/940 1277/1347/1277 872/922/872
f 885/938/885 1095/1154/1095 940/991/940
f 940/991/940 1258/1328/1258 885/938/885
f 66/86/66 1096/1155/1096 941/992/941
f 941/992/941 1097/1156/1097 66/86/66
f 62/84/62 1095/1154/1095 941/992/941
f 941/992/941 1096/1155/1096 62/84/62
f 885/938/885 1259/1329/1259 941/992/941
f 941/992/941 1095/1154/1095 885/938/885
f 887/940/887 1097/1156/1097 941/992/941
f 941/992/941 1259/1329/1259 887/940/887
f 62/84/62 1098/1157/1098 942/993/942
f 942/993/942 1094/1153/1094 62/84/62
f 69/87/69 1099/1158/1099 942/993/942
f 942/993/942 1098/1157/1098 69/87/69
f 888/941/888 1278/1348/1278 942/993/942
f 942/993/942 1099/1158/1099 888/941/888
f 910/964/910 1279/1349/1279 942/993/942
f 942/993/942 1278/1348/1278 910/964/910
f 886/939/886 1094/1153/1094 942/993/942
f 942/993/942 1279/1349/1279 886/939/886
f 70/89/70 1100/1159/1100 943/994/943
f 943/994/943 1101/1160/1101 70/89/70
f 69/87/69 1098/1157/1098 943/994/943
f 943/994/943 1100/1159/1100 69/87/69
f 62/84/62 1096/1155/1096 943/994/943
f 943/994/943 1098/1157/1098 62/84/62
f 66/86/66 1101/1160/1101 943/994/943
f 943/994/943 1096/1155/1096 66/86/66
f 75/9/75 1036/1087/1036 944/995/944
f 944/995/944 1103/1162/1103 75/9/75
f 889/942/889 1280/1350/1280 944/995/944
f 944/995/944 1036/1087/1036 889/942/889
f 911/965/911 1281/1351/1281 944/995/944
f 944/995/944 1280/1350/1280 911/965/911
f 890/943/890 1102/1161/1102 944/995/944
f 944/995/944 1281/1351/1281 890/943/890
f 76/92/76 1103/1162/1103 944/995/944
f 944/995/944 1102/1161/1102 76/92/76
f 77/93/77 1104/1163/1104 945/996/945
f 945/996/945 1105/1164/1105 77/93/77
f 76/92/76 1102/1161/1102 945/996/945
f 945/996/945 1104/1163/1104 76/92/76
f 890/943/890 1282/1352/1282 945/996/945
f 945/996/945 1102/1161/1102 890/943/890
f 912/966/912 1283/1353/1283 945/996/945
f 945/996/945 1282/1352/1282 912/966/912
f 891/944/891 1105/1164/1105 945/996/945
f 945/996/945 1283/1353/1283 891/944/891
f 891/944/891 1284/1354/1284 946/997/946
f 946/997/946 1105/1164/1105 891/944/891
f 913/967/913 1285/1355/1285 946/997/946
f 946/997/946 1284/1354/1284 913/967/913
f 892/945/892 1106/1165/1106 946/997/946
f 946/997/946 1285/1355/1285 892/945/892
f 79/95/79 1107/1166/1107 946/997/946
f 946/997/946 1106/1165/1106 79/95/79
f 77/93/77 1105/1164/1105 946/997/946
f 946/997/946 1107/1166/1107 77/93/77
f 892/945/892 1108/1167/1108 947/998/947
f 947/998/947 1106/1165/1106 892/945/892
f 80/96/80 1109/1168/1109 947/998/947
f 947/998/947 1108/1167/1108 80/96/80
f 82/98/82 1110/1169/1110 947/998/947
f 947/998/947 1109/1168/1109 82/98/82
f 79/95/79 1106/1165/1106 947/998/947
f 947/998/947 1110/1169/1110 79/95/79
f 17/37/17 1111/1170/1111 948/999/948
f 948/999/948 1112/1171/1112 17/37/17
f 83/10/83 1037/1088/1037 948/999/948
f 948/999/948 1111/1170/1111 83/10/83
f 75/9/75 1103/1162/1103 948/999/948
f 948/999/948 1037/1088/1037 75/9/75
f 76/92/76 1112/1171/1112 948/999/948
f 948/999/948 1103/1162/1103 76/92/76
f 16/35/16 1050/1101/1050 949/1000/949
f 949/1000/949 1113/1172/1113 16/35/16
f 17/37/17 1112/1171/1112 949/1000/949
f 949/1000/949 1050/1101/1050 17/37/17
f 76/92/76 1104/1163/1104 949/1000/949
f 949/1000/949 1112/1171/1112 76/92/76
f 77/93/77 1113/1172/1113 949/1000/949
f 949/1000/949 1104/1163/1104 77/93/77
f 77/93/77 1107/1166/1107 950/1001/950
f 950/1001/950 1113/1172/1113 77/93/77
f 79/95/79 1114/1173/1114 950/1001/950
f 950/1001/950 1107/1166/1107 79/95/79
f 84/99/84 1115/1174/1115 950/1001/950
f 950/1001/950 1114/1173/1114 84/99/84
f 16/35/16 1113/1172/1113 950/1001/950
f 950/1001/950 1115/1174/1115 16/35/16
f 79/95/79 1110/1169/1110 951/1002/951
f 951/1002/951 1114/1173/1114 79/95/79
f 82/98/82 1116/1175/1116 951/1002/951
f 951/1002/951 1110/1169/1110 82/98/82
f 85/100/85 1117/1176/1117 951/1002/951
f 951/1002/951 1116/1175/1116 85/100/85
f 84/99/84 1114/1173/1114 951/1002/951
f 951/1002/951 1117/1176/1117 84/99/84
f 83/10/83 1111/1170/1111 952/1003/952
f 952/1003/952 1039/1090/1039 83/10/83
f 17/37/17 1049/1100/1049 952/1003/952
f 952/1003/952 1111/1170/1111 17/37/17
f 18/36/18 1118/1177/1118 952/1003/952
f 952/1003/952 1049/1100/1049 18/36/18
f 3/11/3 1039/1090/1039 952/1003/952
f 952/1003/952 1118/1177/1118 3/11/3
f 86/101/86 1119/1178/1119 953/1004/953
f 953/1004/953 1120/1179/1120 86/101/86
f 87/12/87 1040/1091/1040 953/1004/953
f 953/1004/953 1119/1178/1119 87/12/87
f 3/11/3 1118/1177/1118 953/1004/953
f 953/1004/953 1040/1091/1040 3/11/3
f 18/36/18 1120/1179/1120 953/1004/953
f 953/1004/953 1118/1177/1118 18/36/18
f 86/101/86 1120/1179/1120 954/1005/954
f 954/1005/954 1121/1180/1121 86/101/86
f 18/36/18 1048/1099/1048 954/1005/954
f 954/1005/954 1120/1179/1120 18/36/18
f 16/35/16 1115/1174/1115 954/1005/954
f 954/1005/954 1048/1099/1048 16/35/16
f 84/99/84 1121/1180/1121 954/1005/954
f 954/1005/954 1115/1174/1115 84/99/84
f 84/99/84 1117/1176/1117 955/1006/955
f 955/1006/955 1121/1180/1121 84/99/84
f 85/100/85 1122/1181/1122 955/1006/955
f 955/1006/955 1117/1176/1117 85/100/85
f 88/102/88 1123/1182/1123 955/1006/955
f 955/1006/955 1122/1181/1122 88/102/88
f 86/101/86 1121/1180/1121 955/1006/955
f 955/1006/955 1123/1182/1123 86/101/86
f 89/13/89 1041/1092/1041 956/1007/956
f 956/1007/956 1124/1183/1124 89/13/89
f 87/12/87 1119/1178/1119 956/1007/956
f 956/1007/956 1041/1092/1041 87/12/87
f 86/101/86 1123/1182/1123 956/1007/956
f 956/1007/956 1119/1178/1119 86/101/86
f 88/102/88 1124/1183/1124 956/1007/956
f 956/1007/956 1123/1182/1123 88/102/88
f 90/103/90 1125/1184/1125 957/1008/957
f 957/1008/957 1126/1185/1126 90/103/90
f 5/14/5 1042/1093/1042 957/1008/957
f 957/1008/957 1125/1184/1125 5/14/5
f 89/13/89 1124/1183/1124 957/1008/957
f 957/1008/957 1042/1093/1042 89/13/89
f 88/102/88 1126/1185/1126 957/1008/957
f 957/1008/957 1124/1183/1124 88/102/88
f 90/103/90 1126/1185/1126 958/1009/958
f 958/1009/958 1128/1187/1128 90/103/90
f 88/102/88 1122/1181/1122 958/1009/958
f 958/1009/958 1126/1185/1126 88/102/88
f 85/100/85 1127/1186/1127 958/1009/958
f 958/1009/958 1122/1181/1122 85/100/85
f 91/104/91 1128/1187/1128 958/1009/958
f 958/1009/958 1127/1186/1127 91/104/91
f 91/104/91 1127/1186/1127 959/1010/959
f 959/1010/959 1130/1189/1130 91/104/91
f 85/100/85 1116/1175/1116 959/1010/959
f 959/1010/959 1127/1186/1127 85/100/85
f 82/98/82 1129/1188/1129 959/1010/959
f 959/1010/959 1116/1175/1116 82/98/82
f 92/105/92 1130/1189/1130 959/1010/959
f 959/1010/959 1129/1188/1129 92/105/92
f 92/105/92 1129/1188/1129 960/1011/960
f 960/1011/960 1132/1191/1132 92/105/92
f 82/98/82 1109/1168/1109 960/1011/960
f 960/1011/960 1129/1188/1129 82/98/82
f 80/96/80 1131/1190/1131 960/1011/960
f 960/1011/960 1109/1168/1109 80/96/80
f 81/97/81 1132/1191/1132 960/1011/960
f 960/1011/960 1131/1190/1131 81/97/81
f 20/40/20 1133/1192/1133 961/1012/961
f 961/1012/961 1134/1193/1134 20/40/20
f 66/86/66 1097/1156/1097 961/1012/961
f 961/1012/961 1133/1192/1133 66/86/66
f 887/940/887 1261/1331/1261 961/1012/961
f 961/1012/961 1097/1156/1097 887/940/887
f 873/923/873 1134/1193/1134 961/1012/961
f 961/1012/961 1261/1331/1261 873/923/873
f 93/106/93 1135/1194/1135 962/1013/962
f 962/1013/962 1136/1195/1136 93/106/93
f 70/89/70 1101/1160/1101 962/1013/962
f 962/1013/962 1135/1194/1135 70/89/70
f 66/86/66 1133/1192/1133 962/1013/962
f 962/1013/962 1101/1160/1101 66/86/66
f 20/40/20 1136/1195/1136 962/1013/962
f 962/1013/962 1133/1192/1133 20/40/20
f 19/38/19 1053/1104/1053 963/1014/963
f 963/1014/963 1137/1196/1137 19/38/19
f 20/40/20 1134/1193/1134 963/1014/963
f 963/1014/963 1053/1104/1053 20/40/20
f 873/923/873 1262/1332/1262 963/1014/963
f 963/1014/963 1134/1193/1134 873/923/873
f 893/946/893 1137/1196/1137 963/1014/963
f 963/1014/963 1262/1332/1262 893/946/893
f 95/107/95 1138/1197/1138 964/1015/964
f 964/1015/964 1139/1198/1139 95/107/95
f 93/106/93 1136/1195/1136 964/1015/964
f 964/1015/964 1138/1197/1138 93/106/93
f 20/40/20 1052/1103/1052 964/1015/964
f 964/1015/964 1136/1195/1136 20/40/20
f 21/39/21 1139/1198/1139 964/1015/964
f 964/1015/964 1052/1103/1052 21/39/21
f 894/947/894 1140/1199/1140 965/1016/965
f 965/1016/965 1263/1333/1263 894/947/894
f 97/108/97 1141/1200/1141 965/1016/965
f 965/1016/965 1140/1199/1140 97/108/97
f 19/38/19 1137/1196/1137 965/1016/965
f 965/1016/965 1141/1200/1141 19/38/19
f 893/946/893 1263/1333/1263 965/1016/965
f 965/1016/965 1137/1196/1137 893/946/893
f 98/109/98 1142/1201/1142 966/1017/966
f 966/1017/966 1143/1202/1143 98/109/98
f 97/108/97 1140/1199/1140 966/1017/966
f 966/1017/966 1142/1201/1142 97/108/97
f 894/947/894 1264/1334/1264 966/1017/966
f 966/1017/966 1140/1199/1140 894/947/894
f 874/924/874 1143/1202/1143 966/1017/966
f 966/1017/966 1264/1334/1264 874/924/874
f 100/111/100 1144/1203/1144 967/1018/967
f 967/1018/967 1146/1205/1146 100/111/100
f 92/105/92 1132/1191/1132 967/1018/967
f 967/1018/967 1144/1203/1144 92/105/92
f 81/97/81 1145/1204/1145 967/1018/967
f 967/1018/967 1132/1191/1132 81/97/81
f 99/110/99 1146/1205/1146 967/1018/967
f 967/1018/967 1145/1204/1145 99/110/99
f 101/112/101 1147/1206/1147 968/1019/968
f 968/1019/968 1148/1207/1148 101/112/101
f 91/104/91 1130/1189/1130 968/1019/968
f 968/1019/968 1147/1206/1147 91/104/91
f 92/105/92 1144/1203/1144 968/1019/968
f 968/1019/968 1130/1189/1130 92/105/92
f 100/111/100 1148/1207/1148 968/1019/968
f 968/1019/968 1144/1203/1144 100/111/100
f 101/112/101 1149/1208/1149 969/1020/969
f 969/1020/969 1147/1206/1147 101/112/101
f 102/113/102 1150/1209/1150 969/1020/969
f 969/1020/969 1149/1208/1149 102/113/102
f 90/103/90 1128/1187/1128 969/1020/969
f 969/1020/969 1150/1209/1150 90/103/90
f 91/104/91 1147/1206/1147 969/1020/969
f 969/1020/969 1128/1187/1128 91/104/91
f 103/114/103 1151/1210/1151 970/1021/970
f 970/1021/970 1153/1212/1153 103/114/103
f 895/948/895 1152/1211/1152 970/1021/970
f 970/1021/970 1151/1210/1151 895/948/895
f 101/112/101 1148/1207/1148 970/1021/970
f 970/1021/970 1152/1211/1152 101/112/101
f 100/111/100 1153/1212/1153 970/1021/970
f 970/1021/970 1148/1207/1148 100/111/100
f 895/948/895 1286/1356/1286 971/1022/971
f 971/1022/971 1152/1211/1152 895/948/895
f 896/949/896 1154/1213/1154 971/1022/971
f 971/1022/971 1286/1356/1286 896/949/896
f 102/113/102 1149/1208/1149 971/1022/971
f 971/1022/971 1154/1213/1154 102/113/102
f 101/112/101 1152/1211/1152 971/1022/971
f 971/1022/971 1149/1208/1149 101/112/101
f 103/114/103 1153/1212/1153 972/1023/972
f 972/1023/972 1156/1215/1156 103/114/103
f 100/111/100 1146/1205/1146 972/1023/972
f 972/1023/972 1153/1212/1153 100/111/100
f 99/110/99 1155/1214/1155 972/1023/972
f 972/1023/972 1146/1205/1146 99/110/99
f 106/117/106 1156/1215/1156 972/1023/972
f 972/1023/972 1155/1214/1155 106/117/106
f 897/950/897 1287/1357/1287 973/1024/973
f 973/1024/973 1158/1217/1158 897/950/897
f 895/948/895 1151/1210/1151 973/1024/973
f 973/1024/973 1287/1357/1287 895/948/895
f 103/114/103 1157/1216/1157 973/1024/973
f 973/1024/973 1151/1210/1151 103/114/103
f 108/119/108 1158/1217/1158 973/1024/973
f 973/1024/973 1157/1216/1157 108/119/108
f 108/119/108 1157/1216/1157 974/1025/974
f 974/1025/974 1160/1219/1160 108/119/108
f 103/114/103 1156/1215/1156 974/1025/974
f 974/1025/974 1157/1216/1157 103/114/103
f 106/117/106 1159/1218/1159 974/1025/974
f 974/1025/974 1156/1215/1156 106/117/106
f 110/121/110 1160/1219/1160 974/1025/974
f 974/1025/974 1159/1218/1159 110/121/110
f 110/121/110 1161/1220/1161 975/1026/975
f 975/1026/975 1160/1219/1160 110/121/110
f 112/123/112 1162/1221/1162 975/1026/975
f 975/1026/975 1161/1220/1161 112/123/112
f 113/124/113 1163/1222/1163 975/1026/975
f 975/1026/975 1162/1221/1162 113/124/113
f 108/119/108 1160/1219/1160 975/1026/975
f 975/1026/975 1163/1222/1163 108/119/108
f 102/113/102 1164/1223/1164 976/1027/976
f 976/1027/976 1150/1209/1150 102/113/102
f 114/19/114 1043/1094/1043 976/1027/976
f 976/1027/976 1164/1223/1164 114/19/114
f 5/14/5 1125/1184/1125 976/1027/976
f 976/1027/976 1043/1094/1043 5/14/5
f 90/103/90 1150/1209/1150 976/1027/976
f 976/1027/976 1125/1184/1125 90/103/90
f 896/949/896 1165/1224/1165 977/1028/977
f 977/1028/977 1154/1213/1154 896/949/896
f 115/20/115 1044/1095/1044 977/1028/977
f 977/1028/977 1165/1224/1165 115/20/115
f 114/19/114 1164/1223/1164 977/1028/977
f 977/1028/977 1044/1095/1044 114/19/114
f 102/113/102 1154/1213/1154 977/1028/977
f 977/1028/977 1164/1223/1164 102/113/102
f 898/951/898 1289/1359/1289 978/1029/978
f 978/1029/978 1288/1358/1288 898/951/898
f 899/952/899 1045/1096/1045 978/1029/978
f 978/1029/978 1289/1359/1289 899/952/899
f 115/20/115 1165/1224/1165 978/1029/978
f 978/1029/978 1045/1096/1045 115/20/115
f 896/949/896 1288/1358/1288 978/1029/978
f 978/1029/978 1165/1224/1165 896/949/896
f 26/45/26 1166/1225/1166 979/1030/979
f 979/1030/979 1169/1228/1169 26/45/26
f 111/122/111 1167/1226/1167 979/1030/979
f 979/1030/979 1166/1225/1166 111/122/111
f 98/109/98 1168/1227/1168 979/1030/979
f 979/1030/979 1167/1226/1167 98/109/98
f 117/125/117 1169/1228/1169 979/1030/979
f 979/1030/979 1168/1227/1168 117/125/117
f 117/125/117 1168/1227/1168 980/1031/980
f 980/1031/980 1170/1229/1170 117/125/117
f 98/109/98 1143/1202/1143 980/1031/980
f 980/1031/980 1168/1227/1168 98/109/98
f 874/924/874 1265/1335/1265 980/1031/980
f 980/1031/980 1143/1202/1143 874/924/874
f 900/953/900 1170/1229/1170 980/1031/980
f 980/1031/980 1265/1335/1265 900/953/900
f 119/126/119 1171/1230/1171 981/1032/981
f 981/1032/981 1172/1231/1172 119/126/119
f 117/125/117 1170/1229/1170 981/1032/981
f 981/1032/981 1171/1230/1171 117/125/117
f 900/953/900 1266/1336/1266 981/1032/981
f 981/1032/981 1170/1229/1170 900/953/900
f 875/925/875 1172/1231/1172 981/1032/981
f 981/1032/981 1266/1336/1266 875/925/875
f 119/126/119 1173/1232/1173 982/1033/982
f 982/1033/982 1171/1230/1171 119/126/119
f 120/127/120 1174/1233/1174 982/1033/982
f 982/1033/982 1173/1232/1173 120/127/120
f 26/45/26 1169/1228/1169 982/1033/982
f 982/1033/982 1174/1233/1174 26/45/26
f 117/125/117 1171/1230/1171 982/1033/982
f 982/1033/982 1169/1228/1169 117/125/117
f 25/44/25 1059/1110/1059 983/1034/983
f 983/1034/983 1060/1111/1060 25/44/25
f 26/45/26 1174/1233/1174 983/1034/983
f 983/1034/983 1059/1110/1059 26/45/26
f 120/127/120 1175/1234/1175 983/1034/983
f 983/1034/983 1174/1233/1174 120/127/120
f 28/46/28 1060/1111/1060 983/1034/983
f 983/1034/983 1175/1234/1175 28/46/28
f 897/950/897 1158/1217/1158 984/1035/984
f 984/1035/984 1290/1360/1290 897/950/897
f 108/119/108 1163/1222/1163 984/1035/984
f 984/1035/984 1158/1217/1158 108/119/108
f 113/124/113 1176/1235/1176 984/1035/984
f 984/1035/984 1163/1222/1163 113/124/113
f 901/954/901 1290/1360/1290 984/1035/984
f 984/1035/984 1176/1235/1176 901/954/901
f 122/129/122 1177/1236/1177 985/1036/985
f 985/1036/985 1179/1238/1179 122/129/122
f 113/124/113 1162/1221/1162 985/1036/985
f 985/1036/985 1177/1236/1177 113/124/113
f 112/123/112 1178/1237/1178 985/1036/985
f 985/1036/985 1162/1221/1162 112/123/112
f 123/130/123 1179/1238/1179 985/1036/985
f 985/1036/985 1178/1237/1178 123/130/123
f 901/954/901 1176/1235/1176 986/1037/986
f 986/1037/986 1291/1361/1291 901/954/901
f 113/124/113 1177/1236/1177 986/1037/986
f 986/1037/986 1176/1235/1176 113/124/113
f 122/129/122 1180/1239/1180 986/1037/986
f 986/1037/986 1177/1236/1177 122/129/122
f 877/929/877 1291/1361/1291 986/1037/986
f 986/1037/986 1180/1239/1180 877/929/877
f 36/131/36 1181/1240/1181 987/1038/987
f 987/1038/987 1182/1241/1182 36/131/36
f 119/126/119 1172/1231/1172 987/1038/987
f 987/1038/987 1181/1240/1181 119/126/119
f 875/925/875 1267/1337/1267 987/1038/987
f 987/1038/987 1172/1231/1172 875/925/875
f 902/955/902 1182/1241/1182 987/1038/987
f 987/1038/987 1267/1337/1267 902/955/902
f 36/131/36 1073/1127/1073 988/1039/988
f 988/1039/988 1181/1240/1181 36/131/36
f 38/132/38 1183/1242/1183 988/1039/988
f 988/1039/988 1073/1127/1073 38/132/38
f 120/127/120 1173/1232/1173 988/1039/988
f 988/1039/988 1183/1242/1183 120/127/120
f 119/126/119 1181/1240/1181 988/1039/988
f 988/1039/988 1173/1232/1173 119/126/119
f 120/127/120 1183/1242/1183 989/1040/989
f 989/1040/989 1175/1234/1175 120/127/120
f 38/132/38 1184/1243/1184 989/1040/989
f 989/1040/989 1183/1242/1183 38/132/38
f 903/956/903 1185/1244/1185 989/1040/989
f 989/1040/989 1184/1243/1184 903/956/903
f 28/46/28 1175/1234/1175 989/1040/989
f 989/1040/989 1185/1244/1185 28/46/28
f 27/47/27 1061/1112/1061 990/1041/990
f 990/1041/990 1187/1247/1187 27/47/27
f 28/46/28 1185/1244/1185 990/1041/990
f 990/1041/990 1061/1112/1061 28/46/28
f 903/956/903 1186/1245/1186 990/1041/990
f 990/1041/990 1185/1244/1185 903/956/903
f 44/133/44 1187/1247/1187 990/1041/990
f 990/1041/990 1186/1245/1186 44/133/44
f 31/49/31 1188/1248/1188 991/1042/991
f 991/1042/991 1190/1250/1190 31/49/31
f 126/134/126 1189/1249/1189 991/1042/991
f 991/1042/991 1188/1248/1188 126/134/126
f 122/129/122 1179/1238/1179 991/1042/991
f 991/1042/991 1189/1249/1189 122/129/122
f 123/130/123 1190/1250/1190 991/1042/991
f 991/1042/991 1179/1238/1179 123/130/123
f 126/134/126 1188/1248/1188 992/1043/992
f 992/1043/992 1191/1251/1191 126/134/126
f 31/49/31 1063/1114/1063 992/1043/992
f 992/1043/992 1188/1248/1188 31/49/31
f 29/48/29 1086/1143/1086 992/1043/992
f 992/1043/992 1063/1114/1063 29/48/29
f 49/71/49 1191/1251/1191 992/1043/992
f 992/1043/992 1086/1143/1086 49/71/49
f 126/134/126 1192/1252/1192 993/1044/993
f 993/1044/993 1189/1249/1189 126/134/126
f 878/930/878 1272/1342/1272 993/1044/993
f 993/1044/993 1192/1252/1192 878/930/878
f 877/929/877 1180/1239/1180 993/1044/993
f 993/1044/993 1272/1342/1272 877/929/877
f 122/129/122 1189/1249/1189 993/1044/993
f 993/1044/993 1180/1239/1180 122/129/122
f 34/54/34 1067/1118/1067 994/1045/994
f 994/1045/994 1193/1253/1193 34/54/34
f 878/930/878 1192/1252/1192 994/1045/994
f 994/1045/994 1067/1118/1067 878/930/878
f 126/134/126 1191/1251/1191 994/1045/994
f 994/1045/994 1192/1252/1192 126/134/126
f 49/71/49 1193/1253/1193 994/1045/994
f 994/1045/994 1191/1251/1191 49/71/49
f 902/955/902 1269/1339/1269 995/1046/995
f 995/1046/995 1182/1241/1182 902/955/902
f 904/958/904 1194/1254/1194 995/1046/995
f 995/1046/995 1269/1339/1269 904/958/904
f 35/136/35 1070/1123/1070 995/1046/995
f 995/1046/995 1194/1254/1194 35/136/35
f 36/131/36 1182/1241/1182 995/1046/995
f 995/1046/995 1070/1123/1070 36/131/36
f 36/58/36 1069/1121/1069 996/1047/996
f 996/1047/996 1071/1124/1071 36/58/36
f 37/137/37 1195/1255/1195 996/1047/996
f 996/1047/996 1069/1121/1069 37/137/37
f 905/959/905 1292/1362/1292 996/1047/996
f 996/1047/996 1195/1255/1195 905/959/905
f 879/931/879 1071/1124/1071 996/1047/996
f 996/1047/996 1292/1362/1292 879/931/879
f 41/63/41 1197/1257/1197 997/1048/997
f 997/1048/997 1196/1256/1196 41/63/41
f 35/136/35 1194/1254/1194 997/1048/997
f 997/1048/997 1197/1257/1197 35/136/35
f 904/958/904 1270/1340/1270 997/1048/997
f 997/1048/997 1194/1254/1194 904/958/904
f 37/56/37 1068/1119/1068 998/1049/998
f 998/1049/998 1199/1260/1199 37/56/37
f 35/55/35 1197/1258/1197 998/1049/998
f 998/1049/998 1068/1119/1068 35/55/35
f 41/139/41 1198/1259/1198 998/1049/998
f 998/1049/998 1197/1258/1197 41/139/41
f 130/140/130 1199/1260/1199 998/1049/998
f 998/1049/998 1198/1259/1198 130/140/130
f 41/63/41 1196/1256/1196 999/1050/999
f 999/1050/999 1076/1131/1076 41/63/41
f 9/28/9 1200/1261/1200 999/1050/999
f 999/1050/999 1046/1097/1046 9/28/9
f 40/61/40 1076/1131/1076 999/1050/999
f 999/1050/999 1200/1261/1200 40/61/40
f 42/141/42 1201/1262/1201 1000/1051/1000
f 1000/1051/1000 1075/1130/1075 42/141/42
f 46/68/46 1202/1263/1202 1000/1051/1000
f 1000/1051/1000 1201/1262/1201 46/68/46
f 130/140/130 1198/1259/1198 1000/1051/1000
f 1000/1051/1000 1202/1263/1202 130/140/130
f 41/139/41 1075/1130/1075 1000/1051/1000
f 1000/1051/1000 1198/1259/1198 41/139/41
f 44/65/44 1186/1246/1186 1001/1052/1001
f 1001/1052/1001 1078/1134/1078 44/65/44
f 903/957/903 1293/1363/1293 1001/1052/1001
f 1001/1052/1001 1186/1246/1186 903/957/903
f 906/960/906 1203/1264/1203 1001/1052/1001
f 1001/1052/1001 1293/1363/1293 906/960/906
f 43/66/43 1078/1134/1078 1001/1052/1001
f 1001/1052/1001 1203/1264/1203 43/66/43
f 30/145/30 1079/1136/1079 1002/1053/1002
f 1002/1053/1002 1206/1267/1206 30/145/30
f 43/146/43 1204/1265/1204 1002/1053/1002
f 1002/1053/1002 1079/1136/1079 43/146/43
f 48/69/48 1205/1266/1205 1002/1053/1002
f 1002/1053/1002 1204/1265/1204 48/69/48
f 133/147/133 1206/1267/1206 1002/1053/1002
f 1002/1053/1002 1205/1266/1205 133/147/133
f 45/67/45 1081/1138/1081 1003/1054/1003
f 1003/1054/1003 1208/1270/1208 45/67/45
f 30/50/30 1206/1268/1206 1003/1054/1003
f 1003/1054/1003 1081/1138/1081 30/50/30
f 133/148/133 1207/1269/1207 1003/1054/1003
f 1003/1054/1003 1206/1268/1206 133/148/133
f 134/149/134 1208/1270/1208 1003/1054/1003
f 1003/1054/1003 1207/1269/1207 134/149/134
f 43/66/43 1203/1264/1203 1004/1055/1004
f 1004/1055/1004 1209/1271/1209 43/66/43
f 906/960/906 1294/1364/1294 1004/1055/1004
f 1004/1055/1004 1203/1264/1203 906/960/906
f 881/934/881 1087/1144/1087 1004/1055/1004
f 1004/1055/1004 1294/1364/1294 881/934/881
f 50/72/50 1209/1271/1209 1004/1055/1004
f 1004/1055/1004 1087/1144/1087 50/72/50
f 47/70/47 1083/1140/1083 1005/1056/1005
f 1005/1056/1005 1210/1273/1210 47/70/47
f 48/69/48 1204/1265/1204 1005/1056/1005
f 1005/1056/1005 1083/1140/1083 48/69/48
f 43/146/43 1209/1272/1209 1005/1056/1005
f 1005/1056/1005 1204/1265/1204 43/146/43
f 50/152/50 1210/1273/1210 1005/1056/1005
f 1005/1056/1005 1209/1272/1209 50/152/50
f 133/147/133 1205/1266/1205 1006/1057/1006
f 1006/1057/1006 1211/1274/1211 133/147/133
f 48/69/48 1082/1139/1082 1006/1057/1006
f 1006/1057/1006 1205/1266/1205 48/69/48
f 46/68/46 1201/1262/1201 1006/1057/1006
f 1006/1057/1006 1082/1139/1082 46/68/46
f 42/141/42 1211/1274/1211 1006/1057/1006
f 1006/1057/1006 1201/1262/1201 42/141/42
f 133/148/133 1211/1275/1211 1007/1058/1007
f 1007/1058/1007 1213/1277/1213 133/148/133
f 42/62/42 1074/1128/1074 1007/1058/1007
f 1007/1058/1007 1211/1275/1211 42/62/42
f 40/61/40 1212/1276/1212 1007/1058/1007
f 1007/1058/1007 1074/1128/1074 40/61/40
f 137/153/137 1213/1277/1213 1007/1058/1007
f 1007/1058/1007 1212/1276/1212 137/153/137
f 134/149/134 1207/1269/1207 1008/1059/1008
f 1008/1059/1008 1215/1279/1215 134/149/134
f 133/148/133 1213/1277/1213 1008/1059/1008
f 1008/1059/1008 1207/1269/1207 133/148/133
f 137/153/137 1214/1278/1214 1008/1059/1008
f 1008/1059/1008 1213/1277/1213 137/153/137
f 138/154/138 1215/1279/1215 1008/1059/1008
f 1008/1059/1008 1214/1278/1214 138/154/138
f 47/70/47 1216/1280/1216 1009/1060/1009
f 1009/1060/1009 1084/1141/1084 47/70/47
f 139/155/139 1217/1281/1217 1009/1060/1009
f 1009/1060/1009 1216/1280/1216 139/155/139
f 130/140/130 1202/1263/1202 1009/1060/1009
f 1009/1060/1009 1217/1281/1217 130/140/130
f 46/68/46 1084/1141/1084 1009/1060/1009
f 1009/1060/1009 1202/1263/1202 46/68/46
f 130/140/130 1217/1281/1217 1010/1061/1010
f 1010/1061/1010 1199/1260/1199 130/140/130
f 139/155/139 1218/1282/1218 1010/1061/1010
f 1010/1061/1010 1217/1281/1217 139/155/139
f 140/156/140 1219/1283/1219 1010/1061/1010
f 1010/1061/1010 1218/1282/1218 140/156/140
f 37/56/37 1199/1260/1199 1010/1061/1010
f 1010/1061/1010 1219/1283/1219 37/56/37
f 137/153/137 1212/1276/1212 1011/1062/1011
f 1011/1062/1011 1220/1285/1220 137/153/137
f 40/61/40 1200/1261/1200 1011/1062/1011
f 1011/1062/1011 1212/1276/1212 40/61/40
f 9/28/9 1047/1098/1047 1011/1062/1011
f 1011/1062/1011 1200/1261/1200 9/28/9
f 876/926/876 1221/1286/1221 1012/1063/1012
f 1012/1063/1012 1271/1341/1271 876/926/876
f 138/154/138 1214/1278/1214 1012/1063/1012
f 1012/1063/1012 1221/1286/1221 138/154/138
f 137/153/137 1220/1285/1220 1012/1063/1012
f 1012/1063/1012 1214/1278/1214 137/153/137
f 50/152/50 1088/1146/1088 1013/1064/1013
f 1013/1064/1013 1210/1273/1210 50/152/50
f 880/933/880 1222/1287/1222 1013/1064/1013
f 1013/1064/1013 1088/1146/1088 880/933/880
f 55/76/55 1223/1288/1223 1013/1064/1013
f 1013/1064/1013 1222/1287/1222 55/76/55
f 47/70/47 1210/1273/1210 1013/1064/1013
f 1013/1064/1013 1223/1288/1223 47/70/47
f 47/70/47 1223/1288/1223 1014/1065/1014
f 1014/1065/1014 1216/1280/1216 47/70/47
f 55/76/55 1089/1147/1089 1014/1065/1014
f 1014/1065/1014 1223/1288/1223 55/76/55
f 53/75/53 1224/1289/1224 1014/1065/1014
f 1014/1065/1014 1089/1147/1089 53/75/53
f 139/155/139 1216/1280/1216 1014/1065/1014
f 1014/1065/1014 1224/1289/1224 139/155/139
f 54/77/54 1090/1148/1090 1015/1066/1015
f 1015/1066/1015 1225/1290/1225 54/77/54
f 55/76/55 1222/1287/1222 1015/1066/1015
f 1015/1066/1015 1090/1148/1090 55/76/55
f 880/933/880 1093/1152/1093 1015/1066/1015
f 1015/1066/1015 1222/1287/1222 880/933/880
f 57/157/57 1225/1290/1225 1015/1066/1015
f 1015/1066/1015 1093/1152/1093 57/157/57
f 54/158/54 1225/1291/1225 1016/1067/1016
f 1016/1067/1016 1226/1292/1226 54/158/54
f 57/79/57 1092/1150/1092 1016/1067/1016
f 1016/1067/1016 1225/1291/1225 57/79/57
f 882/935/882 1295/1365/1295 1016/1067/1016
f 1016/1067/1016 1092/1150/1092 882/935/882
f 907/961/907 1226/1292/1226 1016/1067/1016
f 1016/1067/1016 1295/1365/1295 907/961/907
f 54/77/54 1227/1293/1227 1017/1068/1017
f 1017/1068/1017 1091/1149/1091 54/77/54
f 144/160/144 1228/1295/1228 1017/1068/1017
f 1017/1068/1017 1227/1293/1227 144/160/144
f 143/161/143 1229/1297/1229 1017/1068/1017
f 1017/1068/1017 1228/1295/1228 143/161/143
f 53/75/53 1091/1149/1091 1017/1068/1017
f 1017/1068/1017 1229/1297/1229 53/75/53
f 54/158/54 1226/1292/1226 1018/1069/1018
f 1018/1069/1018 1227/1294/1227 54/158/54
f 907/961/907 1296/1366/1296 1018/1069/1018
f 1018/1069/1018 1226/1292/1226 907/961/907
f 908/962/908 1230/1298/1230 1018/1069/1018
f 1018/1069/1018 1296/1366/1296 908/962/908
f 144/163/144 1227/1294/1227 1018/1069/1018
f 1018/1069/1018 1230/1298/1230 144/163/144
f 139/155/139 1224/1289/1224 1019/1070/1019
f 1019/1070/1019 1218/1282/1218 139/155/139
f 53/75/53 1229/1297/1229 1019/1070/1019
f 1019/1070/1019 1224/1289/1224 53/75/53
f 143/161/143 1231/1299/1231 1019/1070/1019
f 1019/1070/1019 1229/1297/1229 143/161/143
f 140/156/140 1218/1282/1218 1019/1070/1019
f 1019/1070/1019 1231/1299/1231 140/156/140
f 905/959/905 1195/1255/1195 1020/1071/1020
f 1020/1071/1020 1297/1367/1297 905/959/905
f 37/137/37 1219/1284/1219 1020/1071/1020
f 1020/1071/1020 1195/1255/1195 37/137/37
f 140/164/140 1232/1301/1232 1020/1071/1020
f 1020/1071/1020 1219/1284/1219 140/164/140
f 884/937/884 1297/1367/1297 1020/1071/1020
f 1020/1071/1020 1232/1301/1232 884/937/884
f 884/937/884 1232/1301/1232 1021/1072/1021
f 1021/1072/1021 1298/1368/1298 884/937/884
f 140/164/140 1231/1300/1231 1021/1072/1021
f 1021/1072/1021 1232/1301/1232 140/164/140
f 143/165/143 1233/1302/1233 1021/1072/1021
f 1021/1072/1021 1231/1300/1231 143/165/143
f 883/936/883 1298/1368/1298 1021/1072/1021
f 1021/1072/1021 1233/1302/1233 883/936/883
f 144/163/144 1230/1298/1230 1022/1073/1022
f 1022/1073/1022 1228/1296/1228 144/163/144
f 908/962/908 1234/1303/1234 1022/1073/1022
f 1022/1073/1022 1230/1298/1230 908/962/908
f 883/936/883 1233/1302/1233 1022/1073/1022
f 1022/1073/1022 1234/1303/1234 883/936/883
f 143/165/143 1228/1296/1228 1022/1073/1022
f 1022/1073/1022 1233/1302/1233 143/165/143
f 24/43/24 1055/1106/1055 1023/1074/1023
f 1023/1074/1023 1058/1109/1058 24/43/24
f 22/41/22 1235/1304/1235 1023/1074/1023
f 1023/1074/1023 1055/1106/1055 22/41/22
f 111/122/111 1166/1225/1166 1023/1074/1023
f 1023/1074/1023 1235/1304/1235 111/122/111
f 26/45/26 1058/1109/1058 1023/1074/1023
f 1023/1074/1023 1166/1225/1166 26/45/26
f 31/49/31 1236/1305/1236 1024/1075/1024
f 1024/1075/1024 1064/1115/1064 31/49/31
f 27/47/27 1187/1247/1187 1024/1075/1024
f 1024/1075/1024 1236/1305/1236 27/47/27
f 44/133/44 1077/1133/1077 1024/1075/1024
f 1024/1075/1024 1187/1247/1187 44/133/44
f 30/50/30 1064/1115/1064 1024/1075/1024
f 1024/1075/1024 1077/1133/1077 30/50/30
s 0
f 21/39/21 1051/1102/1051 1025/1076/1025
f 1025/1076/1025 1239/1308/1239 21/39/21
f 19/38/19 1237/1306/1237 1025/1076/1025
f 1025/1076/1025 1051/1102/1051 19/38/19
f 148/168/148 1238/1307/1238 1025/1076/1025
f 1025/1076/1025 1237/1306/1237 148/168/148
f 147/167/147 1239/1308/1239 1025/1076/1025
f 1025/1076/1025 1238/1307/1238 147/167/147
f 19/38/19 1141/1200/1141 1026/1077/1026
f 1026/1077/1026 1237/1306/1237 19/38/19
f 97/108/97 1240/1309/1240 1026/1077/1026
f 1026/1077/1026 1141/1200/1141 97/108/97
f 149/169/149 1241/1310/1241 1026/1077/1026
f 1026/1077/1026 1240/1309/1240 149/169/149
f 148/168/148 1237/1306/1237 1026/1077/1026
f 1026/1077/1026 1241/1310/1241 148/168/148
f 97/108/97 1142/1201/1142 1027/1078/1027
f 1027/1078/1027 1240/1309/1240 97/108/97
f 98/109/98 1242/1311/1242 1027/1078/1027
f 1027/1078/1027 1142/1201/1142 98/109/98
f 150/170/150 1243/1312/1243 1027/1078/1027
f 1027/1078/1027 1242/1311/1242 150/170/150
f 149/169/149 1240/1309/1240 1027/1078/1027
f 1027/1078/1027 1243/1312/1243 149/169/149
f 98/109/98 1167/1226/1167 1028/1079/1028
f 1028/1079/1028 1242/1311/1242 98/109/98
f 111/122/111 1244/1313/1244 1028/1079/1028
f 1028/1079/1028 1167/1226/1167 111/122/111
f 151/171/151 1245/1314/1245 1028/1079/1028
f 1028/1079/1028 1244/1313/1244 151/171/151
f 150/170/150 1242/1311/1242 1028/1079/1028
f 1028/1079/1028 1245/1314/1245 150/170/150
f 111/122/111 1235/1304/1235 1029/1080/1029
f 1029/1080/1029 1244/1313/1244 111/122/111
f 22/41/22 1246/1315/1246 1029/1080/1029
f 1029/1080/1029 1235/1304/1235 22/41/22
f 152/172/152 1247/1316/1247 1029/1080/1029
f 1029/1080/1029 1246/1315/1246 152/172/152
f 151/171/151 1244/1313/1244 1029/1080/1029
f 1029/1080/1029 1247/1316/1247 151/171/151
f 22/41/22 1054/1105/1054 1030/1081/1030
f 1030/1081/1030 1246/1315/1246 22/41/22
f 23/42/23 1248/1317/1248 1030/1081/1030
f 1030/1081/1030 1054/1105/1054 23/42/23
f 153/173/153 1249/1318/1249 1030/1081/1030
f 1030/1081/1030 1248/1317/1248 153/173/153
f 152/172/152 1246/1315/1246 1030/1081/1030
f 1030/1081/1030 1249/1318/1249 152/172/152
f 23/42/23 1250/1319/1250 1031/1082/1031
f 1031/1082/1031 1248/1317/1248 23/42/23
f 95/107/95 1251/1320/1251 1031/1082/1031
f 1031/1082/1031 1250/1319/1250 95/107/95
f 154/174/154 1252/1321/1252 1031/1082/1031
f 1031/1082/1031 1251/1320/1251 154/174/154
f 153/173/153 1248/1317/1248 1031/1082/1031
f 1031/1082/1031 1252/1321/1252 153/173/153
f 95/107/95 1139/1198/1139 1032/1083/1032
f 1032/1083/1032 1251/1320/1251 95/107/95
f 21/39/21 1239/1308/1239 1032/1083/1032
f 1032/1083/1032 1139/1198/1139 21/39/21
f 147/167/147 1253/1322/1253 1032/1083/1032
f 1032/1083/1032 1239/1308/1239 147/167/147
f 154/174/154 1251/1320/1251 1032/1083/1032
f 1032/1083/1032 1253/1322/1253 154/174/154
f 38/60/38 1072/1125/1072 1033/1084/1033
f 1033/1084/1033 1255/1324/1255 38/60/38
f 879/931/879 1299/1369/1299 1033/1084/1033
f 1033/1084/1033 1072/1125/1072 879/931/879
f 914/968/914 1254/1323/1254 1033/1084/1033
f 1033/1084/1033 1299/1369/1299 914/968/914
f 690/710/690 1255/1324/1255 1033/1084/1033
f 1033/1084/1033 1254/1323/1254 690/710/690
f 883/936/883 1234/1303/1234 1034/1085/1034
f 1034/1085/1034 1300/1370/1300 883/936/883
f 908/962/908 1301/1371/1301 1034/1085/1034
f 1034/1085/1034 1234/1303/1234 908/962/908
f 916/970/916 1256/1326/1256 1034/1085/1034
f 1034/1085/1034 1301/1371/1301 916/970/916
f 915/969/915 1300/1370/1300 1034/1085/1034
f 1034/1085/1034 1256/1326/1256 915/969/915
f 903/956/903 1184/1243/1184 1035/1086/1035
f 1035/1086/1035 1302/1372/1302 903/956/903
f 38/132/38 1255/1325/1255 1035/1086/1035
f 1035/1086/1035 1184/1243/1184 38/132/38
f 690/710/690 1257/1327/1257 1035/1086/1035
f 1035/1086/1035 1255/1325/1255 690/710/690
f 917/971/917 1302/1372/1302 1035/1086/1035
f 1035/1086/1035 1257/1327/1257 917/971/917
s 2
f 1303/1373/1303 11/1/11 1304/1374/1304
f 1305/1375/1305 63/2/63 1/3/1
f 1/3/1 1306/1376/1306 1305/1375/1305
f 67/5/67 63/2/63 1305/1375/1305
f 1305/1375/1305 1307/1377/1307 67/5/67
f 4/15/4 67/5/67 1307/1377/1307
f 1307/1377/1307 1308/1378/1308 4/15/4
f 94/16/94 4/15/4 1308/1378/1308
f 1308/1378/1308 1309/1379/1309 94/16/94
f 1311/1381/1311 6/18/6 96/17/96
f 96/17/96 1310/1380/1310 1311/1381/1311
f 1312/1382/1312 118/22/118 6/18/6
f 6/18/6 1311/1381/1311 1312/1382/1312
f 7/23/7 118/22/118 1312/1382/1312
f 1312/1382/1312 1313/1383/1313 7/23/7
f 124/24/124 7/23/7 1313/1383/1313
f 1313/1383/1313 1314/1384/1314 124/24/124
f 1306/1376/1306 1/3/1 155/175/155
f 155/175/155 1320/1390/1320 1306/1376/1306
f 1319/1389/1319 65/4/65 156/176/156
f 156/176/156 1321/1391/1321 1319/1389/1319
f 1322/1392/1322 2/6/2 157/177/157
f 157/177/157 1323/1393/1323 1322/1392/1322
f 1324/1394/1324 71/7/71 158/178/158
f 158/178/158 1326/1396/1326 1324/1394/1324
f 1331/1401/1331 1260/1330/1260 1332/1402/1332
f 921/972/921 1038/1089/1038 1333/1403/1333
f 1336/1406/1336 922/973/922 1335/1405/1335
f 922/973/922 1336/1406/1336 1333/1403/1333
f 1333/1403/1333 1038/1089/1038 922/973/922
f 1349/1419/1349 1268/1338/1268 1350/1420/1350
f 1351/1421/1351 1046/1097/1046 1353/1423/1353
f 1354/1424/1354 1047/1098/1047 1355/1425/1355
f 1196/1256/1196 997/1048/997 1270/1340/1270
f 1196/1256/1196 1270/1340/1270 1357/1427/1357
f 1356/1426/1356 1196/1256/1196 1357/1427/1357
f 1046/1097/1046 999/1050/999 1196/1256/1196
f 1046/1097/1046 1196/1256/1196 1356/1426/1356
f 1353/1423/1353 1046/1097/1046 1356/1426/1356
f 1220/1285/1220 1011/1062/1011 1047/1098/1047
f 1220/1285/1220 1047/1098/1047 1354/1424/1354
f 1358/1428/1358 1220/1285/1220 1354/1424/1354
f 1012/1063/1012 1220/1285/1220 1358/1428/1358
f 1271/1341/1271 1012/1063/1012 1358/1428/1358
f 1359/1429/1359 1271/1341/1271 1358/1428/1358
f 1361/1431/1361 1360/1430/1360 1363/1433/1363
f 1363/1433/1363 1362/1432/1362 1361/1431/1361
f 1365/1435/1365 1364/1434/1364 1367/1437/1367
f 1367/1437/1367 1366/1436/1366 1365/1435/1365
f 1367/1437/1367 1368/1438/1368 1369/1439/1369
f 1369/1439/1369 1366/1436/1366 1367/1437/1367
f 1371/1441/1371 1370/1440/1370 1373/1443/1373
f 1373/1443/1373 1372/1442/1372 1371/1441/1371
f 1374/1444/1374 1376/1446/1376 1375/1445/1375
f 1379/1449/1379 1378/1448/1378 1377/1447/1377
f 1377/1447/1377 1380/1450/1380 1379/1449/1379
f 1378/1448/1378 1382/1452/1382 1381/1451/1381
f 1381/1451/1381 1377/1447/1377 1378/1448/1378
f 1382/1452/1382 1376/1446/1376 1374/1444/1374
f 1374/1444/1374 1381/1451/1381 1382/1452/1382
f 1378/1448/1378 1383/1454/1383 1376/1453/1376
f 1376/1453/1376 1382/1452/1382 1378/1448/1378
f 1385/1456/1385 1384/1455/1384 1387/1458/1387
f 1387/1458/1387 1386/1457/1386 1385/1456/1385
f 1389/1460/1389 1388/1459/1388 1391/1462/1391
f 1391/1462/1391 1390/1461/1390 1389/1460/1389
f 1393/1464/1393 1392/1463/1392 1395/1466/1395
f 1395/1466/1395 1394/1465/1394 1393/1464/1393
f 1396/1467/1396 1399/1470/1399 1398/1469/1398
f 1398/1469/1398 1397/1468/1397 1396/1467/1396
f 1400/1471/1400 1403/1474/1403 1402/1473/1402
f 1402/1473/1402 1401/1472/1401 1400/1471/1400
f 1402/1473/1402 1403/1474/1403 1405/1476/1405
f 1405/1476/1405 1404/1475/1404 1402/1473/1402
f 1405/1476/1405 1403/1474/1403 1400/1471/1400
f 1400/1471/1400 1406/1477/1406 1405/1476/1405
f 1407/1478/1407 1408/1479/1408 1405/1476/1405
f 1405/1476/1405 1406/1477/1406 1407/1478/1407
f 1405/1476/1405 1408/1479/1408 1409/1480/1409
f 1409/1480/1409 1404/1475/1404 1405/1476/1405
f 1409/1480/1409 1408/1479/1408 1407/1478/1407
f 1407/1478/1407 1410/1481/1410 1409/1480/1409
f 1411/1482/1411 1414/1485/1414 1413/1484/1413
f 1413/1484/1413 1412/1483/1412 1411/1482/1411
f 1413/1484/1413 1414/1485/1414 1415/1486/1415
f 1415/1486/1415 1401/1472/1401 1413/1484/1413
f 1415/1486/1415 1414/1485/1414 1384/1455/1384
f 1384/1455/1384 1385/1456/1385 1415/1486/1415
f 1384/1455/1384 1414/1485/1414 1411/1482/1411
f 1411/1482/1411 1416/1487/1416 1384/1455/1384
f 1417/1488/1417 1418/1489/1418 1402/1473/1402
f 1402/1473/1402 1404/1475/1404 1417/1488/1417
f 1402/1473/1402 1418/1489/1418 1413/1484/1413
f 1413/1484/1413 1401/1472/1401 1402/1473/1402
f 1413/1484/1413 1418/1489/1418 1419/1490/1419
f 1419/1490/1419 1412/1483/1412 1413/1484/1413
f 1419/1490/1419 1418/1489/1418 1417/1488/1417
f 1417/1488/1417 1420/1491/1420 1419/1490/1419
f 1388/1459/1388 1421/1492/1421 1415/1486/1415
f 1415/1486/1415 1385/1456/1385 1388/1459/1388
f 1415/1486/1415 1421/1492/1421 1400/1471/1400
f 1400/1471/1400 1401/1472/1401 1415/1486/1415
f 1400/1471/1400 1421/1492/1421 1422/1493/1422
f 1422/1493/1422 1406/1477/1406 1400/1471/1400
f 1422/1493/1422 1421/1492/1421 1388/1459/1388
f 1388/1459/1388 1389/1460/1389 1422/1493/1422
f 1407/1478/1407 1424/1495/1424 1423/1494/1423
f 1423/1494/1423 1410/1481/1410 1407/1478/1407
f 1423/1494/1423 1424/1495/1424 1392/1463/1392
f 1392/1463/1392 1393/1464/1393 1423/1494/1423
f 1392/1463/1392 1424/1495/1424 1422/1493/1422
f 1422/1493/1422 1389/1460/1389 1392/1463/1392
f 1422/1493/1422 1424/1495/1424 1407/1478/1407
f 1407/1478/1407 1406/1477/1406 1422/1493/1422
f 1423/1494/1423 1426/1497/1426 1425/1496/1425
f 1425/1496/1425 1410/1481/1410 1423/1494/1423
f 1425/1496/1425 1426/1497/1426 1428/1499/1428
f 1428/1499/1428 1427/1498/1427 1425/1496/1425
f 1428/1499/1428 1426/1497/1426 1396/1467/1396
f 1396/1467/1396 1397/1468/1397 1428/1499/1428
f 1396/1467/1396 1426/1497/1426 1423/1494/1423
f 1423/1494/1423 1393/1464/1393 1396/1467/1396
f 1429/1500/1429 1432/1503/1432 1431/1502/1431
f 1431/1502/1431 1430/1501/1430 1429/1500/1429
f 1431/1502/1431 1432/1503/1432 1425/1496/1425
f 1425/1496/1425 1427/1498/1427 1431/1502/1431
f 1425/1496/1425 1432/1503/1432 1409/1480/1409
f 1409/1480/1409 1410/1481/1410 1425/1496/1425
f 1409/1480/1409 1432/1503/1432 1429/1500/1429
f 1429/1500/1429 1404/1475/1404 1409/1480/1409
f 1433/1504/1433 1434/1505/1434 1429/1500/1429
f 1429/1500/1429 1430/1501/1430 1433/1504/1433
f 1429/1500/1429 1434/1505/1434 1417/1488/1417
f 1417/1488/1417 1404/1475/1404 1429/1500/1429
f 1417/1488/1417 1434/1505/1434 1435/1506/1435
f 1435/1506/1435 1420/1491/1420 1417/1488/1417
f 1435/1506/1435 1434/1505/1434 1433/1504/1433
f 1433/1504/1433 1436/1507/1436 1435/1506/1435
f 1437/1508/1437 1440/1511/1440 1439/1510/1439
f 1439/1510/1439 1438/1509/1438 1437/1508/1437
f 1441/1512/1441 1438/1509/1438 1439/1510/1439
f 1439/1510/1439 1442/1513/1442 1441/1512/1441
f 1443/1514/1443 1442/1513/1442 1439/1510/1439
f 1439/1510/1439 1444/1515/1444 1443/1514/1443
f 1445/1516/1445 1444/1515/1444 1439/1510/1439
f 1439/1510/1439 1440/1511/1440 1445/1516/1445
f 1446/1517/1446 1449/1520/1449 1448/1519/1448
f 1448/1519/1448 1447/1518/1447 1446/1517/1446
f 1450/1521/1450 1447/1518/1447 1448/1519/1448
f 1448/1519/1448 1451/1522/1451 1450/1521/1450
f 1443/1514/1443 1451/1522/1451 1448/1519/1448
f 1448/1519/1448 1442/1513/1442 1443/1514/1443
f 1441/1512/1441 1442/1513/1442 1448/1519/1448
f 1448/1519/1448 1449/1520/1449 1441/1512/1441
f 1452/1523/1452 1455/1526/1455 1454/1525/1454
f 1454/1525/1454 1453/1524/1453 1452/1523/1452
f 1456/1527/1456 1453/1524/1453 1454/1525/1454
f 1454/1525/1454 1457/1528/1457 1456/1527/1456
f 1443/1514/1443 1457/1528/1457 1454/1525/1454
f 1454/1525/1454 1451/1522/1451 1443/1514/1443
f 1450/1521/1450 1451/1522/1451 1454/1525/1454
f 1454/1525/1454 1455/1526/1455 1450/1521/1450
f 1458/1529/1458 1461/1532/1461 1460/1531/1460
f 1460/1531/1460 1459/1530/1459 1458/1529/1458
f 1462/1533/1462 1459/1530/1459 1460/1531/1460
f 1460/1531/1460 1463/1534/1463 1462/1533/1462
f 1443/1514/1443 1463/1534/1463 1460/1531/1460
f 1460/1531/1460 1457/1528/1457 1443/1514/1443
f 1456/1527/1456 1457/1528/1457 1460/1531/1460
f 1460/1531/1460 1461/1532/1461 1456/1527/1456
f 1464/1535/1464 1467/1538/1467 1466/1537/1466
f 1466/1537/1466 1465/1536/1465 1464/1535/1464
f 1445/1516/1445 1465/1536/1465 1466/1537/1466
f 1466/1537/1466 1444/1515/1444 1445/1516/1445
f 1443/1514/1443 1444/1515/1444 1466/1537/1466
f 1466/1537/1466 1463/1534/1463 1443/1514/1443
f 1462/1533/1462 1463/1534/1463 1466/1537/1466
f 1466/1537/1466 1467/1538/1467 1462/1533/1462
f 1468/1539/1468 1471/1542/1471 1470/1541/1470
f 1470/1541/1470 1469/1540/1469 1468/1539/1468
f 1472/1543/1472 1469/1540/1469 1470/1541/1470
f 1470/1541/1470 1473/1544/1473 1472/1543/1472
f 1474/1545/1474 1473/1544/1473 1470/1541/1470
f 1470/1541/1470 1475/1546/1475 1474/1545/1474
f 1476/1547/1476 1475/1546/1475 1470/1541/1470
f 1470/1541/1470 1471/1542/1471 1476/1547/1476
f 1437/1508/1437 1478/1549/1478 1477/1548/1477
f 1477/1548/1477 1440/1511/1440 1437/1508/1437
f 1445/1516/1445 1440/1511/1440 1477/1548/1477
f 1477/1548/1477 1479/1550/1479 1445/1516/1445
f 1474/1545/1474 1479/1550/1479 1477/1548/1477
f 1477/1548/1477 1473/1544/1473 1474/1545/1474
f 1472/1543/1472 1473/1544/1473 1477/1548/1477
f 1477/1548/1477 1478/1549/1478 1472/1543/1472
f 1464/1535/1464 1465/1536/1465 1481/1552/1481
f 1481/1552/1481 1480/1551/1480 1464/1535/1464
f 1482/1553/1482 1480/1551/1480 1481/1552/1481
f 1481/1552/1481 1483/1554/1483 1482/1553/1482
f 1474/1545/1474 1483/1554/1483 1481/1552/1481
f 1481/1552/1481 1479/1550/1479 1474/1545/1474
f 1445/1516/1445 1479/1550/1479 1481/1552/1481
f 1481/1552/1481 1465/1536/1465 1445/1516/1445
f 1484/1555/1484 1487/1558/1487 1486/1557/1486
f 1486/1557/1486 1485/1556/1485 1484/1555/1484
f 1476/1547/1476 1485/1556/1485 1486/1557/1486
f 1486/1557/1486 1475/1546/1475 1476/1547/1476
f 1474/1545/1474 1475/1546/1475 1486/1557/1486
f 1486/1557/1486 1483/1554/1483 1474/1545/1474
f 1482/1553/1482 1483/1554/1483 1486/1557/1486
f 1486/1557/1486 1487/1558/1487 1482/1553/1482
f 1488/1559/1488 1491/1562/1491 1490/1561/1490
f 1490/1561/1490 1489/1560/1489 1488/1559/1488
f 1492/1563/1492 1489/1560/1489 1490/1561/1490
f 1490/1561/1490 1493/1564/1493 1492/1563/1492
f 1494/1565/1494 1493/1564/1493 1490/1561/1490
f 1490/1561/1490 1495/1566/1495 1494/1565/1494
f 1496/1567/1496 1495/1566/1495 1490/1561/1490
f 1490/1561/1490 1491/1562/1491 1496/1567/1496
f 1468/1539/1468 1498/1569/1498 1497/1568/1497
f 1497/1568/1497 1471/1542/1471 1468/1539/1468
f 1476/1547/1476 1471/1542/1471 1497/1568/1497
f 1497/1568/1497 1499/1570/1499 1476/1547/1476
f 1494/1565/1494 1499/1570/1499 1497/1568/1497
f 1497/1568/1497 1493/1564/1493 1494/1565/1494
f 1492/1563/1492 1493/1564/1493 1497/1568/1497
f 1497/1568/1497 1498/1569/1498 1492/1563/1492
f 1484/1555/1484 1485/1556/1485 1501/1572/1501
f 1501/1572/1501 1500/1571/1500 1484/1555/1484
f 1502/1573/1502 1500/1571/1500 1501/1572/1501
f 1501/1572/1501 1503/1574/1503 1502/1573/1502
f 1494/1565/1494 1503/1574/1503 1501/1572/1501
f 1501/1572/1501 1499/1570/1499 1494/1565/1494
f 1476/1547/1476 1499/1570/1499 1501/1572/1501
f 1501/1572/1501 1485/1556/1485 1476/1547/1476
f 1504/1575/1504 1507/1578/1507 1506/1577/1506
f 1506/1577/1506 1505/1576/1505 1504/1575/1504
f 1496/1567/1496 1505/1576/1505 1506/1577/1506
f 1506/1577/1506 1495/1566/1495 1496/1567/1496
f 1494/1565/1494 1495/1566/1495 1506/1577/1506
f 1506/1577/1506 1503/1574/1503 1494/1565/1494
f 1502/1573/1502 1503/1574/1503 1506/1577/1506
f 1506/1577/1506 1507/1578/1507 1502/1573/1502
f 1508/1579/1508 1511/1582/1511 1510/1581/1510
f 1510/1581/1510 1509/1580/1509 1508/1579/1508
f 1512/1583/1512 1509/1580/1509 1510/1581/1510
f 1510/1581/1510 1513/1584/1513 1512/1583/1512
f 1514/1585/1514 1513/1584/1513 1510/1581/1510
f 1510/1581/1510 1515/1586/1515 1514/1585/1514
f 1516/1587/1516 1515/1586/1515 1510/1581/1510
f 1510/1581/1510 1511/1582/1511 1516/1587/1516
f 1488/1559/1488 1518/1589/1518 1517/1588/1517
f 1517/1588/1517 1491/1562/1491 1488/1559/1488
f 1496/1567/1496 1491/1562/1491 1517/1588/1517
f 1517/1588/1517 1519/1590/1519 1496/1567/1496
f 1514/1585/1514 1519/1590/1519 1517/1588/1517
f 1517/1588/1517 1513/1584/1513 1514/1585/1514
f 1512/1583/1512 1513/1584/1513 1517/1588/1517
f 1517/1588/1517 1518/1589/1518 1512/1583/1512
f 1504/1575/1504 1505/1576/1505 1521/1592/1521
f 1521/1592/1521 1520/1591/1520 1504/1575/1504
f 1522/1593/1522 1520/1591/1520 1521/1592/1521
f 1521/1592/1521 1523/1594/1523 1522/1593/1522
f 1514/1585/1514 1523/1594/1523 1521/1592/1521
f 1521/1592/1521 1519/1590/1519 1514/1585/1514
f 1496/1567/1496 1519/1590/1519 1521/1592/1521
f 1521/1592/1521 1505/1576/1505 1496/1567/1496
f 1524/1595/1524 1527/1598/1527 1526/1597/1526
f 1526/1597/1526 1525/1596/1525 1524/1595/1524
f 1516/1587/1516 1525/1596/1525 1526/1597/1526
f 1526/1597/1526 1515/1586/1515 1516/1587/1516
f 1514/1585/1514 1515/1586/1515 1526/1597/1526
f 1526/1597/1526 1523/1594/1523 1514/1585/1514
f 1522/1593/1522 1523/1594/1523 1526/1597/1526
f 1526/1597/1526 1527/1598/1527 1522/1593/1522
f 1524/1595/1524 1525/1596/1525 1529/1600/1529
f 1529/1600/1529 1528/1599/1528 1524/1595/1524
f 1530/1601/1530 1528/1599/1528 1529/1600/1529
f 1529/1600/1529 1531/1602/1531 1530/1601/1530
f 1532/1603/1532 1531/1602/1531 1529/1600/1529
f 1529/1600/1529 1533/1604/1533 1532/1603/1532
f 1516/1587/1516 1533/1604/1533 1529/1600/1529
f 1529/1600/1529 1525/1596/1525 1516/1587/1516
f 1534/1605/1534 1537/1608/1537 1536/1607/1536
f 1536/1607/1536 1535/1606/1535 1534/1605/1534
f 1538/1609/1538 1535/1606/1535 1536/1607/1536
f 1536/1607/1536 1539/1610/1539 1538/1609/1538
f 1532/1603/1532 1539/1610/1539 1536/1607/1536
f 1536/1607/1536 1531/1602/1531 1532/1603/1532
f 1530/1601/1530 1531/1602/1531 1536/1607/1536
f 1536/1607/1536 1537/1608/1537 1530/1601/1530
f 1540/1611/1540 1543/1614/1543 1542/1613/1542
f 1542/1613/1542 1541/1612/1541 1540/1611/1540
f 1544/1615/1544 1541/1612/1541 1542/1613/1542
f 1542/1613/1542 1545/1616/1545 1544/1615/1544
f 1532/1603/1532 1545/1616/1545 1542/1613/1542
f 1542/1613/1542 1539/1610/1539 1532/1603/1532
f 1538/1609/1538 1539/1610/1539 1542/1613/1542
f 1542/1613/1542 1543/1614/1543 1538/1609/1538
f 1508/1579/1508 1547/1618/1547 1546/1617/1546
f 1546/1617/1546 1511/1582/1511 1508/1579/1508
f 1516/1587/1516 1511/1582/1511 1546/1617/1546
f 1546/1617/1546 1533/1604/1533 1516/1587/1516
f 1532/1603/1532 1533/1604/1533 1546/1617/1546
f 1546/1617/1546 1545/1616/1545 1532/1603/1532
f 1544/1615/1544 1545/1616/1545 1546/1617/1546
f 1546/1617/1546 1547/1618/1547 1544/1615/1544
f 1548/1619/1548 1551/1622/1551 1550/1621/1550
f 1550/1621/1550 1549/1620/1549 1548/1619/1548
f 1552/1623/1552 1549/1620/1549 1550/1621/1550
f 1550/1621/1550 1553/1624/1553 1552/1623/1552
f 1554/1625/1554 1553/1624/1553 1550/1621/1550
f 1550/1621/1550 1555/1626/1555 1554/1625/1554
f 1556/1627/1556 1555/1626/1555 1550/1621/1550
f 1550/1621/1550 1551/1622/1551 1556/1627/1556
f 1540/1611/1540 1558/1629/1558 1557/1628/1557
f 1557/1628/1557 1543/1614/1543 1540/1611/1540
f 1538/1609/1538 1543/1614/1543 1557/1628/1557
f 1557/1628/1557 1559/1630/1559 1538/1609/1538
f 1554/1625/1554 1559/1630/1559 1557/1628/1557
f 1557/1628/1557 1553/1624/1553 1554/1625/1554
f 1552/1623/1552 1553/1624/1553 1557/1628/1557
f 1557/1628/1557 1558/1629/1558 1552/1623/1552
f 1534/1605/1534 1535/1606/1535 1561/1632/1561
f 1561/1632/1561 1560/1631/1560 1534/1605/1534
f 1562/1633/1562 1560/1631/1560 1561/1632/1561
f 1561/1632/1561 1563/1634/1563 1562/1633/1562
f 1554/1625/1554 1563/1634/1563 1561/1632/1561
f 1561/1632/1561 1559/1630/1559 1554/1625/1554
f 1538/1609/1538 1559/1630/1559 1561/1632/1561
f 1561/1632/1561 1535/1606/1535 1538/1609/1538
f 1564/1635/1564 1567/1638/1567 1566/1637/1566
f 1566/1637/1566 1565/1636/1565 1564/1635/1564
f 1556/1627/1556 1565/1636/1565 1566/1637/1566
f 1566/1637/1566 1555/1626/1555 1556/1627/1556
f 1554/1625/1554 1555/1626/1555 1566/1637/1566
f 1566/1637/1566 1563/1634/1563 1554/1625/1554
f 1562/1633/1562 1563/1634/1563 1566/1637/1566
f 1566/1637/1566 1567/1638/1567 1562/1633/1562
f 1568/1639/1568 1571/1642/1571 1570/1641/1570
f 1570/1641/1570 1569/1640/1569 1568/1639/1568
f 1572/1643/1572 1569/1640/1569 1570/1641/1570
f 1570/1641/1570 1573/1644/1573 1572/1643/1572
f 1574/1645/1574 1573/1644/1573 1570/1641/1570
f 1570/1641/1570 1575/1646/1575 1574/1645/1574
f 1576/1647/1576 1575/1646/1575 1570/1641/1570
f 1570/1641/1570 1571/1642/1571 1576/1647/1576
f 1548/1619/1548 1578/1649/1578 1577/1648/1577
f 1577/1648/1577 1551/1622/1551 1548/1619/1548
f 1556/1627/1556 1551/1622/1551 1577/1648/1577
f 1577/1648/1577 1579/1650/1579 1556/1627/1556
f 1574/1645/1574 1579/1650/1579 1577/1648/1577
f 1577/1648/1577 1573/1644/1573 1574/1645/1574
f 1572/1643/1572 1573/1644/1573 1577/1648/1577
f 1577/1648/1577 1578/1649/1578 1572/1643/1572
f 1564/1635/1564 1565/1636/1565 1581/1652/1581
f 1581/1652/1581 1580/1651/1580 1564/1635/1564
f 1582/1653/1582 1580/1651/1580 1581/1652/1581
f 1581/1652/1581 1583/1654/1583 1582/1653/1582
f 1574/1645/1574 1583/1654/1583 1581/1652/1581
f 1581/1652/1581 1579/1650/1579 1574/1645/1574
f 1556/1627/1556 1579/1650/1579 1581/1652/1581
f 1581/1652/1581 1565/1636/1565 1556/1627/1556
f 1584/1655/1584 1587/1658/1587 1586/1657/1586
f 1586/1657/1586 1585/1656/1585 1584/1655/1584
f 1576/1647/1576 1585/1656/1585 1586/1657/1586
f 1586/1657/1586 1575/1646/1575 1576/1647/1576
f 1574/1645/1574 1575/1646/1575 1586/1657/1586
f 1586/1657/1586 1583/1654/1583 1574/1645/1574
f 1582/1653/1582 1583/1654/1583 1586/1657/1586
f 1586/1657/1586 1587/1658/1587 1582/1653/1582
f 1584/1655/1584 1585/1656/1585 1589/1660/1589
f 1589/1660/1589 1588/1659/1588 1584/1655/1584
f 1590/1661/1590 1588/1659/1588 1589/1660/1589
f 1589/1660/1589 1591/1662/1591 1590/1661/1590
f 1592/1663/1592 1591/1662/1591 1589/1660/1589
f 1589/1660/1589 1593/1664/1593 1592/1663/1592
f 1576/1647/1576 1593/1664/1593 1589/1660/1589
f 1589/1660/1589 1585/1656/1585 1576/1647/1576
f 1594/1665/1594 1597/1668/1597 1596/1667/1596
f 1596/1667/1596 1595/1666/1595 1594/1665/1594
f 1598/1669/1598 1595/1666/1595 1596/1667/1596
f 1596/1667/1596 1599/1670/1599 1598/1669/1598
f 1592/1663/1592 1599/1670/1599 1596/1667/1596
f 1596/1667/1596 1591/1662/1591 1592/1663/1592
f 1590/1661/1590 1591/1662/1591 1596/1667/1596
f 1596/1667/1596 1597/1668/1597 1590/1661/1590
f 1600/1671/1600 1603/1674/1603 1602/1673/1602
f 1602/1673/1602 1601/1672/1601 1600/1671/1600
f 1604/1675/1604 1601/1672/1601 1602/1673/1602
f 1602/1673/1602 1605/1676/1605 1604/1675/1604
f 1592/1663/1592 1605/1676/1605 1602/1673/1602
f 1602/1673/1602 1599/1670/1599 1592/1663/1592
f 1598/1669/1598 1599/1670/1599 1602/1673/1602
f 1602/1673/1602 1603/1674/1603 1598/1669/1598
f 1568/1639/1568 1607/1678/1607 1606/1677/1606
f 1606/1677/1606 1571/1642/1571 1568/1639/1568
f 1576/1647/1576 1571/1642/1571 1606/1677/1606
f 1606/1677/1606 1593/1664/1593 1576/1647/1576
f 1592/1663/1592 1593/1664/1593 1606/1677/1606
f 1606/1677/1606 1605/1676/1605 1592/1663/1592
f 1604/1675/1604 1605/1676/1605 1606/1677/1606
f 1606/1677/1606 1607/1678/1607 1604/1675/1604
s 0
f 1608/1679/1608 1611/1682/1611 1610/1681/1610
f 1610/1681/1610 1609/1680/1609 1608/1679/1608
f 1612/1683/1612 1609/1680/1609 1610/1681/1610
f 1610/1681/1610 1613/1684/1613 1612/1683/1612
f 1614/1685/1614 1613/1684/1613 1610/1681/1610
f 1610/1681/1610 1615/1686/1615 1614/1685/1614
f 1616/1687/1616 1615/1686/1615 1610/1681/1610
f 1610/1681/1610 1611/1682/1611 1616/1687/1616
f 1617/1688/1617 1620/1691/1620 1619/1690/1619
f 1619/1690/1619 1618/1689/1618 1617/1688/1617
f 1621/1692/1621 1618/1689/1618 1619/1690/1619
f 1619/1690/1619 1622/1693/1622 1621/1692/1621
f 1614/1685/1614 1622/1693/1622 1619/1690/1619
f 1619/1690/1619 1613/1684/1613 1614/1685/1614
f 1612/1683/1612 1613/1684/1613 1619/1690/1619
f 1619/1690/1619 1620/1691/1620 1612/1683/1612
f 1564/1635/1564 1624/1695/1624 1623/1694/1623
f 1623/1694/1623 1567/1638/1567 1564/1635/1564
f 1562/1633/1562 1567/1638/1567 1623/1694/1623
f 1623/1694/1623 1625/1696/1625 1562/1633/1562
f 1614/1685/1614 1625/1696/1625 1623/1694/1623
f 1623/1694/1623 1622/1693/1622 1614/1685/1614
f 1621/1692/1621 1622/1693/1622 1623/1694/1623
f 1623/1694/1623 1624/1695/1624 1621/1692/1621
f 1534/1605/1534 1560/1631/1560 1627/1698/1627
f 1627/1698/1627 1626/1697/1626 1534/1605/1534
f 1616/1687/1616 1626/1697/1626 1627/1698/1627
f 1627/1698/1627 1615/1686/1615 1616/1687/1616
f 1614/1685/1614 1615/1686/1615 1627/1698/1627
f 1627/1698/1627 1625/1696/1625 1614/1685/1614
f 1562/1633/1562 1625/1696/1625 1627/1698/1627
f 1627/1698/1627 1560/1631/1560 1562/1633/1562
f 1617/1688/1617 1618/1689/1618 1629/1700/1629
f 1629/1700/1629 1628/1699/1628 1617/1688/1617
f 1630/1701/1630 1628/1699/1628 1629/1700/1629
f 1629/1700/1629 1631/1702/1631 1630/1701/1630
f 1632/1703/1632 1631/1702/1631 1629/1700/1629
f 1629/1700/1629 1633/1704/1633 1632/1703/1632
f 1621/1692/1621 1633/1704/1633 1629/1700/1629
f 1629/1700/1629 1618/1689/1618 1621/1692/1621
f 1634/1705/1634 1637/1708/1637 1636/1707/1636
f 1636/1707/1636 1635/1706/1635 1634/1705/1634
f 1638/1709/1638 1635/1706/1635 1636/1707/1636
f 1636/1707/1636 1639/1710/1639 1638/1709/1638
f 1632/1703/1632 1639/1710/1639 1636/1707/1636
f 1636/1707/1636 1631/1702/1631 1632/1703/1632
f 1630/1701/1630 1631/1702/1631 1636/1707/1636
f 1636/1707/1636 1637/1708/1637 1630/1701/1630
f 1584/1655/1584 1641/1712/1641 1640/1711/1640
f 1640/1711/1640 1587/1658/1587 1584/1655/1584
f 1582/1653/1582 1587/1658/1587 1640/1711/1640
f 1640/1711/1640 1642/1713/1642 1582/1653/1582
f 1632/1703/1632 1642/1713/1642 1640/1711/1640
f 1640/1711/1640 1639/1710/1639 1632/1703/1632
f 1638/1709/1638 1639/1710/1639 1640/1711/1640
f 1640/1711/1640 1641/1712/1641 1638/1709/1638
f 1564/1635/1564 1580/1651/1580 1643/1714/1643
f 1643/1714/1643 1624/1695/1624 1564/1635/1564
f 1621/1692/1621 1624/1695/1624 1643/1714/1643
f 1643/1714/1643 1633/1704/1633 1621/1692/1621
f 1632/1703/1632 1633/1704/1633 1643/1714/1643
f 1643/1714/1643 1642/1713/1642 1632/1703/1632
f 1582/1653/1582 1642/1713/1642 1643/1714/1643
f 1643/1714/1643 1580/1651/1580 1582/1653/1582
f 1634/1705/1634 1635/1706/1635 1645/1716/1645
f 1645/1716/1645 1644/1715/1644 1634/1705/1634
f 1646/1717/1646 1644/1715/1644 1645/1716/1645
f 1645/1716/1645 1647/1718/1647 1646/1717/1646
f 1648/1719/1648 1647/1718/1647 1645/1716/1645
f 1645/1716/1645 1649/1720/1649 1648/1719/1648
f 1638/1709/1638 1649/1720/1649 1645/1716/1645
f 1645/1716/1645 1635/1706/1635 1638/1709/1638
f 1650/1721/1650 1653/1724/1653 1652/1723/1652
f 1652/1723/1652 1651/1722/1651 1650/1721/1650
f 1654/1725/1654 1651/1722/1651 1652/1723/1652
f 1652/1723/1652 1655/1726/1655 1654/1725/1654
f 1648/1719/1648 1655/1726/1655 1652/1723/1652
f 1652/1723/1652 1647/1718/1647 1648/1719/1648
f 1646/1717/1646 1647/1718/1647 1652/1723/1652
f 1652/1723/1652 1653/1724/1653 1646/1717/1646
f 1594/1665/1594 1657/1728/1657 1656/1727/1656
f 1656/1727/1656 1597/1668/1597 1594/1665/1594
f 1590/1661/1590 1597/1668/1597 1656/1727/1656
f 1656/1727/1656 1658/1729/1658 1590/1661/1590
f 1648/1719/1648 1658/1729/1658 1656/1727/1656
f 1656/1727/1656 1655/1726/1655 1648/1719/1648
f 1654/1725/1654 1655/1726/1655 1656/1727/1656
f 1656/1727/1656 1657/1728/1657 1654/1725/1654
f 1584/1655/1584 1588/1659/1588 1659/1730/1659
f 1659/1730/1659 1641/1712/1641 1584/1655/1584
f 1638/1709/1638 1641/1712/1641 1659/1730/1659
f 1659/1730/1659 1649/1720/1649 1638/1709/1638
f 1648/1719/1648 1649/1720/1649 1659/1730/1659
f 1659/1730/1659 1658/1729/1658 1648/1719/1648
f 1590/1661/1590 1658/1729/1658 1659/1730/1659
f 1659/1730/1659 1588/1659/1588 1590/1661/1590
f 1650/1721/1650 1651/1722/1651 1661/1732/1661
f 1661/1732/1661 1660/1731/1660 1650/1721/1650
f 1662/1733/1662 1660/1731/1660 1661/1732/1661
f 1661/1732/1661 1663/1734/1663 1662/1733/1662
f 1664/1735/1664 1663/1734/1663 1661/1732/1661
f 1661/1732/1661 1665/1736/1665 1664/1735/1664
f 1654/1725/1654 1665/1736/1665 1661/1732/1661
f 1661/1732/1661 1651/1722/1651 1654/1725/1654
f 1666/1737/1666 1669/1740/1669 1668/1739/1668
f 1668/1739/1668 1667/1738/1667 1666/1737/1666
f 1670/1741/1670 1667/1738/1667 1668/1739/1668
f 1668/1739/1668 1671/1742/1671 1670/1741/1670
f 1664/1735/1664 1671/1742/1671 1668/1739/1668
f 1668/1739/1668 1663/1734/1663 1664/1735/1664
f 1662/1733/1662 1663/1734/1663 1668/1739/1668
f 1668/1739/1668 1669/1740/1669 1662/1733/1662
f 1600/1671/1600 1673/1744/1673 1672/1743/1672
f 1672/1743/1672 1603/1674/1603 1600/1671/1600
f 1598/1669/1598 1603/1674/1603 1672/1743/1672
f 1672/1743/1672 1674/1745/1674 1598/1669/1598
f 1664/1735/1664 1674/1745/1674 1672/1743/1672
f 1672/1743/1672 1671/1742/1671 1664/1735/1664
f 1670/1741/1670 1671/1742/1671 1672/1743/1672
f 1672/1743/1672 1673/1744/1673 1670/1741/1670
f 1594/1665/1594 1595/1666/1595 1675/1746/1675
f 1675/1746/1675 1657/1728/1657 1594/1665/1594
f 1654/1725/1654 1657/1728/1657 1675/1746/1675
f 1675/1746/1675 1665/1736/1665 1654/1725/1654
f 1664/1735/1664 1665/1736/1665 1675/1746/1675
f 1675/1746/1675 1674/1745/1674 1664/1735/1664
f 1598/1669/1598 1674/1745/1674 1675/1746/1675
f 1675/1746/1675 1595/1666/1595 1598/1669/1598
f 1666/1737/1666 1667/1738/1667 1677/1748/1677
f 1677/1748/1677 1676/1747/1676 1666/1737/1666
f 1678/1749/1678 1676/1747/1676 1677/1748/1677
f 1677/1748/1677 1679/1750/1679 1678/1749/1678
f 1680/1751/1680 1679/1750/1679 1677/1748/1677
f 1677/1748/1677 1681/1752/1681 1680/1751/1680
f 1670/1741/1670 1681/1752/1681 1677/1748/1677
f 1677/1748/1677 1667/1738/1667 1670/1741/1670
f 1682/1753/1682 1685/1756/1685 1684/1755/1684
f 1684/1755/1684 1683/1754/1683 1682/1753/1682
f 1686/1757/1686 1683/1754/1683 1684/1755/1684
f 1684/1755/1684 1687/1758/1687 1686/1757/1686
f 1680/1751/1680 1687/1758/1687 1684/1755/1684
f 1684/1755/1684 1679/1750/1679 1680/1751/1680
f 1678/1749/1678 1679/1750/1679 1684/1755/1684
f 1684/1755/1684 1685/1756/1685 1678/1749/1678
f 1568/1639/1568 1689/1760/1689 1688/1759/1688
f 1688/1759/1688 1607/1678/1607 1568/1639/1568
f 1604/1675/1604 1607/1678/1607 1688/1759/1688
f 1688/1759/1688 1690/1761/1690 1604/1675/1604
f 1680/1751/1680 1690/1761/1690 1688/1759/1688
f 1688/1759/1688 1687/1758/1687 1680/1751/1680
f 1686/1757/1686 1687/1758/1687 1688/1759/1688
f 1688/1759/1688 1689/1760/1689 1686/1757/1686
f 1600/1671/1600 1601/1672/1601 1691/1762/1691
f 1691/1762/1691 1673/1744/1673 1600/1671/1600
f 1670/1741/1670 1673/1744/1673 1691/1762/1691
f 1691/1762/1691 1681/1752/1681 1670/1741/1670
f 1680/1751/1680 1681/1752/1681 1691/1762/1691
f 1691/1762/1691 1690/1761/1690 1680/1751/1680
f 1604/1675/1604 1690/1761/1690 1691/1762/1691
f 1691/1762/1691 1601/1672/1601 1604/1675/1604
f 1682/1753/1682 1683/1754/1683 1693/1764/1693
f 1693/1764/1693 1692/1763/1692 1682/1753/1682
f 1694/1765/1694 1692/1763/1692 1693/1764/1693
f 1693/1764/1693 1695/1766/1695 1694/1765/1694
f 1696/1767/1696 1695/1766/1695 1693/1764/1693
f 1693/1764/1693 1697/1768/1697 1696/1767/1696
f 1686/1757/1686 1697/1768/1697 1693/1764/1693
f 1693/1764/1693 1683/1754/1683 1686/1757/1686
f 1698/1769/1698 1701/1772/1701 1700/1771/1700
f 1700/1771/1700 1699/1770/1699 1698/1769/1698
f 1702/1773/1702 1699/1770/1699 1700/1771/1700
f 1700/1771/1700 1703/1774/1703 1702/1773/1702
f 1696/1767/1696 1703/1774/1703 1700/1771/1700
f 1700/1771/1700 1695/1766/1695 1696/1767/1696
f 1694/1765/1694 1695/1766/1695 1700/1771/1700
f 1700/1771/1700 1701/1772/1701 1694/1765/1694
f 1548/1619/1548 1705/1776/1705 1704/1775/1704
f 1704/1775/1704 1578/1649/1578 1548/1619/1548
f 1572/1643/1572 1578/1649/1578 1704/1775/1704
f 1704/1775/1704 1706/1777/1706 1572/1643/1572
f 1696/1767/1696 1706/1777/1706 1704/1775/1704
f 1704/1775/1704 1703/1774/1703 1696/1767/1696
f 1702/1773/1702 1703/1774/1703 1704/1775/1704
f 1704/1775/1704 1705/1776/1705 1702/1773/1702
f 1568/1639/1568 1569/1640/1569 1707/1778/1707
f 1707/1778/1707 1689/1760/1689 1568/1639/1568
f 1686/1757/1686 1689/1760/1689 1707/1778/1707
f 1707/1778/1707 1697/1768/1697 1686/1757/1686
f 1696/1767/1696 1697/1768/1697 1707/1778/1707
f 1707/1778/1707 1706/1777/1706 1696/1767/1696
f 1572/1643/1572 1706/1777/1706 1707/1778/1707
f 1707/1778/1707 1569/1640/1569 1572/1643/1572
f 1698/1769/1698 1699/1770/1699 1709/1780/1709
f 1709/1780/1709 1708/1779/1708 1698/1769/1698
f 1710/1781/1710 1708/1779/1708 1709/1780/1709
f 1709/1780/1709 1711/1782/1711 1710/1781/1710
f 1712/1783/1712 1711/1782/1711 1709/1780/1709
f 1709/1780/1709 1713/1784/1713 1712/1783/1712
f 1702/1773/1702 1713/1784/1713 1709/1780/1709
f 1709/1780/1709 1699/1770/1699 1702/1773/1702
f 1714/1785/1714 1717/1788/1717 1716/1787/1716
f 1716/1787/1716 1715/1786/1715 1714/1785/1714
f 1718/1789/1718 1715/1786/1715 1716/1787/1716
f 1716/1787/1716 1719/1790/1719 1718/1789/1718
f 1712/1783/1712 1719/1790/1719 1716/1787/1716
f 1716/1787/1716 1711/1782/1711 1712/1783/1712
f 1710/1781/1710 1711/1782/1711 1716/1787/1716
f 1716/1787/1716 1717/1788/1717 1710/1781/1710
f 1540/1611/1540 1721/1792/1721 1720/1791/1720
f 1720/1791/1720 1558/1629/1558 1540/1611/1540
f 1552/1623/1552 1558/1629/1558 1720/1791/1720
f 1720/1791/1720 1722/1793/1722 1552/1623/1552
f 1712/1783/1712 1722/1793/1722 1720/1791/1720
f 1720/1791/1720 1719/1790/1719 1712/1783/1712
f 1718/1789/1718 1719/1790/1719 1720/1791/1720
f 1720/1791/1720 1721/1792/1721 1718/1789/1718
f 1548/1619/1548 1549/1620/1549 1723/1794/1723
f 1723/1794/1723 1705/1776/1705 1548/1619/1548
f 1702/1773/1702 1705/1776/1705 1723/1794/1723
f 1723/1794/1723 1713/1784/1713 1702/1773/1702
f 1712/1783/1712 1713/1784/1713 1723/1794/1723
f 1723/1794/1723 1722/1793/1722 1712/1783/1712
f 1552/1623/1552 1722/1793/1722 1723/1794/1723
f 1723/1794/1723 1549/1620/1549 1552/1623/1552
f 1714/1785/1714 1715/1786/1715 1725/1796/1725
f 1725/1796/1725 1724/1795/1724 1714/1785/1714
f 1726/1797/1726 1724/1795/1724 1725/1796/1725
f 1725/1796/1725 1727/1798/1727 1726/1797/1726
f 1728/1799/1728 1727/1798/1727 1725/1796/1725
f 1725/1796/1725 1729/1800/1729 1728/1799/1728
f 1718/1789/1718 1729/1800/1729 1725/1796/1725
f 1725/1796/1725 1715/1786/1715 1718/1789/1718
f 1730/1801/1730 1733/1804/1733 1732/1803/1732
f 1732/1803/1732 1731/1802/1731 1730/1801/1730
f 1734/1805/1734 1731/1802/1731 1732/1803/1732
f 1732/1803/1732 1735/1806/1735 1734/1805/1734
f 1728/1799/1728 1735/1806/1735 1732/1803/1732
f 1732/1803/1732 1727/1798/1727 1728/1799/1728
f 1726/1797/1726 1727/1798/1727 1732/1803/1732
f 1732/1803/1732 1733/1804/1733 1726/1797/1726
f 1508/1579/1508 1737/1808/1737 1736/1807/1736
f 1736/1807/1736 1547/1618/1547 1508/1579/1508
f 1544/1615/1544 1547/1618/1547 1736/1807/1736
f 1736/1807/1736 1738/1809/1738 1544/1615/1544
f 1728/1799/1728 1738/1809/1738 1736/1807/1736
f 1736/1807/1736 1735/1806/1735 1728/1799/1728
f 1734/1805/1734 1735/1806/1735 1736/1807/1736
f 1736/1807/1736 1737/1808/1737 1734/1805/1734
f 1540/1611/1540 1541/1612/1541 1739/1810/1739
f 1739/1810/1739 1721/1792/1721 1540/1611/1540
f 1718/1789/1718 1721/1792/1721 1739/1810/1739
f 1739/1810/1739 1729/1800/1729 1718/1789/1718
f 1728/1799/1728 1729/1800/1729 1739/1810/1739
f 1739/1810/1739 1738/1809/1738 1728/1799/1728
f 1544/1615/1544 1738/1809/1738 1739/1810/1739
f 1739/1810/1739 1541/1612/1541 1544/1615/1544
f 1730/1801/1730 1731/1802/1731 1741/1812/1741
f 1741/1812/1741 1740/1811/1740 1730/1801/1730
f 1742/1813/1742 1740/1811/1740 1741/1812/1741
f 1741/1812/1741 1743/1814/1743 1742/1813/1742
f 1744/1815/1744 1743/1814/1743 1741/1812/1741
f 1741/1812/1741 1745/1816/1745 1744/1815/1744
f 1734/1805/1734 1745/1816/1745 1741/1812/1741
f 1741/1812/1741 1731/1802/1731 1734/1805/1734
f 1746/1817/1746 1749/1820/1749 1748/1819/1748
f 1748/1819/1748 1747/1818/1747 1746/1817/1746
f 1750/1821/1750 1747/1818/1747 1748/1819/1748
f 1748/1819/1748 1751/1822/1751 1750/1821/1750
f 1744/1815/1744 1751/1822/1751 1748/1819/1748
f 1748/1819/1748 1743/1814/1743 1744/1815/1744
f 1742/1813/1742 1743/1814/1743 1748/1819/1748
f 1748/1819/1748 1749/1820/1749 1742/1813/1742
f 1488/1559/1488 1753/1824/1753 1752/1823/1752
f 1752/1823/1752 1518/1589/1518 1488/1559/1488
f 1512/1583/1512 1518/1589/1518 1752/1823/1752
f 1752/1823/1752 1754/1825/1754 1512/1583/1512
f 1744/1815/1744 1754/1825/1754 1752/1823/1752
f 1752/1823/1752 1751/1822/1751 1744/1815/1744
f 1750/1821/1750 1751/1822/1751 1752/1823/1752
f 1752/1823/1752 1753/1824/1753 1750/1821/1750
f 1508/1579/1508 1509/1580/1509 1755/1826/1755
f 1755/1826/1755 1737/1808/1737 1508/1579/1508
f 1734/1805/1734 1737/1808/1737 1755/1826/1755
f 1755/1826/1755 1745/1816/1745 1734/1805/1734
f 1744/1815/1744 1745/1816/1745 1755/1826/1755
f 1755/1826/1755 1754/1825/1754 1744/1815/1744
f 1512/1583/1512 1754/1825/1754 1755/1826/1755
f 1755/1826/1755 1509/1580/1509 1512/1583/1512
f 1746/1817/1746 1747/1818/1747 1757/1828/1757
f 1757/1828/1757 1756/1827/1756 1746/1817/1746
f 1758/1829/1758 1756/1827/1756 1757/1828/1757
f 1757/1828/1757 1759/1830/1759 1758/1829/1758
f 1760/1831/1760 1759/1830/1759 1757/1828/1757
f 1757/1828/1757 1761/1832/1761 1760/1831/1760
f 1750/1821/1750 1761/1832/1761 1757/1828/1757
f 1757/1828/1757 1747/1818/1747 1750/1821/1750
f 1762/1833/1762 1765/1836/1765 1764/1835/1764
f 1764/1835/1764 1763/1834/1763 1762/1833/1762
f 1766/1837/1766 1763/1834/1763 1764/1835/1764
f 1764/1835/1764 1767/1838/1767 1766/1837/1766
f 1760/1831/1760 1767/1838/1767 1764/1835/1764
f 1764/1835/1764 1759/1830/1759 1760/1831/1760
f 1758/1829/1758 1759/1830/1759 1764/1835/1764
f 1764/1835/1764 1765/1836/1765 1758/1829/1758
f 1468/1539/1468 1769/1840/1769 1768/1839/1768
f 1768/1839/1768 1498/1569/1498 1468/1539/1468
f 1492/1563/1492 1498/1569/1498 1768/1839/1768
f 1768/1839/1768 1770/1841/1770 1492/1563/1492
f 1760/1831/1760 1770/1841/1770 1768/1839/1768
f 1768/1839/1768 1767/1838/1767 1760/1831/1760
f 1766/1837/1766 1767/1838/1767 1768/1839/1768
f 1768/1839/1768 1769/1840/1769 1766/1837/1766
f 1488/1559/1488 1489/1560/1489 1771/1842/1771
f 1771/1842/1771 1753/1824/1753 1488/1559/1488
f 1750/1821/1750 1753/1824/1753 1771/1842/1771
f 1771/1842/1771 1761/1832/1761 1750/1821/1750
f 1760/1831/1760 1761/1832/1761 1771/1842/1771
f 1771/1842/1771 1770/1841/1770 1760/1831/1760
f 1492/1563/1492 1770/1841/1770 1771/1842/1771
f 1771/1842/1771 1489/1560/1489 1492/1563/1492
f 1762/1833/1762 1763/1834/1763 1773/1844/1773
f 1773/1844/1773 1772/1843/1772 1762/1833/1762
f 1774/1845/1774 1772/1843/1772 1773/1844/1773
f 1773/1844/1773 1775/1846/1775 1774/1845/1774
f 1776/1847/1776 1775/1846/1775 1773/1844/1773
f 1773/1844/1773 1777/1848/1777 1776/1847/1776
f 1766/1837/1766 1777/1848/1777 1773/1844/1773
f 1773/1844/1773 1763/1834/1763 1766/1837/1766
f 1778/1849/1778 1781/1852/1781 1780/1851/1780
f 1780/1851/1780 1779/1850/1779 1778/1849/1778
f 1782/1853/1782 1779/1850/1779 1780/1851/1780
f 1780/1851/1780 1783/1854/1783 1782/1853/1782
f 1776/1847/1776 1783/1854/1783 1780/1851/1780
f 1780/1851/1780 1775/1846/1775 1776/1847/1776
f 1774/1845/1774 1775/1846/1775 1780/1851/1780
f 1780/1851/1780 1781/1852/1781 1774/1845/1774
f 1437/1508/1437 1785/1856/1785 1784/1855/1784
f 1784/1855/1784 1478/1549/1478 1437/1508/1437
f 1472/1543/1472 1478/1549/1478 1784/1855/1784
f 1784/1855/1784 1786/1857/1786 1472/1543/1472
f 1776/1847/1776 1786/1857/1786 1784/1855/1784
f 1784/1855/1784 1783/1854/1783 1776/1847/1776
f 1782/1853/1782 1783/1854/1783 1784/1855/1784
f 1784/1855/1784 1785/1856/1785 1782/1853/1782
f 1468/1539/1468 1469/1540/1469 1787/1858/1787
f 1787/1858/1787 1769/1840/1769 1468/1539/1468
f 1766/1837/1766 1769/1840/1769 1787/1858/1787
f 1787/1858/1787 1777/1848/1777 1766/1837/1766
f 1776/1847/1776 1777/1848/1777 1787/1858/1787
f 1787/1858/1787 1786/1857/1786 1776/1847/1776
f 1472/1543/1472 1786/1857/1786 1787/1858/1787
f 1787/1858/1787 1469/1540/1469 1472/1543/1472
f 1778/1849/1778 1779/1850/1779 1789/1860/1789
f 1789/1860/1789 1788/1859/1788 1778/1849/1778
f 1790/1861/1790 1788/1859/1788 1789/1860/1789
f 1789/1860/1789 1791/1862/1791 1790/1861/1790
f 1792/1863/1792 1791/1862/1791 1789/1860/1789
f 1789/1860/1789 1793/1864/1793 1792/1863/1792
f 1782/1853/1782 1793/1864/1793 1789/1860/1789
f 1789/1860/1789 1779/1850/1779 1782/1853/1782
f 1794/1865/1794 1797/1868/1797 1796/1867/1796
f 1796/1867/1796 1795/1866/1795 1794/1865/1794
f 1798/1869/1798 1795/1866/1795 1796/1867/1796
f 1796/1867/1796 1799/1870/1799 1798/1869/1798
f 1792/1863/1792 1799/1870/1799 1796/1867/1796
f 1796/1867/1796 1791/1862/1791 1792/1863/1792
f 1790/1861/1790 1791/1862/1791 1796/1867/1796
f 1796/1867/1796 1797/1868/1797 1790/1861/1790
f 1446/1517/1446 1801/1872/1801 1800/1871/1800
f 1800/1871/1800 1449/1520/1449 1446/1517/1446
f 1441/1512/1441 1449/1520/1449 1800/1871/1800
f 1800/1871/1800 1802/1873/1802 1441/1512/1441
f 1792/1863/1792 1802/1873/1802 1800/1871/1800
f 1800/1871/1800 1799/1870/1799 1792/1863/1792
f 1798/1869/1798 1799/1870/1799 1800/1871/1800
f 1800/1871/1800 1801/1872/1801 1798/1869/1798
f 1437/1508/1437 1438/1509/1438 1803/1874/1803
f 1803/1874/1803 1785/1856/1785 1437/1508/1437
f 1782/1853/1782 1785/1856/1785 1803/1874/1803
f 1803/1874/1803 1793/1864/1793 1782/1853/1782
f 1792/1863/1792 1793/1864/1793 1803/1874/1803
f 1803/1874/1803 1802/1873/1802 1792/1863/1792
f 1441/1512/1441 1802/1873/1802 1803/1874/1803
f 1803/1874/1803 1438/1509/1438 1441/1512/1441
f 1794/1865/1794 1795/1866/1795 1805/1876/1805
f 1805/1876/1805 1804/1875/1804 1794/1865/1794
f 1806/1877/1806 1804/1875/1804 1805/1876/1805
f 1805/1876/1805 1807/1878/1807 1806/1877/1806
f 1808/1879/1808 1807/1878/1807 1805/1876/1805
f 1805/1876/1805 1809/1880/1809 1808/1879/1808
f 1798/1869/1798 1809/1880/1809 1805/1876/1805
f 1805/1876/1805 1795/1866/1795 1798/1869/1798
f 1810/1881/1810 1813/1884/1813 1812/1883/1812
f 1812/1883/1812 1811/1882/1811 1810/1881/1810
f 1814/1885/1814 1811/1882/1811 1812/1883/1812
f 1812/1883/1812 1815/1886/1815 1814/1885/1814
f 1808/1879/1808 1815/1886/1815 1812/1883/1812
f 1812/1883/1812 1807/1878/1807 1808/1879/1808
f 1806/1877/1806 1807/1878/1807 1812/1883/1812
f 1812/1883/1812 1813/1884/1813 1806/1877/1806
f 1452/1523/1452 1817/1888/1817 1816/1887/1816
f 1816/1887/1816 1455/1526/1455 1452/1523/1452
f 1450/1521/1450 1455/1526/1455 1816/1887/1816
f 1816/1887/1816 1818/1889/1818 1450/1521/1450
f 1808/1879/1808 1818/1889/1818 1816/1887/1816
f 1816/1887/1816 1815/1886/1815 1808/1879/1808
f 1814/1885/1814 1815/1886/1815 1816/1887/1816
f 1816/1887/1816 1817/1888/1817 1814/1885/1814
f 1446/1517/1446 1447/1518/1447 1819/1890/1819
f 1819/1890/1819 1801/1872/1801 1446/1517/1446
f 1798/1869/1798 1801/1872/1801 1819/1890/1819
f 1819/1890/1819 1809/1880/1809 1798/1869/1798
f 1808/1879/1808 1809/1880/1809 1819/1890/1819
f 1819/1890/1819 1818/1889/1818 1808/1879/1808
f 1450/1521/1450 1818/1889/1818 1819/1890/1819
f 1819/1890/1819 1447/1518/1447 1450/1521/1450
f 1810/1881/1810 1811/1882/1811 1821/1892/1821
f 1821/1892/1821 1820/1891/1820 1810/1881/1810
f 1822/1893/1822 1820/1891/1820 1821/1892/1821
f 1821/1892/1821 1823/1894/1823 1822/1893/1822
f 1824/1895/1824 1823/1894/1823 1821/1892/1821
f 1821/1892/1821 1825/1896/1825 1824/1895/1824
f 1814/1885/1814 1825/1896/1825 1821/1892/1821
f 1821/1892/1821 1811/1882/1811 1814/1885/1814
f 1826/1897/1826 1829/1900/1829 1828/1899/1828
f 1828/1899/1828 1827/1898/1827 1826/1897/1826
f 1830/1901/1830 1827/1898/1827 1828/1899/1828
f 1828/1899/1828 1831/1902/1831 1830/1901/1830
f 1824/1895/1824 1831/1902/1831 1828/1899/1828
f 1828/1899/1828 1823/1894/1823 1824/1895/1824
f 1822/1893/1822 1823/1894/1823 1828/1899/1828
f 1828/1899/1828 1829/1900/1829 1822/1893/1822
f 1458/1529/1458 1833/1904/1833 1832/1903/1832
f 1832/1903/1832 1461/1532/1461 1458/1529/1458
f 1456/1527/1456 1461/1532/1461 1832/1903/1832
f 1832/1903/1832 1834/1905/1834 1456/1527/1456
f 1824/1895/1824 1834/1905/1834 1832/1903/1832
f 1832/1903/1832 1831/1902/1831 1824/1895/1824
f 1830/1901/1830 1831/1902/1831 1832/1903/1832
f 1832/1903/1832 1833/1904/1833 1830/1901/1830
f 1452/1523/1452 1453/1524/1453 1835/1906/1835
f 1835/1906/1835 1817/1888/1817 1452/1523/1452
f 1814/1885/1814 1817/1888/1817 1835/1906/1835
f 1835/1906/1835 1825/1896/1825 1814/1885/1814
f 1824/1895/1824 1825/1896/1825 1835/1906/1835
f 1835/1906/1835 1834/1905/1834 1824/1895/1824
f 1456/1527/1456 1834/1905/1834 1835/1906/1835
f 1835/1906/1835 1453/1524/1453 1456/1527/1456
f 1826/1897/1826 1827/1898/1827 1837/1908/1837
f 1837/1908/1837 1836/1907/1836 1826/1897/1826
f 1838/1909/1838 1836/1907/1836 1837/1908/1837
f 1837/1908/1837 1839/1910/1839 1838/1909/1838
f 1840/1911/1840 1839/1910/1839 1837/1908/1837
f 1837/1908/1837 1841/1912/1841 1840/1911/1840
f 1830/1901/1830 1841/1912/1841 1837/1908/1837
f 1837/1908/1837 1827/1898/1827 1830/1901/1830
f 1842/1913/1842 1845/1916/1845 1844/1915/1844
f 1844/1915/1844 1843/1914/1843 1842/1913/1842
f 1846/1917/1846 1843/1914/1843 1844/1915/1844
f 1844/1915/1844 1847/1918/1847 1846/1917/1846
f 1840/1911/1840 1847/1918/1847 1844/1915/1844
f 1844/1915/1844 1839/1910/1839 1840/1911/1840
f 1838/1909/1838 1839/1910/1839 1844/1915/1844
f 1844/1915/1844 1845/1916/1845 1838/1909/1838
f 1464/1535/1464 1849/1920/1849 1848/1919/1848
f 1848/1919/1848 1467/1538/1467 1464/1535/1464
f 1462/1533/1462 1467/1538/1467 1848/1919/1848
f 1848/1919/1848 1850/1921/1850 1462/1533/1462
f 1840/1911/1840 1850/1921/1850 1848/1919/1848
f 1848/1919/1848 1847/1918/1847 1840/1911/1840
f 1846/1917/1846 1847/1918/1847 1848/1919/1848
f 1848/1919/1848 1849/1920/1849 1846/1917/1846
f 1458/1529/1458 1459/1530/1459 1851/1922/1851
f 1851/1922/1851 1833/1904/1833 1458/1529/1458
f 1830/1901/1830 1833/1904/1833 1851/1922/1851
f 1851/1922/1851 1841/1912/1841 1830/1901/1830
f 1840/1911/1840 1841/1912/1841 1851/1922/1851
f 1851/1922/1851 1850/1921/1850 1840/1911/1840
f 1462/1533/1462 1850/1921/1850 1851/1922/1851
f 1851/1922/1851 1459/1530/1459 1462/1533/1462
f 1842/1913/1842 1843/1914/1843 1853/1924/1853
f 1853/1924/1853 1852/1923/1852 1842/1913/1842
f 1854/1925/1854 1852/1923/1852 1853/1924/1853
f 1853/1924/1853 1855/1926/1855 1854/1925/1854
f 1856/1927/1856 1855/1926/1855 1853/1924/1853
f 1853/1924/1853 1857/1928/1857 1856/1927/1856
f 1846/1917/1846 1857/1928/1857 1853/1924/1853
f 1853/1924/1853 1843/1914/1843 1846/1917/1846
f 1858/1929/1858 1861/1932/1861 1860/1931/1860
f 1860/1931/1860 1859/1930/1859 1858/1929/1858
f 1862/1933/1862 1859/1930/1859 1860/1931/1860
f 1860/1931/1860 1863/1934/1863 1862/1933/1862
f 1856/1927/1856 1863/1934/1863 1860/1931/1860
f 1860/1931/1860 1855/1926/1855 1856/1927/1856
f 1854/1925/1854 1855/1926/1855 1860/1931/1860
f 1860/1931/1860 1861/1932/1861 1854/1925/1854
f 1484/1555/1484 1865/1936/1865 1864/1935/1864
f 1864/1935/1864 1487/1558/1487 1484/1555/1484
f 1482/1553/1482 1487/1558/1487 1864/1935/1864
f 1864/1935/1864 1866/1937/1866 1482/1553/1482
f 1856/1927/1856 1866/1937/1866 1864/1935/1864
f 1864/1935/1864 1863/1934/1863 1856/1927/1856
f 1862/1933/1862 1863/1934/1863 1864/1935/1864
f 1864/1935/1864 1865/1936/1865 1862/1933/1862
f 1464/1535/1464 1480/1551/1480 1867/1938/1867
f 1867/1938/1867 1849/1920/1849 1464/1535/1464
f 1846/1917/1846 1849/1920/1849 1867/1938/1867
f 1867/1938/1867 1857/1928/1857 1846/1917/1846
f 1856/1927/1856 1857/1928/1857 1867/1938/1867
f 1867/1938/1867 1866/1937/1866 1856/1927/1856
f 1482/1553/1482 1866/1937/1866 1867/1938/1867
f 1867/1938/1867 1480/1551/1480 1482/1553/1482
f 1858/1929/1858 1859/1930/1859 1869/1940/1869
f 1869/1940/1869 1868/1939/1868 1858/1929/1858
f 1870/1941/1870 1868/1939/1868 1869/1940/1869
f 1869/1940/1869 1871/1942/1871 1870/1941/1870
f 1872/1943/1872 1871/1942/1871 1869/1940/1869
f 1869/1940/1869 1873/1944/1873 1872/1943/1872
f 1862/1933/1862 1873/1944/1873 1869/1940/1869
f 1869/1940/1869 1859/1930/1859 1862/1933/1862
f 1874/1945/1874 1877/1948/1877 1876/1947/1876
f 1876/1947/1876 1875/1946/1875 1874/1945/1874
f 1878/1949/1878 1875/1946/1875 1876/1947/1876
f 1876/1947/1876 1879/1950/1879 1878/1949/1878
f 1872/1943/1872 1879/1950/1879 1876/1947/1876
f 1876/1947/1876 1871/1942/1871 1872/1943/1872
f 1870/1941/1870 1871/1942/1871 1876/1947/1876
f 1876/1947/1876 1877/1948/1877 1870/1941/1870
f 1504/1575/1504 1881/1952/1881 1880/1951/1880
f 1880/1951/1880 1507/1578/1507 1504/1575/1504
f 1502/1573/1502 1507/1578/1507 1880/1951/1880
f 1880/1951/1880 1882/1953/1882 1502/1573/1502
f 1872/1943/1872 1882/1953/1882 1880/1951/1880
f 1880/1951/1880 1879/1950/1879 1872/1943/1872
f 1878/1949/1878 1879/1950/1879 1880/1951/1880
f 1880/1951/1880 1881/1952/1881 1878/1949/1878
f 1484/1555/1484 1500/1571/1500 1883/1954/1883
f 1883/1954/1883 1865/1936/1865 1484/1555/1484
f 1862/1933/1862 1865/1936/1865 1883/1954/1883
f 1883/1954/1883 1873/1944/1873 1862/1933/1862
f 1872/1943/1872 1873/1944/1873 1883/1954/1883
f 1883/1954/1883 1882/1953/1882 1872/1943/1872
f 1502/1573/1502 1882/1953/1882 1883/1954/1883
f 1883/1954/1883 1500/1571/1500 1502/1573/1502
f 1874/1945/1874 1875/1946/1875 1885/1956/1885
f 1885/1956/1885 1884/1955/1884 1874/1945/1874
f 1886/1957/1886 1884/1955/1884 1885/1956/1885
f 1885/1956/1885 1887/1958/1887 1886/1957/1886
f 1888/1959/1888 1887/1958/1887 1885/1956/1885
f 1885/1956/1885 1889/1960/1889 1888/1959/1888
f 1878/1949/1878 1889/1960/1889 1885/1956/1885
f 1885/1956/1885 1875/1946/1875 1878/1949/1878
f 1890/1961/1890 1893/1964/1893 1892/1963/1892
f 1892/1963/1892 1891/1962/1891 1890/1961/1890
f 1894/1965/1894 1891/1962/1891 1892/1963/1892
f 1892/1963/1892 1895/1966/1895 1894/1965/1894
f 1888/1959/1888 1895/1966/1895 1892/1963/1892
f 1892/1963/1892 1887/1958/1887 1888/1959/1888
f 1886/1957/1886 1887/1958/1887 1892/1963/1892
f 1892/1963/1892 1893/1964/1893 1886/1957/1886
f 1524/1595/1524 1897/1968/1897 1896/1967/1896
f 1896/1967/1896 1527/1598/1527 1524/1595/1524
f 1522/1593/1522 1527/1598/1527 1896/1967/1896
f 1896/1967/1896 1898/1969/1898 1522/1593/1522
f 1888/1959/1888 1898/1969/1898 1896/1967/1896
f 1896/1967/1896 1895/1966/1895 1888/1959/1888
f 1894/1965/1894 1895/1966/1895 1896/1967/1896
f 1896/1967/1896 1897/1968/1897 1894/1965/1894
f 1504/1575/1504 1520/1591/1520 1899/1970/1899
f 1899/1970/1899 1881/1952/1881 1504/1575/1504
f 1878/1949/1878 1881/1952/1881 1899/1970/1899
f 1899/1970/1899 1889/1960/1889 1878/1949/1878
f 1888/1959/1888 1889/1960/1889 1899/1970/1899
f 1899/1970/1899 1898/1969/1898 1888/1959/1888
f 1522/1593/1522 1898/1969/1898 1899/1970/1899
f 1899/1970/1899 1520/1591/1520 1522/1593/1522
f 1890/1961/1890 1891/1962/1891 1901/1972/1901
f 1901/1972/1901 1900/1971/1900 1890/1961/1890
f 1902/1973/1902 1900/1971/1900 1901/1972/1901
f 1901/1972/1901 1903/1974/1903 1902/1973/1902
f 1904/1975/1904 1903/1974/1903 1901/1972/1901
f 1901/1972/1901 1905/1976/1905 1904/1975/1904
f 1894/1965/1894 1905/1976/1905 1901/1972/1901
f 1901/1972/1901 1891/1962/1891 1894/1965/1894
f 1608/1679/1608 1907/1978/1907 1906/1977/1906
f 1906/1977/1906 1611/1682/1611 1608/1679/1608
f 1616/1687/1616 1611/1682/1611 1906/1977/1906
f 1906/1977/1906 1908/1979/1908 1616/1687/1616
f 1904/1975/1904 1908/1979/1908 1906/1977/1906
f 1906/1977/1906 1903/1974/1903 1904/1975/1904
f 1902/1973/1902 1903/1974/1903 1906/1977/1906
f 1906/1977/1906 1907/1978/1907 1902/1973/1902
f 1534/1605/1534 1626/1697/1626 1909/1980/1909
f 1909/1980/1909 1537/1608/1537 1534/1605/1534
f 1530/1601/1530 1537/1608/1537 1909/1980/1909
f 1909/1980/1909 1910/1981/1910 1530/1601/1530
f 1904/1975/1904 1910/1981/1910 1909/1980/1909
f 1909/1980/1909 1908/1979/1908 1904/1975/1904
f 1616/1687/1616 1908/1979/1908 1909/1980/1909
f 1909/1980/1909 1626/1697/1626 1616/1687/1616
f 1524/1595/1524 1528/1599/1528 1911/1982/1911
f 1911/1982/1911 1897/1968/1897 1524/1595/1524
f 1894/1965/1894 1897/1968/1897 1911/1982/1911
f 1911/1982/1911 1905/1976/1905 1894/1965/1894
f 1904/1975/1904 1905/1976/1905 1911/1982/1911
f 1911/1982/1911 1910/1981/1910 1904/1975/1904
f 1530/1601/1530 1910/1981/1910 1911/1982/1911
f 1911/1982/1911 1528/1599/1528 1530/1601/1530
f 1912/1983/1912 1915/1986/1915 1914/1985/1914
f 1914/1985/1914 1913/1984/1913 1912/1983/1912
f 1913/1984/1913 1914/1985/1914 1917/1988/1917
f 1917/1988/1917 1916/1987/1916 1913/1984/1913
f 1916/1987/1916 1917/1988/1917 1919/1990/1919
f 1919/1990/1919 1918/1989/1918 1916/1987/1916
f 1920/1991/1920 1923/1994/1923 1922/1993/1922
f 1922/1993/1922 1921/1992/1921 1920/1991/1920
f 1921/1992/1921 1922/1993/1922 1925/1996/1925
f 1925/1996/1925 1924/1995/1924 1921/1992/1921
f 1924/1995/1924 1925/1996/1925 1927/1998/1927
f 1927/1998/1927 1926/1997/1926 1924/1995/1924
f 1926/1997/1926 1927/1998/1927 1929/2000/1929
f 1929/2000/1929 1928/1999/1928 1926/1997/1926
f 1928/1999/1928 1929/2000/1929 1931/2002/1931
f 1931/2002/1931 1930/2001/1930 1928/1999/1928
f 1930/2001/1930 1931/2002/1931 1933/2004/1933
f 1933/2004/1933 1932/2003/1932 1930/2001/1930
s 2
f 1934/2005/1934 1937/2008/1937 1936/2007/1936
f 1936/2007/1936 1935/2006/1935 1934/2005/1934
f 1938/2009/1938 1935/2006/1935 1936/2007/1936
f 1936/2007/1936 1939/2010/1939 1938/2009/1938
f 1940/2011/1940 1939/2010/1939 1936/2007/1936
f 1936/2007/1936 1937/2008/1937 1940/2011/1940
f 1941/2012/1941 1944/2015/1944 1943/2014/1943
f 1943/2014/1943 1942/2013/1942 1941/2012/1941
f 1945/2016/1945 1942/2013/1942 1943/2014/1943
f 1943/2014/1943 1946/2017/1946 1945/2016/1945
f 1940/2011/1940 1946/2017/1946 1943/2014/1943
f 1943/2014/1943 1939/2010/1939 1940/2011/1940
f 1938/2009/1938 1939/2010/1939 1943/2014/1943
f 1943/2014/1943 1944/2015/1944 1938/2009/1938
f 1947/2018/1947 1950/2021/1950 1949/2020/1949
f 1949/2020/1949 1948/2019/1948 1947/2018/1947
f 1934/2022/1934 1948/2019/1948 1949/2020/1949
f 1949/2020/1949 1937/2023/1937 1934/2022/1934
f 1940/2011/1940 1937/2023/1937 1949/2020/1949
f 1949/2020/1949 1950/2021/1950 1940/2011/1940
f 1945/2016/1945 1946/2017/1946 1952/2025/1952
f 1952/2025/1952 1951/2024/1951 1945/2016/1945
f 1947/2026/1947 1951/2024/1951 1952/2025/1952
f 1952/2025/1952 1950/2027/1950 1947/2026/1947
f 1940/2011/1940 1950/2027/1950 1952/2025/1952
f 1952/2025/1952 1946/2017/1946 1940/2011/1940
f 1953/2028/1953 1956/2031/1956 1955/2030/1955
f 1955/2030/1955 1954/2029/1954 1953/2028/1953
f 1957/2032/1957 1954/2029/1954 1955/2030/1955
f 1955/2030/1955 1958/2033/1958 1957/2032/1957
f 1959/2034/1959 1958/2033/1958 1955/2030/1955
f 1955/2030/1955 1956/2031/1956 1959/2034/1959
f 1960/2035/1960 1963/2038/1963 1962/2037/1962
f 1962/2037/1962 1961/2036/1961 1960/2035/1960
f 1964/2039/1964 1961/2036/1961 1962/2037/1962
f 1962/2037/1962 1965/2040/1965 1964/2039/1964
f 1959/2034/1959 1965/2040/1965 1962/2037/1962
f 1962/2037/1962 1958/2033/1958 1959/2034/1959
f 1957/2032/1957 1958/2033/1958 1962/2037/1962
f 1962/2037/1962 1963/2038/1963 1957/2032/1957
f 1966/2041/1966 1969/2044/1969 1968/2043/1968
f 1968/2043/1968 1967/2042/1967 1966/2041/1966
f 1953/2045/1953 1967/2042/1967 1968/2043/1968
f 1968/2043/1968 1956/2046/1956 1953/2045/1953
f 1959/2034/1959 1956/2046/1956 1968/2043/1968
f 1968/2043/1968 1969/2044/1969 1959/2034/1959
f 1964/2039/1964 1965/2040/1965 1971/2048/1971
f 1971/2048/1971 1970/2047/1970 1964/2039/1964
f 1966/2049/1966 1970/2047/1970 1971/2048/1971
f 1971/2048/1971 1969/2050/1969 1966/2049/1966
f 1959/2034/1959 1969/2050/1969 1971/2048/1971
f 1971/2048/1971 1965/2040/1965 1959/2034/1959
f 1972/2051/1972 1975/2054/1975 1974/2053/1974
f 1974/2053/1974 1973/2052/1973 1972/2051/1972
f 1976/2055/1976 1973/2052/1973 1974/2053/1974
f 1974/2053/1974 1977/2056/1977 1976/2055/1976
f 1978/2057/1978 1977/2056/1977 1974/2053/1974
f 1974/2053/1974 1975/2054/1975 1978/2057/1978
f 1979/2058/1979 1982/2061/1982 1981/2060/1981
f 1981/2060/1981 1980/2059/1980 1979/2058/1979
f 1983/2062/1983 1980/2059/1980 1981/2060/1981
f 1981/2060/1981 1984/2063/1984 1983/2062/1983
f 1978/2057/1978 1984/2063/1984 1981/2060/1981
f 1981/2060/1981 1977/2056/1977 1978/2057/1978
f 1976/2055/1976 1977/2056/1977 1981/2060/1981
f 1981/2060/1981 1982/2061/1982 1976/2055/1976
f 1985/2064/1985 1988/2067/1988 1987/2066/1987
f 1987/2066/1987 1986/2065/1986 1985/2064/1985
f 1989/2068/1989 1986/2065/1986 1987/2066/1987
f 1987/2066/1987 1990/2069/1990 1989/2068/1989
f 1978/2057/1978 1990/2069/1990 1987/2066/1987
f 1987/2066/1987 1988/2067/1988 1978/2057/1978
f 1983/2062/1983 1984/2063/1984 1992/2071/1992
f 1992/2071/1992 1991/2070/1991 1983/2062/1983
f 1985/2072/1985 1991/2070/1991 1992/2071/1992
f 1992/2071/1992 1988/2073/1988 1985/2072/1985
f 1978/2057/1978 1988/2073/1988 1992/2071/1992
f 1992/2071/1992 1984/2063/1984 1978/2057/1978
f 1989/2068/1989 1990/2069/1990 1994/2075/1994
f 1994/2075/1994 1993/2074/1993 1989/2068/1989
f 1972/2076/1972 1993/2074/1993 1994/2075/1994
f 1994/2075/1994 1975/2077/1975 1972/2076/1972
f 1978/2057/1978 1975/2077/1975 1994/2075/1994
f 1994/2075/1994 1990/2069/1990 1978/2057/1978
f 1979/2058/1979 1996/2079/1996 1995/2078/1995
f 1995/2078/1995 1982/2061/1982 1979/2058/1979
f 1976/2055/1976 1982/2061/1982 1995/2078/1995
f 1995/2078/1995 1997/2080/1997 1976/2055/1976
f 1998/2081/1998 1997/2080/1997 1995/2078/1995
f 1995/2078/1995 1999/2082/1999 1998/2081/1998
f 2000/2083/2000 1999/2082/1999 1995/2078/1995
f 1995/2078/1995 1996/2079/1996 2000/2083/2000
f 1972/2076/1972 2003/2086/2003 2002/2085/2002
f 2002/2085/2002 2001/2084/2001 1972/2076/1972
f 2004/2087/2004 2001/2084/2001 2002/2085/2002
f 2002/2085/2002 2005/2088/2005 2004/2087/2004
f 1998/2081/1998 2005/2088/2005 2002/2085/2002
f 2002/2085/2002 2003/2086/2003 1998/2081/1998
f 1976/2055/1976 1997/2080/1997 2006/2089/2006
f 2006/2089/2006 1973/2052/1973 1976/2055/1976
f 1972/2051/1972 1973/2052/1973 2006/2089/2006
f 2006/2089/2006 2003/2090/2003 1972/2051/1972
f 1998/2081/1998 2003/2090/2003 2006/2089/2006
f 2006/2089/2006 1997/2080/1997 1998/2081/1998
f 2004/2091/2004 2005/2094/2005 2008/2093/2008
f 2008/2093/2008 2007/2092/2007 2004/2091/2004
f 2009/2095/2009 2007/2092/2007 2008/2093/2008
f 2008/2093/2008 2010/2096/2010 2009/2095/2009
f 1998/2081/1998 2010/2096/2010 2008/2093/2008
f 2008/2093/2008 2005/2094/2005 1998/2081/1998
f 2011/2097/2011 2014/2100/2014 2013/2099/2013
f 2013/2099/2013 2012/2098/2012 2011/2097/2011
f 2000/2083/2000 2012/2098/2012 2013/2099/2013
f 2013/2099/2013 1999/2082/1999 2000/2083/2000
f 1998/2081/1998 1999/2082/1999 2013/2099/2013
f 2013/2099/2013 2010/2096/2010 1998/2081/1998
f 2009/2095/2009 2010/2096/2010 2013/2099/2013
f 2013/2099/2013 2014/2100/2014 2009/2095/2009
f 1979/2058/1979 1980/2059/1980 2016/2102/2016
f 2016/2102/2016 2015/2101/2015 1979/2058/1979
f 2017/2103/2017 2015/2101/2015 2016/2102/2016
f 2016/2102/2016 2018/2104/2018 2017/2103/2017
f 2019/2105/2019 2018/2104/2018 2016/2102/2016
f 2016/2102/2016 2020/2106/2020 2019/2105/2019
f 1983/2062/1983 2020/2106/2020 2016/2102/2016
f 2016/2102/2016 1980/2059/1980 1983/2062/1983
f 2021/2107/2021 2024/2110/2024 2023/2109/2023
f 2023/2109/2023 2022/2108/2022 2021/2107/2021
f 2025/2111/2025 2022/2108/2022 2023/2109/2023
f 2023/2109/2023 2026/2112/2026 2025/2111/2025
f 2019/2105/2019 2026/2112/2026 2023/2109/2023
f 2023/2109/2023 2018/2104/2018 2019/2105/2019
f 2017/2103/2017 2018/2104/2018 2023/2109/2023
f 2023/2109/2023 2024/2110/2024 2017/2103/2017
f 2027/2113/2027 2030/2116/2030 2029/2115/2029
f 2029/2115/2029 2028/2114/2028 2027/2113/2027
f 1985/2064/1985 2028/2114/2028 2029/2115/2029
f 2029/2115/2029 2031/2117/2031 1985/2064/1985
f 2019/2105/2019 2031/2117/2031 2029/2115/2029
f 2029/2115/2029 2030/2116/2030 2019/2105/2019
f 2025/2111/2025 2026/2112/2026 2033/2119/2033
f 2033/2119/2033 2032/2118/2032 2025/2111/2025
f 2027/2120/2027 2032/2118/2032 2033/2119/2033
f 2033/2119/2033 2030/2121/2030 2027/2120/2027
f 2019/2105/2019 2030/2121/2030 2033/2119/2033
f 2033/2119/2033 2026/2112/2026 2019/2105/2019
f 1985/2072/1985 2031/2123/2031 2034/2122/2034
f 2034/2122/2034 1991/2070/1991 1985/2072/1985
f 1983/2062/1983 1991/2070/1991 2034/2122/2034
f 2034/2122/2034 2020/2106/2020 1983/2062/1983
f 2019/2105/2019 2020/2106/2020 2034/2122/2034
f 2034/2122/2034 2031/2123/2031 2019/2105/2019
f 1934/2022/1934 2037/2126/2037 2036/2125/2036
f 2036/2125/2036 2035/2124/2035 1934/2022/1934
f 2027/2113/2027 2035/2124/2035 2036/2125/2036
f 2036/2125/2036 2038/2127/2038 2027/2113/2027
f 2039/2128/2039 2038/2127/2038 2036/2125/2036
f 2036/2125/2036 2037/2126/2037 2039/2128/2039
f 1938/2009/1938 2041/2130/2041 2040/2129/2040
f 2040/2129/2040 1935/2006/1935 1938/2009/1938
f 1934/2005/1934 1935/2006/1935 2040/2129/2040
f 2040/2129/2040 2037/2131/2037 1934/2005/1934
f 2039/2128/2039 2037/2131/2037 2040/2129/2040
f 2040/2129/2040 2041/2130/2041 2039/2128/2039
f 2027/2120/2027 2038/2133/2038 2042/2132/2042
f 2042/2132/2042 2032/2118/2032 2027/2120/2027
f 2025/2111/2025 2032/2118/2032 2042/2132/2042
f 2042/2132/2042 2043/2134/2043 2025/2111/2025
f 2039/2128/2039 2043/2134/2043 2042/2132/2042
f 2042/2132/2042 2038/2133/2038 2039/2128/2039
f 2021/2107/2021 2022/2108/2022 2045/2136/2045
f 2045/2136/2045 2044/2135/2044 2021/2107/2021
f 2046/2137/2046 2044/2135/2044 2045/2136/2045
f 2045/2136/2045 2047/2138/2047 2046/2137/2046
f 2039/2128/2039 2047/2138/2047 2045/2136/2045
f 2045/2136/2045 2043/2134/2043 2039/2128/2039
f 2025/2111/2025 2043/2134/2043 2045/2136/2045
f 2045/2136/2045 2022/2108/2022 2025/2111/2025
f 1941/2012/1941 2049/2140/2049 2048/2139/2048
f 2048/2139/2048 1944/2015/1944 1941/2012/1941
f 1938/2009/1938 1944/2015/1944 2048/2139/2048
f 2048/2139/2048 2041/2130/2041 1938/2009/1938
f 2039/2128/2039 2041/2130/2041 2048/2139/2048
f 2048/2139/2048 2047/2138/2047 2039/2128/2039
f 2046/2137/2046 2047/2138/2047 2048/2139/2048
f 2048/2139/2048 2049/2140/2049 2046/2137/2046
f 2004/2087/2004 2052/2143/2052 2051/2142/2051
f 2051/2142/2051 2050/2141/2050 2004/2087/2004
f 2053/2144/2053 2050/2141/2050 2051/2142/2051
f 2051/2142/2051 2054/2145/2054 2053/2144/2053
f 2055/2146/2055 2054/2145/2054 2051/2142/2051
f 2051/2142/2051 2052/2143/2052 2055/2146/2055
f 2009/2095/2009 2057/2148/2057 2056/2147/2056
f 2056/2147/2056 2007/2092/2007 2009/2095/2009
f 2004/2091/2004 2007/2092/2007 2056/2147/2056
f 2056/2147/2056 2052/2149/2052 2004/2091/2004
f 2055/2146/2055 2052/2149/2052 2056/2147/2056
f 2056/2147/2056 2057/2148/2057 2055/2146/2055
f 2053/2150/2053 2054/2153/2054 2059/2152/2059
f 2059/2152/2059 2058/2151/2058 2053/2150/2053
f 2060/2154/2060 2058/2151/2058 2059/2152/2059
f 2059/2152/2059 2061/2155/2061 2060/2154/2060
f 2055/2146/2055 2061/2155/2061 2059/2152/2059
f 2059/2152/2059 2054/2153/2054 2055/2146/2055
f 2062/2156/2062 2065/2159/2065 2064/2158/2064
f 2064/2158/2064 2063/2157/2063 2062/2156/2062
f 2066/2160/2066 2063/2157/2063 2064/2158/2064
f 2064/2158/2064 2067/2161/2067 2066/2160/2066
f 2055/2146/2055 2067/2161/2067 2064/2158/2064
f 2064/2158/2064 2061/2155/2061 2055/2146/2055
f 2060/2154/2060 2061/2155/2061 2064/2158/2064
f 2064/2158/2064 2065/2159/2065 2060/2154/2060
f 2011/2097/2011 2069/2163/2069 2068/2162/2068
f 2068/2162/2068 2014/2100/2014 2011/2097/2011
f 2009/2095/2009 2014/2100/2014 2068/2162/2068
f 2068/2162/2068 2057/2148/2057 2009/2095/2009
f 2055/2146/2055 2057/2148/2057 2068/2162/2068
f 2068/2162/2068 2067/2161/2067 2055/2146/2055
f 2066/2160/2066 2067/2161/2067 2068/2162/2068
f 2068/2162/2068 2069/2163/2069 2066/2160/2066
f 1960/2035/1960 1961/2036/1961 2071/2165/2071
f 2071/2165/2071 2070/2164/2070 1960/2035/1960
f 2072/2166/2072 2070/2164/2070 2071/2165/2071
f 2071/2165/2071 2073/2167/2073 2072/2166/2072
f 2074/2168/2074 2073/2167/2073 2071/2165/2071
f 2071/2165/2071 2075/2169/2075 2074/2168/2074
f 1964/2039/1964 2075/2169/2075 2071/2165/2071
f 2071/2165/2071 1961/2036/1961 1964/2039/1964
f 2062/2156/2062 2077/2171/2077 2076/2170/2076
f 2076/2170/2076 2065/2159/2065 2062/2156/2062
f 2060/2154/2060 2065/2159/2065 2076/2170/2076
f 2076/2170/2076 2078/2172/2078 2060/2154/2060
f 2074/2168/2074 2078/2172/2078 2076/2170/2076
f 2076/2170/2076 2073/2167/2073 2074/2168/2074
f 2072/2166/2072 2073/2167/2073 2076/2170/2076
f 2076/2170/2076 2077/2171/2077 2072/2166/2072
f 2053/2144/2053 2081/2175/2081 2080/2174/2080
f 2080/2174/2080 2079/2173/2079 2053/2144/2053
f 1966/2041/1966 2079/2173/2079 2080/2174/2080
f 2080/2174/2080 2082/2176/2082 1966/2041/1966
f 2074/2168/2074 2082/2176/2082 2080/2174/2080
f 2080/2174/2080 2081/2175/2081 2074/2168/2074
f 2060/2154/2060 2078/2172/2078 2083/2177/2083
f 2083/2177/2083 2058/2151/2058 2060/2154/2060
f 2053/2150/2053 2058/2151/2058 2083/2177/2083
f 2083/2177/2083 2081/2178/2081 2053/2150/2053
f 2074/2168/2074 2081/2178/2081 2083/2177/2083
f 2083/2177/2083 2078/2172/2078 2074/2168/2074
f 1966/2049/1966 2082/2180/2082 2084/2179/2084
f 2084/2179/2084 1970/2047/1970 1966/2049/1966
f 1964/2039/1964 1970/2047/1970 2084/2179/2084
f 2084/2179/2084 2075/2169/2075 1964/2039/1964
f 2074/2168/2074 2075/2169/2075 2084/2179/2084
f 2084/2179/2084 2082/2180/2082 2074/2168/2074
f 1960/2035/1960 2086/2182/2086 2085/2181/2085
f 2085/2181/2085 1963/2038/1963 1960/2035/1960
f 1957/2032/1957 1963/2038/1963 2085/2181/2085
f 2085/2181/2085 2087/2183/2087 1957/2032/1957
f 2088/2184/2088 2087/2183/2087 2085/2181/2085
f 2085/2181/2085 2089/2185/2089 2088/2184/2088
f 2090/2186/2090 2089/2185/2089 2085/2181/2085
f 2085/2181/2085 2086/2182/2086 2090/2186/2090
f 1953/2045/1953 2093/2189/2093 2092/2188/2092
f 2092/2188/2092 2091/2187/2091 1953/2045/1953
f 2094/2190/2094 2091/2187/2091 2092/2188/2092
f 2092/2188/2092 2095/2191/2095 2094/2190/2094
f 2088/2184/2088 2095/2191/2095 2092/2188/2092
f 2092/2188/2092 2093/2189/2093 2088/2184/2088
f 1957/2032/1957 2087/2183/2087 2096/2192/2096
f 2096/2192/2096 1954/2029/1954 1957/2032/1957
f 1953/2028/1953 1954/2029/1954 2096/2192/2096
f 2096/2192/2096 2093/2193/2093 1953/2028/1953
f 2088/2184/2088 2093/2193/2093 2096/2192/2096
f 2096/2192/2096 2087/2183/2087 2088/2184/2088
f 2094/2190/2094 2095/2191/2095 2098/2195/2098
f 2098/2195/2098 2097/2194/2097 2094/2190/2094
f 2099/2196/2099 2097/2194/2097 2098/2195/2098
f 2098/2195/2098 2100/2197/2100 2099/2196/2099
f 2088/2184/2088 2100/2197/2100 2098/2195/2098
f 2098/2195/2098 2095/2191/2095 2088/2184/2088
f 2099/2198/2099 2100/2201/2100 2102/2200/2102
f 2102/2200/2102 2101/2199/2101 2099/2198/2099
f 2090/2186/2090 2101/2199/2101 2102/2200/2102
f 2102/2200/2102 2089/2185/2089 2090/2186/2090
f 2088/2184/2088 2089/2185/2089 2102/2200/2102
f 2102/2200/2102 2100/2201/2100 2088/2184/2088
f 2099/2196/2099 2105/2204/2105 2104/2203/2104
f 2104/2203/2104 2103/2202/2103 2099/2196/2099
f 1947/2018/1947 2103/2202/2103 2104/2203/2104
f 2104/2203/2104 2106/2205/2106 1947/2018/1947
f 2107/2206/2107 2106/2205/2106 2104/2203/2104
f 2104/2203/2104 2105/2204/2105 2107/2206/2107
f 2090/2186/2090 2109/2208/2109 2108/2207/2108
f 2108/2207/2108 2101/2199/2101 2090/2186/2090
f 2099/2198/2099 2101/2199/2101 2108/2207/2108
f 2108/2207/2108 2105/2209/2105 2099/2198/2099
f 2107/2206/2107 2105/2209/2105 2108/2207/2108
f 2108/2207/2108 2109/2208/2109 2107/2206/2107
f 1947/2026/1947 2106/2211/2106 2110/2210/2110
f 2110/2210/2110 1951/2024/1951 1947/2026/1947
f 1945/2016/1945 1951/2024/1951 2110/2210/2110
f 2110/2210/2110 2111/2212/2111 1945/2016/1945
f 2107/2206/2107 2111/2212/2111 2110/2210/2110
f 2110/2210/2110 2106/2211/2106 2107/2206/2107
f 1941/2012/1941 1942/2013/1942 2113/2214/2113
f 2113/2214/2113 2112/2213/2112 1941/2012/1941
f 2114/2215/2114 2112/2213/2112 2113/2214/2113
f 2113/2214/2113 2115/2216/2115 2114/2215/2114
f 2107/2206/2107 2115/2216/2115 2113/2214/2113
f 2113/2214/2113 2111/2212/2111 2107/2206/2107
f 1945/2016/1945 2111/2212/2111 2113/2214/2113
f 2113/2214/2113 1942/2013/1942 1945/2016/1945
f 1960/2035/1960 2117/2218/2117 2116/2217/2116
f 2116/2217/2116 2086/2182/2086 1960/2035/1960
f 2090/2186/2090 2086/2182/2086 2116/2217/2116
f 2116/2217/2116 2109/2208/2109 2090/2186/2090
f 2107/2206/2107 2109/2208/2109 2116/2217/2116
f 2116/2217/2116 2115/2216/2115 2107/2206/2107
f 2114/2215/2114 2115/2216/2115 2116/2217/2116
f 2116/2217/2116 2117/2218/2117 2114/2215/2114
f 1979/2058/1979 2015/2101/2015 2118/2219/2118
f 2118/2219/2118 1996/2079/1996 1979/2058/1979
f 2000/2083/2000 1996/2079/1996 2118/2219/2118
f 2118/2219/2118 2119/2220/2119 2000/2083/2000
f 2120/2221/2120 2119/2220/2119 2118/2219/2118
f 2118/2219/2118 2121/2222/2121 2120/2221/2120
f 2017/2103/2017 2121/2222/2121 2118/2219/2118
f 2118/2219/2118 2015/2101/2015 2017/2103/2017
f 2011/2097/2011 2012/2098/2012 2122/2223/2122
f 2122/2223/2122 2069/2163/2069 2011/2097/2011
f 2066/2160/2066 2069/2163/2069 2122/2223/2122
f 2122/2223/2122 2123/2224/2123 2066/2160/2066
f 2120/2221/2120 2123/2224/2123 2122/2223/2122
f 2122/2223/2122 2119/2220/2119 2120/2221/2120
f 2000/2083/2000 2119/2220/2119 2122/2223/2122
f 2122/2223/2122 2012/2098/2012 2000/2083/2000
f 2062/2156/2062 2063/2157/2063 2125/2226/2125
f 2125/2226/2125 2124/2225/2124 2062/2156/2062
f 2126/2227/2126 2124/2225/2124 2125/2226/2125
f 2125/2226/2125 2127/2228/2127 2126/2227/2126
f 2120/2221/2120 2127/2228/2127 2125/2226/2125
f 2125/2226/2125 2123/2224/2123 2120/2221/2120
f 2066/2160/2066 2123/2224/2123 2125/2226/2125
f 2125/2226/2125 2063/2157/2063 2066/2160/2066
f 2021/2107/2021 2129/2230/2129 2128/2229/2128
f 2128/2229/2128 2024/2110/2024 2021/2107/2021
f 2017/2103/2017 2024/2110/2024 2128/2229/2128
f 2128/2229/2128 2121/2222/2121 2017/2103/2017
f 2120/2221/2120 2121/2222/2121 2128/2229/2128
f 2128/2229/2128 2127/2228/2127 2120/2221/2120
f 2126/2227/2126 2127/2228/2127 2128/2229/2128
f 2128/2229/2128 2129/2230/2129 2126/2227/2126
f 2062/2156/2062 2124/2225/2124 2130/2231/2130
f 2130/2231/2130 2077/2171/2077 2062/2156/2062
f 2072/2166/2072 2077/2171/2077 2130/2231/2130
f 2130/2231/2130 2131/2232/2131 2072/2166/2072
f 2132/2233/2132 2131/2232/2131 2130/2231/2130
f 2130/2231/2130 2133/2234/2133 2132/2233/2132
f 2126/2227/2126 2133/2234/2133 2130/2231/2130
f 2130/2231/2130 2124/2225/2124 2126/2227/2126
f 1960/2035/1960 2070/2164/2070 2134/2235/2134
f 2134/2235/2134 2117/2218/2117 1960/2035/1960
f 2114/2215/2114 2117/2218/2117 2134/2235/2134
f 2134/2235/2134 2135/2236/2135 2114/2215/2114
f 2132/2233/2132 2135/2236/2135 2134/2235/2134
f 2134/2235/2134 2131/2232/2131 2132/2233/2132
f 2072/2166/2072 2131/2232/2131 2134/2235/2134
f 2134/2235/2134 2070/2164/2070 2072/2166/2072
f 1941/2012/1941 2112/2213/2112 2136/2237/2136
f 2136/2237/2136 2049/2140/2049 1941/2012/1941
f 2046/2137/2046 2049/2140/2049 2136/2237/2136
f 2136/2237/2136 2137/2238/2137 2046/2137/2046
f 2132/2233/2132 2137/2238/2137 2136/2237/2136
f 2136/2237/2136 2135/2236/2135 2132/2233/2132
f 2114/2215/2114 2135/2236/2135 2136/2237/2136
f 2136/2237/2136 2112/2213/2112 2114/2215/2114
f 2021/2107/2021 2044/2135/2044 2138/2239/2138
f 2138/2239/2138 2129/2230/2129 2021/2107/2021
f 2126/2227/2126 2129/2230/2129 2138/2239/2138
f 2138/2239/2138 2133/2234/2133 2126/2227/2126
f 2132/2233/2132 2133/2234/2133 2138/2239/2138
f 2138/2239/2138 2137/2238/2137 2132/2233/2132
f 2046/2137/2046 2137/2238/2137 2138/2239/2138
f 2138/2239/2138 2044/2135/2044 2046/2137/2046
f 2139/2240/2139 2141/2242/2141 2140/2241/2140
f 2143/2244/2143 2142/2243/2142 2145/2246/2145
f 2145/2246/2145 2144/2245/2144 2143/2244/2143
f 2146/2247/2146 2148/2249/2148 2147/2248/2147
f 2146/2247/2146 2147/2248/2147 2144/2245/2144
f 2146/2247/2146 2144/2245/2144 2145/2246/2145
f 2142/2243/2142 2143/2244/2143 2150/2251/2150
f 2150/2251/2150 2149/2250/2149 2142/2243/2142
f 2151/2252/2151 2149/2250/2149 2150/2251/2150
f 2150/2251/2150 2152/2253/2152 2151/2252/2151
f 2151/2252/2151 2152/2253/2152 2154/2255/2154
f 2154/2255/2154 2153/2254/2153 2151/2252/2151
f 2155/2256/2155 2153/2254/2153 2154/2255/2154
f 2154/2255/2154 2157/2258/2157 2156/2257/2156
f 2155/2256/2155 2154/2255/2154 2156/2257/2156
f 2158/2259/2158 2155/2256/2155 2156/2257/2156
f 2156/2257/2156 2159/2260/2159 2158/2259/2158
f 2161/2262/2161 2160/2261/2160 2158/2259/2158
f 2158/2259/2158 2159/2260/2159 2161/2262/2161
f 2163/2264/2163 2162/2263/2162 2165/2266/2165
f 2165/2266/2165 2164/2265/2164 2163/2264/2163
f 2160/2261/2160 2161/2262/2161 2164/2265/2164
f 2164/2265/2164 2165/2266/2165 2160/2261/2160
f 2162/2263/2162 2163/2264/2163 2167/2268/2167
f 2167/2268/2167 2166/2267/2166 2162/2263/2162
f 2169/2270/2169 2168/2269/2168 2166/2267/2166
f 2166/2267/2166 2167/2268/2167 2169/2270/2169
f 2168/2269/2168 2169/2270/2169 2171/2272/2171
f 2171/2272/2171 2170/2271/2170 2168/2269/2168
f 2173/2274/2173 2172/2273/2172 2170/2271/2170
f 2170/2271/2170 2171/2272/2171 2173/2274/2173
f 2172/2273/2172 2173/2274/2173 2175/2276/2175
f 2175/2276/2175 2174/2275/2174 2172/2273/2172
f 2177/2278/2177 2176/2277/2176 2174/2275/2174
f 2174/2275/2174 2175/2276/2175 2177/2278/2177
f 2176/2277/2176 2177/2278/2177 2179/2280/2179
f 2179/2280/2179 2178/2279/2178 2176/2277/2176
f 2181/2282/2181 2180/2281/2180 2178/2279/2178
f 2178/2279/2178 2179/2280/2179 2181/2282/2181
f 2180/2281/2180 2181/2282/2181 2183/2284/2183
f 2183/2284/2183 2182/2283/2182 2180/2281/2180
f 2185/2286/2185 2184/2285/2184 2187/2288/2187
f 2187/2288/2187 2186/2287/2186 2185/2286/2185
f 2184/2285/2184 2189/2290/2189 2188/2289/2188
f 2188/2289/2188 2187/2288/2187 2184/2285/2184
f 2190/2291/2190 2193/2294/2193 2192/2293/2192
f 2192/2293/2192 2191/2292/2191 2190/2291/2190
f 2194/2295/2194 2191/2292/2191 2192/2293/2192
f 2192/2293/2192 2195/2296/2195 2194/2295/2194
f 2196/2297/2196 2195/2296/2195 2192/2293/2192
f 2192/2293/2192 2193/2294/2193 2196/2297/2196
f 2197/2298/2197 2200/2301/2200 2199/2300/2199
f 2199/2300/2199 2198/2299/2198 2197/2298/2197
f 2201/2302/2201 2198/2299/2198 2199/2300/2199
f 2199/2300/2199 2202/2303/2202 2201/2302/2201
f 2203/2304/2203 2202/2303/2202 2199/2300/2199
f 2199/2300/2199 2200/2301/2200 2203/2304/2203
f 2204/2305/2204 2207/2308/2207 2206/2307/2206
f 2206/2307/2206 2205/2306/2205 2204/2305/2204
f 2208/2309/2208 2205/2306/2205 2206/2307/2206
f 2206/2307/2206 2209/2310/2209 2208/2309/2208
f 2210/2311/2210 2209/2310/2209 2206/2307/2206
f 2206/2307/2206 2207/2308/2207 2210/2311/2210
f 2211/2312/2211 2214/2315/2214 2213/2314/2213
f 2213/2314/2213 2212/2313/2212 2211/2312/2211
f 2210/2311/2210 2212/2313/2212 2213/2314/2213
f 2213/2314/2213 2215/2316/2215 2210/2311/2210
f 2216/2317/2216 2215/2316/2215 2213/2314/2213
f 2213/2314/2213 2214/2315/2214 2216/2317/2216
f 2211/2312/2211 2219/2320/2219 2218/2319/2218
f 2218/2319/2218 2217/2318/2217 2211/2312/2211
f 2220/2321/2220 2217/2318/2217 2218/2319/2218
f 2218/2319/2218 2221/2322/2221 2220/2321/2220
f 2222/2323/2222 2221/2322/2221 2218/2319/2218
f 2218/2319/2218 2219/2320/2219 2222/2323/2222
f 2223/2324/2223 2226/2327/2226 2225/2326/2225
f 2225/2326/2225 2224/2325/2224 2223/2324/2223
f 2227/2328/2227 2224/2325/2224 2225/2326/2225
f 2225/2326/2225 2228/2329/2228 2227/2328/2227
f 2229/2330/2229 2228/2329/2228 2225/2326/2225
f 2225/2326/2225 2226/2327/2226 2229/2330/2229
f 2230/2331/2230 2233/2334/2233 2232/2333/2232
f 2232/2333/2232 2231/2332/2231 2230/2331/2230
f 2234/2335/2234 2231/2332/2231 2232/2333/2232
f 2232/2333/2232 2235/2336/2235 2234/2335/2234
f 2236/2337/2236 2235/2336/2235 2232/2333/2232
f 2232/2333/2232 2233/2334/2233 2236/2337/2236
f 2237/2338/2237 2240/2341/2240 2239/2340/2239
f 2239/2340/2239 2238/2339/2238 2237/2338/2237
f 2241/2342/2241 2238/2339/2238 2239/2340/2239
f 2239/2340/2239 2242/2343/2242 2241/2342/2241
f 2243/2344/2243 2242/2343/2242 2239/2340/2239
f 2239/2340/2239 2240/2341/2240 2243/2344/2243
f 2243/2345/2243 2246/2348/2246 2245/2347/2245
f 2245/2347/2245 2244/2346/2244 2243/2345/2243
f 2247/2349/2247 2244/2346/2244 2245/2347/2245
f 2245/2347/2245 2248/2350/2248 2247/2349/2247
f 2249/2351/2249 2248/2350/2248 2245/2347/2245
f 2245/2347/2245 2246/2348/2246 2249/2351/2249
f 2250/2352/2250 2253/2355/2253 2252/2354/2252
f 2252/2354/2252 2251/2353/2251 2250/2352/2250
f 2254/2356/2254 2251/2353/2251 2252/2354/2252
f 2252/2354/2252 2255/2357/2255 2254/2356/2254
f 2256/2358/2256 2255/2357/2255 2252/2354/2252
f 2252/2354/2252 2253/2355/2253 2256/2358/2256
f 2229/2359/2229 2259/2362/2259 2258/2361/2258
f 2258/2361/2258 2257/2360/2257 2229/2359/2229
f 2260/2363/2260 2257/2360/2257 2258/2361/2258
f 2258/2361/2258 2261/2364/2261 2260/2363/2260
f 2262/2365/2262 2261/2364/2261 2258/2361/2258
f 2258/2361/2258 2259/2362/2259 2262/2365/2262
f 2263/2366/2263 2266/2369/2266 2265/2368/2265
f 2265/2368/2265 2264/2367/2264 2263/2366/2263
f 2223/2324/2223 2264/2367/2264 2265/2368/2265
f 2265/2368/2265 2226/2327/2226 2223/2324/2223
f 2229/2330/2229 2226/2327/2226 2265/2368/2265
f 2265/2368/2265 2266/2369/2266 2229/2330/2229
f 2267/2370/2267 2270/2373/2270 2269/2372/2269
f 2269/2372/2269 2268/2371/2268 2267/2370/2267
f 2271/2374/2271 2268/2371/2268 2269/2372/2269
f 2269/2372/2269 2272/2375/2272 2271/2374/2271
f 2273/2376/2273 2272/2375/2272 2269/2372/2269
f 2269/2372/2269 2270/2373/2270 2273/2376/2273
f 2223/2324/2223 2275/2378/2275 2274/2377/2274
f 2274/2377/2274 2264/2367/2264 2223/2324/2223
f 2263/2366/2263 2264/2367/2264 2274/2377/2274
f 2274/2377/2274 2276/2379/2276 2263/2366/2263
f 2277/2380/2277 2276/2379/2276 2274/2377/2274
f 2274/2377/2274 2275/2378/2275 2277/2380/2277
f 2278/2381/2278 2281/2384/2281 2280/2383/2280
f 2280/2383/2280 2279/2382/2279 2278/2381/2278
f 2282/2385/2282 2279/2382/2279 2280/2383/2280
f 2280/2383/2280 2283/2386/2283 2282/2385/2282
f 2284/2387/2284 2283/2386/2283 2280/2383/2280
f 2280/2383/2280 2281/2384/2281 2284/2387/2284
f 2285/2388/2285 2288/2391/2288 2287/2390/2287
f 2287/2390/2287 2286/2389/2286 2285/2388/2285
f 2289/2392/2289 2286/2389/2286 2287/2390/2287
f 2287/2390/2287 2290/2393/2290 2289/2392/2289
f 2291/2394/2291 2290/2393/2290 2287/2390/2287
f 2287/2390/2287 2288/2391/2288 2291/2394/2291
f 2292/2395/2292 2295/2398/2295 2294/2397/2294
f 2294/2397/2294 2293/2396/2293 2292/2395/2292
f 2296/2399/2296 2293/2396/2293 2294/2397/2294
f 2294/2397/2294 2297/2400/2297 2296/2399/2296
f 2284/2387/2284 2297/2400/2297 2294/2397/2294
f 2294/2397/2294 2295/2398/2295 2284/2387/2284
f 2298/2401/2298 2301/2404/2301 2300/2403/2300
f 2300/2403/2300 2299/2402/2299 2298/2401/2298
f 2302/2405/2302 2299/2402/2299 2300/2403/2300
f 2300/2403/2300 2303/2406/2303 2302/2405/2302
f 2304/2407/2304 2303/2406/2303 2300/2403/2300
f 2300/2403/2300 2305/2408/2305 2304/2407/2304
f 2306/2409/2306 2305/2408/2305 2300/2403/2300
f 2300/2403/2300 2307/2410/2307 2306/2409/2306
f 2308/2411/2308 2307/2410/2307 2300/2403/2300
f 2300/2403/2300 2301/2404/2301 2308/2411/2308
f 2309/2412/2309 2312/2415/2312 2311/2414/2311
f 2311/2414/2311 2310/2413/2310 2309/2412/2309
f 2298/2401/2298 2310/2413/2310 2311/2414/2311
f 2311/2414/2311 2301/2404/2301 2298/2401/2298
f 2308/2411/2308 2301/2404/2301 2311/2414/2311
f 2311/2414/2311 2313/2416/2313 2308/2411/2308
f 2314/2417/2314 2313/2416/2313 2311/2414/2311
f 2311/2414/2311 2312/2415/2312 2314/2417/2314
f 2298/2401/2298 2299/2402/2299 2316/2419/2316
f 2316/2419/2316 2315/2418/2315 2298/2401/2298
f 2317/2420/2317 2315/2418/2315 2316/2419/2316
f 2316/2419/2316 2318/2421/2318 2317/2420/2317
f 2319/2422/2319 2318/2421/2318 2316/2419/2316
f 2316/2419/2316 2320/2423/2320 2319/2422/2319
f 2321/2424/2321 2320/2423/2320 2316/2419/2316
f 2316/2419/2316 2322/2425/2322 2321/2424/2321
f 2302/2405/2302 2322/2425/2322 2316/2419/2316
f 2316/2419/2316 2299/2402/2299 2302/2405/2302
f 2323/2426/2323 2326/2429/2326 2325/2428/2325
f 2325/2428/2325 2324/2427/2324 2323/2426/2323
f 2317/2420/2317 2324/2427/2324 2325/2428/2325
f 2325/2428/2325 2315/2418/2315 2317/2420/2317
f 2298/2401/2298 2315/2418/2315 2325/2428/2325
f 2325/2428/2325 2310/2413/2310 2298/2401/2298
f 2309/2412/2309 2310/2413/2310 2325/2428/2325
f 2325/2428/2325 2326/2429/2326 2309/2412/2309
f 2142/2243/2142 2328/2431/2328 2327/2430/2327
f 2327/2430/2327 2145/2246/2145 2142/2243/2142
f 2146/2247/2146 2145/2246/2145 2327/2430/2327
f 2327/2430/2327 2329/2432/2329 2146/2247/2146
f 2330/2433/2330 2329/2432/2329 2327/2430/2327
f 2327/2430/2327 2331/2434/2331 2330/2433/2330
f 2332/2435/2332 2331/2434/2331 2327/2430/2327
f 2327/2430/2327 2333/2436/2333 2332/2435/2332
f 2334/2437/2334 2333/2436/2333 2327/2430/2327
f 2327/2430/2327 2328/2431/2328 2334/2437/2334
f 2335/2438/2335 2338/2441/2338 2337/2440/2337
f 2337/2440/2337 2336/2439/2336 2335/2438/2335
f 2334/2437/2334 2336/2439/2336 2337/2440/2337
f 2337/2440/2337 2333/2436/2333 2334/2437/2334
f 2332/2435/2332 2333/2436/2333 2337/2440/2337
f 2337/2440/2337 2339/2442/2339 2332/2435/2332
f 2340/2443/2340 2339/2442/2339 2337/2440/2337
f 2337/2440/2337 2341/2444/2341 2340/2443/2340
f 2342/2445/2342 2341/2444/2341 2337/2440/2337
f 2337/2440/2337 2338/2441/2338 2342/2445/2342
f 2342/2445/2342 2338/2441/2338 2344/2447/2344
f 2344/2447/2344 2343/2446/2343 2342/2445/2342
f 2345/2448/2345 2343/2446/2343 2344/2447/2344
f 2344/2447/2344 2346/2449/2346 2345/2448/2345
f 2347/2450/2347 2346/2449/2346 2344/2447/2344
f 2344/2447/2344 2348/2451/2348 2347/2450/2347
f 2349/2452/2349 2348/2451/2348 2344/2447/2344
f 2344/2447/2344 2350/2453/2350 2349/2452/2349
f 2335/2438/2335 2350/2453/2350 2344/2447/2344
f 2344/2447/2344 2338/2441/2338 2335/2438/2335
f 2347/2450/2347 2348/2451/2348 2352/2455/2352
f 2352/2455/2352 2351/2454/2351 2347/2450/2347
f 2353/2456/2353 2351/2454/2351 2352/2455/2352
f 2352/2455/2352 2354/2457/2354 2353/2456/2353
f 2355/2458/2355 2354/2457/2354 2352/2455/2352
f 2352/2455/2352 2356/2459/2356 2355/2458/2355
f 2349/2452/2349 2356/2459/2356 2352/2455/2352
f 2352/2455/2352 2348/2451/2348 2349/2452/2349
f 2196/2297/2196 2359/2462/2359 2358/2461/2358
f 2358/2461/2358 2357/2460/2357 2196/2297/2196
f 2151/2252/2151 2357/2460/2357 2358/2461/2358
f 2358/2461/2358 2149/2250/2149 2151/2252/2151
f 2142/2243/2142 2149/2250/2149 2358/2461/2358
f 2358/2461/2358 2328/2431/2328 2142/2243/2142
f 2334/2437/2334 2328/2431/2328 2358/2461/2358
f 2358/2461/2358 2359/2462/2359 2334/2437/2334
f 2190/2291/2190 2361/2464/2361 2360/2463/2360
f 2360/2463/2360 2193/2294/2193 2190/2291/2190
f 2196/2297/2196 2193/2294/2193 2360/2463/2360
f 2360/2463/2360 2359/2462/2359 2196/2297/2196
f 2334/2437/2334 2359/2462/2359 2360/2463/2360
f 2360/2463/2360 2336/2439/2336 2334/2437/2334
f 2335/2438/2335 2336/2439/2336 2360/2463/2360
f 2360/2463/2360 2361/2464/2361 2335/2438/2335
f 2335/2438/2335 2361/2464/2361 2362/2465/2362
f 2362/2465/2362 2350/2453/2350 2335/2438/2335
f 2349/2452/2349 2350/2453/2350 2362/2465/2362
f 2362/2465/2362 2363/2466/2363 2349/2452/2349
f 2364/2467/2364 2363/2466/2363 2362/2465/2362
f 2362/2465/2362 2365/2468/2365 2364/2467/2364
f 2190/2291/2190 2365/2468/2365 2362/2465/2362
f 2362/2465/2362 2361/2464/2361 2190/2291/2190
f 2349/2452/2349 2363/2466/2363 2366/2469/2366
f 2366/2469/2366 2356/2459/2356 2349/2452/2349
f 2355/2458/2355 2356/2459/2356 2366/2469/2366
f 2366/2469/2366 2367/2470/2367 2355/2458/2355
f 2368/2471/2368 2367/2470/2367 2366/2469/2366
f 2366/2469/2366 2369/2472/2369 2368/2471/2368
f 2364/2467/2364 2369/2472/2369 2366/2469/2366
f 2366/2469/2366 2363/2466/2363 2364/2467/2364
f 2151/2252/2151 2153/2254/2153 2370/2473/2370
f 2370/2473/2370 2357/2460/2357 2151/2252/2151
f 2196/2297/2196 2357/2460/2357 2370/2473/2370
f 2370/2473/2370 2195/2296/2195 2196/2297/2196
f 2194/2295/2194 2195/2296/2195 2370/2473/2370
f 2370/2473/2370 2371/2474/2371 2194/2295/2194
f 2155/2256/2155 2371/2474/2371 2370/2473/2370
f 2370/2473/2370 2153/2254/2153 2155/2256/2155
f 2372/2475/2372 2375/2478/2375 2374/2477/2374
f 2374/2477/2374 2373/2476/2373 2372/2475/2372
f 2160/2261/2160 2373/2476/2373 2374/2477/2374
f 2374/2477/2374 2158/2259/2158 2160/2261/2160
f 2155/2256/2155 2158/2259/2158 2374/2477/2374
f 2374/2477/2374 2371/2474/2371 2155/2256/2155
f 2194/2295/2194 2371/2474/2371 2374/2477/2374
f 2374/2477/2374 2375/2478/2375 2194/2295/2194
f 2372/2475/2372 2377/2480/2377 2376/2479/2376
f 2376/2479/2376 2375/2478/2375 2372/2475/2372
f 2194/2295/2194 2375/2478/2375 2376/2479/2376
f 2376/2479/2376 2191/2292/2191 2194/2295/2194
f 2190/2291/2190 2191/2292/2191 2376/2479/2376
f 2376/2479/2376 2365/2468/2365 2190/2291/2190
f 2364/2467/2364 2365/2468/2365 2376/2479/2376
f 2376/2479/2376 2377/2480/2377 2364/2467/2364
f 2364/2467/2364 2377/2480/2377 2378/2481/2378
f 2378/2481/2378 2369/2472/2369 2364/2467/2364
f 2368/2471/2368 2369/2472/2369 2378/2481/2378
f 2378/2481/2378 2379/2482/2379 2368/2471/2368
f 2380/2483/2380 2379/2482/2379 2378/2481/2378
f 2378/2481/2378 2381/2484/2381 2380/2483/2380
f 2372/2475/2372 2381/2484/2381 2378/2481/2378
f 2378/2481/2378 2377/2480/2377 2372/2475/2372
f 2162/2263/2162 2383/2486/2383 2382/2485/2382
f 2382/2485/2382 2165/2266/2165 2162/2263/2162
f 2160/2261/2160 2165/2266/2165 2382/2485/2382
f 2382/2485/2382 2373/2476/2373 2160/2261/2160
f 2372/2475/2372 2373/2476/2373 2382/2485/2382
f 2382/2485/2382 2381/2484/2381 2372/2475/2372
f 2380/2483/2380 2381/2484/2381 2382/2485/2382
f 2382/2485/2382 2383/2486/2383 2380/2483/2380
f 2384/2487/2384 2387/2490/2387 2386/2489/2386
f 2386/2489/2386 2385/2488/2385 2384/2487/2384
f 2168/2269/2168 2385/2488/2385 2386/2489/2386
f 2386/2489/2386 2166/2267/2166 2168/2269/2168
f 2162/2263/2162 2166/2267/2166 2386/2489/2386
f 2386/2489/2386 2383/2486/2383 2162/2263/2162
f 2380/2483/2380 2383/2486/2383 2386/2489/2386
f 2386/2489/2386 2387/2490/2387 2380/2483/2380
f 2384/2487/2384 2389/2492/2389 2388/2491/2388
f 2388/2491/2388 2387/2490/2387 2384/2487/2384
f 2380/2483/2380 2387/2490/2387 2388/2491/2388
f 2388/2491/2388 2379/2482/2379 2380/2483/2380
f 2368/2471/2368 2379/2482/2379 2388/2491/2388
f 2388/2491/2388 2390/2493/2390 2368/2471/2368
f 2391/2494/2391 2390/2493/2390 2388/2491/2388
f 2388/2491/2388 2389/2492/2389 2391/2494/2391
f 2391/2494/2391 2393/2496/2393 2392/2495/2392
f 2392/2495/2392 2390/2493/2390 2391/2494/2391
f 2368/2471/2368 2390/2493/2390 2392/2495/2392
f 2392/2495/2392 2367/2470/2367 2368/2471/2368
f 2355/2458/2355 2367/2470/2367 2392/2495/2392
f 2392/2495/2392 2394/2497/2394 2355/2458/2355
f 2395/2498/2395 2394/2497/2394 2392/2495/2392
f 2392/2495/2392 2393/2496/2393 2395/2498/2395
f 2395/2498/2395 2397/2500/2397 2396/2499/2396
f 2396/2499/2396 2394/2497/2394 2395/2498/2395
f 2355/2458/2355 2394/2497/2394 2396/2499/2396
f 2396/2499/2396 2354/2457/2354 2355/2458/2355
f 2353/2456/2353 2354/2457/2354 2396/2499/2396
f 2396/2499/2396 2398/2501/2398 2353/2456/2353
f 2399/2502/2399 2398/2501/2398 2396/2499/2396
f 2396/2499/2396 2397/2500/2397 2399/2502/2399
f 2203/2304/2203 2402/2505/2402 2401/2504/2401
f 2401/2504/2401 2400/2503/2400 2203/2304/2203
f 2309/2412/2309 2400/2503/2400 2401/2504/2401
f 2401/2504/2401 2312/2415/2312 2309/2412/2309
f 2314/2417/2314 2312/2415/2312 2401/2504/2401
f 2401/2504/2401 2403/2506/2403 2314/2417/2314
f 2404/2507/2404 2403/2506/2403 2401/2504/2401
f 2401/2504/2401 2402/2505/2402 2404/2507/2404
f 2405/2508/2405 2408/2511/2408 2407/2510/2407
f 2407/2510/2407 2406/2509/2406 2405/2508/2405
f 2323/2426/2323 2406/2509/2406 2407/2510/2407
f 2407/2510/2407 2326/2429/2326 2323/2426/2323
f 2309/2412/2309 2326/2429/2326 2407/2510/2407
f 2407/2510/2407 2400/2503/2400 2309/2412/2309
f 2203/2304/2203 2400/2503/2400 2407/2510/2407
f 2407/2510/2407 2408/2511/2408 2203/2304/2203
f 2197/2298/2197 2410/2513/2410 2409/2512/2409
f 2409/2512/2409 2200/2301/2200 2197/2298/2197
f 2203/2304/2203 2200/2301/2200 2409/2512/2409
f 2409/2512/2409 2402/2505/2402 2203/2304/2203
f 2404/2507/2404 2402/2505/2402 2409/2512/2409
f 2409/2512/2409 2411/2514/2411 2404/2507/2404
f 2412/2515/2412 2411/2514/2411 2409/2512/2409
f 2409/2512/2409 2410/2513/2410 2412/2515/2412
f 2413/2516/2413 2416/2519/2416 2415/2518/2415
f 2415/2518/2415 2414/2517/2414 2413/2516/2413
f 2405/2508/2405 2414/2517/2414 2415/2518/2415
f 2415/2518/2415 2408/2511/2408 2405/2508/2405
f 2203/2304/2203 2408/2511/2408 2415/2518/2415
f 2415/2518/2415 2202/2303/2202 2203/2304/2203
f 2201/2302/2201 2202/2303/2202 2415/2518/2415
f 2415/2518/2415 2416/2519/2416 2201/2302/2201
f 2417/2520/2417 2420/2523/2420 2419/2522/2419
f 2419/2522/2419 2418/2521/2418 2417/2520/2417
f 2421/2524/2421 2418/2521/2418 2419/2522/2419
f 2419/2522/2419 2422/2525/2422 2421/2524/2421
f 2197/2298/2197 2422/2525/2422 2419/2522/2419
f 2419/2522/2419 2410/2513/2410 2197/2298/2197
f 2412/2515/2412 2410/2513/2410 2419/2522/2419
f 2419/2522/2419 2420/2523/2420 2412/2515/2412
f 2423/2526/2423 2426/2529/2426 2425/2528/2425
f 2425/2528/2425 2424/2527/2424 2423/2526/2423
f 2421/2524/2421 2424/2527/2424 2425/2528/2425
f 2425/2528/2425 2418/2521/2418 2421/2524/2421
f 2417/2520/2417 2418/2521/2418 2425/2528/2425
f 2425/2528/2425 2427/2530/2427 2417/2520/2417
f 2428/2531/2428 2427/2530/2427 2425/2528/2425
f 2425/2528/2425 2426/2529/2426 2428/2531/2428
f 2429/2532/2429 2432/2535/2432 2431/2534/2431
f 2431/2534/2431 2430/2533/2430 2429/2532/2429
f 2395/2498/2395 2430/2533/2430 2431/2534/2431
f 2431/2534/2431 2397/2500/2397 2395/2498/2395
f 2399/2502/2399 2397/2500/2397 2431/2534/2431
f 2431/2534/2431 2433/2536/2433 2399/2502/2399
f 2434/2537/2434 2433/2536/2433 2431/2534/2431
f 2431/2534/2431 2432/2535/2432 2434/2537/2434
f 2435/2538/2435 2438/2541/2438 2437/2540/2437
f 2437/2540/2437 2436/2539/2436 2435/2538/2435
f 2391/2494/2391 2436/2539/2436 2437/2540/2437
f 2437/2540/2437 2393/2496/2393 2391/2494/2391
f 2395/2498/2395 2393/2496/2393 2437/2540/2437
f 2437/2540/2437 2430/2533/2430 2395/2498/2395
f 2429/2532/2429 2430/2533/2430 2437/2540/2437
f 2437/2540/2437 2438/2541/2438 2429/2532/2429
f 2435/2538/2435 2436/2539/2436 2440/2543/2440
f 2440/2543/2440 2439/2542/2439 2435/2538/2435
f 2441/2544/2441 2439/2542/2439 2440/2543/2440
f 2440/2543/2440 2442/2545/2442 2441/2544/2441
f 2384/2487/2384 2442/2545/2442 2440/2543/2440
f 2440/2543/2440 2389/2492/2389 2384/2487/2384
f 2391/2494/2391 2389/2492/2389 2440/2543/2440
f 2440/2543/2440 2436/2539/2436 2391/2494/2391
f 2443/2546/2443 2446/2549/2446 2445/2548/2445
f 2445/2548/2445 2444/2547/2444 2443/2546/2443
f 2447/2550/2447 2444/2547/2444 2445/2548/2445
f 2445/2548/2445 2448/2551/2448 2447/2550/2447
f 2435/2538/2435 2448/2551/2448 2445/2548/2445
f 2445/2548/2445 2438/2541/2438 2435/2538/2435
f 2429/2532/2429 2438/2541/2438 2445/2548/2445
f 2445/2548/2445 2446/2549/2446 2429/2532/2429
f 2447/2550/2447 2448/2551/2448 2450/2553/2450
f 2450/2553/2450 2449/2552/2449 2447/2550/2447
f 2451/2554/2451 2449/2552/2449 2450/2553/2450
f 2450/2553/2450 2452/2555/2452 2451/2554/2451
f 2441/2544/2441 2452/2555/2452 2450/2553/2450
f 2450/2553/2450 2439/2542/2439 2441/2544/2441
f 2435/2538/2435 2439/2542/2439 2450/2553/2450
f 2450/2553/2450 2448/2551/2448 2435/2538/2435
f 2443/2546/2443 2454/2557/2454 2453/2556/2453
f 2453/2556/2453 2446/2549/2446 2443/2546/2443
f 2429/2532/2429 2446/2549/2446 2453/2556/2453
f 2453/2556/2453 2432/2535/2432 2429/2532/2429
f 2434/2537/2434 2432/2535/2432 2453/2556/2453
f 2453/2556/2453 2455/2558/2455 2434/2537/2434
f 2456/2559/2456 2455/2558/2455 2453/2556/2453
f 2453/2556/2453 2454/2557/2454 2456/2559/2456
f 2457/2560/2457 2460/2563/2460 2459/2562/2459
f 2459/2562/2459 2458/2561/2458 2457/2560/2457
f 2447/2550/2447 2458/2561/2458 2459/2562/2459
f 2459/2562/2459 2444/2547/2444 2447/2550/2447
f 2443/2546/2443 2444/2547/2444 2459/2562/2459
f 2459/2562/2459 2461/2564/2461 2443/2546/2443
f 2462/2565/2462 2461/2564/2461 2459/2562/2459
f 2459/2562/2459 2460/2563/2460 2462/2565/2462
f 2462/2565/2462 2464/2567/2464 2463/2566/2463
f 2463/2566/2463 2461/2564/2461 2462/2565/2462
f 2443/2546/2443 2461/2564/2461 2463/2566/2463
f 2463/2566/2463 2454/2557/2454 2443/2546/2443
f 2456/2559/2456 2454/2557/2454 2463/2566/2463
f 2463/2566/2463 2465/2568/2465 2456/2559/2456
f 2466/2569/2466 2465/2568/2465 2463/2566/2463
f 2463/2566/2463 2464/2567/2464 2466/2569/2466
f 2466/2569/2466 2464/2567/2464 2468/2571/2468
f 2468/2571/2468 2467/2570/2467 2466/2569/2466
f 2469/2572/2469 2467/2570/2467 2468/2571/2468
f 2468/2571/2468 2470/2573/2470 2469/2572/2469
f 2471/2574/2471 2470/2573/2470 2468/2571/2468
f 2468/2571/2468 2472/2575/2472 2471/2574/2471
f 2462/2565/2462 2472/2575/2472 2468/2571/2468
f 2468/2571/2468 2464/2567/2464 2462/2565/2462
f 2441/2544/2441 2442/2545/2442 2474/2577/2474
f 2474/2577/2474 2473/2576/2473 2441/2544/2441
f 2172/2273/2172 2473/2576/2473 2474/2577/2474
f 2474/2577/2474 2170/2271/2170 2172/2273/2172
f 2168/2269/2168 2170/2271/2170 2474/2577/2474
f 2474/2577/2474 2385/2488/2385 2168/2269/2168
f 2384/2487/2384 2385/2488/2385 2474/2577/2474
f 2474/2577/2474 2442/2545/2442 2384/2487/2384
f 2451/2554/2451 2452/2555/2452 2476/2579/2476
f 2476/2579/2476 2475/2578/2475 2451/2554/2451
f 2176/2277/2176 2475/2578/2475 2476/2579/2476
f 2476/2579/2476 2174/2275/2174 2176/2277/2176
f 2172/2273/2172 2174/2275/2174 2476/2579/2476
f 2476/2579/2476 2473/2576/2473 2172/2273/2172
f 2441/2544/2441 2473/2576/2473 2476/2579/2476
f 2476/2579/2476 2452/2555/2452 2441/2544/2441
f 2477/2580/2477 2480/2583/2480 2479/2582/2479
f 2479/2582/2479 2478/2581/2478 2477/2580/2477
f 2180/2281/2180 2478/2581/2478 2479/2582/2479
f 2479/2582/2479 2178/2279/2178 2180/2281/2180
f 2176/2277/2176 2178/2279/2178 2479/2582/2479
f 2479/2582/2479 2475/2578/2475 2176/2277/2176
f 2451/2554/2451 2475/2578/2475 2479/2582/2479
f 2479/2582/2479 2480/2583/2480 2451/2554/2451
f 2216/2317/2216 2483/2586/2483 2482/2585/2482
f 2482/2585/2482 2481/2584/2481 2216/2317/2216
f 2484/2587/2484 2481/2584/2481 2482/2585/2482
f 2482/2585/2482 2485/2588/2485 2484/2587/2484
f 2423/2526/2423 2485/2588/2485 2482/2585/2482
f 2482/2585/2482 2486/2589/2486 2423/2526/2423
f 2487/2590/2487 2486/2589/2486 2482/2585/2482
f 2482/2585/2482 2483/2586/2483 2487/2590/2487
f 2487/2590/2487 2489/2592/2489 2488/2591/2488
f 2488/2591/2488 2486/2589/2486 2487/2590/2487
f 2423/2526/2423 2486/2589/2486 2488/2591/2488
f 2488/2591/2488 2426/2529/2426 2423/2526/2423
f 2428/2531/2428 2426/2529/2426 2488/2591/2488
f 2488/2591/2488 2490/2593/2490 2428/2531/2428
f 2491/2594/2491 2490/2593/2490 2488/2591/2488
f 2488/2591/2488 2489/2592/2489 2491/2594/2491
f 2492/2595/2492 2495/2598/2495 2494/2597/2494
f 2494/2597/2494 2493/2596/2493 2492/2595/2492
f 2487/2590/2487 2493/2596/2493 2494/2597/2494
f 2494/2597/2494 2489/2592/2489 2487/2590/2487
f 2491/2594/2491 2489/2592/2489 2494/2597/2494
f 2494/2597/2494 2496/2599/2496 2491/2594/2491
f 2497/2600/2497 2496/2599/2496 2494/2597/2494
f 2494/2597/2494 2495/2598/2495 2497/2600/2497
f 2492/2595/2492 2493/2596/2493 2499/2602/2499
f 2499/2602/2499 2498/2601/2498 2492/2595/2492
f 2500/2603/2500 2498/2601/2498 2499/2602/2499
f 2499/2602/2499 2501/2604/2501 2500/2603/2500
f 2216/2317/2216 2501/2604/2501 2499/2602/2499
f 2499/2602/2499 2483/2586/2483 2216/2317/2216
f 2487/2590/2487 2483/2586/2483 2499/2602/2499
f 2499/2602/2499 2493/2596/2493 2487/2590/2487
f 2211/2312/2211 2217/2318/2217 2502/2605/2502
f 2502/2605/2502 2214/2315/2214 2211/2312/2211
f 2216/2317/2216 2214/2315/2214 2502/2605/2502
f 2502/2605/2502 2501/2604/2501 2216/2317/2216
f 2500/2603/2500 2501/2604/2501 2502/2605/2502
f 2502/2605/2502 2503/2606/2503 2500/2603/2500
f 2220/2321/2220 2503/2606/2503 2502/2605/2502
f 2502/2605/2502 2217/2318/2217 2220/2321/2220
f 2457/2560/2457 2505/2608/2505 2504/2607/2504
f 2504/2607/2504 2460/2563/2460 2457/2560/2457
f 2462/2565/2462 2460/2563/2460 2504/2607/2504
f 2504/2607/2504 2472/2575/2472 2462/2565/2462
f 2471/2574/2471 2472/2575/2472 2504/2607/2504
f 2504/2607/2504 2506/2609/2506 2471/2574/2471
f 2507/2610/2507 2506/2609/2506 2504/2607/2504
f 2504/2607/2504 2505/2608/2505 2507/2610/2507
f 2508/2611/2508 2511/2614/2511 2510/2613/2510
f 2510/2613/2510 2509/2612/2509 2508/2611/2508
f 2471/2574/2471 2509/2612/2509 2510/2613/2510
f 2510/2613/2510 2470/2573/2470 2471/2574/2471
f 2469/2572/2469 2470/2573/2470 2510/2613/2510
f 2510/2613/2510 2512/2615/2512 2469/2572/2469
f 2513/2616/2513 2512/2615/2512 2510/2613/2510
f 2510/2613/2510 2511/2614/2511 2513/2616/2513
f 2507/2610/2507 2515/2618/2515 2514/2617/2514
f 2514/2617/2514 2506/2609/2506 2507/2610/2507
f 2471/2574/2471 2506/2609/2506 2514/2617/2514
f 2514/2617/2514 2509/2612/2509 2471/2574/2471
f 2508/2611/2508 2509/2612/2509 2514/2617/2514
f 2514/2617/2514 2516/2619/2516 2508/2611/2508
f 2517/2620/2517 2516/2619/2516 2514/2617/2514
f 2514/2617/2514 2515/2618/2515 2517/2620/2517
f 2243/2621/2243 2520/2624/2520 2519/2623/2519
f 2519/2623/2519 2518/2622/2518 2243/2621/2243
f 2492/2595/2492 2518/2622/2518 2519/2623/2519
f 2519/2623/2519 2495/2598/2495 2492/2595/2492
f 2497/2600/2497 2495/2598/2495 2519/2623/2519
f 2519/2623/2519 2521/2625/2521 2497/2600/2497
f 2522/2626/2522 2521/2625/2521 2519/2623/2519
f 2519/2623/2519 2520/2624/2520 2522/2626/2522
f 2243/2621/2243 2518/2622/2518 2523/2628/2523
f 2523/2628/2523 2246/2627/2246 2243/2621/2243
f 2249/2629/2249 2246/2627/2246 2523/2628/2523
f 2523/2628/2523 2524/2630/2524 2249/2629/2249
f 2500/2603/2500 2524/2630/2524 2523/2628/2523
f 2523/2628/2523 2498/2601/2498 2500/2603/2500
f 2492/2595/2492 2498/2601/2498 2523/2628/2523
f 2523/2628/2523 2518/2622/2518 2492/2595/2492
f 2500/2603/2500 2503/2606/2503 2525/2631/2525
f 2525/2631/2525 2524/2630/2524 2500/2603/2500
f 2249/2629/2249 2524/2630/2524 2525/2631/2525
f 2525/2631/2525 2526/2632/2526 2249/2629/2249
f 2527/2633/2527 2526/2632/2526 2525/2631/2525
f 2525/2631/2525 2528/2634/2528 2527/2633/2527
f 2220/2321/2220 2528/2634/2528 2525/2631/2525
f 2525/2631/2525 2503/2606/2503 2220/2321/2220
f 2222/2323/2222 2530/2636/2530 2529/2635/2529
f 2529/2635/2529 2221/2322/2221 2222/2323/2222
f 2220/2321/2220 2221/2322/2221 2529/2635/2529
f 2529/2635/2529 2528/2634/2528 2220/2321/2220
f 2527/2633/2527 2528/2634/2528 2529/2635/2529
f 2529/2635/2529 2531/2637/2531 2527/2633/2527
f 2260/2638/2260 2531/2637/2531 2529/2635/2529
f 2529/2635/2529 2530/2636/2530 2260/2638/2260
f 2227/2328/2227 2534/2641/2534 2533/2640/2533
f 2533/2640/2533 2532/2639/2532 2227/2328/2227
f 2535/2642/2535 2532/2639/2532 2533/2640/2533
f 2533/2640/2533 2536/2643/2536 2535/2642/2535
f 2508/2611/2508 2536/2643/2536 2533/2640/2533
f 2533/2640/2533 2511/2614/2511 2508/2611/2508
f 2513/2616/2513 2511/2614/2511 2533/2640/2533
f 2533/2640/2533 2534/2641/2534 2513/2616/2513
f 2535/2642/2535 2538/2645/2538 2537/2644/2537
f 2537/2644/2537 2532/2639/2532 2535/2642/2535
f 2227/2328/2227 2532/2639/2532 2537/2644/2537
f 2537/2644/2537 2224/2325/2224 2227/2328/2227
f 2223/2324/2223 2224/2325/2224 2537/2644/2537
f 2537/2644/2537 2275/2378/2275 2223/2324/2223
f 2277/2380/2277 2275/2378/2275 2537/2644/2537
f 2537/2644/2537 2538/2645/2538 2277/2380/2277
f 2535/2642/2535 2536/2643/2536 2540/2647/2540
f 2540/2647/2540 2539/2646/2539 2535/2642/2535
f 2236/2337/2236 2539/2646/2539 2540/2647/2540
f 2540/2647/2540 2541/2648/2541 2236/2337/2236
f 2517/2620/2517 2541/2648/2541 2540/2647/2540
f 2540/2647/2540 2516/2619/2516 2517/2620/2517
f 2508/2611/2508 2516/2619/2516 2540/2647/2540
f 2540/2647/2540 2536/2643/2536 2508/2611/2508
f 2230/2331/2230 2543/2650/2543 2542/2649/2542
f 2542/2649/2542 2233/2334/2233 2230/2331/2230
f 2236/2337/2236 2233/2334/2233 2542/2649/2542
f 2542/2649/2542 2539/2646/2539 2236/2337/2236
f 2535/2642/2535 2539/2646/2539 2542/2649/2542
f 2542/2649/2542 2538/2645/2538 2535/2642/2535
f 2277/2380/2277 2538/2645/2538 2542/2649/2542
f 2542/2649/2542 2543/2650/2543 2277/2380/2277
f 2522/2626/2522 2520/2624/2520 2545/2652/2545
f 2545/2652/2545 2544/2651/2544 2522/2626/2522
f 2546/2653/2546 2544/2651/2544 2545/2652/2545
f 2545/2652/2545 2547/2654/2547 2546/2653/2546
f 2237/2655/2237 2547/2654/2547 2545/2652/2545
f 2545/2652/2545 2240/2656/2240 2237/2655/2237
f 2243/2621/2243 2240/2656/2240 2545/2652/2545
f 2545/2652/2545 2520/2624/2520 2243/2621/2243
f 2243/2345/2243 2244/2346/2244 2548/2658/2548
f 2548/2658/2548 2242/2657/2242 2243/2345/2243
f 2241/2659/2241 2242/2657/2242 2548/2658/2548
f 2548/2658/2548 2549/2660/2549 2241/2659/2241
f 2550/2661/2550 2549/2660/2549 2548/2658/2548
f 2548/2658/2548 2551/2662/2551 2550/2661/2550
f 2247/2349/2247 2551/2662/2551 2548/2658/2548
f 2548/2658/2548 2244/2346/2244 2247/2349/2247
f 2256/2358/2256 2554/2665/2554 2553/2664/2553
f 2553/2664/2553 2552/2663/2552 2256/2358/2256
f 2237/2655/2237 2552/2663/2552 2553/2664/2553
f 2553/2664/2553 2547/2654/2547 2237/2655/2237
f 2546/2653/2546 2547/2654/2547 2553/2664/2553
f 2553/2664/2553 2555/2666/2555 2546/2653/2546
f 2241/2342/2241 2557/2668/2557 2556/2667/2556
f 2556/2667/2556 2238/2339/2238 2241/2342/2241
f 2237/2338/2237 2238/2339/2238 2556/2667/2556
f 2556/2667/2556 2552/2669/2552 2237/2338/2237
f 2256/2670/2256 2552/2669/2552 2556/2667/2556
f 2556/2667/2556 2558/2671/2558 2256/2670/2256
f 2559/2672/2559 2558/2671/2558 2556/2667/2556
f 2556/2667/2556 2557/2668/2557 2559/2672/2559
f 2256/2358/2256 2253/2355/2253 2560/2673/2560
f 2560/2673/2560 2554/2665/2554 2256/2358/2256
f 2184/2285/2184 2185/2286/2185 2560/2673/2560
f 2560/2673/2560 2561/2674/2561 2184/2285/2184
f 2250/2352/2250 2561/2674/2561 2560/2673/2560
f 2560/2673/2560 2253/2355/2253 2250/2352/2250
f 2254/2675/2254 2255/2678/2255 2563/2677/2563
f 2563/2677/2563 2562/2676/2562 2254/2675/2254
f 2267/2370/2267 2562/2676/2562 2563/2677/2563
f 2563/2677/2563 2564/2679/2564 2267/2370/2267
f 2559/2672/2559 2564/2679/2564 2563/2677/2563
f 2563/2677/2563 2558/2671/2558 2559/2672/2559
f 2256/2670/2256 2558/2671/2558 2563/2677/2563
f 2563/2677/2563 2255/2678/2255 2256/2670/2256
f 2260/2363/2260 2261/2364/2261 2565/2681/2565
f 2565/2681/2565 2531/2680/2531 2260/2363/2260
f 2527/2682/2527 2531/2680/2531 2565/2681/2565
f 2565/2681/2565 2566/2683/2566 2527/2682/2527
f 2567/2684/2567 2566/2683/2566 2565/2681/2565
f 2565/2681/2565 2568/2685/2568 2567/2684/2567
f 2262/2365/2262 2568/2685/2568 2565/2681/2565
f 2565/2681/2565 2261/2364/2261 2262/2365/2262
f 2229/2686/2229 2570/2689/2570 2569/2688/2569
f 2569/2688/2569 2259/2687/2259 2229/2686/2229
f 2262/2690/2262 2259/2687/2259 2569/2688/2569
f 2569/2688/2569 2571/2691/2571 2262/2690/2262
f 2271/2374/2271 2571/2691/2571 2569/2688/2569
f 2569/2688/2569 2572/2692/2572 2271/2374/2271
f 2573/2693/2573 2572/2692/2572 2569/2688/2569
f 2569/2688/2569 2570/2689/2570 2573/2693/2573
f 2263/2366/2263 2575/2695/2575 2574/2694/2574
f 2574/2694/2574 2266/2369/2266 2263/2366/2263
f 2229/2330/2229 2266/2369/2266 2574/2694/2574
f 2574/2694/2574 2570/2696/2570 2229/2330/2229
f 2573/2697/2573 2570/2696/2570 2574/2694/2574
f 2574/2694/2574 2576/2698/2576 2573/2697/2573
f 2577/2699/2577 2576/2698/2576 2574/2694/2574
f 2574/2694/2574 2575/2695/2575 2577/2699/2577
f 2262/2365/2262 2579/2701/2579 2578/2700/2578
f 2578/2700/2578 2568/2685/2568 2262/2365/2262
f 2567/2684/2567 2568/2685/2568 2578/2700/2578
f 2578/2700/2578 2580/2702/2580 2567/2684/2567
f 2282/2385/2282 2580/2702/2580 2578/2700/2578
f 2578/2700/2578 2279/2382/2279 2282/2385/2282
f 2278/2381/2278 2279/2382/2279 2578/2700/2578
f 2578/2700/2578 2579/2701/2579 2278/2381/2278
f 2273/2376/2273 2582/2704/2582 2581/2703/2581
f 2581/2703/2581 2272/2375/2272 2273/2376/2273
f 2271/2374/2271 2272/2375/2272 2581/2703/2581
f 2581/2703/2581 2571/2691/2571 2271/2374/2271
f 2262/2690/2262 2571/2691/2571 2581/2703/2581
f 2581/2703/2581 2579/2705/2579 2262/2690/2262
f 2278/2706/2278 2579/2705/2579 2581/2703/2581
f 2581/2703/2581 2582/2704/2582 2278/2706/2278
f 2573/2693/2573 2584/2708/2584 2583/2707/2583
f 2583/2707/2583 2572/2692/2572 2573/2693/2573
f 2271/2374/2271 2572/2692/2572 2583/2707/2583
f 2583/2707/2583 2268/2371/2268 2271/2374/2271
f 2267/2370/2267 2268/2371/2268 2583/2707/2583
f 2583/2707/2583 2562/2676/2562 2267/2370/2267
f 2254/2675/2254 2562/2676/2562 2583/2707/2583
f 2583/2707/2583 2584/2708/2584 2254/2675/2254
f 2573/2697/2573 2586/2711/2586 2585/2710/2585
f 2585/2710/2585 2584/2709/2584 2573/2697/2573
f 2254/2356/2254 2584/2709/2584 2585/2710/2585
f 2585/2710/2585 2251/2353/2251 2254/2356/2254
f 2250/2352/2250 2251/2353/2251 2585/2710/2585
f 2585/2710/2585 2587/2712/2587 2250/2352/2250
f 2588/2713/2588 2587/2712/2587 2585/2710/2585
f 2585/2710/2585 2586/2711/2586 2588/2713/2588
f 2577/2699/2577 2590/2715/2590 2589/2714/2589
f 2589/2714/2589 2576/2698/2576 2577/2699/2577
f 2573/2697/2573 2576/2698/2576 2589/2714/2589
f 2589/2714/2589 2586/2711/2586 2573/2697/2573
f 2588/2713/2588 2586/2711/2586 2589/2714/2589
f 2589/2714/2589 2591/2716/2591 2588/2713/2588
f 2592/2717/2592 2591/2716/2591 2589/2714/2589
f 2589/2714/2589 2590/2715/2590 2592/2717/2592
f 2273/2376/2273 2270/2373/2270 2594/2719/2594
f 2594/2719/2594 2593/2718/2593 2273/2376/2273
f 2595/2720/2595 2593/2718/2593 2594/2719/2594
f 2594/2719/2594 2596/2721/2596 2595/2720/2595
f 2559/2672/2559 2596/2721/2596 2594/2719/2594
f 2594/2719/2594 2564/2679/2564 2559/2672/2559
f 2267/2370/2267 2564/2679/2564 2594/2719/2594
f 2594/2719/2594 2270/2373/2270 2267/2370/2267
f 2559/2672/2559 2557/2668/2557 2597/2722/2597
f 2597/2722/2597 2596/2721/2596 2559/2672/2559
f 2595/2720/2595 2596/2721/2596 2597/2722/2597
f 2597/2722/2597 2598/2723/2598 2595/2720/2595
f 2599/2724/2599 2598/2723/2598 2597/2722/2597
f 2597/2722/2597 2600/2725/2600 2599/2724/2599
f 2241/2342/2241 2600/2725/2600 2597/2722/2597
f 2597/2722/2597 2557/2668/2557 2241/2342/2241
f 2588/2713/2588 2602/2727/2602 2601/2726/2601
f 2601/2726/2601 2587/2712/2587 2588/2713/2588
f 2250/2352/2250 2587/2712/2587 2601/2726/2601
f 2601/2726/2601 2561/2674/2561 2250/2352/2250
f 2184/2285/2184 2561/2674/2561 2601/2726/2601
f 2601/2726/2601 2189/2290/2189 2184/2285/2184
f 2603/2728/2603 2606/2731/2606 2605/2730/2605
f 2605/2730/2605 2604/2729/2604 2603/2728/2603
f 2592/2717/2592 2604/2729/2604 2605/2730/2605
f 2605/2730/2605 2591/2716/2591 2592/2717/2592
f 2588/2713/2588 2591/2716/2591 2605/2730/2605
f 2605/2730/2605 2602/2727/2602 2588/2713/2588
f 2278/2706/2278 2582/2704/2582 2607/2733/2607
f 2607/2733/2607 2281/2732/2281 2278/2706/2278
f 2284/2734/2284 2281/2732/2281 2607/2733/2607
f 2607/2733/2607 2608/2735/2608 2284/2734/2284
f 2289/2392/2289 2608/2735/2608 2607/2733/2607
f 2607/2733/2607 2609/2736/2609 2289/2392/2289
f 2273/2376/2273 2609/2736/2609 2607/2733/2607
f 2607/2733/2607 2582/2704/2582 2273/2376/2273
f 2273/2376/2273 2593/2718/2593 2610/2737/2610
f 2610/2737/2610 2609/2736/2609 2273/2376/2273
f 2289/2392/2289 2609/2736/2609 2610/2737/2610
f 2610/2737/2610 2286/2389/2286 2289/2392/2289
f 2285/2388/2285 2286/2389/2286 2610/2737/2610
f 2610/2737/2610 2611/2738/2611 2285/2388/2285
f 2595/2720/2595 2611/2738/2611 2610/2737/2610
f 2610/2737/2610 2593/2718/2593 2595/2720/2595
f 2291/2394/2291 2613/2740/2613 2612/2739/2612
f 2612/2739/2612 2290/2393/2290 2291/2394/2291
f 2289/2392/2289 2290/2393/2290 2612/2739/2612
f 2612/2739/2612 2608/2735/2608 2289/2392/2289
f 2284/2734/2284 2608/2735/2608 2612/2739/2612
f 2612/2739/2612 2297/2741/2297 2284/2734/2284
f 2296/2742/2296 2297/2741/2297 2612/2739/2612
f 2612/2739/2612 2613/2740/2613 2296/2742/2296
f 2291/2743/2291 2615/2746/2615 2614/2745/2614
f 2614/2745/2614 2613/2744/2613 2291/2743/2291
f 2296/2399/2296 2613/2744/2613 2614/2745/2614
f 2614/2745/2614 2293/2396/2293 2296/2399/2296
f 2292/2395/2292 2293/2396/2293 2614/2745/2614
f 2614/2745/2614 2616/2747/2616 2292/2395/2292
f 2617/2748/2617 2616/2747/2616 2614/2745/2614
f 2614/2745/2614 2615/2746/2615 2617/2748/2617
f 2291/2394/2291 2288/2391/2288 2619/2750/2619
f 2619/2750/2619 2618/2749/2618 2291/2394/2291
f 2620/2751/2620 2618/2749/2618 2619/2750/2619
f 2619/2750/2619 2621/2752/2621 2620/2751/2620
f 2622/2753/2622 2621/2752/2621 2619/2750/2619
f 2619/2750/2619 2623/2754/2623 2622/2753/2622
f 2285/2388/2285 2623/2754/2623 2619/2750/2619
f 2619/2750/2619 2288/2391/2288 2285/2388/2285
f 2291/2743/2291 2618/2756/2618 2624/2755/2624
f 2624/2755/2624 2615/2746/2615 2291/2743/2291
f 2617/2748/2617 2615/2746/2615 2624/2755/2624
f 2624/2755/2624 2625/2757/2625 2617/2748/2617
f 2626/2758/2626 2625/2757/2625 2624/2755/2624
f 2624/2755/2624 2627/2759/2627 2626/2758/2626
f 2620/2760/2620 2627/2759/2627 2624/2755/2624
f 2624/2755/2624 2618/2756/2618 2620/2760/2620
f 2595/2720/2595 2598/2723/2598 2628/2761/2628
f 2628/2761/2628 2611/2738/2611 2595/2720/2595
f 2285/2388/2285 2611/2738/2611 2628/2761/2628
f 2628/2761/2628 2623/2754/2623 2285/2388/2285
f 2622/2753/2622 2623/2754/2623 2628/2761/2628
f 2628/2761/2628 2629/2762/2629 2622/2753/2622
f 2599/2724/2599 2629/2762/2629 2628/2761/2628
f 2628/2761/2628 2598/2723/2598 2599/2724/2599
f 2550/2661/2550 2631/2764/2631 2630/2763/2630
f 2630/2763/2630 2549/2660/2549 2550/2661/2550
f 2241/2659/2241 2549/2660/2549 2630/2763/2630
f 2630/2763/2630 2600/2765/2600 2241/2659/2241
f 2599/2766/2599 2600/2765/2600 2630/2763/2630
f 2630/2763/2630 2632/2767/2632 2599/2766/2599
f 2633/2768/2633 2632/2767/2632 2630/2763/2630
f 2630/2763/2630 2631/2764/2631 2633/2768/2633
f 2633/2768/2633 2635/2770/2635 2634/2769/2634
f 2634/2769/2634 2632/2767/2632 2633/2768/2633
f 2599/2766/2599 2632/2767/2632 2634/2769/2634
f 2634/2769/2634 2629/2771/2629 2599/2766/2599
f 2622/2772/2622 2629/2771/2629 2634/2769/2634
f 2634/2769/2634 2636/2773/2636 2622/2772/2622
f 2637/2774/2637 2636/2773/2636 2634/2769/2634
f 2634/2769/2634 2635/2770/2635 2637/2774/2637
f 2620/2760/2620 2621/2776/2621 2638/2775/2638
f 2638/2775/2638 2627/2759/2627 2620/2760/2620
f 2626/2758/2626 2627/2759/2627 2638/2775/2638
f 2638/2775/2638 2639/2777/2639 2626/2758/2626
f 2637/2774/2637 2639/2777/2639 2638/2775/2638
f 2638/2775/2638 2636/2773/2636 2637/2774/2637
f 2622/2772/2622 2636/2773/2636 2638/2775/2638
f 2638/2775/2638 2621/2776/2621 2622/2772/2622
f 2210/2311/2210 2215/2316/2215 2640/2778/2640
f 2640/2778/2640 2209/2310/2209 2210/2311/2210
f 2208/2309/2208 2209/2310/2209 2640/2778/2640
f 2640/2778/2640 2641/2779/2641 2208/2309/2208
f 2484/2587/2484 2641/2779/2641 2640/2778/2640
f 2640/2778/2640 2481/2584/2481 2484/2587/2484
f 2216/2317/2216 2481/2584/2481 2640/2778/2640
f 2640/2778/2640 2215/2316/2215 2216/2317/2216
f 2227/2328/2227 2228/2329/2228 2643/2781/2643
f 2643/2781/2643 2642/2780/2642 2227/2328/2227
f 2222/2323/2222 2642/2780/2642 2643/2781/2643
f 2643/2781/2643 2530/2636/2530 2222/2323/2222
f 2260/2638/2260 2530/2636/2530 2643/2781/2643
f 2643/2781/2643 2257/2782/2257 2260/2638/2260
f 2229/2330/2229 2257/2782/2257 2643/2781/2643
f 2643/2781/2643 2228/2329/2228 2229/2330/2229
s 0
f 2201/2302/2201 2645/2784/2645 2644/2783/2644
f 2644/2783/2644 2198/2299/2198 2201/2302/2201
f 2197/2298/2197 2198/2299/2198 2644/2783/2644
f 2644/2783/2644 2646/2785/2646 2197/2298/2197
f 2647/2786/2647 2646/2785/2646 2644/2783/2644
f 2644/2783/2644 2648/2787/2648 2647/2786/2647
f 2649/2788/2649 2648/2787/2648 2644/2783/2644
f 2644/2783/2644 2645/2784/2645 2649/2788/2649
f 2197/2298/2197 2646/2785/2646 2650/2789/2650
f 2650/2789/2650 2422/2525/2422 2197/2298/2197
f 2421/2524/2421 2422/2525/2422 2650/2789/2650
f 2650/2789/2650 2651/2790/2651 2421/2524/2421
f 2652/2791/2652 2651/2790/2651 2650/2789/2650
f 2650/2789/2650 2653/2792/2653 2652/2791/2652
f 2647/2786/2647 2653/2792/2653 2650/2789/2650
f 2650/2789/2650 2646/2785/2646 2647/2786/2647
f 2421/2524/2421 2651/2790/2651 2654/2793/2654
f 2654/2793/2654 2424/2527/2424 2421/2524/2421
f 2423/2526/2423 2424/2527/2424 2654/2793/2654
f 2654/2793/2654 2655/2794/2655 2423/2526/2423
f 2656/2795/2656 2655/2794/2655 2654/2793/2654
f 2654/2793/2654 2657/2796/2657 2656/2795/2656
f 2652/2791/2652 2657/2796/2657 2654/2793/2654
f 2654/2793/2654 2651/2790/2651 2652/2791/2652
f 2423/2526/2423 2655/2794/2655 2658/2797/2658
f 2658/2797/2658 2485/2588/2485 2423/2526/2423
f 2484/2587/2484 2485/2588/2485 2658/2797/2658
f 2658/2797/2658 2659/2798/2659 2484/2587/2484
f 2660/2799/2660 2659/2798/2659 2658/2797/2658
f 2658/2797/2658 2661/2800/2661 2660/2799/2660
f 2656/2795/2656 2661/2800/2661 2658/2797/2658
f 2658/2797/2658 2655/2794/2655 2656/2795/2656
f 2484/2587/2484 2659/2798/2659 2662/2801/2662
f 2662/2801/2662 2641/2779/2641 2484/2587/2484
f 2208/2309/2208 2641/2779/2641 2662/2801/2662
f 2662/2801/2662 2663/2802/2663 2208/2309/2208
f 2664/2803/2664 2663/2802/2663 2662/2801/2662
f 2662/2801/2662 2665/2804/2665 2664/2803/2664
f 2660/2799/2660 2665/2804/2665 2662/2801/2662
f 2662/2801/2662 2659/2798/2659 2660/2799/2660
f 2208/2309/2208 2663/2802/2663 2666/2805/2666
f 2666/2805/2666 2205/2306/2205 2208/2309/2208
f 2204/2305/2204 2205/2306/2205 2666/2805/2666
f 2666/2805/2666 2667/2806/2667 2204/2305/2204
f 2668/2807/2668 2667/2806/2667 2666/2805/2666
f 2666/2805/2666 2669/2808/2669 2668/2807/2668
f 2664/2803/2664 2669/2808/2669 2666/2805/2666
f 2666/2805/2666 2663/2802/2663 2664/2803/2664
f 2204/2305/2204 2667/2806/2667 2671/2810/2671
f 2671/2810/2671 2670/2809/2670 2204/2305/2204
f 2413/2516/2413 2670/2809/2670 2671/2810/2671
f 2671/2810/2671 2672/2811/2672 2413/2516/2413
f 2673/2812/2673 2672/2811/2672 2671/2810/2671
f 2671/2810/2671 2674/2813/2674 2673/2812/2673
f 2668/2807/2668 2674/2813/2674 2671/2810/2671
f 2671/2810/2671 2667/2806/2667 2668/2807/2668
f 2413/2516/2413 2672/2811/2672 2675/2814/2675
f 2675/2814/2675 2416/2519/2416 2413/2516/2413
f 2201/2302/2201 2416/2519/2416 2675/2814/2675
f 2675/2814/2675 2645/2784/2645 2201/2302/2201
f 2649/2788/2649 2645/2784/2645 2675/2814/2675
f 2675/2814/2675 2676/2815/2676 2649/2788/2649
f 2673/2812/2673 2676/2815/2676 2675/2814/2675
f 2675/2814/2675 2672/2811/2672 2673/2812/2673
f 2249/2351/2249 2678/2817/2678 2677/2816/2677
f 2677/2816/2677 2248/2350/2248 2249/2351/2249
f 2247/2349/2247 2248/2350/2248 2677/2816/2677
f 2677/2816/2677 2679/2818/2679 2247/2349/2247
f 2680/2819/2680 2679/2818/2679 2677/2816/2677
f 2677/2816/2677 2681/2820/2681 2680/2819/2680
f 2682/2821/2682 2681/2820/2681 2677/2816/2677
f 2677/2816/2677 2678/2817/2678 2682/2821/2682
f 2637/2774/2637 2684/2823/2684 2683/2822/2683
f 2683/2822/2683 2639/2777/2639 2637/2774/2637
f 2626/2758/2626 2639/2777/2639 2683/2822/2683
f 2683/2822/2683 2685/2824/2685 2626/2758/2626
f 2686/2825/2686 2685/2824/2685 2683/2822/2683
f 2683/2822/2683 2687/2826/2687 2686/2825/2686
f 2688/2827/2688 2687/2826/2687 2683/2822/2683
f 2683/2822/2683 2684/2823/2684 2688/2827/2688
f 2527/2633/2527 2690/2829/2690 2689/2828/2689
f 2689/2828/2689 2526/2632/2526 2527/2633/2527
f 2249/2629/2249 2526/2632/2526 2689/2828/2689
f 2689/2828/2689 2678/2830/2678 2249/2629/2249
f 2682/2821/2682 2678/2830/2678 2689/2828/2689
f 2689/2828/2689 2691/2831/2691 2682/2821/2682
f 2692/2832/2692 2691/2831/2691 2689/2828/2689
f 2689/2828/2689 2690/2829/2690 2692/2832/2692
s 2
f 2693/2833/2693 2695/2835/2695 2694/2834/2694
f 2696/2836/2696 2698/2838/2698 1416/1487/1416
f 1416/1487/1416 2697/2837/2697 2696/2836/2696
f 2700/2840/2700 2699/2839/2699 2696/2836/2696
f 2696/2836/2696 2697/2837/2697 2700/2840/2700
f 2702/2842/2702 2701/2841/2701 2699/2839/2699
f 2699/2839/2699 2700/2840/2700 2702/2842/2702
f 1361/1431/1361 1362/1432/1362 2701/2841/2701
f 2701/2841/2701 2702/2842/2702 1361/1431/1361
f 2703/2843/2703 1363/1433/1363 1360/1430/1360
f 1360/1430/1360 2704/2844/2704 2703/2843/2703
f 2705/2845/2705 2703/2843/2703 2704/2844/2704
f 2704/2844/2704 2706/2846/2706 2705/2845/2705
f 2708/2848/2708 2707/2847/2707 2705/2845/2705
f 2705/2845/2705 2706/2846/2706 2708/2848/2708
f 1364/1434/1364 1365/1435/1365 2707/2847/2707
f 2707/2847/2707 2708/2848/2708 1364/1434/1364
f 2698/2838/2698 1387/1458/1387 1384/1455/1384
f 1384/1455/1384 1416/1487/1416 2698/2838/2698
f 1386/1457/1386 1391/1462/1391 1388/1459/1388
f 1388/1459/1388 1385/1456/1385 1386/1457/1386
f 1390/1461/1390 1395/1466/1395 1392/1463/1392
f 1392/1463/1392 1389/1460/1389 1390/1461/1390
f 1394/1465/1394 1399/1470/1399 1396/1467/1396
f 1396/1467/1396 1393/1464/1393 1394/1465/1394
f 2709/2849/2709 2147/2248/2147 2148/2249/2148
f 2150/2251/2150 2710/2850/2710 2152/2253/2152
f 2711/2851/2711 2157/2258/2157 2154/2255/2154
f 2154/2255/2154 2152/2253/2152 2710/2850/2710
f 2710/2850/2710 2711/2851/2711 2154/2255/2154
f 2183/2284/2183 2712/2852/2712 2182/2283/2182
f 2186/2287/2186 2713/2853/2713 2185/2286/2185
f 2714/2854/2714 2188/2289/2188 2189/2290/2189
f 2555/2666/2555 2553/2664/2553 2554/2665/2554
f 2716/2856/2716 2555/2666/2555 2554/2665/2554
f 2715/2855/2715 2716/2856/2716 2554/2665/2554
f 2554/2665/2554 2560/2673/2560 2185/2286/2185
f 2715/2855/2715 2554/2665/2554 2185/2286/2185
f 2713/2853/2713 2715/2855/2715 2185/2286/2185
f 2189/2290/2189 2601/2726/2601 2602/2727/2602
f 2714/2854/2714 2189/2290/2189 2602/2727/2602
f 2717/2857/2717 2714/2854/2714 2602/2727/2602
f 2717/2857/2717 2602/2727/2602 2605/2730/2605
f 2717/2857/2717 2605/2730/2605 2606/2731/2606
f 2718/2858/2718 2717/2857/2717 2606/2731/2606
f 4028/1380/4028 4027/1379/4027 2812/16/2812
f 2812/16/2812 2814/17/2814 4028/1380/4028
f 2846/26/2846 4033/1385/4033 4032/1384/4032
f 4032/1384/4032 2842/24/2842 2846/26/2846
f 4034/1386/4034 4033/1385/4033 2846/26/2846
f 2846/26/2846 2726/27/2726 4034/1386/4034
f 4036/1388/4036 4035/1387/4035 2859/29/2859
f 2859/29/2859 2728/30/2728 4036/1388/4036
f 3636/53/3636 2751/52/2751 2750/51/2750
f 2825/118/2825 2822/115/2822 2823/116/2823
f 2823/116/2823 2827/120/2827 2825/118/2825
f 2839/128/2839 2825/118/2825 2827/120/2827
f 2827/120/2827 2845/135/2845 2839/128/2839
f 2750/51/2750 2839/128/2839 2845/135/2845
f 2845/135/2845 3636/53/3636 2750/51/2750
f 3636/25/3636 2845/135/2845 2827/120/2827
f 2827/120/2827 2834/21/2834 3636/25/3636
f 4038/1390/4038 4037/1389/4037 2783/4/2783
f 2783/4/2783 2873/175/2873 4038/1390/4038
f 4039/1391/4039 4040/1392/4040 2720/6/2720
f 2720/6/2720 2874/176/2874 4039/1391/4039
f 4041/1393/4041 4042/1394/4042 2789/7/2789
f 2789/7/2789 2875/177/2875 4041/1393/4041
f 4043/1395/4043 2790/8/2790 2876/178/2876
f 2876/178/2876 4044/1396/4044 4043/1395/4043
f 2878/180/2878 2732/32/2732 2877/179/2877
f 2877/179/2877 2895/197/2895 2878/180/2878
f 2879/181/2879 2731/33/2731 2878/180/2878
f 2878/180/2878 2895/197/2895 2879/181/2879
f 2877/179/2877 2730/31/2730 2879/181/2879
f 2879/181/2879 2895/197/2895 2877/179/2877
f 2879/181/2879 2730/31/2730 2880/182/2880
f 2880/182/2880 2896/198/2896 2879/181/2879
f 2881/183/2881 2731/33/2731 2879/181/2879
f 2879/181/2879 2896/198/2896 2881/183/2881
f 2880/182/2880 2733/34/2733 2881/183/2881
f 2881/183/2881 2896/198/2896 2880/182/2880
f 2883/185/2883 2782/85/2782 2882/184/2882
f 2882/184/2882 2897/199/2897 2883/185/2883
f 2884/186/2884 2732/32/2732 2883/185/2883
f 2883/185/2883 2897/199/2897 2884/186/2884
f 2873/175/2873 2783/4/2783 2884/186/2884
f 2884/186/2884 2897/199/2897 2873/175/2873
f 2882/184/2882 2719/3/2719 2873/175/2873
f 2873/175/2873 2897/199/2897 2882/184/2882
f 2878/180/2878 2731/33/2731 2885/187/2885
f 2885/187/2885 2898/200/2898 2878/180/2878
f 2883/185/2883 2732/32/2732 2878/180/2878
f 2878/180/2878 2898/200/2898 2883/185/2883
f 2886/188/2886 2782/85/2782 2883/185/2883
f 2883/185/2883 2898/200/2898 2886/188/2886
f 2885/187/2885 2786/88/2786 2886/188/2886
f 2886/188/2886 2898/200/2898 2885/187/2885
f 2884/186/2884 2783/4/2783 2874/176/2874
f 2874/176/2874 2899/201/2899 2884/186/2884
f 2877/179/2877 2732/32/2732 2884/186/2884
f 2884/186/2884 2899/201/2899 2877/179/2877
f 2887/189/2887 2730/31/2730 2877/179/2877
f 2877/179/2877 2899/201/2899 2887/189/2887
f 2874/176/2874 2720/6/2720 2887/189/2887
f 2887/189/2887 2899/201/2899 2874/176/2874
f 2888/190/2888 2733/34/2733 2880/182/2880
f 2880/182/2880 2900/202/2900 2888/190/2888
f 2875/177/2875 2789/7/2789 2888/190/2888
f 2888/190/2888 2900/202/2900 2875/177/2875
f 2887/189/2887 2720/6/2720 2875/177/2875
f 2875/177/2875 2900/202/2900 2887/189/2887
f 2880/182/2880 2730/31/2730 2887/189/2887
f 2887/189/2887 2900/202/2900 2880/182/2880
f 2889/191/2889 2733/34/2733 2888/190/2888
f 2888/190/2888 2901/203/2901 2889/191/2889
f 2890/192/2890 2791/90/2791 2889/191/2889
f 2889/191/2889 2901/203/2901 2890/192/2890
f 2876/178/2876 2790/8/2790 2890/192/2890
f 2890/192/2890 2901/203/2901 2876/178/2876
f 2888/190/2888 2789/7/2789 2876/178/2876
f 2876/178/2876 2901/203/2901 2888/190/2888
f 2892/194/2892 2792/91/2792 2891/193/2891
f 2891/193/2891 2902/204/2902 2892/194/2892
f 2889/191/2889 2791/90/2791 2892/194/2892
f 2892/194/2892 2902/204/2902 2889/191/2889
f 2881/183/2881 2733/34/2733 2889/191/2889
f 2889/191/2889 2902/204/2902 2881/183/2881
f 2891/193/2891 2731/33/2731 2881/183/2881
f 2881/183/2881 2902/204/2902 2891/193/2891
f 2891/193/2891 2792/91/2792 2893/195/2893
f 2893/195/2893 2903/205/2903 2891/193/2891
f 2885/187/2885 2731/33/2731 2891/193/2891
f 2891/193/2891 2903/205/2903 2885/187/2885
f 2894/196/2894 2786/88/2786 2885/187/2885
f 2885/187/2885 2903/205/2903 2894/196/2894
f 2893/195/2893 2796/94/2796 2894/196/2894
f 2894/196/2894 2903/205/2903 2893/195/2893
f 3033/335/3033 3142/444/3142 2915/217/2915
f 2915/217/2915 3145/447/3145 3033/335/3033
f 3033/335/3033 3143/445/3143 2987/289/2987
f 2987/289/2987 3142/444/3142 3033/335/3033
f 3033/335/3033 3144/446/3144 2942/244/2942
f 2942/244/2942 3143/445/3143 3033/335/3033
f 3033/335/3033 3145/447/3145 2969/271/2969
f 2969/271/2969 3144/446/3144 3033/335/3033
f 3034/336/3034 3146/448/3146 2916/218/2916
f 2916/218/2916 3148/450/3148 3034/336/3034
f 3034/336/3034 3147/449/3147 2988/290/2988
f 2988/290/2988 3146/448/3146 3034/336/3034
f 3034/336/3034 3143/445/3143 2942/244/2942
f 2942/244/2942 3147/449/3147 3034/336/3034
f 3034/336/3034 3148/450/3148 2987/289/2987
f 2987/289/2987 3143/445/3143 3034/336/3034
f 3035/337/3035 3149/451/3149 2917/219/2917
f 2917/219/2917 3151/453/3151 3035/337/3035
f 3035/337/3035 3150/452/3150 2989/291/2989
f 2989/291/2989 3149/451/3149 3035/337/3035
f 3035/337/3035 3147/449/3147 2942/244/2942
f 2942/244/2942 3150/452/3150 3035/337/3035
f 3035/337/3035 3151/453/3151 2988/290/2988
f 2988/290/2988 3147/449/3147 3035/337/3035
f 3036/338/3036 3152/454/3152 2918/220/2918
f 2918/220/2918 3154/456/3154 3036/338/3036
f 3036/338/3036 3153/455/3153 2990/292/2990
f 2990/292/2990 3152/454/3152 3036/338/3036
f 3036/338/3036 3150/452/3150 2942/244/2942
f 2942/244/2942 3153/455/3153 3036/338/3036
f 3036/338/3036 3154/456/3154 2989/291/2989
f 2989/291/2989 3150/452/3150 3036/338/3036
f 3037/339/3037 3155/457/3155 2919/221/2919
f 2919/221/2919 3156/458/3156 3037/339/3037
f 3037/339/3037 3144/446/3144 2969/271/2969
f 2969/271/2969 3155/457/3155 3037/339/3037
f 3037/339/3037 3153/455/3153 2942/244/2942
f 2942/244/2942 3144/446/3144 3037/339/3037
f 3037/339/3037 3156/458/3156 2990/292/2990
f 2990/292/2990 3153/455/3153 3037/339/3037
f 3038/340/3038 3157/459/3157 2914/216/2914
f 2914/216/2914 3160/462/3160 3038/340/3038
f 3038/340/3038 3158/460/3158 2986/288/2986
f 2986/288/2986 3157/459/3157 3038/340/3038
f 3038/340/3038 3159/461/3159 2943/245/2943
f 2943/245/2943 3158/460/3158 3038/340/3038
f 3038/340/3038 3160/462/3160 2970/272/2970
f 2970/272/2970 3159/461/3159 3038/340/3038
f 3039/341/3039 3145/447/3145 2915/217/2915
f 2915/217/2915 3162/464/3162 3039/341/3039
f 3039/341/3039 3161/463/3161 2969/271/2969
f 2969/271/2969 3145/447/3145 3039/341/3039
f 3039/341/3039 3158/460/3158 2943/245/2943
f 2943/245/2943 3161/463/3161 3039/341/3039
f 3039/341/3039 3162/464/3162 2986/288/2986
f 2986/288/2986 3158/460/3158 3039/341/3039
f 3040/342/3040 3163/465/3163 2919/221/2919
f 2919/221/2919 3155/457/3155 3040/342/3040
f 3040/342/3040 3164/466/3164 2991/293/2991
f 2991/293/2991 3163/465/3163 3040/342/3040
f 3040/342/3040 3161/463/3161 2943/245/2943
f 2943/245/2943 3164/466/3164 3040/342/3040
f 3040/342/3040 3155/457/3155 2969/271/2969
f 2969/271/2969 3161/463/3161 3040/342/3040
f 3041/343/3041 3165/467/3165 2920/222/2920
f 2920/222/2920 3166/468/3166 3041/343/3041
f 3041/343/3041 3159/461/3159 2970/272/2970
f 2970/272/2970 3165/467/3165 3041/343/3041
f 3041/343/3041 3164/466/3164 2943/245/2943
f 2943/245/2943 3159/461/3159 3041/343/3041
f 3041/343/3041 3166/468/3166 2991/293/2991
f 2991/293/2991 3164/466/3164 3041/343/3041
f 3042/344/3042 3167/469/3167 2913/215/2913
f 2913/215/2913 3170/472/3170 3042/344/3042
f 3042/344/3042 3168/470/3168 2985/287/2985
f 2985/287/2985 3167/469/3167 3042/344/3042
f 3042/344/3042 3169/471/3169 2944/246/2944
f 2944/246/2944 3168/470/3168 3042/344/3042
f 3042/344/3042 3170/472/3170 2971/273/2971
f 2971/273/2971 3169/471/3169 3042/344/3042
f 3043/345/3043 3160/462/3160 2914/216/2914
f 2914/216/2914 3172/474/3172 3043/345/3043
f 3043/345/3043 3171/473/3171 2970/272/2970
f 2970/272/2970 3160/462/3160 3043/345/3043
f 3043/345/3043 3168/470/3168 2944/246/2944
f 2944/246/2944 3171/473/3171 3043/345/3043
f 3043/345/3043 3172/474/3172 2985/287/2985
f 2985/287/2985 3168/470/3168 3043/345/3043
f 3044/346/3044 3173/475/3173 2920/222/2920
f 2920/222/2920 3165/467/3165 3044/346/3044
f 3044/346/3044 3174/476/3174 2992/294/2992
f 2992/294/2992 3173/475/3173 3044/346/3044
f 3044/346/3044 3171/473/3171 2944/246/2944
f 2944/246/2944 3174/476/3174 3044/346/3044
f 3044/346/3044 3165/467/3165 2970/272/2970
f 2970/272/2970 3171/473/3171 3044/346/3044
f 3045/347/3045 3175/477/3175 2921/223/2921
f 2921/223/2921 3176/478/3176 3045/347/3045
f 3045/347/3045 3169/471/3169 2971/273/2971
f 2971/273/2971 3175/477/3175 3045/347/3045
f 3045/347/3045 3174/476/3174 2944/246/2944
f 2944/246/2944 3169/471/3169 3045/347/3045
f 3045/347/3045 3176/478/3176 2992/294/2992
f 2992/294/2992 3174/476/3174 3045/347/3045
f 3046/348/3046 3177/479/3177 2912/214/2912
f 2912/214/2912 3180/482/3180 3046/348/3046
f 3046/348/3046 3178/480/3178 2984/286/2984
f 2984/286/2984 3177/479/3177 3046/348/3046
f 3046/348/3046 3179/481/3179 2945/247/2945
f 2945/247/2945 3178/480/3178 3046/348/3046
f 3046/348/3046 3180/482/3180 2972/274/2972
f 2972/274/2972 3179/481/3179 3046/348/3046
f 3047/349/3047 3170/472/3170 2913/215/2913
f 2913/215/2913 3182/484/3182 3047/349/3047
f 3047/349/3047 3181/483/3181 2971/273/2971
f 2971/273/2971 3170/472/3170 3047/349/3047
f 3047/349/3047 3178/480/3178 2945/247/2945
f 2945/247/2945 3181/483/3181 3047/349/3047
f 3047/349/3047 3182/484/3182 2984/286/2984
f 2984/286/2984 3178/480/3178 3047/349/3047
f 3048/350/3048 3183/485/3183 2921/223/2921
f 2921/223/2921 3175/477/3175 3048/350/3048
f 3048/350/3048 3184/486/3184 2993/295/2993
f 2993/295/2993 3183/485/3183 3048/350/3048
f 3048/350/3048 3181/483/3181 2945/247/2945
f 2945/247/2945 3184/486/3184 3048/350/3048
f 3048/350/3048 3175/477/3175 2971/273/2971
f 2971/273/2971 3181/483/3181 3048/350/3048
f 3049/351/3049 3185/487/3185 2922/224/2922
f 2922/224/2922 3186/488/3186 3049/351/3049
f 3049/351/3049 3179/481/3179 2972/274/2972
f 2972/274/2972 3185/487/3185 3049/351/3049
f 3049/351/3049 3184/486/3184 2945/247/2945
f 2945/247/2945 3179/481/3179 3049/351/3049
f 3049/351/3049 3186/488/3186 2993/295/2993
f 2993/295/2993 3184/486/3184 3049/351/3049
f 3050/352/3050 3187/489/3187 2922/224/2922
f 2922/224/2922 3185/487/3185 3050/352/3050
f 3050/352/3050 3188/490/3188 2994/296/2994
f 2994/296/2994 3187/489/3187 3050/352/3050
f 3050/352/3050 3189/491/3189 2946/248/2946
f 2946/248/2946 3188/490/3188 3050/352/3050
f 3050/352/3050 3185/487/3185 2972/274/2972
f 2972/274/2972 3189/491/3189 3050/352/3050
f 3051/353/3051 3190/492/3190 2904/206/2904
f 2904/206/2904 3192/494/3192 3051/353/3051
f 3051/353/3051 3191/493/3191 2973/275/2973
f 2973/275/2973 3190/492/3190 3051/353/3051
f 3051/353/3051 3188/490/3188 2946/248/2946
f 2946/248/2946 3191/493/3191 3051/353/3051
f 3051/353/3051 3192/494/3192 2994/296/2994
f 2994/296/2994 3188/490/3188 3051/353/3051
f 3052/354/3052 3193/495/3193 2911/213/2911
f 2911/213/2911 3195/497/3195 3052/354/3052
f 3052/354/3052 3194/496/3194 2983/285/2983
f 2983/285/2983 3193/495/3193 3052/354/3052
f 3052/354/3052 3191/493/3191 2946/248/2946
f 2946/248/2946 3194/496/3194 3052/354/3052
f 3052/354/3052 3195/497/3195 2973/275/2973
f 2973/275/2973 3191/493/3191 3052/354/3052
f 3053/355/3053 3180/482/3180 2912/214/2912
f 2912/214/2912 3196/498/3196 3053/355/3053
f 3053/355/3053 3189/491/3189 2972/274/2972
f 2972/274/2972 3180/482/3180 3053/355/3053
f 3053/355/3053 3194/496/3194 2946/248/2946
f 2946/248/2946 3189/491/3189 3053/355/3053
f 3053/355/3053 3196/498/3196 2983/285/2983
f 2983/285/2983 3194/496/3194 3053/355/3053
f 3054/356/3054 3197/499/3197 2910/212/2910
f 2910/212/2910 3200/502/3200 3054/356/3054
f 3054/356/3054 3198/500/3198 2982/284/2982
f 2982/284/2982 3197/499/3197 3054/356/3054
f 3054/356/3054 3199/501/3199 2947/249/2947
f 2947/249/2947 3198/500/3198 3054/356/3054
f 3054/356/3054 3200/502/3200 2974/276/2974
f 2974/276/2974 3199/501/3199 3054/356/3054
f 3055/357/3055 3195/497/3195 2911/213/2911
f 2911/213/2911 3202/504/3202 3055/357/3055
f 3055/357/3055 3201/503/3201 2973/275/2973
f 2973/275/2973 3195/497/3195 3055/357/3055
f 3055/357/3055 3198/500/3198 2947/249/2947
f 2947/249/2947 3201/503/3201 3055/357/3055
f 3055/357/3055 3202/504/3202 2982/284/2982
f 2982/284/2982 3198/500/3198 3055/357/3055
f 3056/358/3056 3203/505/3203 2904/206/2904
f 2904/206/2904 3190/492/3190 3056/358/3056
f 3056/358/3056 3204/506/3204 2976/278/2976
f 2976/278/2976 3203/505/3203 3056/358/3056
f 3056/358/3056 3201/503/3201 2947/249/2947
f 2947/249/2947 3204/506/3204 3056/358/3056
f 3056/358/3056 3190/492/3190 2973/275/2973
f 2973/275/2973 3201/503/3201 3056/358/3056
f 3057/359/3057 3205/507/3205 2905/207/2905
f 2905/207/2905 3206/508/3206 3057/359/3057
f 3057/359/3057 3199/501/3199 2974/276/2974
f 2974/276/2974 3205/507/3205 3057/359/3057
f 3057/359/3057 3204/506/3204 2947/249/2947
f 2947/249/2947 3199/501/3199 3057/359/3057
f 3057/359/3057 3206/508/3206 2976/278/2976
f 2976/278/2976 3204/506/3204 3057/359/3057
f 3058/360/3058 3207/509/3207 2909/211/2909
f 2909/211/2909 3210/512/3210 3058/360/3058
f 3058/360/3058 3208/510/3208 2981/283/2981
f 2981/283/2981 3207/509/3207 3058/360/3058
f 3058/360/3058 3209/511/3209 2948/250/2948
f 2948/250/2948 3208/510/3208 3058/360/3058
f 3058/360/3058 3210/512/3210 2975/277/2975
f 2975/277/2975 3209/511/3209 3058/360/3058
f 3059/361/3059 3200/502/3200 2910/212/2910
f 2910/212/2910 3212/514/3212 3059/361/3059
f 3059/361/3059 3211/513/3211 2974/276/2974
f 2974/276/2974 3200/502/3200 3059/361/3059
f 3059/361/3059 3208/510/3208 2948/250/2948
f 2948/250/2948 3211/513/3211 3059/361/3059
f 3059/361/3059 3212/514/3212 2981/283/2981
f 2981/283/2981 3208/510/3208 3059/361/3059
f 3060/362/3060 3213/515/3213 2905/207/2905
f 2905/207/2905 3205/507/3205 3060/362/3060
f 3060/362/3060 3214/516/3214 2977/279/2977
f 2977/279/2977 3213/515/3213 3060/362/3060
f 3060/362/3060 3211/513/3211 2948/250/2948
f 2948/250/2948 3214/516/3214 3060/362/3060
f 3060/362/3060 3205/507/3205 2974/276/2974
f 2974/276/2974 3211/513/3211 3060/362/3060
f 3061/363/3061 3215/517/3215 2906/208/2906
f 2906/208/2906 3216/518/3216 3061/363/3061
f 3061/363/3061 3209/511/3209 2975/277/2975
f 2975/277/2975 3215/517/3215 3061/363/3061
f 3061/363/3061 3214/516/3214 2948/250/2948
f 2948/250/2948 3209/511/3209 3061/363/3061
f 3061/363/3061 3216/518/3216 2977/279/2977
f 2977/279/2977 3214/516/3214 3061/363/3061
f 3062/364/3062 3217/519/3217 2906/208/2906
f 2906/208/2906 3215/517/3215 3062/364/3062
f 3062/364/3062 3218/520/3218 2978/280/2978
f 2978/280/2978 3217/519/3217 3062/364/3062
f 3062/364/3062 3219/521/3219 2949/251/2949
f 2949/251/2949 3218/520/3218 3062/364/3062
f 3062/364/3062 3215/517/3215 2975/277/2975
f 2975/277/2975 3219/521/3219 3062/364/3062
f 3063/365/3063 3220/522/3220 2907/209/2907
f 2907/209/2907 3222/524/3222 3063/365/3063
f 3063/365/3063 3221/523/3221 2979/281/2979
f 2979/281/2979 3220/522/3220 3063/365/3063
f 3063/365/3063 3218/520/3218 2949/251/2949
f 2949/251/2949 3221/523/3221 3063/365/3063
f 3063/365/3063 3222/524/3222 2978/280/2978
f 2978/280/2978 3218/520/3218 3063/365/3063
f 3064/366/3064 3223/525/3223 2908/210/2908
f 2908/210/2908 3225/527/3225 3064/366/3064
f 3064/366/3064 3224/526/3224 2980/282/2980
f 2980/282/2980 3223/525/3223 3064/366/3064
f 3064/366/3064 3221/523/3221 2949/251/2949
f 2949/251/2949 3224/526/3224 3064/366/3064
f 3064/366/3064 3225/527/3225 2979/281/2979
f 2979/281/2979 3221/523/3221 3064/366/3064
f 3065/367/3065 3210/512/3210 2909/211/2909
f 2909/211/2909 3226/528/3226 3065/367/3065
f 3065/367/3065 3219/521/3219 2975/277/2975
f 2975/277/2975 3210/512/3210 3065/367/3065
f 3065/367/3065 3224/526/3224 2949/251/2949
f 2949/251/2949 3219/521/3219 3065/367/3065
f 3065/367/3065 3226/528/3226 2980/282/2980
f 2980/282/2980 3224/526/3224 3065/367/3065
s 0
f 3066/368/3066 3227/529/3227 2923/225/2923
f 2923/225/2923 3230/532/3230 3066/368/3066
f 3066/368/3066 3228/530/3228 3014/316/3014
f 3014/316/3014 3227/529/3227 3066/368/3066
f 3066/368/3066 3229/531/3229 2950/252/2950
f 2950/252/2950 3228/530/3228 3066/368/3066
f 3066/368/3066 3230/532/3230 2995/297/2995
f 2995/297/2995 3229/531/3229 3066/368/3066
f 3067/369/3067 3231/533/3231 2924/226/2924
f 2924/226/2924 3233/535/3233 3067/369/3067
f 3067/369/3067 3232/534/3232 2996/298/2996
f 2996/298/2996 3231/533/3231 3067/369/3067
f 3067/369/3067 3228/530/3228 2950/252/2950
f 2950/252/2950 3232/534/3232 3067/369/3067
f 3067/369/3067 3233/535/3233 3014/316/3014
f 3014/316/3014 3228/530/3228 3067/369/3067
f 3068/370/3068 3206/508/3206 2905/207/2905
f 2905/207/2905 3235/537/3235 3068/370/3068
f 3068/370/3068 3234/536/3234 2976/278/2976
f 2976/278/2976 3206/508/3206 3068/370/3068
f 3068/370/3068 3232/534/3232 2950/252/2950
f 2950/252/2950 3234/536/3234 3068/370/3068
f 3068/370/3068 3235/537/3235 2996/298/2996
f 2996/298/2996 3232/534/3232 3068/370/3068
f 3069/371/3069 3236/538/3236 2904/206/2904
f 2904/206/2904 3203/505/3203 3069/371/3069
f 3069/371/3069 3229/531/3229 2995/297/2995
f 2995/297/2995 3236/538/3236 3069/371/3069
f 3069/371/3069 3234/536/3234 2950/252/2950
f 2950/252/2950 3229/531/3229 3069/371/3069
f 3069/371/3069 3203/505/3203 2976/278/2976
f 2976/278/2976 3234/536/3234 3069/371/3069
f 3070/372/3070 3237/539/3237 2924/226/2924
f 2924/226/2924 3231/533/3231 3070/372/3070
f 3070/372/3070 3238/540/3238 3015/317/3015
f 3015/317/3015 3237/539/3237 3070/372/3070
f 3070/372/3070 3239/541/3239 2951/253/2951
f 2951/253/2951 3238/540/3238 3070/372/3070
f 3070/372/3070 3231/533/3231 2996/298/2996
f 2996/298/2996 3239/541/3239 3070/372/3070
f 3071/373/3071 3240/542/3240 2925/227/2925
f 2925/227/2925 3242/544/3242 3071/373/3071
f 3071/373/3071 3241/543/3241 2997/299/2997
f 2997/299/2997 3240/542/3240 3071/373/3071
f 3071/373/3071 3238/540/3238 2951/253/2951
f 2951/253/2951 3241/543/3241 3071/373/3071
f 3071/373/3071 3242/544/3242 3015/317/3015
f 3015/317/3015 3238/540/3238 3071/373/3071
f 3072/374/3072 3216/518/3216 2906/208/2906
f 2906/208/2906 3244/546/3244 3072/374/3072
f 3072/374/3072 3243/545/3243 2977/279/2977
f 2977/279/2977 3216/518/3216 3072/374/3072
f 3072/374/3072 3241/543/3241 2951/253/2951
f 2951/253/2951 3243/545/3243 3072/374/3072
f 3072/374/3072 3244/546/3244 2997/299/2997
f 2997/299/2997 3241/543/3241 3072/374/3072
f 3073/375/3073 3235/537/3235 2905/207/2905
f 2905/207/2905 3213/515/3213 3073/375/3073
f 3073/375/3073 3239/541/3239 2996/298/2996
f 2996/298/2996 3235/537/3235 3073/375/3073
f 3073/375/3073 3243/545/3243 2951/253/2951
f 2951/253/2951 3239/541/3239 3073/375/3073
f 3073/375/3073 3213/515/3213 2977/279/2977
f 2977/279/2977 3243/545/3243 3073/375/3073
f 3074/376/3074 3245/547/3245 2925/227/2925
f 2925/227/2925 3240/542/3240 3074/376/3074
f 3074/376/3074 3246/548/3246 3016/318/3016
f 3016/318/3016 3245/547/3245 3074/376/3074
f 3074/376/3074 3247/549/3247 2952/254/2952
f 2952/254/2952 3246/548/3246 3074/376/3074
f 3074/376/3074 3240/542/3240 2997/299/2997
f 2997/299/2997 3247/549/3247 3074/376/3074
f 3075/377/3075 3248/550/3248 2926/228/2926
f 2926/228/2926 3250/552/3250 3075/377/3075
f 3075/377/3075 3249/551/3249 2998/300/2998
f 2998/300/2998 3248/550/3248 3075/377/3075
f 3075/377/3075 3246/548/3246 2952/254/2952
f 2952/254/2952 3249/551/3249 3075/377/3075
f 3075/377/3075 3250/552/3250 3016/318/3016
f 3016/318/3016 3246/548/3246 3075/377/3075
f 3076/378/3076 3222/524/3222 2907/209/2907
f 2907/209/2907 3252/554/3252 3076/378/3076
f 3076/378/3076 3251/553/3251 2978/280/2978
f 2978/280/2978 3222/524/3222 3076/378/3076
f 3076/378/3076 3249/551/3249 2952/254/2952
f 2952/254/2952 3251/553/3251 3076/378/3076
f 3076/378/3076 3252/554/3252 2998/300/2998
f 2998/300/2998 3249/551/3249 3076/378/3076
f 3077/379/3077 3244/546/3244 2906/208/2906
f 2906/208/2906 3217/519/3217 3077/379/3077
f 3077/379/3077 3247/549/3247 2997/299/2997
f 2997/299/2997 3244/546/3244 3077/379/3077
f 3077/379/3077 3251/553/3251 2952/254/2952
f 2952/254/2952 3247/549/3247 3077/379/3077
f 3077/379/3077 3217/519/3217 2978/280/2978
f 2978/280/2978 3251/553/3251 3077/379/3077
f 3078/380/3078 3253/555/3253 2926/228/2926
f 2926/228/2926 3248/550/3248 3078/380/3078
f 3078/380/3078 3254/556/3254 3030/332/3030
f 3030/332/3030 3253/555/3253 3078/380/3078
f 3078/380/3078 3255/557/3255 2953/255/2953
f 2953/255/2953 3254/556/3254 3078/380/3078
f 3078/380/3078 3248/550/3248 2998/300/2998
f 2998/300/2998 3255/557/3255 3078/380/3078
f 3079/381/3079 3256/558/3256 2927/229/2927
f 2927/229/2927 3258/560/3258 3079/381/3079
f 3079/381/3079 3257/559/3257 2999/301/2999
f 2999/301/2999 3256/558/3256 3079/381/3079
f 3079/381/3079 3254/556/3254 2953/255/2953
f 2953/255/2953 3257/559/3257 3079/381/3079
f 3079/381/3079 3258/560/3258 3030/332/3030
f 3030/332/3030 3254/556/3254 3079/381/3079
f 3080/382/3080 3225/527/3225 2908/210/2908
f 2908/210/2908 3260/562/3260 3080/382/3080
f 3080/382/3080 3259/561/3259 2979/281/2979
f 2979/281/2979 3225/527/3225 3080/382/3080
f 3080/382/3080 3257/559/3257 2953/255/2953
f 2953/255/2953 3259/561/3259 3080/382/3080
f 3080/382/3080 3260/562/3260 2999/301/2999
f 2999/301/2999 3257/559/3257 3080/382/3080
f 3081/383/3081 3252/554/3252 2907/209/2907
f 2907/209/2907 3220/522/3220 3081/383/3081
f 3081/383/3081 3255/557/3255 2998/300/2998
f 2998/300/2998 3252/554/3252 3081/383/3081
f 3081/383/3081 3259/561/3259 2953/255/2953
f 2953/255/2953 3255/557/3255 3081/383/3081
f 3081/383/3081 3220/522/3220 2979/281/2979
f 2979/281/2979 3259/561/3259 3081/383/3081
f 3082/384/3082 3261/563/3261 2927/229/2927
f 2927/229/2927 3256/558/3256 3082/384/3082
f 3082/384/3082 3262/564/3262 3031/333/3031
f 3031/333/3031 3261/563/3261 3082/384/3082
f 3082/384/3082 3263/565/3263 2954/256/2954
f 2954/256/2954 3262/564/3262 3082/384/3082
f 3082/384/3082 3256/558/3256 2999/301/2999
f 2999/301/2999 3263/565/3263 3082/384/3082
f 3083/385/3083 3264/566/3264 2940/242/2940
f 2940/242/2940 3266/568/3266 3083/385/3083
f 3083/385/3083 3265/567/3265 3000/302/3000
f 3000/302/3000 3264/566/3264 3083/385/3083
f 3083/385/3083 3262/564/3262 2954/256/2954
f 2954/256/2954 3265/567/3265 3083/385/3083
f 3083/385/3083 3266/568/3266 3031/333/3031
f 3031/333/3031 3262/564/3262 3083/385/3083
f 3084/386/3084 3226/528/3226 2909/211/2909
f 2909/211/2909 3268/570/3268 3084/386/3084
f 3084/386/3084 3267/569/3267 2980/282/2980
f 2980/282/2980 3226/528/3226 3084/386/3084
f 3084/386/3084 3265/567/3265 2954/256/2954
f 2954/256/2954 3267/569/3267 3084/386/3084
f 3084/386/3084 3268/570/3268 3000/302/3000
f 3000/302/3000 3265/567/3265 3084/386/3084
f 3085/387/3085 3260/562/3260 2908/210/2908
f 2908/210/2908 3223/525/3223 3085/387/3085
f 3085/387/3085 3263/565/3263 2999/301/2999
f 2999/301/2999 3260/562/3260 3085/387/3085
f 3085/387/3085 3267/569/3267 2954/256/2954
f 2954/256/2954 3263/565/3263 3085/387/3085
f 3085/387/3085 3223/525/3223 2980/282/2980
f 2980/282/2980 3267/569/3267 3085/387/3085
f 3086/388/3086 3269/571/3269 2940/242/2940
f 2940/242/2940 3264/566/3264 3086/388/3086
f 3086/388/3086 3270/572/3270 3029/331/3029
f 3029/331/3029 3269/571/3269 3086/388/3086
f 3086/388/3086 3271/573/3271 2955/257/2955
f 2955/257/2955 3270/572/3270 3086/388/3086
f 3086/388/3086 3264/566/3264 3000/302/3000
f 3000/302/3000 3271/573/3271 3086/388/3086
f 3087/389/3087 3272/574/3272 2939/241/2939
f 2939/241/2939 3274/576/3274 3087/389/3087
f 3087/389/3087 3273/575/3273 3001/303/3001
f 3001/303/3001 3272/574/3272 3087/389/3087
f 3087/389/3087 3270/572/3270 2955/257/2955
f 2955/257/2955 3273/575/3273 3087/389/3087
f 3087/389/3087 3274/576/3274 3029/331/3029
f 3029/331/3029 3270/572/3270 3087/389/3087
f 3088/390/3088 3212/514/3212 2910/212/2910
f 2910/212/2910 3276/578/3276 3088/390/3088
f 3088/390/3088 3275/577/3275 2981/283/2981
f 2981/283/2981 3212/514/3212 3088/390/3088
f 3088/390/3088 3273/575/3273 2955/257/2955
f 2955/257/2955 3275/577/3275 3088/390/3088
f 3088/390/3088 3276/578/3276 3001/303/3001
f 3001/303/3001 3273/575/3273 3088/390/3088
f 3089/391/3089 3268/570/3268 2909/211/2909
f 2909/211/2909 3207/509/3207 3089/391/3089
f 3089/391/3089 3271/573/3271 3000/302/3000
f 3000/302/3000 3268/570/3268 3089/391/3089
f 3089/391/3089 3275/577/3275 2955/257/2955
f 2955/257/2955 3271/573/3271 3089/391/3089
f 3089/391/3089 3207/509/3207 2981/283/2981
f 2981/283/2981 3275/577/3275 3089/391/3089
f 3090/392/3090 3277/579/3277 2939/241/2939
f 2939/241/2939 3272/574/3272 3090/392/3090
f 3090/392/3090 3278/580/3278 3028/330/3028
f 3028/330/3028 3277/579/3277 3090/392/3090
f 3090/392/3090 3279/581/3279 2956/258/2956
f 2956/258/2956 3278/580/3278 3090/392/3090
f 3090/392/3090 3272/574/3272 3001/303/3001
f 3001/303/3001 3279/581/3279 3090/392/3090
f 3091/393/3091 3280/582/3280 2938/240/2938
f 2938/240/2938 3282/584/3282 3091/393/3091
f 3091/393/3091 3281/583/3281 3002/304/3002
f 3002/304/3002 3280/582/3280 3091/393/3091
f 3091/393/3091 3278/580/3278 2956/258/2956
f 2956/258/2956 3281/583/3281 3091/393/3091
f 3091/393/3091 3282/584/3282 3028/330/3028
f 3028/330/3028 3278/580/3278 3091/393/3091
f 3092/394/3092 3202/504/3202 2911/213/2911
f 2911/213/2911 3284/586/3284 3092/394/3092
f 3092/394/3092 3283/585/3283 2982/284/2982
f 2982/284/2982 3202/504/3202 3092/394/3092
f 3092/394/3092 3281/583/3281 2956/258/2956
f 2956/258/2956 3283/585/3283 3092/394/3092
f 3092/394/3092 3284/586/3284 3002/304/3002
f 3002/304/3002 3281/583/3281 3092/394/3092
f 3093/395/3093 3276/578/3276 2910/212/2910
f 2910/212/2910 3197/499/3197 3093/395/3093
f 3093/395/3093 3279/581/3279 3001/303/3001
f 3001/303/3001 3276/578/3276 3093/395/3093
f 3093/395/3093 3283/585/3283 2956/258/2956
f 2956/258/2956 3279/581/3279 3093/395/3093
f 3093/395/3093 3197/499/3197 2982/284/2982
f 2982/284/2982 3283/585/3283 3093/395/3093
f 3094/396/3094 3285/587/3285 2938/240/2938
f 2938/240/2938 3280/582/3280 3094/396/3094
f 3094/396/3094 3286/588/3286 3026/328/3026
f 3026/328/3026 3285/587/3285 3094/396/3094
f 3094/396/3094 3287/589/3287 2957/259/2957
f 2957/259/2957 3286/588/3286 3094/396/3094
f 3094/396/3094 3280/582/3280 3002/304/3002
f 3002/304/3002 3287/589/3287 3094/396/3094
f 3095/397/3095 3288/590/3288 2937/239/2937
f 2937/239/2937 3290/592/3290 3095/397/3095
f 3095/397/3095 3289/591/3289 3003/305/3003
f 3003/305/3003 3288/590/3288 3095/397/3095
f 3095/397/3095 3286/588/3286 2957/259/2957
f 2957/259/2957 3289/591/3289 3095/397/3095
f 3095/397/3095 3290/592/3290 3026/328/3026
f 3026/328/3026 3286/588/3286 3095/397/3095
f 3096/398/3096 3196/498/3196 2912/214/2912
f 2912/214/2912 3292/594/3292 3096/398/3096
f 3096/398/3096 3291/593/3291 2983/285/2983
f 2983/285/2983 3196/498/3196 3096/398/3096
f 3096/398/3096 3289/591/3289 2957/259/2957
f 2957/259/2957 3291/593/3291 3096/398/3096
f 3096/398/3096 3292/594/3292 3003/305/3003
f 3003/305/3003 3289/591/3289 3096/398/3096
f 3097/399/3097 3284/586/3284 2911/213/2911
f 2911/213/2911 3193/495/3193 3097/399/3097
f 3097/399/3097 3287/589/3287 3002/304/3002
f 3002/304/3002 3284/586/3284 3097/399/3097
f 3097/399/3097 3291/593/3291 2957/259/2957
f 2957/259/2957 3287/589/3287 3097/399/3097
f 3097/399/3097 3193/495/3193 2983/285/2983
f 2983/285/2983 3291/593/3291 3097/399/3097
f 3098/400/3098 3293/595/3293 2937/239/2937
f 2937/239/2937 3288/590/3288 3098/400/3098
f 3098/400/3098 3294/596/3294 3025/327/3025
f 3025/327/3025 3293/595/3293 3098/400/3098
f 3098/400/3098 3295/597/3295 2958/260/2958
f 2958/260/2958 3294/596/3294 3098/400/3098
f 3098/400/3098 3288/590/3288 3003/305/3003
f 3003/305/3003 3295/597/3295 3098/400/3098
f 3099/401/3099 3296/598/3296 2936/238/2936
f 2936/238/2936 3298/600/3298 3099/401/3099
f 3099/401/3099 3297/599/3297 3004/306/3004
f 3004/306/3004 3296/598/3296 3099/401/3099
f 3099/401/3099 3294/596/3294 2958/260/2958
f 2958/260/2958 3297/599/3297 3099/401/3099
f 3099/401/3099 3298/600/3298 3025/327/3025
f 3025/327/3025 3294/596/3294 3099/401/3099
f 3100/402/3100 3182/484/3182 2913/215/2913
f 2913/215/2913 3300/602/3300 3100/402/3100
f 3100/402/3100 3299/601/3299 2984/286/2984
f 2984/286/2984 3182/484/3182 3100/402/3100
f 3100/402/3100 3297/599/3297 2958/260/2958
f 2958/260/2958 3299/601/3299 3100/402/3100
f 3100/402/3100 3300/602/3300 3004/306/3004
f 3004/306/3004 3297/599/3297 3100/402/3100
f 3101/403/3101 3292/594/3292 2912/214/2912
f 2912/214/2912 3177/479/3177 3101/403/3101
f 3101/403/3101 3295/597/3295 3003/305/3003
f 3003/305/3003 3292/594/3292 3101/403/3101
f 3101/403/3101 3299/601/3299 2958/260/2958
f 2958/260/2958 3295/597/3295 3101/403/3101
f 3101/403/3101 3177/479/3177 2984/286/2984
f 2984/286/2984 3299/601/3299 3101/403/3101
f 3102/404/3102 3301/603/3301 2936/238/2936
f 2936/238/2936 3296/598/3296 3102/404/3102
f 3102/404/3102 3302/604/3302 3024/326/3024
f 3024/326/3024 3301/603/3301 3102/404/3102
f 3102/404/3102 3303/605/3303 2959/261/2959
f 2959/261/2959 3302/604/3302 3102/404/3102
f 3102/404/3102 3296/598/3296 3004/306/3004
f 3004/306/3004 3303/605/3303 3102/404/3102
f 3103/405/3103 3304/606/3304 2933/235/2933
f 2933/235/2933 3306/608/3306 3103/405/3103
f 3103/405/3103 3305/607/3305 3005/307/3005
f 3005/307/3005 3304/606/3304 3103/405/3103
f 3103/405/3103 3302/604/3302 2959/261/2959
f 2959/261/2959 3305/607/3305 3103/405/3103
f 3103/405/3103 3306/608/3306 3024/326/3024
f 3024/326/3024 3302/604/3302 3103/405/3103
f 3104/406/3104 3172/474/3172 2914/216/2914
f 2914/216/2914 3308/610/3308 3104/406/3104
f 3104/406/3104 3307/609/3307 2985/287/2985
f 2985/287/2985 3172/474/3172 3104/406/3104
f 3104/406/3104 3305/607/3305 2959/261/2959
f 2959/261/2959 3307/609/3307 3104/406/3104
f 3104/406/3104 3308/610/3308 3005/307/3005
f 3005/307/3005 3305/607/3305 3104/406/3104
f 3105/407/3105 3300/602/3300 2913/215/2913
f 2913/215/2913 3167/469/3167 3105/407/3105
f 3105/407/3105 3303/605/3303 3004/306/3004
f 3004/306/3004 3300/602/3300 3105/407/3105
f 3105/407/3105 3307/609/3307 2959/261/2959
f 2959/261/2959 3303/605/3303 3105/407/3105
f 3105/407/3105 3167/469/3167 2985/287/2985
f 2985/287/2985 3307/609/3307 3105/407/3105
f 3106/408/3106 3309/611/3309 2933/235/2933
f 2933/235/2933 3304/606/3304 3106/408/3106
f 3106/408/3106 3310/612/3310 3021/323/3021
f 3021/323/3021 3309/611/3309 3106/408/3106
f 3106/408/3106 3311/613/3311 2960/262/2960
f 2960/262/2960 3310/612/3310 3106/408/3106
f 3106/408/3106 3304/606/3304 3005/307/3005
f 3005/307/3005 3311/613/3311 3106/408/3106
f 3107/409/3107 3312/614/3312 2932/234/2932
f 2932/234/2932 3314/616/3314 3107/409/3107
f 3107/409/3107 3313/615/3313 3006/308/3006
f 3006/308/3006 3312/614/3312 3107/409/3107
f 3107/409/3107 3310/612/3310 2960/262/2960
f 2960/262/2960 3313/615/3313 3107/409/3107
f 3107/409/3107 3314/616/3314 3021/323/3021
f 3021/323/3021 3310/612/3310 3107/409/3107
f 3108/410/3108 3162/464/3162 2915/217/2915
f 2915/217/2915 3316/618/3316 3108/410/3108
f 3108/410/3108 3315/617/3315 2986/288/2986
f 2986/288/2986 3162/464/3162 3108/410/3108
f 3108/410/3108 3313/615/3313 2960/262/2960
f 2960/262/2960 3315/617/3315 3108/410/3108
f 3108/410/3108 3316/618/3316 3006/308/3006
f 3006/308/3006 3313/615/3313 3108/410/3108
f 3109/411/3109 3308/610/3308 2914/216/2914
f 2914/216/2914 3157/459/3157 3109/411/3109
f 3109/411/3109 3311/613/3311 3005/307/3005
f 3005/307/3005 3308/610/3308 3109/411/3109
f 3109/411/3109 3315/617/3315 2960/262/2960
f 2960/262/2960 3311/613/3311 3109/411/3109
f 3109/411/3109 3157/459/3157 2986/288/2986
f 2986/288/2986 3315/617/3315 3109/411/3109
f 3110/412/3110 3317/619/3317 2932/234/2932
f 2932/234/2932 3312/614/3312 3110/412/3110
f 3110/412/3110 3318/620/3318 3020/322/3020
f 3020/322/3020 3317/619/3317 3110/412/3110
f 3110/412/3110 3319/621/3319 2961/263/2961
f 2961/263/2961 3318/620/3318 3110/412/3110
f 3110/412/3110 3312/614/3312 3006/308/3006
f 3006/308/3006 3319/621/3319 3110/412/3110
f 3111/413/3111 3320/622/3320 2931/233/2931
f 2931/233/2931 3322/624/3322 3111/413/3111
f 3111/413/3111 3321/623/3321 3007/309/3007
f 3007/309/3007 3320/622/3320 3111/413/3111
f 3111/413/3111 3318/620/3318 2961/263/2961
f 2961/263/2961 3321/623/3321 3111/413/3111
f 3111/413/3111 3322/624/3322 3020/322/3020
f 3020/322/3020 3318/620/3318 3111/413/3111
f 3112/414/3112 3148/450/3148 2916/218/2916
f 2916/218/2916 3324/626/3324 3112/414/3112
f 3112/414/3112 3323/625/3323 2987/289/2987
f 2987/289/2987 3148/450/3148 3112/414/3112
f 3112/414/3112 3321/623/3321 2961/263/2961
f 2961/263/2961 3323/625/3323 3112/414/3112
f 3112/414/3112 3324/626/3324 3007/309/3007
f 3007/309/3007 3321/623/3321 3112/414/3112
f 3113/415/3113 3316/618/3316 2915/217/2915
f 2915/217/2915 3142/444/3142 3113/415/3113
f 3113/415/3113 3319/621/3319 3006/308/3006
f 3006/308/3006 3316/618/3316 3113/415/3113
f 3113/415/3113 3323/625/3323 2961/263/2961
f 2961/263/2961 3319/621/3319 3113/415/3113
f 3113/415/3113 3142/444/3142 2987/289/2987
f 2987/289/2987 3323/625/3323 3113/415/3113
f 3114/416/3114 3325/627/3325 2931/233/2931
f 2931/233/2931 3320/622/3320 3114/416/3114
f 3114/416/3114 3326/628/3326 3032/334/3032
f 3032/334/3032 3325/627/3325 3114/416/3114
f 3114/416/3114 3327/629/3327 2962/264/2962
f 2962/264/2962 3326/628/3326 3114/416/3114
f 3114/416/3114 3320/622/3320 3007/309/3007
f 3007/309/3007 3327/629/3327 3114/416/3114
f 3115/417/3115 3328/630/3328 2941/243/2941
f 2941/243/2941 3330/632/3330 3115/417/3115
f 3115/417/3115 3329/631/3329 3008/310/3008
f 3008/310/3008 3328/630/3328 3115/417/3115
f 3115/417/3115 3326/628/3326 2962/264/2962
f 2962/264/2962 3329/631/3329 3115/417/3115
f 3115/417/3115 3330/632/3330 3032/334/3032
f 3032/334/3032 3326/628/3326 3115/417/3115
f 3116/418/3116 3151/453/3151 2917/219/2917
f 2917/219/2917 3332/634/3332 3116/418/3116
f 3116/418/3116 3331/633/3331 2988/290/2988
f 2988/290/2988 3151/453/3151 3116/418/3116
f 3116/418/3116 3329/631/3329 2962/264/2962
f 2962/264/2962 3331/633/3331 3116/418/3116
f 3116/418/3116 3332/634/3332 3008/310/3008
f 3008/310/3008 3329/631/3329 3116/418/3116
f 3117/419/3117 3324/626/3324 2916/218/2916
f 2916/218/2916 3146/448/3146 3117/419/3117
f 3117/419/3117 3327/629/3327 3007/309/3007
f 3007/309/3007 3324/626/3324 3117/419/3117
f 3117/419/3117 3331/633/3331 2962/264/2962
f 2962/264/2962 3327/629/3327 3117/419/3117
f 3117/419/3117 3146/448/3146 2988/290/2988
f 2988/290/2988 3331/633/3331 3117/419/3117
f 3118/420/3118 3333/635/3333 2941/243/2941
f 2941/243/2941 3328/630/3328 3118/420/3118
f 3118/420/3118 3334/636/3334 3019/321/3019
f 3019/321/3019 3333/635/3333 3118/420/3118
f 3118/420/3118 3335/637/3335 2963/265/2963
f 2963/265/2963 3334/636/3334 3118/420/3118
f 3118/420/3118 3328/630/3328 3008/310/3008
f 3008/310/3008 3335/637/3335 3118/420/3118
f 3119/421/3119 3336/638/3336 2928/230/2928
f 2928/230/2928 3338/640/3338 3119/421/3119
f 3119/421/3119 3337/639/3337 3009/311/3009
f 3009/311/3009 3336/638/3336 3119/421/3119
f 3119/421/3119 3334/636/3334 2963/265/2963
f 2963/265/2963 3337/639/3337 3119/421/3119
f 3119/421/3119 3338/640/3338 3019/321/3019
f 3019/321/3019 3334/636/3334 3119/421/3119
f 3120/422/3120 3154/456/3154 2918/220/2918
f 2918/220/2918 3340/642/3340 3120/422/3120
f 3120/422/3120 3339/641/3339 2989/291/2989
f 2989/291/2989 3154/456/3154 3120/422/3120
f 3120/422/3120 3337/639/3337 2963/265/2963
f 2963/265/2963 3339/641/3339 3120/422/3120
f 3120/422/3120 3340/642/3340 3009/311/3009
f 3009/311/3009 3337/639/3337 3120/422/3120
f 3121/423/3121 3332/634/3332 2917/219/2917
f 2917/219/2917 3149/451/3149 3121/423/3121
f 3121/423/3121 3335/637/3335 3008/310/3008
f 3008/310/3008 3332/634/3332 3121/423/3121
f 3121/423/3121 3339/641/3339 2963/265/2963
f 2963/265/2963 3335/637/3335 3121/423/3121
f 3121/423/3121 3149/451/3149 2989/291/2989
f 2989/291/2989 3339/641/3339 3121/423/3121
f 3122/424/3122 3341/643/3341 2928/230/2928
f 2928/230/2928 3336/638/3336 3122/424/3122
f 3122/424/3122 3342/644/3342 3017/319/3017
f 3017/319/3017 3341/643/3341 3122/424/3122
f 3122/424/3122 3343/645/3343 2964/266/2964
f 2964/266/2964 3342/644/3342 3122/424/3122
f 3122/424/3122 3336/638/3336 3009/311/3009
f 3009/311/3009 3343/645/3343 3122/424/3122
f 3123/425/3123 3344/646/3344 2929/231/2929
f 2929/231/2929 3346/648/3346 3123/425/3123
f 3123/425/3123 3345/647/3345 3010/312/3010
f 3010/312/3010 3344/646/3344 3123/425/3123
f 3123/425/3123 3342/644/3342 2964/266/2964
f 2964/266/2964 3345/647/3345 3123/425/3123
f 3123/425/3123 3346/648/3346 3017/319/3017
f 3017/319/3017 3342/644/3342 3123/425/3123
f 3124/426/3124 3156/458/3156 2919/221/2919
f 2919/221/2919 3348/650/3348 3124/426/3124
f 3124/426/3124 3347/649/3347 2990/292/2990
f 2990/292/2990 3156/458/3156 3124/426/3124
f 3124/426/3124 3345/647/3345 2964/266/2964
f 2964/266/2964 3347/649/3347 3124/426/3124
f 3124/426/3124 3348/650/3348 3010/312/3010
f 3010/312/3010 3345/647/3345 3124/426/3124
f 3125/427/3125 3340/642/3340 2918/220/2918
f 2918/220/2918 3152/454/3152 3125/427/3125
f 3125/427/3125 3343/645/3343 3009/311/3009
f 3009/311/3009 3340/642/3340 3125/427/3125
f 3125/427/3125 3347/649/3347 2964/266/2964
f 2964/266/2964 3343/645/3343 3125/427/3125
f 3125/427/3125 3152/454/3152 2990/292/2990
f 2990/292/2990 3347/649/3347 3125/427/3125
f 3126/428/3126 3349/651/3349 2929/231/2929
f 2929/231/2929 3344/646/3344 3126/428/3126
f 3126/428/3126 3350/652/3350 3018/320/3018
f 3018/320/3018 3349/651/3349 3126/428/3126
f 3126/428/3126 3351/653/3351 2965/267/2965
f 2965/267/2965 3350/652/3350 3126/428/3126
f 3126/428/3126 3344/646/3344 3010/312/3010
f 3010/312/3010 3351/653/3351 3126/428/3126
f 3127/429/3127 3352/654/3352 2930/232/2930
f 2930/232/2930 3354/656/3354 3127/429/3127
f 3127/429/3127 3353/655/3353 3011/313/3011
f 3011/313/3011 3352/654/3352 3127/429/3127
f 3127/429/3127 3350/652/3350 2965/267/2965
f 2965/267/2965 3353/655/3353 3127/429/3127
f 3127/429/3127 3354/656/3354 3018/320/3018
f 3018/320/3018 3350/652/3350 3127/429/3127
f 3128/430/3128 3166/468/3166 2920/222/2920
f 2920/222/2920 3356/658/3356 3128/430/3128
f 3128/430/3128 3355/657/3355 2991/293/2991
f 2991/293/2991 3166/468/3166 3128/430/3128
f 3128/430/3128 3353/655/3353 2965/267/2965
f 2965/267/2965 3355/657/3355 3128/430/3128
f 3128/430/3128 3356/658/3356 3011/313/3011
f 3011/313/3011 3353/655/3353 3128/430/3128
f 3129/431/3129 3348/650/3348 2919/221/2919
f 2919/221/2919 3163/465/3163 3129/431/3129
f 3129/431/3129 3351/653/3351 3010/312/3010
f 3010/312/3010 3348/650/3348 3129/431/3129
f 3129/431/3129 3355/657/3355 2965/267/2965
f 2965/267/2965 3351/653/3351 3129/431/3129
f 3129/431/3129 3163/465/3163 2991/293/2991
f 2991/293/2991 3355/657/3355 3129/431/3129
f 3130/432/3130 3357/659/3357 2930/232/2930
f 2930/232/2930 3352/654/3352 3130/432/3130
f 3130/432/3130 3358/660/3358 3022/324/3022
f 3022/324/3022 3357/659/3357 3130/432/3130
f 3130/432/3130 3359/661/3359 2966/268/2966
f 2966/268/2966 3358/660/3358 3130/432/3130
f 3130/432/3130 3352/654/3352 3011/313/3011
f 3011/313/3011 3359/661/3359 3130/432/3130
f 3131/433/3131 3360/662/3360 2934/236/2934
f 2934/236/2934 3362/664/3362 3131/433/3131
f 3131/433/3131 3361/663/3361 3012/314/3012
f 3012/314/3012 3360/662/3360 3131/433/3131
f 3131/433/3131 3358/660/3358 2966/268/2966
f 2966/268/2966 3361/663/3361 3131/433/3131
f 3131/433/3131 3362/664/3362 3022/324/3022
f 3022/324/3022 3358/660/3358 3131/433/3131
f 3132/434/3132 3176/478/3176 2921/223/2921
f 2921/223/2921 3364/666/3364 3132/434/3132
f 3132/434/3132 3363/665/3363 2992/294/2992
f 2992/294/2992 3176/478/3176 3132/434/3132
f 3132/434/3132 3361/663/3361 2966/268/2966
f 2966/268/2966 3363/665/3363 3132/434/3132
f 3132/434/3132 3364/666/3364 3012/314/3012
f 3012/314/3012 3361/663/3361 3132/434/3132
f 3133/435/3133 3356/658/3356 2920/222/2920
f 2920/222/2920 3173/475/3173 3133/435/3133
f 3133/435/3133 3359/661/3359 3011/313/3011
f 3011/313/3011 3356/658/3356 3133/435/3133
f 3133/435/3133 3363/665/3363 2966/268/2966
f 2966/268/2966 3359/661/3359 3133/435/3133
f 3133/435/3133 3173/475/3173 2992/294/2992
f 2992/294/2992 3363/665/3363 3133/435/3133
f 3134/436/3134 3365/667/3365 2934/236/2934
f 2934/236/2934 3360/662/3360 3134/436/3134
f 3134/436/3134 3366/668/3366 3023/325/3023
f 3023/325/3023 3365/667/3365 3134/436/3134
f 3134/436/3134 3367/669/3367 2967/269/2967
f 2967/269/2967 3366/668/3366 3134/436/3134
f 3134/436/3134 3360/662/3360 3012/314/3012
f 3012/314/3012 3367/669/3367 3134/436/3134
f 3135/437/3135 3368/670/3368 2935/237/2935
f 2935/237/2935 3370/672/3370 3135/437/3135
f 3135/437/3135 3369/671/3369 3013/315/3013
f 3013/315/3013 3368/670/3368 3135/437/3135
f 3135/437/3135 3366/668/3366 2967/269/2967
f 2967/269/2967 3369/671/3369 3135/437/3135
f 3135/437/3135 3370/672/3370 3023/325/3023
f 3023/325/3023 3366/668/3366 3135/437/3135
f 3136/438/3136 3186/488/3186 2922/224/2922
f 2922/224/2922 3372/674/3372 3136/438/3136
f 3136/438/3136 3371/673/3371 2993/295/2993
f 2993/295/2993 3186/488/3186 3136/438/3136
f 3136/438/3136 3369/671/3369 2967/269/2967
f 2967/269/2967 3371/673/3371 3136/438/3136
f 3136/438/3136 3372/674/3372 3013/315/3013
f 3013/315/3013 3369/671/3369 3136/438/3136
f 3137/439/3137 3364/666/3364 2921/223/2921
f 2921/223/2921 3183/485/3183 3137/439/3137
f 3137/439/3137 3367/669/3367 3012/314/3012
f 3012/314/3012 3364/666/3364 3137/439/3137
f 3137/439/3137 3371/673/3371 2967/269/2967
f 2967/269/2967 3367/669/3367 3137/439/3137
f 3137/439/3137 3183/485/3183 2993/295/2993
f 2993/295/2993 3371/673/3371 3137/439/3137
f 3138/440/3138 3373/675/3373 2935/237/2935
f 2935/237/2935 3368/670/3368 3138/440/3138
f 3138/440/3138 3374/676/3374 3027/329/3027
f 3027/329/3027 3373/675/3373 3138/440/3138
f 3138/440/3138 3375/677/3375 2968/270/2968
f 2968/270/2968 3374/676/3374 3138/440/3138
f 3138/440/3138 3368/670/3368 3013/315/3013
f 3013/315/3013 3375/677/3375 3138/440/3138
f 3139/441/3139 3230/532/3230 2923/225/2923
f 2923/225/2923 3377/679/3377 3139/441/3139
f 3139/441/3139 3376/678/3376 2995/297/2995
f 2995/297/2995 3230/532/3230 3139/441/3139
f 3139/441/3139 3374/676/3374 2968/270/2968
f 2968/270/2968 3376/678/3376 3139/441/3139
f 3139/441/3139 3377/679/3377 3027/329/3027
f 3027/329/3027 3374/676/3374 3139/441/3139
f 3140/442/3140 3192/494/3192 2904/206/2904
f 2904/206/2904 3236/538/3236 3140/442/3140
f 3140/442/3140 3378/680/3378 2994/296/2994
f 2994/296/2994 3192/494/3192 3140/442/3140
f 3140/442/3140 3376/678/3376 2968/270/2968
f 2968/270/2968 3378/680/3378 3140/442/3140
f 3140/442/3140 3236/538/3236 2995/297/2995
f 2995/297/2995 3376/678/3376 3140/442/3140
f 3141/443/3141 3372/674/3372 2922/224/2922
f 2922/224/2922 3187/489/3187 3141/443/3141
f 3141/443/3141 3375/677/3375 3013/315/3013
f 3013/315/3013 3372/674/3372 3141/443/3141
f 3141/443/3141 3378/680/3378 2968/270/2968
f 2968/270/2968 3375/677/3375 3141/443/3141
f 3141/443/3141 3187/489/3187 2994/296/2994
f 2994/296/2994 3378/680/3378 3141/443/3141
f 3410/712/3410 2847/138/2847 2757/59/2757
f 2757/59/2757 3409/711/3409 3410/712/3410
f 3411/713/3411 2778/83/2778 2847/138/2847
f 2847/138/2847 3410/712/3410 3411/713/3411
f 3412/714/3412 2777/81/2777 2778/83/2778
f 2778/83/2778 3411/713/3411 3412/714/3412
f 3414/716/3414 2860/159/2860 2863/162/2863
f 2863/162/2863 3413/715/3413 3414/716/3414
f 3415/717/3415 2774/78/2774 2860/159/2860
f 2860/159/2860 3414/716/3414 3415/717/3415
f 3416/718/3416 2769/74/2769 2774/78/2774
f 2774/78/2774 3415/717/3415 3416/718/3416
f 3417/719/3417 2770/73/2770 2769/74/2769
f 2769/74/2769 3416/718/3416 3417/719/3417
f 3418/720/3418 2849/143/2849 2770/73/2770
f 2770/73/2770 3417/719/3417 3418/720/3418
f 3419/721/3419 2843/142/2843 2849/143/2849
f 2849/143/2849 3418/720/3418 3419/721/3419
s 2
f 3432/744/3432 3488/800/3488 3428/738/3428
f 3428/738/3428 3490/802/3490 3432/744/3432
f 3432/744/3432 3489/801/3489 3391/693/3391
f 3391/693/3391 3488/800/3488 3432/744/3432
f 3432/744/3432 3490/802/3490 3379/681/3379
f 3379/681/3379 3489/801/3489 3432/744/3432
f 3433/745/3433 3491/804/3491 2776/80/2776
f 2776/80/2776 3493/806/3493 3433/745/3433
f 3433/745/3433 3492/805/3492 3392/694/3392
f 3392/694/3392 3491/804/3491 3433/745/3433
f 3433/745/3433 3489/801/3489 3379/681/3379
f 3379/681/3379 3492/805/3492 3433/745/3433
f 3433/745/3433 3493/806/3493 3391/693/3391
f 3391/693/3391 3489/801/3489 3433/745/3433
f 3434/746/3434 3585/917/3585 3427/735/3427
f 3427/735/3427 3494/807/3494 3434/746/3434
f 3434/746/3434 3490/803/3490 3428/737/3428
f 3428/737/3428 3585/917/3585 3434/746/3434
f 3434/746/3434 3494/807/3494 3379/681/3379
f 3379/681/3379 3490/803/3490 3434/746/3434
f 3435/747/3435 3495/809/3495 3392/694/3392
f 3392/694/3392 3492/805/3492 3435/747/3435
f 3435/747/3435 3494/808/3494 3427/736/3427
f 3427/736/3427 3495/809/3495 3435/747/3435
f 3435/747/3435 3492/805/3492 3379/681/3379
f 3379/681/3379 3494/808/3494 3435/747/3435
f 3436/748/3436 3496/810/3496 3424/731/3424
f 3424/731/3424 3498/812/3498 3436/748/3436
f 3436/748/3436 3497/811/3497 3393/695/3393
f 3393/695/3393 3496/810/3496 3436/748/3436
f 3436/748/3436 3498/812/3498 3380/682/3380
f 3380/682/3380 3497/811/3497 3436/748/3436
f 3437/749/3437 3499/814/3499 2779/82/2779
f 2779/82/2779 3501/816/3501 3437/749/3437
f 3437/749/3437 3500/815/3500 3394/696/3394
f 3394/696/3394 3499/814/3499 3437/749/3437
f 3437/749/3437 3497/811/3497 3380/682/3380
f 3380/682/3380 3500/815/3500 3437/749/3437
f 3437/749/3437 3501/816/3501 3393/695/3393
f 3393/695/3393 3497/811/3497 3437/749/3437
f 3438/750/3438 3581/913/3581 3423/728/3423
f 3423/728/3423 3502/817/3502 3438/750/3438
f 3438/750/3438 3498/813/3498 3424/730/3424
f 3424/730/3424 3581/913/3581 3438/750/3438
f 3438/750/3438 3502/817/3502 3380/682/3380
f 3380/682/3380 3498/813/3498 3438/750/3438
f 3439/751/3439 3503/819/3503 3394/696/3394
f 3394/696/3394 3500/815/3500 3439/751/3439
f 3439/751/3439 3502/818/3502 3423/729/3423
f 3423/729/3423 3503/819/3503 3439/751/3439
f 3439/751/3439 3500/815/3500 3380/682/3380
f 3380/682/3380 3502/818/3502 3439/751/3439
f 3440/752/3440 3504/820/3504 3420/723/3420
f 3420/723/3420 3506/822/3506 3440/752/3440
f 3440/752/3440 3505/821/3505 3395/697/3395
f 3395/697/3395 3504/820/3504 3440/752/3440
f 3440/752/3440 3506/822/3506 3381/683/3381
f 3381/683/3381 3505/821/3505 3440/752/3440
f 3441/753/3441 3507/824/3507 2850/144/2850
f 2850/144/2850 3509/826/3509 3441/753/3441
f 3441/753/3441 3508/825/3508 3396/698/3396
f 3396/698/3396 3507/824/3507 3441/753/3441
f 3441/753/3441 3505/821/3505 3381/683/3381
f 3381/683/3381 3508/825/3508 3441/753/3441
f 3441/753/3441 3509/826/3509 3395/697/3395
f 3395/697/3395 3505/821/3505 3441/753/3441
f 3442/754/3442 3588/920/3588 3430/741/3430
f 3430/741/3430 3511/828/3511 3442/754/3442
f 3442/754/3442 3510/827/3510 3431/743/3431
f 3431/743/3431 3588/920/3588 3442/754/3442
f 3442/754/3442 3511/828/3511 3381/683/3381
f 3381/683/3381 3510/827/3510 3442/754/3442
f 3443/755/3443 3512/830/3512 3396/698/3396
f 3396/698/3396 3508/825/3508 3443/755/3443
f 3443/755/3443 3511/829/3511 3430/742/3430
f 3430/742/3430 3512/830/3512 3443/755/3443
f 3443/755/3443 3508/825/3508 3381/683/3381
f 3381/683/3381 3511/829/3511 3443/755/3443
f 3444/756/3444 3589/921/3589 3431/743/3431
f 3431/743/3431 3510/827/3510 3444/756/3444
f 3444/756/3444 3506/823/3506 3420/722/3420
f 3420/722/3420 3589/921/3589 3444/756/3444
f 3444/756/3444 3510/827/3510 3381/683/3381
f 3381/683/3381 3506/823/3506 3444/756/3444
f 3445/757/3445 3509/826/3509 2850/144/2850
f 2850/144/2850 3515/833/3515 3445/757/3445
f 3445/757/3445 3513/831/3513 3395/697/3395
f 3395/697/3395 3509/826/3509 3445/757/3445
f 3445/757/3445 3514/832/3514 3382/684/3382
f 3382/684/3382 3513/831/3513 3445/757/3445
f 3445/757/3445 3515/833/3515 3398/700/3398
f 3398/700/3398 3514/832/3514 3445/757/3445
f 3446/758/3446 3578/910/3578 3420/722/3420
f 3420/722/3420 3517/836/3517 3446/758/3446
f 3446/758/3446 3516/834/3516 3421/724/3421
f 3421/724/3421 3578/910/3578 3446/758/3446
f 3446/758/3446 3517/836/3517 3382/684/3382
f 3382/684/3382 3516/834/3516 3446/758/3446
f 3447/759/3447 3504/820/3504 3395/697/3395
f 3395/697/3395 3513/831/3513 3447/759/3447
f 3447/759/3447 3517/837/3517 3420/723/3420
f 3420/723/3420 3504/820/3504 3447/759/3447
f 3447/759/3447 3513/831/3513 3382/684/3382
f 3382/684/3382 3517/837/3517 3447/759/3447
f 3448/760/3448 3518/838/3518 3421/725/3421
f 3421/725/3421 3516/835/3516 3448/760/3448
f 3448/760/3448 3519/839/3519 3397/699/3397
f 3397/699/3397 3518/838/3518 3448/760/3448
f 3448/760/3448 3516/835/3516 3382/684/3382
f 3382/684/3382 3519/839/3519 3448/760/3448
f 3449/761/3449 3520/840/3520 2853/150/2853
f 2853/150/2853 3521/841/3521 3449/761/3449
f 3449/761/3449 3514/832/3514 3398/700/3398
f 3398/700/3398 3520/840/3520 3449/761/3449
f 3449/761/3449 3519/839/3519 3382/684/3382
f 3382/684/3382 3514/832/3514 3449/761/3449
f 3449/761/3449 3521/841/3521 3397/699/3397
f 3397/699/3397 3519/839/3519 3449/761/3449
f 3450/762/3450 3522/842/3522 2850/144/2850
f 2850/144/2850 3507/824/3507 3450/762/3450
f 3450/762/3450 3523/843/3523 3399/701/3399
f 3399/701/3399 3522/842/3522 3450/762/3450
f 3450/762/3450 3524/844/3524 3383/685/3383
f 3383/685/3383 3523/843/3523 3450/762/3450
f 3450/762/3450 3507/824/3507 3396/698/3396
f 3396/698/3396 3524/844/3524 3450/762/3450
f 3451/763/3451 3525/845/3525 2854/151/2854
f 2854/151/2854 3527/847/3527 3451/763/3451
f 3451/763/3451 3526/846/3526 3400/702/3400
f 3400/702/3400 3525/845/3525 3451/763/3451
f 3451/763/3451 3523/843/3523 3383/685/3383
f 3383/685/3383 3526/846/3526 3451/763/3451
f 3451/763/3451 3527/847/3527 3399/701/3399
f 3399/701/3399 3523/843/3523 3451/763/3451
f 3452/764/3452 3587/919/3587 3429/739/3429
f 3429/739/3429 3529/850/3529 3452/764/3452
f 3452/764/3452 3528/848/3528 3430/741/3430
f 3430/741/3430 3587/919/3587 3452/764/3452
f 3452/764/3452 3529/850/3529 3383/685/3383
f 3383/685/3383 3528/848/3528 3452/764/3452
f 3453/765/3453 3530/852/3530 3400/702/3400
f 3400/702/3400 3526/846/3526 3453/765/3453
f 3453/765/3453 3529/851/3529 3429/740/3429
f 3429/740/3429 3530/852/3530 3453/765/3453
f 3453/765/3453 3526/846/3526 3383/685/3383
f 3383/685/3383 3529/851/3529 3453/765/3453
f 3454/766/3454 3512/830/3512 3430/742/3430
f 3430/742/3430 3528/849/3528 3454/766/3454
f 3454/766/3454 3524/844/3524 3396/698/3396
f 3396/698/3396 3512/830/3512 3454/766/3454
f 3454/766/3454 3528/849/3528 3383/685/3383
f 3383/685/3383 3524/844/3524 3454/766/3454
f 3455/767/3455 3586/918/3586 3428/737/3428
f 3428/737/3428 3532/855/3532 3455/767/3455
f 3455/767/3455 3531/853/3531 3429/739/3429
f 3429/739/3429 3586/918/3586 3455/767/3455
f 3455/767/3455 3532/855/3532 3384/686/3384
f 3384/686/3384 3531/853/3531 3455/767/3455
f 3456/768/3456 3488/800/3488 3391/693/3391
f 3391/693/3391 3533/857/3533 3456/768/3456
f 3456/768/3456 3532/856/3532 3428/738/3428
f 3428/738/3428 3488/800/3488 3456/768/3456
f 3456/768/3456 3533/857/3533 3384/686/3384
f 3384/686/3384 3532/856/3532 3456/768/3456
f 3457/769/3457 3530/852/3530 3429/740/3429
f 3429/740/3429 3531/854/3531 3457/769/3457
f 3457/769/3457 3534/858/3534 3400/702/3400
f 3400/702/3400 3530/852/3530 3457/769/3457
f 3457/769/3457 3531/854/3531 3384/686/3384
f 3384/686/3384 3534/858/3534 3457/769/3457
f 3458/770/3458 3535/859/3535 2854/151/2854
f 2854/151/2854 3525/845/3525 3458/770/3458
f 3458/770/3458 3536/860/3536 3401/703/3401
f 3401/703/3401 3535/859/3535 3458/770/3458
f 3458/770/3458 3534/858/3534 3384/686/3384
f 3384/686/3384 3536/860/3536 3458/770/3458
f 3458/770/3458 3525/845/3525 3400/702/3400
f 3400/702/3400 3534/858/3534 3458/770/3458
f 3459/771/3459 3493/806/3493 2776/80/2776
f 2776/80/2776 3537/861/3537 3459/771/3459
f 3459/771/3459 3533/857/3533 3391/693/3391
f 3391/693/3391 3493/806/3493 3459/771/3459
f 3459/771/3459 3536/860/3536 3384/686/3384
f 3384/686/3384 3533/857/3533 3459/771/3459
f 3459/771/3459 3537/861/3537 3401/703/3401
f 3401/703/3401 3536/860/3536 3459/771/3459
f 3460/772/3460 3579/911/3579 3421/724/3421
f 3421/724/3421 3539/864/3539 3460/772/3460
f 3460/772/3460 3538/862/3538 3422/726/3422
f 3422/726/3422 3579/911/3579 3460/772/3460
f 3460/772/3460 3539/864/3539 3385/687/3385
f 3385/687/3385 3538/862/3538 3460/772/3460
f 3461/773/3461 3518/838/3518 3397/699/3397
f 3397/699/3397 3540/866/3540 3461/773/3461
f 3461/773/3461 3539/865/3539 3421/725/3421
f 3421/725/3421 3518/838/3518 3461/773/3461
f 3461/773/3461 3540/866/3540 3385/687/3385
f 3385/687/3385 3539/865/3539 3461/773/3461
f 3462/774/3462 3541/867/3541 3422/727/3422
f 3422/727/3422 3538/863/3538 3462/774/3462
f 3462/774/3462 3542/868/3542 3402/704/3402
f 3402/704/3402 3541/867/3541 3462/774/3462
f 3462/774/3462 3538/863/3538 3385/687/3385
f 3385/687/3385 3542/868/3542 3462/774/3462
f 3463/775/3463 3543/869/3543 2864/166/2864
f 2864/166/2864 3545/871/3545 3463/775/3463
f 3463/775/3463 3544/870/3544 3403/705/3403
f 3403/705/3403 3543/869/3543 3463/775/3463
f 3463/775/3463 3542/868/3542 3385/687/3385
f 3385/687/3385 3544/870/3544 3463/775/3463
f 3463/775/3463 3545/871/3545 3402/704/3402
f 3402/704/3402 3542/868/3542 3463/775/3463
f 3464/776/3464 3521/841/3521 2853/150/2853
f 2853/150/2853 3546/872/3546 3464/776/3464
f 3464/776/3464 3540/866/3540 3397/699/3397
f 3397/699/3397 3521/841/3521 3464/776/3464
f 3464/776/3464 3544/870/3544 3385/687/3385
f 3385/687/3385 3540/866/3540 3464/776/3464
f 3464/776/3464 3546/872/3546 3403/705/3403
f 3403/705/3403 3544/870/3544 3464/776/3464
f 3465/777/3465 3547/873/3547 2779/82/2779
f 2779/82/2779 3499/814/3499 3465/777/3465
f 3465/777/3465 3548/874/3548 3404/706/3404
f 3404/706/3404 3547/873/3547 3465/777/3465
f 3465/777/3465 3549/875/3549 3386/688/3386
f 3386/688/3386 3548/874/3548 3465/777/3465
f 3465/777/3465 3499/814/3499 3394/696/3394
f 3394/696/3394 3549/875/3549 3465/777/3465
f 3466/778/3466 3545/871/3545 2864/166/2864
f 2864/166/2864 3551/877/3551 3466/778/3466
f 3466/778/3466 3550/876/3550 3402/704/3402
f 3402/704/3402 3545/871/3545 3466/778/3466
f 3466/778/3466 3548/874/3548 3386/688/3386
f 3386/688/3386 3550/876/3550 3466/778/3466
f 3466/778/3466 3551/877/3551 3404/706/3404
f 3404/706/3404 3548/874/3548 3466/778/3466
f 3467/779/3467 3580/912/3580 3422/726/3422
f 3422/726/3422 3553/880/3553 3467/779/3467
f 3467/779/3467 3552/878/3552 3423/728/3423
f 3423/728/3423 3580/912/3580 3467/779/3467
f 3467/779/3467 3553/880/3553 3386/688/3386
f 3386/688/3386 3552/878/3552 3467/779/3467
f 3468/780/3468 3541/867/3541 3402/704/3402
f 3402/704/3402 3550/876/3550 3468/780/3468
f 3468/780/3468 3553/881/3553 3422/727/3422
f 3422/727/3422 3541/867/3541 3468/780/3468
f 3468/780/3468 3550/876/3550 3386/688/3386
f 3386/688/3386 3553/881/3553 3468/780/3468
f 3469/781/3469 3503/819/3503 3423/729/3423
f 3423/729/3423 3552/879/3552 3469/781/3469
f 3469/781/3469 3549/875/3549 3394/696/3394
f 3394/696/3394 3503/819/3503 3469/781/3469
f 3469/781/3469 3552/879/3552 3386/688/3386
f 3386/688/3386 3549/875/3549 3469/781/3469
f 3470/782/3470 3501/816/3501 2779/82/2779
f 2779/82/2779 3556/884/3556 3470/782/3470
f 3470/782/3470 3554/882/3554 3393/695/3393
f 3393/695/3393 3501/816/3501 3470/782/3470
f 3470/782/3470 3555/883/3555 3387/689/3387
f 3387/689/3387 3554/882/3554 3470/782/3470
f 3470/782/3470 3556/884/3556 3405/707/3405
f 3405/707/3405 3555/883/3555 3470/782/3470
f 3471/783/3471 3582/914/3582 3424/730/3424
f 3424/730/3424 3558/886/3558 3471/783/3471
f 3471/783/3471 3557/885/3557 3425/732/3425
f 3425/732/3425 3582/914/3582 3471/783/3471
f 3471/783/3471 3558/886/3558 3387/689/3387
f 3387/689/3387 3557/885/3557 3471/783/3471
f 3472/784/3472 3496/810/3496 3393/695/3393
f 3393/695/3393 3554/882/3554 3472/784/3472
f 3472/784/3472 3558/887/3558 3424/731/3424
f 3424/731/3424 3496/810/3496 3472/784/3472
f 3472/784/3472 3554/882/3554 3387/689/3387
f 3387/689/3387 3558/887/3558 3472/784/3472
f 3473/785/3473 3583/915/3583 3425/732/3425
f 3425/732/3425 3557/885/3557 3473/785/3473
f 3473/785/3473 3559/888/3559 3426/733/3426
f 3426/733/3426 3583/915/3583 3473/785/3473
f 3473/785/3473 3557/885/3557 3387/689/3387
f 3387/689/3387 3559/888/3559 3473/785/3473
f 3474/786/3474 3560/890/3560 3426/734/3426
f 3426/734/3426 3559/889/3559 3474/786/3474
f 3474/786/3474 3555/883/3555 3405/707/3405
f 3405/707/3405 3560/890/3560 3474/786/3474
f 3474/786/3474 3559/889/3559 3387/689/3387
f 3387/689/3387 3555/883/3555 3474/786/3474
f 3475/787/3475 3584/916/3584 3426/733/3426
f 3426/733/3426 3562/893/3562 3475/787/3475
f 3475/787/3475 3561/891/3561 3427/735/3427
f 3427/735/3427 3584/916/3584 3475/787/3475
f 3475/787/3475 3562/893/3562 3388/690/3388
f 3388/690/3388 3561/891/3561 3475/787/3475
f 3476/788/3476 3560/890/3560 3405/707/3405
f 3405/707/3405 3563/895/3563 3476/788/3476
f 3476/788/3476 3562/894/3562 3426/734/3426
f 3426/734/3426 3560/890/3560 3476/788/3476
f 3476/788/3476 3563/895/3563 3388/690/3388
f 3388/690/3388 3562/894/3562 3476/788/3476
f 3477/789/3477 3495/809/3495 3427/736/3427
f 3427/736/3427 3561/892/3561 3477/789/3477
f 3477/789/3477 3564/896/3564 3392/694/3392
f 3392/694/3392 3495/809/3495 3477/789/3477
f 3477/789/3477 3561/892/3561 3388/690/3388
f 3388/690/3388 3564/896/3564 3477/789/3477
f 3478/790/3478 3565/897/3565 2776/80/2776
f 2776/80/2776 3491/804/3491 3478/790/3478
f 3478/790/3478 3566/898/3566 3406/708/3406
f 3406/708/3406 3565/897/3565 3478/790/3478
f 3478/790/3478 3564/896/3564 3388/690/3388
f 3388/690/3388 3566/898/3566 3478/790/3478
f 3478/790/3478 3491/804/3491 3392/694/3392
f 3392/694/3392 3564/896/3564 3478/790/3478
f 3479/791/3479 3556/884/3556 2779/82/2779
f 2779/82/2779 3567/899/3567 3479/791/3479
f 3479/791/3479 3563/895/3563 3405/707/3405
f 3405/707/3405 3556/884/3556 3479/791/3479
f 3479/791/3479 3566/898/3566 3388/690/3388
f 3388/690/3388 3563/895/3563 3479/791/3479
f 3479/791/3479 3567/899/3567 3406/708/3406
f 3406/708/3406 3566/898/3566 3479/791/3479
f 3480/792/3480 3515/833/3515 2850/144/2850
f 2850/144/2850 3522/842/3522 3480/792/3480
f 3480/792/3480 3568/900/3568 3398/700/3398
f 3398/700/3398 3515/833/3515 3480/792/3480
f 3480/792/3480 3569/901/3569 3389/691/3389
f 3389/691/3389 3568/900/3568 3480/792/3480
f 3480/792/3480 3522/842/3522 3399/701/3399
f 3399/701/3399 3569/901/3569 3480/792/3480
f 3481/793/3481 3546/872/3546 2853/150/2853
f 2853/150/2853 3520/840/3520 3481/793/3481
f 3481/793/3481 3570/902/3570 3403/705/3403
f 3403/705/3403 3546/872/3546 3481/793/3481
f 3481/793/3481 3568/900/3568 3389/691/3389
f 3389/691/3389 3570/902/3570 3481/793/3481
f 3481/793/3481 3520/840/3520 3398/700/3398
f 3398/700/3398 3568/900/3568 3481/793/3481
f 3482/794/3482 3571/903/3571 2864/166/2864
f 2864/166/2864 3543/869/3543 3482/794/3482
f 3482/794/3482 3572/904/3572 3407/709/3407
f 3407/709/3407 3571/903/3571 3482/794/3482
f 3482/794/3482 3570/902/3570 3389/691/3389
f 3389/691/3389 3572/904/3572 3482/794/3482
f 3482/794/3482 3543/869/3543 3403/705/3403
f 3403/705/3403 3570/902/3570 3482/794/3482
f 3483/795/3483 3527/847/3527 2854/151/2854
f 2854/151/2854 3573/905/3573 3483/795/3483
f 3483/795/3483 3569/901/3569 3399/701/3399
f 3399/701/3399 3527/847/3527 3483/795/3483
f 3483/795/3483 3572/904/3572 3389/691/3389
f 3389/691/3389 3569/901/3569 3483/795/3483
f 3483/795/3483 3573/905/3573 3407/709/3407
f 3407/709/3407 3572/904/3572 3483/795/3483
f 3484/796/3484 3551/877/3551 2864/166/2864
f 2864/166/2864 3571/903/3571 3484/796/3484
f 3484/796/3484 3574/906/3574 3404/706/3404
f 3404/706/3404 3551/877/3551 3484/796/3484
f 3484/796/3484 3575/907/3575 3390/692/3390
f 3390/692/3390 3574/906/3574 3484/796/3484
f 3484/796/3484 3571/903/3571 3407/709/3407
f 3407/709/3407 3575/907/3575 3484/796/3484
f 3485/797/3485 3567/899/3567 2779/82/2779
f 2779/82/2779 3547/873/3547 3485/797/3485
f 3485/797/3485 3576/908/3576 3406/708/3406
f 3406/708/3406 3567/899/3567 3485/797/3485
f 3485/797/3485 3574/906/3574 3390/692/3390
f 3390/692/3390 3576/908/3576 3485/797/3485
f 3485/797/3485 3547/873/3547 3404/706/3404
f 3404/706/3404 3574/906/3574 3485/797/3485
f 3486/798/3486 3537/861/3537 2776/80/2776
f 2776/80/2776 3565/897/3565 3486/798/3486
f 3486/798/3486 3577/909/3577 3401/703/3401
f 3401/703/3401 3537/861/3537 3486/798/3486
f 3486/798/3486 3576/908/3576 3390/692/3390
f 3390/692/3390 3577/909/3577 3486/798/3486
f 3486/798/3486 3565/897/3565 3406/708/3406
f 3406/708/3406 3576/908/3576 3486/798/3486
f 3487/799/3487 3573/905/3573 2854/151/2854
f 2854/151/2854 3535/859/3535 3487/799/3487
f 3487/799/3487 3575/907/3575 3407/709/3407
f 3407/709/3407 3573/905/3573 3487/799/3487
f 3487/799/3487 3577/909/3577 3390/692/3390
f 3390/692/3390 3575/907/3575 3487/799/3487
f 3487/799/3487 3535/859/3535 3401/703/3401
f 3401/703/3401 3577/909/3577 3487/799/3487
f 4046/1398/4046 4045/1397/4045 3637/927/3637
f 3754/1087/3754 4048/1400/4048 4047/1399/4047
f 4047/1399/4047 2793/9/2793 3754/1087/3754
f 4048/1400/4048 3754/1087/3754 3607/942/3607
f 4050/1402/4050 4048/1400/4048 3607/942/3607
f 3978/1330/3978 4050/1402/4050 3607/942/3607
f 3639/972/3639 3755/1088/3755 2793/9/2793
f 2793/9/2793 4047/1399/4047 3639/972/3639
f 3639/972/3639 3756/1089/3756 2801/10/2801
f 2801/10/2801 3755/1088/3755 3639/972/3639
f 3640/973/3640 3757/1090/3757 2801/10/2801
f 2801/10/2801 3756/1089/3756 3640/973/3640
f 3640/973/3640 4053/1405/4053 4052/1404/4052
f 3640/973/3640 4052/1404/4052 2721/11/2721
f 3757/1090/3757 3640/973/3640 2721/11/2721
f 4052/1404/4052 4055/1407/4055 3758/1091/3758
f 3758/1091/3758 2721/11/2721 4052/1404/4052
f 3758/1091/3758 4055/1407/4055 4056/1408/4056
f 4056/1408/4056 2805/12/2805 3758/1091/3758
f 3759/1092/3759 4058/1410/4058 4057/1409/4057
f 4057/1409/4057 2807/13/2807 3759/1092/3759
f 4058/1410/4058 3759/1092/3759 2805/12/2805
f 2805/12/2805 4056/1408/4056 4058/1410/4058
f 4059/1411/4059 3760/1093/3760 2807/13/2807
f 2807/13/2807 4057/1409/4057 4059/1411/4059
f 3760/1093/3760 4059/1411/4059 4060/1412/4060
f 4060/1412/4060 2723/14/2723 3760/1093/3760
f 4061/1413/4061 3761/1094/3761 2723/14/2723
f 2723/14/2723 4060/1412/4060 4061/1413/4061
f 3761/1094/3761 4061/1413/4061 4062/1414/4062
f 4062/1414/4062 2832/19/2832 3761/1094/3761
f 4063/1415/4063 3762/1095/3762 2832/19/2832
f 2832/19/2832 4062/1414/4062 4063/1415/4063
f 3762/1095/3762 4063/1415/4063 4064/1416/4064
f 4064/1416/4064 2833/20/2833 3762/1095/3762
f 4065/1417/4065 3763/1096/3763 2833/20/2833
f 2833/20/2833 4064/1416/4064 4065/1417/4065
f 3763/1096/3763 4065/1417/4065 4066/1418/4066
f 4066/1418/4066 3617/952/3617 3763/1096/3763
f 4067/1419/4067 3986/1338/3986 3617/952/3617
f 3617/952/3617 4066/1418/4066 4067/1419/4067
f 4070/1422/4070 4069/1421/4069 3764/1097/3764
f 3764/1097/3764 2727/28/2727 4070/1422/4070
f 4073/1425/4073 4070/1422/4070 2727/28/2727
f 2727/28/2727 3765/1098/3765 4073/1425/4073
f 3641/974/3641 3766/1099/3766 2734/35/2734
f 2734/35/2734 3768/1101/3768 3641/974/3641
f 3641/974/3641 3767/1100/3767 2736/36/2736
f 2736/36/2736 3766/1099/3766 3641/974/3641
f 3641/974/3641 3768/1101/3768 2735/37/2735
f 2735/37/2735 3767/1100/3767 3641/974/3641
f 3642/975/3642 3769/1102/3769 2737/38/2737
f 2737/38/2737 3771/1104/3771 3642/975/3642
f 3642/975/3642 3770/1103/3770 2739/39/2739
f 2739/39/2739 3769/1102/3769 3642/975/3642
f 3642/975/3642 3771/1104/3771 2738/40/2738
f 2738/40/2738 3770/1103/3770 3642/975/3642
f 3643/976/3643 3772/1105/3772 2741/42/2741
f 2741/42/2741 3774/1107/3774 3643/976/3643
f 3643/976/3643 3773/1106/3773 2740/41/2740
f 2740/41/2740 3772/1105/3772 3643/976/3643
f 3643/976/3643 3774/1107/3774 2742/43/2742
f 2742/43/2742 3773/1106/3773 3643/976/3643
f 3644/977/3644 3775/1108/3775 2743/44/2743
f 2743/44/2743 3777/1110/3777 3644/977/3644
f 3644/977/3644 3776/1109/3776 2742/43/2742
f 2742/43/2742 3775/1108/3775 3644/977/3644
f 3644/977/3644 3777/1110/3777 2744/45/2744
f 2744/45/2744 3776/1109/3776 3644/977/3644
f 3645/978/3645 3778/1111/3778 2743/44/2743
f 2743/44/2743 3780/1113/3780 3645/978/3645
f 3645/978/3645 3779/1112/3779 2746/46/2746
f 2746/46/2746 3778/1111/3778 3645/978/3645
f 3645/978/3645 3780/1113/3780 2745/47/2745
f 2745/47/2745 3779/1112/3779 3645/978/3645
f 3646/979/3646 3781/1114/3781 2747/48/2747
f 2747/48/2747 3783/1116/3783 3646/979/3646
f 3646/979/3646 3782/1115/3782 2749/49/2749
f 2749/49/2749 3781/1114/3781 3646/979/3646
f 3646/979/3646 3783/1116/3783 2748/50/2748
f 2748/50/2748 3782/1115/3782 3646/979/3646
f 3647/980/3647 3784/1117/3784 2752/54/2752
f 2752/54/2752 3785/1118/3785 3647/980/3647
f 3647/980/3647 3991/1343/3991 3638/928/3638
f 3638/928/3638 3784/1117/3784 3647/980/3647
f 3647/980/3647 3785/1118/3785 3596/930/3596
f 3596/930/3596 3991/1343/3991 3647/980/3647
f 3648/981/3648 3786/1119/3786 2753/55/2753
f 2753/55/2753 3788/1122/3788 3648/981/3648
f 3648/981/3648 3787/1120/3787 2755/56/2755
f 2755/56/2755 3786/1119/3786 3648/981/3648
f 3648/981/3648 3788/1122/3788 2754/57/2754
f 2754/57/2754 3787/1120/3787 3648/981/3648
f 3649/982/3649 3789/1124/3789 2754/58/2754
f 2754/58/2754 3791/1126/3791 3649/982/3649
f 3649/982/3649 3790/1125/3790 3597/931/3597
f 3597/931/3597 3789/1124/3789 3649/982/3649
f 3649/982/3649 3791/1126/3791 2756/60/2756
f 2756/60/2756 3790/1125/3790 3649/982/3649
f 3650/983/3650 3792/1128/3792 2758/61/2758
f 2758/61/2758 3794/1131/3794 3650/983/3650
f 3650/983/3650 3793/1129/3793 2760/62/2760
f 2760/62/2760 3792/1128/3792 3650/983/3650
f 3650/983/3650 3794/1131/3794 2759/63/2759
f 2759/63/2759 3793/1129/3793 3650/983/3650
f 3651/984/3651 3795/1132/3795 2748/64/2748
f 2748/64/2748 3797/1135/3797 3651/984/3651
f 3651/984/3651 3796/1134/3796 2762/65/2762
f 2762/65/2762 3795/1132/3795 3651/984/3651
f 3651/984/3651 3797/1135/3797 2761/66/2761
f 2761/66/2761 3796/1134/3796 3651/984/3651
f 3652/985/3652 3798/1137/3798 2763/67/2763
f 2763/67/2763 3799/1138/3799 3652/985/3652
f 3652/985/3652 3783/1116/3783 2747/48/2747
f 2747/48/2747 3798/1137/3798 3652/985/3652
f 3652/985/3652 3799/1138/3799 2748/50/2748
f 2748/50/2748 3783/1116/3783 3652/985/3652
f 3653/986/3653 3800/1139/3800 2764/68/2764
f 2764/68/2764 3802/1141/3802 3653/986/3653
f 3653/986/3653 3801/1140/3801 2766/69/2766
f 2766/69/2766 3800/1139/3800 3653/986/3653
f 3653/986/3653 3802/1141/3802 2765/70/2765
f 2765/70/2765 3801/1140/3801 3653/986/3653
f 3654/987/3654 3798/1137/3798 2747/48/2747
f 2747/48/2747 3804/1143/3804 3654/987/3654
f 3654/987/3654 3803/1142/3803 2763/67/2763
f 2763/67/2763 3798/1137/3798 3654/987/3654
f 3654/987/3654 3804/1143/3804 2767/71/2767
f 2767/71/2767 3803/1142/3803 3654/987/3654
f 3655/988/3655 3805/1144/3805 2768/72/2768
f 2768/72/2768 3806/1145/3806 3655/988/3655
f 3655/988/3655 3992/1344/3992 3599/934/3599
f 3599/934/3599 3805/1144/3805 3655/988/3655
f 3655/988/3655 3806/1145/3806 3598/932/3598
f 3598/932/3598 3992/1344/3992 3655/988/3655
f 3656/989/3656 3807/1147/3807 2771/75/2771
f 2771/75/2771 3809/1149/3809 3656/989/3656
f 3656/989/3656 3808/1148/3808 2773/76/2773
f 2773/76/2773 3807/1147/3807 3656/989/3656
f 3656/989/3656 3809/1149/3809 2772/77/2772
f 2772/77/2772 3808/1148/3808 3656/989/3656
f 3657/990/3657 3810/1150/3810 3600/935/3600
f 3600/935/3600 3993/1345/3993 3657/990/3657
f 3657/990/3657 3811/1151/3811 2775/79/2775
f 2775/79/2775 3810/1150/3810 3657/990/3657
f 3657/990/3657 3993/1345/3993 3598/932/3598
f 3598/932/3598 3811/1151/3811 3657/990/3657
f 3658/991/3658 3812/1153/3812 2780/84/2780
f 2780/84/2780 3813/1154/3813 3658/991/3658
f 3658/991/3658 3994/1346/3994 3604/939/3604
f 3604/939/3604 3812/1153/3812 3658/991/3658
f 3658/991/3658 3995/1347/3995 3627/963/3627
f 3627/963/3627 3994/1346/3994 3658/991/3658
f 3658/991/3658 3976/1328/3976 3590/922/3590
f 3590/922/3590 3995/1347/3995 3658/991/3658
f 3658/991/3658 3813/1154/3813 3603/938/3603
f 3603/938/3603 3976/1328/3976 3658/991/3658
f 3659/992/3659 3814/1155/3814 2784/86/2784
f 2784/86/2784 3815/1156/3815 3659/992/3659
f 3659/992/3659 3813/1154/3813 2780/84/2780
f 2780/84/2780 3814/1155/3814 3659/992/3659
f 3659/992/3659 3977/1329/3977 3603/938/3603
f 3603/938/3603 3813/1154/3813 3659/992/3659
f 3659/992/3659 3815/1156/3815 3605/940/3605
f 3605/940/3605 3977/1329/3977 3659/992/3659
f 3660/993/3660 3816/1157/3816 2780/84/2780
f 2780/84/2780 3812/1153/3812 3660/993/3660
f 3660/993/3660 3817/1158/3817 2787/87/2787
f 2787/87/2787 3816/1157/3816 3660/993/3660
f 3660/993/3660 3996/1348/3996 3606/941/3606
f 3606/941/3606 3817/1158/3817 3660/993/3660
f 3660/993/3660 3997/1349/3997 3628/964/3628
f 3628/964/3628 3996/1348/3996 3660/993/3660
f 3660/993/3660 3812/1153/3812 3604/939/3604
f 3604/939/3604 3997/1349/3997 3660/993/3660
f 3661/994/3661 3818/1159/3818 2788/89/2788
f 2788/89/2788 3819/1160/3819 3661/994/3661
f 3661/994/3661 3816/1157/3816 2787/87/2787
f 2787/87/2787 3818/1159/3818 3661/994/3661
f 3661/994/3661 3814/1155/3814 2780/84/2780
f 2780/84/2780 3816/1157/3816 3661/994/3661
f 3661/994/3661 3819/1160/3819 2784/86/2784
f 2784/86/2784 3814/1155/3814 3661/994/3661
f 3662/995/3662 3754/1087/3754 2793/9/2793
f 2793/9/2793 3821/1162/3821 3662/995/3662
f 3662/995/3662 3998/1350/3998 3607/942/3607
f 3607/942/3607 3754/1087/3754 3662/995/3662
f 3662/995/3662 3999/1351/3999 3629/965/3629
f 3629/965/3629 3998/1350/3998 3662/995/3662
f 3662/995/3662 3820/1161/3820 3608/943/3608
f 3608/943/3608 3999/1351/3999 3662/995/3662
f 3662/995/3662 3821/1162/3821 2794/92/2794
f 2794/92/2794 3820/1161/3820 3662/995/3662
f 3663/996/3663 3822/1163/3822 2795/93/2795
f 2795/93/2795 3823/1164/3823 3663/996/3663
f 3663/996/3663 3820/1161/3820 2794/92/2794
f 2794/92/2794 3822/1163/3822 3663/996/3663
f 3663/996/3663 4000/1352/4000 3608/943/3608
f 3608/943/3608 3820/1161/3820 3663/996/3663
f 3663/996/3663 4001/1353/4001 3630/966/3630
f 3630/966/3630 4000/1352/4000 3663/996/3663
f 3663/996/3663 3823/1164/3823 3609/944/3609
f 3609/944/3609 4001/1353/4001 3663/996/3663
f 3664/997/3664 4002/1354/4002 3609/944/3609
f 3609/944/3609 3823/1164/3823 3664/997/3664
f 3664/997/3664 4003/1355/4003 3631/967/3631
f 3631/967/3631 4002/1354/4002 3664/997/3664
f 3664/997/3664 3824/1165/3824 3610/945/3610
f 3610/945/3610 4003/1355/4003 3664/997/3664
f 3664/997/3664 3825/1166/3825 2797/95/2797
f 2797/95/2797 3824/1165/3824 3664/997/3664
f 3664/997/3664 3823/1164/3823 2795/93/2795
f 2795/93/2795 3825/1166/3825 3664/997/3664
f 3665/998/3665 3826/1167/3826 3610/945/3610
f 3610/945/3610 3824/1165/3824 3665/998/3665
f 3665/998/3665 3827/1168/3827 2798/96/2798
f 2798/96/2798 3826/1167/3826 3665/998/3665
f 3665/998/3665 3828/1169/3828 2800/98/2800
f 2800/98/2800 3827/1168/3827 3665/998/3665
f 3665/998/3665 3824/1165/3824 2797/95/2797
f 2797/95/2797 3828/1169/3828 3665/998/3665
f 3666/999/3666 3829/1170/3829 2735/37/2735
f 2735/37/2735 3830/1171/3830 3666/999/3666
f 3666/999/3666 3755/1088/3755 2801/10/2801
f 2801/10/2801 3829/1170/3829 3666/999/3666
f 3666/999/3666 3821/1162/3821 2793/9/2793
f 2793/9/2793 3755/1088/3755 3666/999/3666
f 3666/999/3666 3830/1171/3830 2794/92/2794
f 2794/92/2794 3821/1162/3821 3666/999/3666
f 3667/1000/3667 3768/1101/3768 2734/35/2734
f 2734/35/2734 3831/1172/3831 3667/1000/3667
f 3667/1000/3667 3830/1171/3830 2735/37/2735
f 2735/37/2735 3768/1101/3768 3667/1000/3667
f 3667/1000/3667 3822/1163/3822 2794/92/2794
f 2794/92/2794 3830/1171/3830 3667/1000/3667
f 3667/1000/3667 3831/1172/3831 2795/93/2795
f 2795/93/2795 3822/1163/3822 3667/1000/3667
f 3668/1001/3668 3825/1166/3825 2795/93/2795
f 2795/93/2795 3831/1172/3831 3668/1001/3668
f 3668/1001/3668 3832/1173/3832 2797/95/2797
f 2797/95/2797 3825/1166/3825 3668/1001/3668
f 3668/1001/3668 3833/1174/3833 2802/99/2802
f 2802/99/2802 3832/1173/3832 3668/1001/3668
f 3668/1001/3668 3831/1172/3831 2734/35/2734
f 2734/35/2734 3833/1174/3833 3668/1001/3668
f 3669/1002/3669 3828/1169/3828 2797/95/2797
f 2797/95/2797 3832/1173/3832 3669/1002/3669
f 3669/1002/3669 3834/1175/3834 2800/98/2800
f 2800/98/2800 3828/1169/3828 3669/1002/3669
f 3669/1002/3669 3835/1176/3835 2803/100/2803
f 2803/100/2803 3834/1175/3834 3669/1002/3669
f 3669/1002/3669 3832/1173/3832 2802/99/2802
f 2802/99/2802 3835/1176/3835 3669/1002/3669
f 3670/1003/3670 3829/1170/3829 2801/10/2801
f 2801/10/2801 3757/1090/3757 3670/1003/3670
f 3670/1003/3670 3767/1100/3767 2735/37/2735
f 2735/37/2735 3829/1170/3829 3670/1003/3670
f 3670/1003/3670 3836/1177/3836 2736/36/2736
f 2736/36/2736 3767/1100/3767 3670/1003/3670
f 3670/1003/3670 3757/1090/3757 2721/11/2721
f 2721/11/2721 3836/1177/3836 3670/1003/3670
f 3671/1004/3671 3837/1178/3837 2804/101/2804
f 2804/101/2804 3838/1179/3838 3671/1004/3671
f 3671/1004/3671 3758/1091/3758 2805/12/2805
f 2805/12/2805 3837/1178/3837 3671/1004/3671
f 3671/1004/3671 3836/1177/3836 2721/11/2721
f 2721/11/2721 3758/1091/3758 3671/1004/3671
f 3671/1004/3671 3838/1179/3838 2736/36/2736
f 2736/36/2736 3836/1177/3836 3671/1004/3671
f 3672/1005/3672 3838/1179/3838 2804/101/2804
f 2804/101/2804 3839/1180/3839 3672/1005/3672
f 3672/1005/3672 3766/1099/3766 2736/36/2736
f 2736/36/2736 3838/1179/3838 3672/1005/3672
f 3672/1005/3672 3833/1174/3833 2734/35/2734
f 2734/35/2734 3766/1099/3766 3672/1005/3672
f 3672/1005/3672 3839/1180/3839 2802/99/2802
f 2802/99/2802 3833/1174/3833 3672/1005/3672
f 3673/1006/3673 3835/1176/3835 2802/99/2802
f 2802/99/2802 3839/1180/3839 3673/1006/3673
f 3673/1006/3673 3840/1181/3840 2803/100/2803
f 2803/100/2803 3835/1176/3835 3673/1006/3673
f 3673/1006/3673 3841/1182/3841 2806/102/2806
f 2806/102/2806 3840/1181/3840 3673/1006/3673
f 3673/1006/3673 3839/1180/3839 2804/101/2804
f 2804/101/2804 3841/1182/3841 3673/1006/3673
f 3674/1007/3674 3759/1092/3759 2807/13/2807
f 2807/13/2807 3842/1183/3842 3674/1007/3674
f 3674/1007/3674 3837/1178/3837 2805/12/2805
f 2805/12/2805 3759/1092/3759 3674/1007/3674
f 3674/1007/3674 3841/1182/3841 2804/101/2804
f 2804/101/2804 3837/1178/3837 3674/1007/3674
f 3674/1007/3674 3842/1183/3842 2806/102/2806
f 2806/102/2806 3841/1182/3841 3674/1007/3674
f 3675/1008/3675 3843/1184/3843 2808/103/2808
f 2808/103/2808 3844/1185/3844 3675/1008/3675
f 3675/1008/3675 3760/1093/3760 2723/14/2723
f 2723/14/2723 3843/1184/3843 3675/1008/3675
f 3675/1008/3675 3842/1183/3842 2807/13/2807
f 2807/13/2807 3760/1093/3760 3675/1008/3675
f 3675/1008/3675 3844/1185/3844 2806/102/2806
f 2806/102/2806 3842/1183/3842 3675/1008/3675
f 3676/1009/3676 3844/1185/3844 2808/103/2808
f 2808/103/2808 3846/1187/3846 3676/1009/3676
f 3676/1009/3676 3840/1181/3840 2806/102/2806
f 2806/102/2806 3844/1185/3844 3676/1009/3676
f 3676/1009/3676 3845/1186/3845 2803/100/2803
f 2803/100/2803 3840/1181/3840 3676/1009/3676
f 3676/1009/3676 3846/1187/3846 2809/104/2809
f 2809/104/2809 3845/1186/3845 3676/1009/3676
f 3677/1010/3677 3845/1186/3845 2809/104/2809
f 2809/104/2809 3848/1189/3848 3677/1010/3677
f 3677/1010/3677 3834/1175/3834 2803/100/2803
f 2803/100/2803 3845/1186/3845 3677/1010/3677
f 3677/1010/3677 3847/1188/3847 2800/98/2800
f 2800/98/2800 3834/1175/3834 3677/1010/3677
f 3677/1010/3677 3848/1189/3848 2810/105/2810
f 2810/105/2810 3847/1188/3847 3677/1010/3677
f 3678/1011/3678 3847/1188/3847 2810/105/2810
f 2810/105/2810 3850/1191/3850 3678/1011/3678
f 3678/1011/3678 3827/1168/3827 2800/98/2800
f 2800/98/2800 3847/1188/3847 3678/1011/3678
f 3678/1011/3678 3849/1190/3849 2798/96/2798
f 2798/96/2798 3827/1168/3827 3678/1011/3678
f 3678/1011/3678 3850/1191/3850 2799/97/2799
f 2799/97/2799 3849/1190/3849 3678/1011/3678
f 3679/1012/3679 3851/1192/3851 2738/40/2738
f 2738/40/2738 3852/1193/3852 3679/1012/3679
f 3679/1012/3679 3815/1156/3815 2784/86/2784
f 2784/86/2784 3851/1192/3851 3679/1012/3679
f 3679/1012/3679 3979/1331/3979 3605/940/3605
f 3605/940/3605 3815/1156/3815 3679/1012/3679
f 3679/1012/3679 3852/1193/3852 3591/923/3591
f 3591/923/3591 3979/1331/3979 3679/1012/3679
f 3680/1013/3680 3853/1194/3853 2811/106/2811
f 2811/106/2811 3854/1195/3854 3680/1013/3680
f 3680/1013/3680 3819/1160/3819 2788/89/2788
f 2788/89/2788 3853/1194/3853 3680/1013/3680
f 3680/1013/3680 3851/1192/3851 2784/86/2784
f 2784/86/2784 3819/1160/3819 3680/1013/3680
f 3680/1013/3680 3854/1195/3854 2738/40/2738
f 2738/40/2738 3851/1192/3851 3680/1013/3680
f 3681/1014/3681 3771/1104/3771 2737/38/2737
f 2737/38/2737 3855/1196/3855 3681/1014/3681
f 3681/1014/3681 3852/1193/3852 2738/40/2738
f 2738/40/2738 3771/1104/3771 3681/1014/3681
f 3681/1014/3681 3980/1332/3980 3591/923/3591
f 3591/923/3591 3852/1193/3852 3681/1014/3681
f 3681/1014/3681 3855/1196/3855 3611/946/3611
f 3611/946/3611 3980/1332/3980 3681/1014/3681
f 3682/1015/3682 3856/1197/3856 2813/107/2813
f 2813/107/2813 3857/1198/3857 3682/1015/3682
f 3682/1015/3682 3854/1195/3854 2811/106/2811
f 2811/106/2811 3856/1197/3856 3682/1015/3682
f 3682/1015/3682 3770/1103/3770 2738/40/2738
f 2738/40/2738 3854/1195/3854 3682/1015/3682
f 3682/1015/3682 3857/1198/3857 2739/39/2739
f 2739/39/2739 3770/1103/3770 3682/1015/3682
f 3683/1016/3683 3858/1199/3858 3612/947/3612
f 3612/947/3612 3981/1333/3981 3683/1016/3683
f 3683/1016/3683 3859/1200/3859 2815/108/2815
f 2815/108/2815 3858/1199/3858 3683/1016/3683
f 3683/1016/3683 3855/1196/3855 2737/38/2737
f 2737/38/2737 3859/1200/3859 3683/1016/3683
f 3683/1016/3683 3981/1333/3981 3611/946/3611
f 3611/946/3611 3855/1196/3855 3683/1016/3683
f 3684/1017/3684 3860/1201/3860 2816/109/2816
f 2816/109/2816 3861/1202/3861 3684/1017/3684
f 3684/1017/3684 3858/1199/3858 2815/108/2815
f 2815/108/2815 3860/1201/3860 3684/1017/3684
f 3684/1017/3684 3982/1334/3982 3612/947/3612
f 3612/947/3612 3858/1199/3858 3684/1017/3684
f 3684/1017/3684 3861/1202/3861 3592/924/3592
f 3592/924/3592 3982/1334/3982 3684/1017/3684
f 3685/1018/3685 3862/1203/3862 2818/111/2818
f 2818/111/2818 3864/1205/3864 3685/1018/3685
f 3685/1018/3685 3850/1191/3850 2810/105/2810
f 2810/105/2810 3862/1203/3862 3685/1018/3685
f 3685/1018/3685 3863/1204/3863 2799/97/2799
f 2799/97/2799 3850/1191/3850 3685/1018/3685
f 3685/1018/3685 3864/1205/3864 2817/110/2817
f 2817/110/2817 3863/1204/3863 3685/1018/3685
f 3686/1019/3686 3865/1206/3865 2819/112/2819
f 2819/112/2819 3866/1207/3866 3686/1019/3686
f 3686/1019/3686 3848/1189/3848 2809/104/2809
f 2809/104/2809 3865/1206/3865 3686/1019/3686
f 3686/1019/3686 3862/1203/3862 2810/105/2810
f 2810/105/2810 3848/1189/3848 3686/1019/3686
f 3686/1019/3686 3866/1207/3866 2818/111/2818
f 2818/111/2818 3862/1203/3862 3686/1019/3686
f 3687/1020/3687 3867/1208/3867 2819/112/2819
f 2819/112/2819 3865/1206/3865 3687/1020/3687
f 3687/1020/3687 3868/1209/3868 2820/113/2820
f 2820/113/2820 3867/1208/3867 3687/1020/3687
f 3687/1020/3687 3846/1187/3846 2808/103/2808
f 2808/103/2808 3868/1209/3868 3687/1020/3687
f 3687/1020/3687 3865/1206/3865 2809/104/2809
f 2809/104/2809 3846/1187/3846 3687/1020/3687
f 3688/1021/3688 3869/1210/3869 2821/114/2821
f 2821/114/2821 3871/1212/3871 3688/1021/3688
f 3688/1021/3688 3870/1211/3870 3613/948/3613
f 3613/948/3613 3869/1210/3869 3688/1021/3688
f 3688/1021/3688 3866/1207/3866 2819/112/2819
f 2819/112/2819 3870/1211/3870 3688/1021/3688
f 3688/1021/3688 3871/1212/3871 2818/111/2818
f 2818/111/2818 3866/1207/3866 3688/1021/3688
f 3689/1022/3689 4004/1356/4004 3613/948/3613
f 3613/948/3613 3870/1211/3870 3689/1022/3689
f 3689/1022/3689 3872/1213/3872 3614/949/3614
f 3614/949/3614 4004/1356/4004 3689/1022/3689
f 3689/1022/3689 3867/1208/3867 2820/113/2820
f 2820/113/2820 3872/1213/3872 3689/1022/3689
f 3689/1022/3689 3870/1211/3870 2819/112/2819
f 2819/112/2819 3867/1208/3867 3689/1022/3689
f 3690/1023/3690 3871/1212/3871 2821/114/2821
f 2821/114/2821 3874/1215/3874 3690/1023/3690
f 3690/1023/3690 3864/1205/3864 2818/111/2818
f 2818/111/2818 3871/1212/3871 3690/1023/3690
f 3690/1023/3690 3873/1214/3873 2817/110/2817
f 2817/110/2817 3864/1205/3864 3690/1023/3690
f 3690/1023/3690 3874/1215/3874 2824/117/2824
f 2824/117/2824 3873/1214/3873 3690/1023/3690
f 3691/1024/3691 4005/1357/4005 3615/950/3615
f 3615/950/3615 3876/1217/3876 3691/1024/3691
f 3691/1024/3691 3869/1210/3869 3613/948/3613
f 3613/948/3613 4005/1357/4005 3691/1024/3691
f 3691/1024/3691 3875/1216/3875 2821/114/2821
f 2821/114/2821 3869/1210/3869 3691/1024/3691
f 3691/1024/3691 3876/1217/3876 2826/119/2826
f 2826/119/2826 3875/1216/3875 3691/1024/3691
f 3692/1025/3692 3875/1216/3875 2826/119/2826
f 2826/119/2826 3878/1219/3878 3692/1025/3692
f 3692/1025/3692 3874/1215/3874 2821/114/2821
f 2821/114/2821 3875/1216/3875 3692/1025/3692
f 3692/1025/3692 3877/1218/3877 2824/117/2824
f 2824/117/2824 3874/1215/3874 3692/1025/3692
f 3692/1025/3692 3878/1219/3878 2828/121/2828
f 2828/121/2828 3877/1218/3877 3692/1025/3692
f 3693/1026/3693 3879/1220/3879 2828/121/2828
f 2828/121/2828 3878/1219/3878 3693/1026/3693
f 3693/1026/3693 3880/1221/3880 2830/123/2830
f 2830/123/2830 3879/1220/3879 3693/1026/3693
f 3693/1026/3693 3881/1222/3881 2831/124/2831
f 2831/124/2831 3880/1221/3880 3693/1026/3693
f 3693/1026/3693 3878/1219/3878 2826/119/2826
f 2826/119/2826 3881/1222/3881 3693/1026/3693
f 3694/1027/3694 3882/1223/3882 2820/113/2820
f 2820/113/2820 3868/1209/3868 3694/1027/3694
f 3694/1027/3694 3761/1094/3761 2832/19/2832
f 2832/19/2832 3882/1223/3882 3694/1027/3694
f 3694/1027/3694 3843/1184/3843 2723/14/2723
f 2723/14/2723 3761/1094/3761 3694/1027/3694
f 3694/1027/3694 3868/1209/3868 2808/103/2808
f 2808/103/2808 3843/1184/3843 3694/1027/3694
f 3695/1028/3695 3883/1224/3883 3614/949/3614
f 3614/949/3614 3872/1213/3872 3695/1028/3695
f 3695/1028/3695 3762/1095/3762 2833/20/2833
f 2833/20/2833 3883/1224/3883 3695/1028/3695
f 3695/1028/3695 3882/1223/3882 2832/19/2832
f 2832/19/2832 3762/1095/3762 3695/1028/3695
f 3695/1028/3695 3872/1213/3872 2820/113/2820
f 2820/113/2820 3882/1223/3882 3695/1028/3695
f 3696/1029/3696 4007/1359/4007 3616/951/3616
f 3616/951/3616 4006/1358/4006 3696/1029/3696
f 3696/1029/3696 3763/1096/3763 3617/952/3617
f 3617/952/3617 4007/1359/4007 3696/1029/3696
f 3696/1029/3696 3883/1224/3883 2833/20/2833
f 2833/20/2833 3763/1096/3763 3696/1029/3696
f 3696/1029/3696 4006/1358/4006 3614/949/3614
f 3614/949/3614 3883/1224/3883 3696/1029/3696
f 3697/1030/3697 3884/1225/3884 2744/45/2744
f 2744/45/2744 3887/1228/3887 3697/1030/3697
f 3697/1030/3697 3885/1226/3885 2829/122/2829
f 2829/122/2829 3884/1225/3884 3697/1030/3697
f 3697/1030/3697 3886/1227/3886 2816/109/2816
f 2816/109/2816 3885/1226/3885 3697/1030/3697
f 3697/1030/3697 3887/1228/3887 2835/125/2835
f 2835/125/2835 3886/1227/3886 3697/1030/3697
f 3698/1031/3698 3886/1227/3886 2835/125/2835
f 2835/125/2835 3888/1229/3888 3698/1031/3698
f 3698/1031/3698 3861/1202/3861 2816/109/2816
f 2816/109/2816 3886/1227/3886 3698/1031/3698
f 3698/1031/3698 3983/1335/3983 3592/924/3592
f 3592/924/3592 3861/1202/3861 3698/1031/3698
f 3698/1031/3698 3888/1229/3888 3618/953/3618
f 3618/953/3618 3983/1335/3983 3698/1031/3698
f 3699/1032/3699 3889/1230/3889 2837/126/2837
f 2837/126/2837 3890/1231/3890 3699/1032/3699
f 3699/1032/3699 3888/1229/3888 2835/125/2835
f 2835/125/2835 3889/1230/3889 3699/1032/3699
f 3699/1032/3699 3984/1336/3984 3618/953/3618
f 3618/953/3618 3888/1229/3888 3699/1032/3699
f 3699/1032/3699 3890/1231/3890 3593/925/3593
f 3593/925/3593 3984/1336/3984 3699/1032/3699
f 3700/1033/3700 3891/1232/3891 2837/126/2837
f 2837/126/2837 3889/1230/3889 3700/1033/3700
f 3700/1033/3700 3892/1233/3892 2838/127/2838
f 2838/127/2838 3891/1232/3891 3700/1033/3700
f 3700/1033/3700 3887/1228/3887 2744/45/2744
f 2744/45/2744 3892/1233/3892 3700/1033/3700
f 3700/1033/3700 3889/1230/3889 2835/125/2835
f 2835/125/2835 3887/1228/3887 3700/1033/3700
f 3701/1034/3701 3777/1110/3777 2743/44/2743
f 2743/44/2743 3778/1111/3778 3701/1034/3701
f 3701/1034/3701 3892/1233/3892 2744/45/2744
f 2744/45/2744 3777/1110/3777 3701/1034/3701
f 3701/1034/3701 3893/1234/3893 2838/127/2838
f 2838/127/2838 3892/1233/3892 3701/1034/3701
f 3701/1034/3701 3778/1111/3778 2746/46/2746
f 2746/46/2746 3893/1234/3893 3701/1034/3701
f 3702/1035/3702 3876/1217/3876 3615/950/3615
f 3615/950/3615 4008/1360/4008 3702/1035/3702
f 3702/1035/3702 3881/1222/3881 2826/119/2826
f 2826/119/2826 3876/1217/3876 3702/1035/3702
f 3702/1035/3702 3894/1235/3894 2831/124/2831
f 2831/124/2831 3881/1222/3881 3702/1035/3702
f 3702/1035/3702 4008/1360/4008 3619/954/3619
f 3619/954/3619 3894/1235/3894 3702/1035/3702
f 3703/1036/3703 3895/1236/3895 2840/129/2840
f 2840/129/2840 3897/1238/3897 3703/1036/3703
f 3703/1036/3703 3880/1221/3880 2831/124/2831
f 2831/124/2831 3895/1236/3895 3703/1036/3703
f 3703/1036/3703 3896/1237/3896 2830/123/2830
f 2830/123/2830 3880/1221/3880 3703/1036/3703
f 3703/1036/3703 3897/1238/3897 2841/130/2841
f 2841/130/2841 3896/1237/3896 3703/1036/3703
f 3704/1037/3704 3894/1235/3894 3619/954/3619
f 3619/954/3619 4009/1361/4009 3704/1037/3704
f 3704/1037/3704 3895/1236/3895 2831/124/2831
f 2831/124/2831 3894/1235/3894 3704/1037/3704
f 3704/1037/3704 3898/1239/3898 2840/129/2840
f 2840/129/2840 3895/1236/3895 3704/1037/3704
f 3704/1037/3704 4009/1361/4009 3595/929/3595
f 3595/929/3595 3898/1239/3898 3704/1037/3704
f 3705/1038/3705 3899/1240/3899 2754/131/2754
f 2754/131/2754 3900/1241/3900 3705/1038/3705
f 3705/1038/3705 3890/1231/3890 2837/126/2837
f 2837/126/2837 3899/1240/3899 3705/1038/3705
f 3705/1038/3705 3985/1337/3985 3593/925/3593
f 3593/925/3593 3890/1231/3890 3705/1038/3705
f 3705/1038/3705 3900/1241/3900 3620/955/3620
f 3620/955/3620 3985/1337/3985 3705/1038/3705
f 3706/1039/3706 3791/1127/3791 2754/131/2754
f 2754/131/2754 3899/1240/3899 3706/1039/3706
f 3706/1039/3706 3901/1242/3901 2756/132/2756
f 2756/132/2756 3791/1127/3791 3706/1039/3706
f 3706/1039/3706 3891/1232/3891 2838/127/2838
f 2838/127/2838 3901/1242/3901 3706/1039/3706
f 3706/1039/3706 3899/1240/3899 2837/126/2837
f 2837/126/2837 3891/1232/3891 3706/1039/3706
f 3707/1040/3707 3901/1242/3901 2838/127/2838
f 2838/127/2838 3893/1234/3893 3707/1040/3707
f 3707/1040/3707 3902/1243/3902 2756/132/2756
f 2756/132/2756 3901/1242/3901 3707/1040/3707
f 3707/1040/3707 3903/1244/3903 3621/956/3621
f 3621/956/3621 3902/1243/3902 3707/1040/3707
f 3707/1040/3707 3893/1234/3893 2746/46/2746
f 2746/46/2746 3903/1244/3903 3707/1040/3707
f 3708/1041/3708 3779/1112/3779 2745/47/2745
f 2745/47/2745 3905/1247/3905 3708/1041/3708
f 3708/1041/3708 3903/1244/3903 2746/46/2746
f 2746/46/2746 3779/1112/3779 3708/1041/3708
f 3708/1041/3708 3904/1245/3904 3621/956/3621
f 3621/956/3621 3903/1244/3903 3708/1041/3708
f 3708/1041/3708 3905/1247/3905 2762/133/2762
f 2762/133/2762 3904/1245/3904 3708/1041/3708
f 3709/1042/3709 3906/1248/3906 2749/49/2749
f 2749/49/2749 3908/1250/3908 3709/1042/3709
f 3709/1042/3709 3907/1249/3907 2844/134/2844
f 2844/134/2844 3906/1248/3906 3709/1042/3709
f 3709/1042/3709 3897/1238/3897 2840/129/2840
f 2840/129/2840 3907/1249/3907 3709/1042/3709
f 3709/1042/3709 3908/1250/3908 2841/130/2841
f 2841/130/2841 3897/1238/3897 3709/1042/3709
f 3710/1043/3710 3906/1248/3906 2844/134/2844
f 2844/134/2844 3909/1251/3909 3710/1043/3710
f 3710/1043/3710 3781/1114/3781 2749/49/2749
f 2749/49/2749 3906/1248/3906 3710/1043/3710
f 3710/1043/3710 3804/1143/3804 2747/48/2747
f 2747/48/2747 3781/1114/3781 3710/1043/3710
f 3710/1043/3710 3909/1251/3909 2767/71/2767
f 2767/71/2767 3804/1143/3804 3710/1043/3710
f 3711/1044/3711 3910/1252/3910 2844/134/2844
f 2844/134/2844 3907/1249/3907 3711/1044/3711
f 3711/1044/3711 3990/1342/3990 3596/930/3596
f 3596/930/3596 3910/1252/3910 3711/1044/3711
f 3711/1044/3711 3898/1239/3898 3595/929/3595
f 3595/929/3595 3990/1342/3990 3711/1044/3711
f 3711/1044/3711 3907/1249/3907 2840/129/2840
f 2840/129/2840 3898/1239/3898 3711/1044/3711
f 3712/1045/3712 3785/1118/3785 2752/54/2752
f 2752/54/2752 3911/1253/3911 3712/1045/3712
f 3712/1045/3712 3910/1252/3910 3596/930/3596
f 3596/930/3596 3785/1118/3785 3712/1045/3712
f 3712/1045/3712 3909/1251/3909 2844/134/2844
f 2844/134/2844 3910/1252/3910 3712/1045/3712
f 3712/1045/3712 3911/1253/3911 2767/71/2767
f 2767/71/2767 3909/1251/3909 3712/1045/3712
f 3713/1046/3713 3987/1339/3987 3620/955/3620
f 3620/955/3620 3900/1241/3900 3713/1046/3713
f 3713/1046/3713 3912/1254/3912 3622/958/3622
f 3622/958/3622 3987/1339/3987 3713/1046/3713
f 3713/1046/3713 3788/1123/3788 2753/136/2753
f 2753/136/2753 3912/1254/3912 3713/1046/3713
f 3713/1046/3713 3900/1241/3900 2754/131/2754
f 2754/131/2754 3788/1123/3788 3713/1046/3713
f 3714/1047/3714 3787/1121/3787 2754/58/2754
f 2754/58/2754 3789/1124/3789 3714/1047/3714
f 3714/1047/3714 3913/1255/3913 2755/137/2755
f 2755/137/2755 3787/1121/3787 3714/1047/3714
f 3714/1047/3714 4010/1362/4010 3623/959/3623
f 3623/959/3623 3913/1255/3913 3714/1047/3714
f 3714/1047/3714 3789/1124/3789 3597/931/3597
f 3597/931/3597 4010/1362/4010 3714/1047/3714
f 3715/1048/3715 3915/1257/3915 2759/63/2759
f 2759/63/2759 3914/1256/3914 3715/1048/3715
f 3715/1048/3715 3912/1254/3912 2753/136/2753
f 2753/136/2753 3915/1257/3915 3715/1048/3715
f 3715/1048/3715 3988/1340/3988 3622/958/3622
f 3622/958/3622 3912/1254/3912 3715/1048/3715
f 3716/1049/3716 3786/1119/3786 2755/56/2755
f 2755/56/2755 3917/1260/3917 3716/1049/3716
f 3716/1049/3716 3915/1258/3915 2753/55/2753
f 2753/55/2753 3786/1119/3786 3716/1049/3716
f 3716/1049/3716 3916/1259/3916 2759/139/2759
f 2759/139/2759 3915/1258/3915 3716/1049/3716
f 3716/1049/3716 3917/1260/3917 2848/140/2848
f 2848/140/2848 3916/1259/3916 3716/1049/3716
f 3717/1050/3717 3914/1256/3914 2759/63/2759
f 2759/63/2759 3794/1131/3794 3717/1050/3717
f 3717/1050/3717 3918/1261/3918 2727/28/2727
f 2727/28/2727 3764/1097/3764 3717/1050/3717
f 3717/1050/3717 3794/1131/3794 2758/61/2758
f 2758/61/2758 3918/1261/3918 3717/1050/3717
f 3718/1051/3718 3919/1262/3919 2760/141/2760
f 2760/141/2760 3793/1130/3793 3718/1051/3718
f 3718/1051/3718 3920/1263/3920 2764/68/2764
f 2764/68/2764 3919/1262/3919 3718/1051/3718
f 3718/1051/3718 3916/1259/3916 2848/140/2848
f 2848/140/2848 3920/1263/3920 3718/1051/3718
f 3718/1051/3718 3793/1130/3793 2759/139/2759
f 2759/139/2759 3916/1259/3916 3718/1051/3718
f 3719/1052/3719 3904/1246/3904 2762/65/2762
f 2762/65/2762 3796/1134/3796 3719/1052/3719
f 3719/1052/3719 4011/1363/4011 3621/957/3621
f 3621/957/3621 3904/1246/3904 3719/1052/3719
f 3719/1052/3719 3921/1264/3921 3624/960/3624
f 3624/960/3624 4011/1363/4011 3719/1052/3719
f 3719/1052/3719 3796/1134/3796 2761/66/2761
f 2761/66/2761 3921/1264/3921 3719/1052/3719
f 3720/1053/3720 3797/1136/3797 2748/145/2748
f 2748/145/2748 3924/1267/3924 3720/1053/3720
f 3720/1053/3720 3922/1265/3922 2761/146/2761
f 2761/146/2761 3797/1136/3797 3720/1053/3720
f 3720/1053/3720 3923/1266/3923 2766/69/2766
f 2766/69/2766 3922/1265/3922 3720/1053/3720
f 3720/1053/3720 3924/1267/3924 2851/147/2851
f 2851/147/2851 3923/1266/3923 3720/1053/3720
f 3721/1054/3721 3799/1138/3799 2763/67/2763
f 2763/67/2763 3926/1270/3926 3721/1054/3721
f 3721/1054/3721 3924/1268/3924 2748/50/2748
f 2748/50/2748 3799/1138/3799 3721/1054/3721
f 3721/1054/3721 3925/1269/3925 2851/148/2851
f 2851/148/2851 3924/1268/3924 3721/1054/3721
f 3721/1054/3721 3926/1270/3926 2852/149/2852
f 2852/149/2852 3925/1269/3925 3721/1054/3721
f 3722/1055/3722 3921/1264/3921 2761/66/2761
f 2761/66/2761 3927/1271/3927 3722/1055/3722
f 3722/1055/3722 4012/1364/4012 3624/960/3624
f 3624/960/3624 3921/1264/3921 3722/1055/3722
f 3722/1055/3722 3805/1144/3805 3599/934/3599
f 3599/934/3599 4012/1364/4012 3722/1055/3722
f 3722/1055/3722 3927/1271/3927 2768/72/2768
f 2768/72/2768 3805/1144/3805 3722/1055/3722
f 3723/1056/3723 3801/1140/3801 2765/70/2765
f 2765/70/2765 3928/1273/3928 3723/1056/3723
f 3723/1056/3723 3922/1265/3922 2766/69/2766
f 2766/69/2766 3801/1140/3801 3723/1056/3723
f 3723/1056/3723 3927/1272/3927 2761/146/2761
f 2761/146/2761 3922/1265/3922 3723/1056/3723
f 3723/1056/3723 3928/1273/3928 2768/152/2768
f 2768/152/2768 3927/1272/3927 3723/1056/3723
f 3724/1057/3724 3923/1266/3923 2851/147/2851
f 2851/147/2851 3929/1274/3929 3724/1057/3724
f 3724/1057/3724 3800/1139/3800 2766/69/2766
f 2766/69/2766 3923/1266/3923 3724/1057/3724
f 3724/1057/3724 3919/1262/3919 2764/68/2764
f 2764/68/2764 3800/1139/3800 3724/1057/3724
f 3724/1057/3724 3929/1274/3929 2760/141/2760
f 2760/141/2760 3919/1262/3919 3724/1057/3724
f 3725/1058/3725 3929/1275/3929 2851/148/2851
f 2851/148/2851 3931/1277/3931 3725/1058/3725
f 3725/1058/3725 3792/1128/3792 2760/62/2760
f 2760/62/2760 3929/1275/3929 3725/1058/3725
f 3725/1058/3725 3930/1276/3930 2758/61/2758
f 2758/61/2758 3792/1128/3792 3725/1058/3725
f 3725/1058/3725 3931/1277/3931 2855/153/2855
f 2855/153/2855 3930/1276/3930 3725/1058/3725
f 3726/1059/3726 3925/1269/3925 2852/149/2852
f 2852/149/2852 3933/1279/3933 3726/1059/3726
f 3726/1059/3726 3931/1277/3931 2851/148/2851
f 2851/148/2851 3925/1269/3925 3726/1059/3726
f 3726/1059/3726 3932/1278/3932 2855/153/2855
f 2855/153/2855 3931/1277/3931 3726/1059/3726
f 3726/1059/3726 3933/1279/3933 2856/154/2856
f 2856/154/2856 3932/1278/3932 3726/1059/3726
f 3727/1060/3727 3934/1280/3934 2765/70/2765
f 2765/70/2765 3802/1141/3802 3727/1060/3727
f 3727/1060/3727 3935/1281/3935 2857/155/2857
f 2857/155/2857 3934/1280/3934 3727/1060/3727
f 3727/1060/3727 3920/1263/3920 2848/140/2848
f 2848/140/2848 3935/1281/3935 3727/1060/3727
f 3727/1060/3727 3802/1141/3802 2764/68/2764
f 2764/68/2764 3920/1263/3920 3727/1060/3727
f 3728/1061/3728 3935/1281/3935 2848/140/2848
f 2848/140/2848 3917/1260/3917 3728/1061/3728
f 3728/1061/3728 3936/1282/3936 2857/155/2857
f 2857/155/2857 3935/1281/3935 3728/1061/3728
f 3728/1061/3728 3937/1283/3937 2858/156/2858
f 2858/156/2858 3936/1282/3936 3728/1061/3728
f 3728/1061/3728 3917/1260/3917 2755/56/2755
f 2755/56/2755 3937/1283/3937 3728/1061/3728
f 3729/1062/3729 3930/1276/3930 2855/153/2855
f 2855/153/2855 3938/1285/3938 3729/1062/3729
f 3729/1062/3729 3918/1261/3918 2758/61/2758
f 2758/61/2758 3930/1276/3930 3729/1062/3729
f 3729/1062/3729 3765/1098/3765 2727/28/2727
f 2727/28/2727 3918/1261/3918 3729/1062/3729
f 3730/1063/3730 3939/1286/3939 3594/926/3594
f 3594/926/3594 3989/1341/3989 3730/1063/3730
f 3730/1063/3730 3932/1278/3932 2856/154/2856
f 2856/154/2856 3939/1286/3939 3730/1063/3730
f 3730/1063/3730 3938/1285/3938 2855/153/2855
f 2855/153/2855 3932/1278/3932 3730/1063/3730
f 3731/1064/3731 3806/1146/3806 2768/152/2768
f 2768/152/2768 3928/1273/3928 3731/1064/3731
f 3731/1064/3731 3940/1287/3940 3598/933/3598
f 3598/933/3598 3806/1146/3806 3731/1064/3731
f 3731/1064/3731 3941/1288/3941 2773/76/2773
f 2773/76/2773 3940/1287/3940 3731/1064/3731
f 3731/1064/3731 3928/1273/3928 2765/70/2765
f 2765/70/2765 3941/1288/3941 3731/1064/3731
f 3732/1065/3732 3941/1288/3941 2765/70/2765
f 2765/70/2765 3934/1280/3934 3732/1065/3732
f 3732/1065/3732 3807/1147/3807 2773/76/2773
f 2773/76/2773 3941/1288/3941 3732/1065/3732
f 3732/1065/3732 3942/1289/3942 2771/75/2771
f 2771/75/2771 3807/1147/3807 3732/1065/3732
f 3732/1065/3732 3934/1280/3934 2857/155/2857
f 2857/155/2857 3942/1289/3942 3732/1065/3732
f 3733/1066/3733 3808/1148/3808 2772/77/2772
f 2772/77/2772 3943/1290/3943 3733/1066/3733
f 3733/1066/3733 3940/1287/3940 2773/76/2773
f 2773/76/2773 3808/1148/3808 3733/1066/3733
f 3733/1066/3733 3811/1152/3811 3598/933/3598
f 3598/933/3598 3940/1287/3940 3733/1066/3733
f 3733/1066/3733 3943/1290/3943 2775/157/2775
f 2775/157/2775 3811/1152/3811 3733/1066/3733
f 3734/1067/3734 3943/1291/3943 2772/158/2772
f 2772/158/2772 3944/1292/3944 3734/1067/3734
f 3734/1067/3734 3810/1150/3810 2775/79/2775
f 2775/79/2775 3943/1291/3943 3734/1067/3734
f 3734/1067/3734 4013/1365/4013 3600/935/3600
f 3600/935/3600 3810/1150/3810 3734/1067/3734
f 3734/1067/3734 3944/1292/3944 3625/961/3625
f 3625/961/3625 4013/1365/4013 3734/1067/3734
f 3735/1068/3735 3945/1293/3945 2772/77/2772
f 2772/77/2772 3809/1149/3809 3735/1068/3735
f 3735/1068/3735 3946/1295/3946 2862/160/2862
f 2862/160/2862 3945/1293/3945 3735/1068/3735
f 3735/1068/3735 3947/1297/3947 2861/161/2861
f 2861/161/2861 3946/1295/3946 3735/1068/3735
f 3735/1068/3735 3809/1149/3809 2771/75/2771
f 2771/75/2771 3947/1297/3947 3735/1068/3735
f 3736/1069/3736 3944/1292/3944 2772/158/2772
f 2772/158/2772 3945/1294/3945 3736/1069/3736
f 3736/1069/3736 4014/1366/4014 3625/961/3625
f 3625/961/3625 3944/1292/3944 3736/1069/3736
f 3736/1069/3736 3948/1298/3948 3626/962/3626
f 3626/962/3626 4014/1366/4014 3736/1069/3736
f 3736/1069/3736 3945/1294/3945 2862/163/2862
f 2862/163/2862 3948/1298/3948 3736/1069/3736
f 3737/1070/3737 3942/1289/3942 2857/155/2857
f 2857/155/2857 3936/1282/3936 3737/1070/3737
f 3737/1070/3737 3947/1297/3947 2771/75/2771
f 2771/75/2771 3942/1289/3942 3737/1070/3737
f 3737/1070/3737 3949/1299/3949 2861/161/2861
f 2861/161/2861 3947/1297/3947 3737/1070/3737
f 3737/1070/3737 3936/1282/3936 2858/156/2858
f 2858/156/2858 3949/1299/3949 3737/1070/3737
f 3738/1071/3738 3913/1255/3913 3623/959/3623
f 3623/959/3623 4015/1367/4015 3738/1071/3738
f 3738/1071/3738 3937/1284/3937 2755/137/2755
f 2755/137/2755 3913/1255/3913 3738/1071/3738
f 3738/1071/3738 3950/1301/3950 2858/164/2858
f 2858/164/2858 3937/1284/3937 3738/1071/3738
f 3738/1071/3738 4015/1367/4015 3602/937/3602
f 3602/937/3602 3950/1301/3950 3738/1071/3738
f 3739/1072/3739 3950/1301/3950 3602/937/3602
f 3602/937/3602 4016/1368/4016 3739/1072/3739
f 3739/1072/3739 3949/1300/3949 2858/164/2858
f 2858/164/2858 3950/1301/3950 3739/1072/3739
f 3739/1072/3739 3951/1302/3951 2861/165/2861
f 2861/165/2861 3949/1300/3949 3739/1072/3739
f 3739/1072/3739 4016/1368/4016 3601/936/3601
f 3601/936/3601 3951/1302/3951 3739/1072/3739
f 3740/1073/3740 3948/1298/3948 2862/163/2862
f 2862/163/2862 3946/1296/3946 3740/1073/3740
f 3740/1073/3740 3952/1303/3952 3626/962/3626
f 3626/962/3626 3948/1298/3948 3740/1073/3740
f 3740/1073/3740 3951/1302/3951 3601/936/3601
f 3601/936/3601 3952/1303/3952 3740/1073/3740
f 3740/1073/3740 3946/1296/3946 2861/165/2861
f 2861/165/2861 3951/1302/3951 3740/1073/3740
f 3741/1074/3741 3773/1106/3773 2742/43/2742
f 2742/43/2742 3776/1109/3776 3741/1074/3741
f 3741/1074/3741 3953/1304/3953 2740/41/2740
f 2740/41/2740 3773/1106/3773 3741/1074/3741
f 3741/1074/3741 3884/1225/3884 2829/122/2829
f 2829/122/2829 3953/1304/3953 3741/1074/3741
f 3741/1074/3741 3776/1109/3776 2744/45/2744
f 2744/45/2744 3884/1225/3884 3741/1074/3741
f 3742/1075/3742 3954/1305/3954 2749/49/2749
f 2749/49/2749 3782/1115/3782 3742/1075/3742
f 3742/1075/3742 3905/1247/3905 2745/47/2745
f 2745/47/2745 3954/1305/3954 3742/1075/3742
f 3742/1075/3742 3795/1133/3795 2762/133/2762
f 2762/133/2762 3905/1247/3905 3742/1075/3742
f 3742/1075/3742 3782/1115/3782 2748/50/2748
f 2748/50/2748 3795/1133/3795 3742/1075/3742
s 0
f 3743/1076/3743 3769/1102/3769 2739/39/2739
f 2739/39/2739 3957/1308/3957 3743/1076/3743
f 3743/1076/3743 3955/1306/3955 2737/38/2737
f 2737/38/2737 3769/1102/3769 3743/1076/3743
f 3743/1076/3743 3956/1307/3956 2866/168/2866
f 2866/168/2866 3955/1306/3955 3743/1076/3743
f 3743/1076/3743 3957/1308/3957 2865/167/2865
f 2865/167/2865 3956/1307/3956 3743/1076/3743
f 3744/1077/3744 3859/1200/3859 2737/38/2737
f 2737/38/2737 3955/1306/3955 3744/1077/3744
f 3744/1077/3744 3958/1309/3958 2815/108/2815
f 2815/108/2815 3859/1200/3859 3744/1077/3744
f 3744/1077/3744 3959/1310/3959 2867/169/2867
f 2867/169/2867 3958/1309/3958 3744/1077/3744
f 3744/1077/3744 3955/1306/3955 2866/168/2866
f 2866/168/2866 3959/1310/3959 3744/1077/3744
f 3745/1078/3745 3860/1201/3860 2815/108/2815
f 2815/108/2815 3958/1309/3958 3745/1078/3745
f 3745/1078/3745 3960/1311/3960 2816/109/2816
f 2816/109/2816 3860/1201/3860 3745/1078/3745
f 3745/1078/3745 3961/1312/3961 2868/170/2868
f 2868/170/2868 3960/1311/3960 3745/1078/3745
f 3745/1078/3745 3958/1309/3958 2867/169/2867
f 2867/169/2867 3961/1312/3961 3745/1078/3745
f 3746/1079/3746 3885/1226/3885 2816/109/2816
f 2816/109/2816 3960/1311/3960 3746/1079/3746
f 3746/1079/3746 3962/1313/3962 2829/122/2829
f 2829/122/2829 3885/1226/3885 3746/1079/3746
f 3746/1079/3746 3963/1314/3963 2869/171/2869
f 2869/171/2869 3962/1313/3962 3746/1079/3746
f 3746/1079/3746 3960/1311/3960 2868/170/2868
f 2868/170/2868 3963/1314/3963 3746/1079/3746
f 3747/1080/3747 3953/1304/3953 2829/122/2829
f 2829/122/2829 3962/1313/3962 3747/1080/3747
f 3747/1080/3747 3964/1315/3964 2740/41/2740
f 2740/41/2740 3953/1304/3953 3747/1080/3747
f 3747/1080/3747 3965/1316/3965 2870/172/2870
f 2870/172/2870 3964/1315/3964 3747/1080/3747
f 3747/1080/3747 3962/1313/3962 2869/171/2869
f 2869/171/2869 3965/1316/3965 3747/1080/3747
f 3748/1081/3748 3772/1105/3772 2740/41/2740
f 2740/41/2740 3964/1315/3964 3748/1081/3748
f 3748/1081/3748 3966/1317/3966 2741/42/2741
f 2741/42/2741 3772/1105/3772 3748/1081/3748
f 3748/1081/3748 3967/1318/3967 2871/173/2871
f 2871/173/2871 3966/1317/3966 3748/1081/3748
f 3748/1081/3748 3964/1315/3964 2870/172/2870
f 2870/172/2870 3967/1318/3967 3748/1081/3748
f 3749/1082/3749 3968/1319/3968 2741/42/2741
f 2741/42/2741 3966/1317/3966 3749/1082/3749
f 3749/1082/3749 3969/1320/3969 2813/107/2813
f 2813/107/2813 3968/1319/3968 3749/1082/3749
f 3749/1082/3749 3970/1321/3970 2872/174/2872
f 2872/174/2872 3969/1320/3969 3749/1082/3749
f 3749/1082/3749 3966/1317/3966 2871/173/2871
f 2871/173/2871 3970/1321/3970 3749/1082/3749
f 3750/1083/3750 3857/1198/3857 2813/107/2813
f 2813/107/2813 3969/1320/3969 3750/1083/3750
f 3750/1083/3750 3957/1308/3957 2739/39/2739
f 2739/39/2739 3857/1198/3857 3750/1083/3750
f 3750/1083/3750 3971/1322/3971 2865/167/2865
f 2865/167/2865 3957/1308/3957 3750/1083/3750
f 3750/1083/3750 3969/1320/3969 2872/174/2872
f 2872/174/2872 3971/1322/3971 3750/1083/3750
f 3751/1084/3751 3790/1125/3790 2756/60/2756
f 2756/60/2756 3973/1324/3973 3751/1084/3751
f 3751/1084/3751 4017/1369/4017 3597/931/3597
f 3597/931/3597 3790/1125/3790 3751/1084/3751
f 3751/1084/3751 3972/1323/3972 3632/968/3632
f 3632/968/3632 4017/1369/4017 3751/1084/3751
f 3751/1084/3751 3973/1324/3973 3408/710/3408
f 3408/710/3408 3972/1323/3972 3751/1084/3751
f 3752/1085/3752 3952/1303/3952 3601/936/3601
f 3601/936/3601 4018/1370/4018 3752/1085/3752
f 3752/1085/3752 4019/1371/4019 3626/962/3626
f 3626/962/3626 3952/1303/3952 3752/1085/3752
f 3752/1085/3752 3974/1326/3974 3634/970/3634
f 3634/970/3634 4019/1371/4019 3752/1085/3752
f 3752/1085/3752 4018/1370/4018 3633/969/3633
f 3633/969/3633 3974/1326/3974 3752/1085/3752
f 3753/1086/3753 3902/1243/3902 3621/956/3621
f 3621/956/3621 4020/1372/4020 3753/1086/3753
f 3753/1086/3753 3973/1325/3973 2756/132/2756
f 2756/132/2756 3902/1243/3902 3753/1086/3753
f 3753/1086/3753 3975/1327/3975 3408/710/3408
f 3408/710/3408 3973/1325/3973 3753/1086/3753
f 3753/1086/3753 4020/1372/4020 3635/971/3635
f 3635/971/3635 3975/1327/3975 3753/1086/3753
s 2
f 4022/1374/4022 2729/1/2729 4021/1373/4021
f 2719/3/2719 2781/2/2781 4023/1375/4023
f 4023/1375/4023 4024/1376/4024 2719/3/2719
f 4023/1375/4023 2781/2/2781 2785/5/2785
f 2785/5/2785 4025/1377/4025 4023/1375/4023
f 4025/1377/4025 2785/5/2785 2722/15/2722
f 2722/15/2722 4026/1378/4026 4025/1377/4025
f 4026/1378/4026 2722/15/2722 2812/16/2812
f 2812/16/2812 4027/1379/4027 4026/1378/4026
f 2814/17/2814 2724/18/2724 4029/1381/4029
f 4029/1381/4029 4028/1380/4028 2814/17/2814
f 2724/18/2724 2836/22/2836 4030/1382/4030
f 4030/1382/4030 4029/1381/4029 2724/18/2724
f 4030/1382/4030 2836/22/2836 2725/23/2725
f 2725/23/2725 4031/1383/4031 4030/1382/4030
f 4031/1383/4031 2725/23/2725 2842/24/2842
f 2842/24/2842 4032/1384/4032 4031/1383/4031
f 2873/175/2873 2719/3/2719 4024/1376/4024
f 4024/1376/4024 4038/1390/4038 2873/175/2873
f 2874/176/2874 2783/4/2783 4037/1389/4037
f 4037/1389/4037 4039/1391/4039 2874/176/2874
f 2875/177/2875 2720/6/2720 4040/1392/4040
f 4040/1392/4040 4041/1393/4041 2875/177/2875
f 2876/178/2876 2789/7/2789 4042/1394/4042
f 4042/1394/4042 4044/1396/4044 2876/178/2876
f 4050/1402/4050 3978/1330/3978 4049/1401/4049
f 4051/1403/4051 3756/1089/3756 3639/972/3639
f 4053/1405/4053 3640/973/3640 4054/1406/4054
f 4051/1403/4051 4054/1406/4054 3640/973/3640
f 3640/973/3640 3756/1089/3756 4051/1403/4051
f 4068/1420/4068 3986/1338/3986 4067/1419/4067
f 4071/1423/4071 3764/1097/3764 4069/1421/4069
f 4073/1425/4073 3765/1098/3765 4072/1424/4072
f 3988/1340/3988 3715/1048/3715 3914/1256/3914
f 4075/1427/4075 3988/1340/3988 3914/1256/3914
f 4075/1427/4075 3914/1256/3914 4074/1426/4074
f 3914/1256/3914 3717/1050/3717 3764/1097/3764
f 4074/1426/4074 3914/1256/3914 3764/1097/3764
f 4074/1426/4074 3764/1097/3764 4071/1423/4071
f 3765/1098/3765 3729/1062/3729 3938/1285/3938
f 4072/1424/4072 3765/1098/3765 3938/1285/3938
f 4072/1424/4072 3938/1285/3938 4076/1428/4076
f 4076/1428/4076 3938/1285/3938 3730/1063/3730
f 4076/1428/4076 3730/1063/3730 3989/1341/3989
f 4076/1428/4076 3989/1341/3989 4077/1429/4077
f 4081/1433/4081 4078/1430/4078 4079/1431/4079
f 4079/1431/4079 4080/1432/4080 4081/1433/4081
f 4085/1437/4085 4082/1434/4082 4083/1435/4083
f 4083/1435/4083 4084/1436/4084 4085/1437/4085
f 4087/1439/4087 4086/1438/4086 4085/1437/4085
f 4085/1437/4085 4084/1436/4084 4087/1439/4087
f 4091/1443/4091 4088/1440/4088 4089/1441/4089
f 4089/1441/4089 4090/1442/4090 4091/1443/4091
f 4093/1445/4093 4094/1446/4094 4092/1444/4092
f 4095/1447/4095 4096/1448/4096 4097/1449/4097
f 4097/1449/4097 4098/1450/4098 4095/1447/4095
f 4099/1451/4099 4100/1452/4100 4096/1448/4096
f 4096/1448/4096 4095/1447/4095 4099/1451/4099
f 4092/1444/4092 4094/1446/4094 4100/1452/4100
f 4100/1452/4100 4099/1451/4099 4092/1444/4092
f 4094/1453/4094 4101/1454/4101 4096/1448/4096
f 4096/1448/4096 4100/1452/4100 4094/1453/4094
f 4105/1458/4105 4102/1455/4102 4103/1456/4103
f 4103/1456/4103 4104/1457/4104 4105/1458/4105
f 4109/1462/4109 4106/1459/4106 4107/1460/4107
f 4107/1460/4107 4108/1461/4108 4109/1462/4109
f 4113/1466/4113 4110/1463/4110 4111/1464/4111
f 4111/1464/4111 4112/1465/4112 4113/1466/4113
f 4116/1469/4116 4117/1470/4117 4114/1467/4114
f 4114/1467/4114 4115/1468/4115 4116/1469/4116
f 4120/1473/4120 4121/1474/4121 4118/1471/4118
f 4118/1471/4118 4119/1472/4119 4120/1473/4120
f 4123/1476/4123 4121/1474/4121 4120/1473/4120
f 4120/1473/4120 4122/1475/4122 4123/1476/4123
f 4118/1471/4118 4121/1474/4121 4123/1476/4123
f 4123/1476/4123 4124/1477/4124 4118/1471/4118
f 4123/1476/4123 4126/1479/4126 4125/1478/4125
f 4125/1478/4125 4124/1477/4124 4123/1476/4123
f 4127/1480/4127 4126/1479/4126 4123/1476/4123
f 4123/1476/4123 4122/1475/4122 4127/1480/4127
f 4125/1478/4125 4126/1479/4126 4127/1480/4127
f 4127/1480/4127 4128/1481/4128 4125/1478/4125
f 4131/1484/4131 4132/1485/4132 4129/1482/4129
f 4129/1482/4129 4130/1483/4130 4131/1484/4131
f 4133/1486/4133 4132/1485/4132 4131/1484/4131
f 4131/1484/4131 4119/1472/4119 4133/1486/4133
f 4102/1455/4102 4132/1485/4132 4133/1486/4133
f 4133/1486/4133 4103/1456/4103 4102/1455/4102
f 4129/1482/4129 4132/1485/4132 4102/1455/4102
f 4102/1455/4102 4134/1487/4134 4129/1482/4129
f 4120/1473/4120 4136/1489/4136 4135/1488/4135
f 4135/1488/4135 4122/1475/4122 4120/1473/4120
f 4131/1484/4131 4136/1489/4136 4120/1473/4120
f 4120/1473/4120 4119/1472/4119 4131/1484/4131
f 4137/1490/4137 4136/1489/4136 4131/1484/4131
f 4131/1484/4131 4130/1483/4130 4137/1490/4137
f 4135/1488/4135 4136/1489/4136 4137/1490/4137
f 4137/1490/4137 4138/1491/4138 4135/1488/4135
f 4133/1486/4133 4139/1492/4139 4106/1459/4106
f 4106/1459/4106 4103/1456/4103 4133/1486/4133
f 4118/1471/4118 4139/1492/4139 4133/1486/4133
f 4133/1486/4133 4119/1472/4119 4118/1471/4118
f 4140/1493/4140 4139/1492/4139 4118/1471/4118
f 4118/1471/4118 4124/1477/4124 4140/1493/4140
f 4106/1459/4106 4139/1492/4139 4140/1493/4140
f 4140/1493/4140 4107/1460/4107 4106/1459/4106
f 4141/1494/4141 4142/1495/4142 4125/1478/4125
f 4125/1478/4125 4128/1481/4128 4141/1494/4141
f 4110/1463/4110 4142/1495/4142 4141/1494/4141
f 4141/1494/4141 4111/1464/4111 4110/1463/4110
f 4140/1493/4140 4142/1495/4142 4110/1463/4110
f 4110/1463/4110 4107/1460/4107 4140/1493/4140
f 4125/1478/4125 4142/1495/4142 4140/1493/4140
f 4140/1493/4140 4124/1477/4124 4125/1478/4125
f 4143/1496/4143 4144/1497/4144 4141/1494/4141
f 4141/1494/4141 4128/1481/4128 4143/1496/4143
f 4146/1499/4146 4144/1497/4144 4143/1496/4143
f 4143/1496/4143 4145/1498/4145 4146/1499/4146
f 4114/1467/4114 4144/1497/4144 4146/1499/4146
f 4146/1499/4146 4115/1468/4115 4114/1467/4114
f 4141/1494/4141 4144/1497/4144 4114/1467/4114
f 4114/1467/4114 4111/1464/4111 4141/1494/4141
f 4149/1502/4149 4150/1503/4150 4147/1500/4147
f 4147/1500/4147 4148/1501/4148 4149/1502/4149
f 4143/1496/4143 4150/1503/4150 4149/1502/4149
f 4149/1502/4149 4145/1498/4145 4143/1496/4143
f 4127/1480/4127 4150/1503/4150 4143/1496/4143
f 4143/1496/4143 4128/1481/4128 4127/1480/4127
f 4147/1500/4147 4150/1503/4150 4127/1480/4127
f 4127/1480/4127 4122/1475/4122 4147/1500/4147
f 4147/1500/4147 4152/1505/4152 4151/1504/4151
f 4151/1504/4151 4148/1501/4148 4147/1500/4147
f 4135/1488/4135 4152/1505/4152 4147/1500/4147
f 4147/1500/4147 4122/1475/4122 4135/1488/4135
f 4153/1506/4153 4152/1505/4152 4135/1488/4135
f 4135/1488/4135 4138/1491/4138 4153/1506/4153
f 4151/1504/4151 4152/1505/4152 4153/1506/4153
f 4153/1506/4153 4154/1507/4154 4151/1504/4151
f 4157/1510/4157 4158/1511/4158 4155/1508/4155
f 4155/1508/4155 4156/1509/4156 4157/1510/4157
f 4157/1510/4157 4156/1509/4156 4159/1512/4159
f 4159/1512/4159 4160/1513/4160 4157/1510/4157
f 4157/1510/4157 4160/1513/4160 4161/1514/4161
f 4161/1514/4161 4162/1515/4162 4157/1510/4157
f 4157/1510/4157 4162/1515/4162 4163/1516/4163
f 4163/1516/4163 4158/1511/4158 4157/1510/4157
f 4166/1519/4166 4167/1520/4167 4164/1517/4164
f 4164/1517/4164 4165/1518/4165 4166/1519/4166
f 4166/1519/4166 4165/1518/4165 4168/1521/4168
f 4168/1521/4168 4169/1522/4169 4166/1519/4166
f 4166/1519/4166 4169/1522/4169 4161/1514/4161
f 4161/1514/4161 4160/1513/4160 4166/1519/4166
f 4166/1519/4166 4160/1513/4160 4159/1512/4159
f 4159/1512/4159 4167/1520/4167 4166/1519/4166
f 4172/1525/4172 4173/1526/4173 4170/1523/4170
f 4170/1523/4170 4171/1524/4171 4172/1525/4172
f 4172/1525/4172 4171/1524/4171 4174/1527/4174
f 4174/1527/4174 4175/1528/4175 4172/1525/4172
f 4172/1525/4172 4175/1528/4175 4161/1514/4161
f 4161/1514/4161 4169/1522/4169 4172/1525/4172
f 4172/1525/4172 4169/1522/4169 4168/1521/4168
f 4168/1521/4168 4173/1526/4173 4172/1525/4172
f 4178/1531/4178 4179/1532/4179 4176/1529/4176
f 4176/1529/4176 4177/1530/4177 4178/1531/4178
f 4178/1531/4178 4177/1530/4177 4180/1533/4180
f 4180/1533/4180 4181/1534/4181 4178/1531/4178
f 4178/1531/4178 4181/1534/4181 4161/1514/4161
f 4161/1514/4161 4175/1528/4175 4178/1531/4178
f 4178/1531/4178 4175/1528/4175 4174/1527/4174
f 4174/1527/4174 4179/1532/4179 4178/1531/4178
f 4184/1537/4184 4185/1538/4185 4182/1535/4182
f 4182/1535/4182 4183/1536/4183 4184/1537/4184
f 4184/1537/4184 4183/1536/4183 4163/1516/4163
f 4163/1516/4163 4162/1515/4162 4184/1537/4184
f 4184/1537/4184 4162/1515/4162 4161/1514/4161
f 4161/1514/4161 4181/1534/4181 4184/1537/4184
f 4184/1537/4184 4181/1534/4181 4180/1533/4180
f 4180/1533/4180 4185/1538/4185 4184/1537/4184
f 4188/1541/4188 4189/1542/4189 4186/1539/4186
f 4186/1539/4186 4187/1540/4187 4188/1541/4188
f 4188/1541/4188 4187/1540/4187 4190/1543/4190
f 4190/1543/4190 4191/1544/4191 4188/1541/4188
f 4188/1541/4188 4191/1544/4191 4192/1545/4192
f 4192/1545/4192 4193/1546/4193 4188/1541/4188
f 4188/1541/4188 4193/1546/4193 4194/1547/4194
f 4194/1547/4194 4189/1542/4189 4188/1541/4188
f 4195/1548/4195 4196/1549/4196 4155/1508/4155
f 4155/1508/4155 4158/1511/4158 4195/1548/4195
f 4195/1548/4195 4158/1511/4158 4163/1516/4163
f 4163/1516/4163 4197/1550/4197 4195/1548/4195
f 4195/1548/4195 4197/1550/4197 4192/1545/4192
f 4192/1545/4192 4191/1544/4191 4195/1548/4195
f 4195/1548/4195 4191/1544/4191 4190/1543/4190
f 4190/1543/4190 4196/1549/4196 4195/1548/4195
f 4199/1552/4199 4183/1536/4183 4182/1535/4182
f 4182/1535/4182 4198/1551/4198 4199/1552/4199
f 4199/1552/4199 4198/1551/4198 4200/1553/4200
f 4200/1553/4200 4201/1554/4201 4199/1552/4199
f 4199/1552/4199 4201/1554/4201 4192/1545/4192
f 4192/1545/4192 4197/1550/4197 4199/1552/4199
f 4199/1552/4199 4197/1550/4197 4163/1516/4163
f 4163/1516/4163 4183/1536/4183 4199/1552/4199
f 4204/1557/4204 4205/1558/4205 4202/1555/4202
f 4202/1555/4202 4203/1556/4203 4204/1557/4204
f 4204/1557/4204 4203/1556/4203 4194/1547/4194
f 4194/1547/4194 4193/1546/4193 4204/1557/4204
f 4204/1557/4204 4193/1546/4193 4192/1545/4192
f 4192/1545/4192 4201/1554/4201 4204/1557/4204
f 4204/1557/4204 4201/1554/4201 4200/1553/4200
f 4200/1553/4200 4205/1558/4205 4204/1557/4204
f 4208/1561/4208 4209/1562/4209 4206/1559/4206
f 4206/1559/4206 4207/1560/4207 4208/1561/4208
f 4208/1561/4208 4207/1560/4207 4210/1563/4210
f 4210/1563/4210 4211/1564/4211 4208/1561/4208
f 4208/1561/4208 4211/1564/4211 4212/1565/4212
f 4212/1565/4212 4213/1566/4213 4208/1561/4208
f 4208/1561/4208 4213/1566/4213 4214/1567/4214
f 4214/1567/4214 4209/1562/4209 4208/1561/4208
f 4215/1568/4215 4216/1569/4216 4186/1539/4186
f 4186/1539/4186 4189/1542/4189 4215/1568/4215
f 4215/1568/4215 4189/1542/4189 4194/1547/4194
f 4194/1547/4194 4217/1570/4217 4215/1568/4215
f 4215/1568/4215 4217/1570/4217 4212/1565/4212
f 4212/1565/4212 4211/1564/4211 4215/1568/4215
f 4215/1568/4215 4211/1564/4211 4210/1563/4210
f 4210/1563/4210 4216/1569/4216 4215/1568/4215
f 4219/1572/4219 4203/1556/4203 4202/1555/4202
f 4202/1555/4202 4218/1571/4218 4219/1572/4219
f 4219/1572/4219 4218/1571/4218 4220/1573/4220
f 4220/1573/4220 4221/1574/4221 4219/1572/4219
f 4219/1572/4219 4221/1574/4221 4212/1565/4212
f 4212/1565/4212 4217/1570/4217 4219/1572/4219
f 4219/1572/4219 4217/1570/4217 4194/1547/4194
f 4194/1547/4194 4203/1556/4203 4219/1572/4219
f 4224/1577/4224 4225/1578/4225 4222/1575/4222
f 4222/1575/4222 4223/1576/4223 4224/1577/4224
f 4224/1577/4224 4223/1576/4223 4214/1567/4214
f 4214/1567/4214 4213/1566/4213 4224/1577/4224
f 4224/1577/4224 4213/1566/4213 4212/1565/4212
f 4212/1565/4212 4221/1574/4221 4224/1577/4224
f 4224/1577/4224 4221/1574/4221 4220/1573/4220
f 4220/1573/4220 4225/1578/4225 4224/1577/4224
f 4228/1581/4228 4229/1582/4229 4226/1579/4226
f 4226/1579/4226 4227/1580/4227 4228/1581/4228
f 4228/1581/4228 4227/1580/4227 4230/1583/4230
f 4230/1583/4230 4231/1584/4231 4228/1581/4228
f 4228/1581/4228 4231/1584/4231 4232/1585/4232
f 4232/1585/4232 4233/1586/4233 4228/1581/4228
f 4228/1581/4228 4233/1586/4233 4234/1587/4234
f 4234/1587/4234 4229/1582/4229 4228/1581/4228
f 4235/1588/4235 4236/1589/4236 4206/1559/4206
f 4206/1559/4206 4209/1562/4209 4235/1588/4235
f 4235/1588/4235 4209/1562/4209 4214/1567/4214
f 4214/1567/4214 4237/1590/4237 4235/1588/4235
f 4235/1588/4235 4237/1590/4237 4232/1585/4232
f 4232/1585/4232 4231/1584/4231 4235/1588/4235
f 4235/1588/4235 4231/1584/4231 4230/1583/4230
f 4230/1583/4230 4236/1589/4236 4235/1588/4235
f 4239/1592/4239 4223/1576/4223 4222/1575/4222
f 4222/1575/4222 4238/1591/4238 4239/1592/4239
f 4239/1592/4239 4238/1591/4238 4240/1593/4240
f 4240/1593/4240 4241/1594/4241 4239/1592/4239
f 4239/1592/4239 4241/1594/4241 4232/1585/4232
f 4232/1585/4232 4237/1590/4237 4239/1592/4239
f 4239/1592/4239 4237/1590/4237 4214/1567/4214
f 4214/1567/4214 4223/1576/4223 4239/1592/4239
f 4244/1597/4244 4245/1598/4245 4242/1595/4242
f 4242/1595/4242 4243/1596/4243 4244/1597/4244
f 4244/1597/4244 4243/1596/4243 4234/1587/4234
f 4234/1587/4234 4233/1586/4233 4244/1597/4244
f 4244/1597/4244 4233/1586/4233 4232/1585/4232
f 4232/1585/4232 4241/1594/4241 4244/1597/4244
f 4244/1597/4244 4241/1594/4241 4240/1593/4240
f 4240/1593/4240 4245/1598/4245 4244/1597/4244
f 4247/1600/4247 4243/1596/4243 4242/1595/4242
f 4242/1595/4242 4246/1599/4246 4247/1600/4247
f 4247/1600/4247 4246/1599/4246 4248/1601/4248
f 4248/1601/4248 4249/1602/4249 4247/1600/4247
f 4247/1600/4247 4249/1602/4249 4250/1603/4250
f 4250/1603/4250 4251/1604/4251 4247/1600/4247
f 4247/1600/4247 4251/1604/4251 4234/1587/4234
f 4234/1587/4234 4243/1596/4243 4247/1600/4247
f 4254/1607/4254 4255/1608/4255 4252/1605/4252
f 4252/1605/4252 4253/1606/4253 4254/1607/4254
f 4254/1607/4254 4253/1606/4253 4256/1609/4256
f 4256/1609/4256 4257/1610/4257 4254/1607/4254
f 4254/1607/4254 4257/1610/4257 4250/1603/4250
f 4250/1603/4250 4249/1602/4249 4254/1607/4254
f 4254/1607/4254 4249/1602/4249 4248/1601/4248
f 4248/1601/4248 4255/1608/4255 4254/1607/4254
f 4260/1613/4260 4261/1614/4261 4258/1611/4258
f 4258/1611/4258 4259/1612/4259 4260/1613/4260
f 4260/1613/4260 4259/1612/4259 4262/1615/4262
f 4262/1615/4262 4263/1616/4263 4260/1613/4260
f 4260/1613/4260 4263/1616/4263 4250/1603/4250
f 4250/1603/4250 4257/1610/4257 4260/1613/4260
f 4260/1613/4260 4257/1610/4257 4256/1609/4256
f 4256/1609/4256 4261/1614/4261 4260/1613/4260
f 4264/1617/4264 4265/1618/4265 4226/1579/4226
f 4226/1579/4226 4229/1582/4229 4264/1617/4264
f 4264/1617/4264 4229/1582/4229 4234/1587/4234
f 4234/1587/4234 4251/1604/4251 4264/1617/4264
f 4264/1617/4264 4251/1604/4251 4250/1603/4250
f 4250/1603/4250 4263/1616/4263 4264/1617/4264
f 4264/1617/4264 4263/1616/4263 4262/1615/4262
f 4262/1615/4262 4265/1618/4265 4264/1617/4264
f 4268/1621/4268 4269/1622/4269 4266/1619/4266
f 4266/1619/4266 4267/1620/4267 4268/1621/4268
f 4268/1621/4268 4267/1620/4267 4270/1623/4270
f 4270/1623/4270 4271/1624/4271 4268/1621/4268
f 4268/1621/4268 4271/1624/4271 4272/1625/4272
f 4272/1625/4272 4273/1626/4273 4268/1621/4268
f 4268/1621/4268 4273/1626/4273 4274/1627/4274
f 4274/1627/4274 4269/1622/4269 4268/1621/4268
f 4275/1628/4275 4276/1629/4276 4258/1611/4258
f 4258/1611/4258 4261/1614/4261 4275/1628/4275
f 4275/1628/4275 4261/1614/4261 4256/1609/4256
f 4256/1609/4256 4277/1630/4277 4275/1628/4275
f 4275/1628/4275 4277/1630/4277 4272/1625/4272
f 4272/1625/4272 4271/1624/4271 4275/1628/4275
f 4275/1628/4275 4271/1624/4271 4270/1623/4270
f 4270/1623/4270 4276/1629/4276 4275/1628/4275
f 4279/1632/4279 4253/1606/4253 4252/1605/4252
f 4252/1605/4252 4278/1631/4278 4279/1632/4279
f 4279/1632/4279 4278/1631/4278 4280/1633/4280
f 4280/1633/4280 4281/1634/4281 4279/1632/4279
f 4279/1632/4279 4281/1634/4281 4272/1625/4272
f 4272/1625/4272 4277/1630/4277 4279/1632/4279
f 4279/1632/4279 4277/1630/4277 4256/1609/4256
f 4256/1609/4256 4253/1606/4253 4279/1632/4279
f 4284/1637/4284 4285/1638/4285 4282/1635/4282
f 4282/1635/4282 4283/1636/4283 4284/1637/4284
f 4284/1637/4284 4283/1636/4283 4274/1627/4274
f 4274/1627/4274 4273/1626/4273 4284/1637/4284
f 4284/1637/4284 4273/1626/4273 4272/1625/4272
f 4272/1625/4272 4281/1634/4281 4284/1637/4284
f 4284/1637/4284 4281/1634/4281 4280/1633/4280
f 4280/1633/4280 4285/1638/4285 4284/1637/4284
f 4288/1641/4288 4289/1642/4289 4286/1639/4286
f 4286/1639/4286 4287/1640/4287 4288/1641/4288
f 4288/1641/4288 4287/1640/4287 4290/1643/4290
f 4290/1643/4290 4291/1644/4291 4288/1641/4288
f 4288/1641/4288 4291/1644/4291 4292/1645/4292
f 4292/1645/4292 4293/1646/4293 4288/1641/4288
f 4288/1641/4288 4293/1646/4293 4294/1647/4294
f 4294/1647/4294 4289/1642/4289 4288/1641/4288
f 4295/1648/4295 4296/1649/4296 4266/1619/4266
f 4266/1619/4266 4269/1622/4269 4295/1648/4295
f 4295/1648/4295 4269/1622/4269 4274/1627/4274
f 4274/1627/4274 4297/1650/4297 4295/1648/4295
f 4295/1648/4295 4297/1650/4297 4292/1645/4292
f 4292/1645/4292 4291/1644/4291 4295/1648/4295
f 4295/1648/4295 4291/1644/4291 4290/1643/4290
f 4290/1643/4290 4296/1649/4296 4295/1648/4295
f 4299/1652/4299 4283/1636/4283 4282/1635/4282
f 4282/1635/4282 4298/1651/4298 4299/1652/4299
f 4299/1652/4299 4298/1651/4298 4300/1653/4300
f 4300/1653/4300 4301/1654/4301 4299/1652/4299
f 4299/1652/4299 4301/1654/4301 4292/1645/4292
f 4292/1645/4292 4297/1650/4297 4299/1652/4299
f 4299/1652/4299 4297/1650/4297 4274/1627/4274
f 4274/1627/4274 4283/1636/4283 4299/1652/4299
f 4304/1657/4304 4305/1658/4305 4302/1655/4302
f 4302/1655/4302 4303/1656/4303 4304/1657/4304
f 4304/1657/4304 4303/1656/4303 4294/1647/4294
f 4294/1647/4294 4293/1646/4293 4304/1657/4304
f 4304/1657/4304 4293/1646/4293 4292/1645/4292
f 4292/1645/4292 4301/1654/4301 4304/1657/4304
f 4304/1657/4304 4301/1654/4301 4300/1653/4300
f 4300/1653/4300 4305/1658/4305 4304/1657/4304
f 4307/1660/4307 4303/1656/4303 4302/1655/4302
f 4302/1655/4302 4306/1659/4306 4307/1660/4307
f 4307/1660/4307 4306/1659/4306 4308/1661/4308
f 4308/1661/4308 4309/1662/4309 4307/1660/4307
f 4307/1660/4307 4309/1662/4309 4310/1663/4310
f 4310/1663/4310 4311/1664/4311 4307/1660/4307
f 4307/1660/4307 4311/1664/4311 4294/1647/4294
f 4294/1647/4294 4303/1656/4303 4307/1660/4307
f 4314/1667/4314 4315/1668/4315 4312/1665/4312
f 4312/1665/4312 4313/1666/4313 4314/1667/4314
f 4314/1667/4314 4313/1666/4313 4316/1669/4316
f 4316/1669/4316 4317/1670/4317 4314/1667/4314
f 4314/1667/4314 4317/1670/4317 4310/1663/4310
f 4310/1663/4310 4309/1662/4309 4314/1667/4314
f 4314/1667/4314 4309/1662/4309 4308/1661/4308
f 4308/1661/4308 4315/1668/4315 4314/1667/4314
f 4320/1673/4320 4321/1674/4321 4318/1671/4318
f 4318/1671/4318 4319/1672/4319 4320/1673/4320
f 4320/1673/4320 4319/1672/4319 4322/1675/4322
f 4322/1675/4322 4323/1676/4323 4320/1673/4320
f 4320/1673/4320 4323/1676/4323 4310/1663/4310
f 4310/1663/4310 4317/1670/4317 4320/1673/4320
f 4320/1673/4320 4317/1670/4317 4316/1669/4316
f 4316/1669/4316 4321/1674/4321 4320/1673/4320
f 4324/1677/4324 4325/1678/4325 4286/1639/4286
f 4286/1639/4286 4289/1642/4289 4324/1677/4324
f 4324/1677/4324 4289/1642/4289 4294/1647/4294
f 4294/1647/4294 4311/1664/4311 4324/1677/4324
f 4324/1677/4324 4311/1664/4311 4310/1663/4310
f 4310/1663/4310 4323/1676/4323 4324/1677/4324
f 4324/1677/4324 4323/1676/4323 4322/1675/4322
f 4322/1675/4322 4325/1678/4325 4324/1677/4324
s 0
f 4328/1681/4328 4329/1682/4329 4326/1679/4326
f 4326/1679/4326 4327/1680/4327 4328/1681/4328
f 4328/1681/4328 4327/1680/4327 4330/1683/4330
f 4330/1683/4330 4331/1684/4331 4328/1681/4328
f 4328/1681/4328 4331/1684/4331 4332/1685/4332
f 4332/1685/4332 4333/1686/4333 4328/1681/4328
f 4328/1681/4328 4333/1686/4333 4334/1687/4334
f 4334/1687/4334 4329/1682/4329 4328/1681/4328
f 4337/1690/4337 4338/1691/4338 4335/1688/4335
f 4335/1688/4335 4336/1689/4336 4337/1690/4337
f 4337/1690/4337 4336/1689/4336 4339/1692/4339
f 4339/1692/4339 4340/1693/4340 4337/1690/4337
f 4337/1690/4337 4340/1693/4340 4332/1685/4332
f 4332/1685/4332 4331/1684/4331 4337/1690/4337
f 4337/1690/4337 4331/1684/4331 4330/1683/4330
f 4330/1683/4330 4338/1691/4338 4337/1690/4337
f 4341/1694/4341 4342/1695/4342 4282/1635/4282
f 4282/1635/4282 4285/1638/4285 4341/1694/4341
f 4341/1694/4341 4285/1638/4285 4280/1633/4280
f 4280/1633/4280 4343/1696/4343 4341/1694/4341
f 4341/1694/4341 4343/1696/4343 4332/1685/4332
f 4332/1685/4332 4340/1693/4340 4341/1694/4341
f 4341/1694/4341 4340/1693/4340 4339/1692/4339
f 4339/1692/4339 4342/1695/4342 4341/1694/4341
f 4345/1698/4345 4278/1631/4278 4252/1605/4252
f 4252/1605/4252 4344/1697/4344 4345/1698/4345
f 4345/1698/4345 4344/1697/4344 4334/1687/4334
f 4334/1687/4334 4333/1686/4333 4345/1698/4345
f 4345/1698/4345 4333/1686/4333 4332/1685/4332
f 4332/1685/4332 4343/1696/4343 4345/1698/4345
f 4345/1698/4345 4343/1696/4343 4280/1633/4280
f 4280/1633/4280 4278/1631/4278 4345/1698/4345
f 4347/1700/4347 4336/1689/4336 4335/1688/4335
f 4335/1688/4335 4346/1699/4346 4347/1700/4347
f 4347/1700/4347 4346/1699/4346 4348/1701/4348
f 4348/1701/4348 4349/1702/4349 4347/1700/4347
f 4347/1700/4347 4349/1702/4349 4350/1703/4350
f 4350/1703/4350 4351/1704/4351 4347/1700/4347
f 4347/1700/4347 4351/1704/4351 4339/1692/4339
f 4339/1692/4339 4336/1689/4336 4347/1700/4347
f 4354/1707/4354 4355/1708/4355 4352/1705/4352
f 4352/1705/4352 4353/1706/4353 4354/1707/4354
f 4354/1707/4354 4353/1706/4353 4356/1709/4356
f 4356/1709/4356 4357/1710/4357 4354/1707/4354
f 4354/1707/4354 4357/1710/4357 4350/1703/4350
f 4350/1703/4350 4349/1702/4349 4354/1707/4354
f 4354/1707/4354 4349/1702/4349 4348/1701/4348
f 4348/1701/4348 4355/1708/4355 4354/1707/4354
f 4358/1711/4358 4359/1712/4359 4302/1655/4302
f 4302/1655/4302 4305/1658/4305 4358/1711/4358
f 4358/1711/4358 4305/1658/4305 4300/1653/4300
f 4300/1653/4300 4360/1713/4360 4358/1711/4358
f 4358/1711/4358 4360/1713/4360 4350/1703/4350
f 4350/1703/4350 4357/1710/4357 4358/1711/4358
f 4358/1711/4358 4357/1710/4357 4356/1709/4356
f 4356/1709/4356 4359/1712/4359 4358/1711/4358
f 4361/1714/4361 4298/1651/4298 4282/1635/4282
f 4282/1635/4282 4342/1695/4342 4361/1714/4361
f 4361/1714/4361 4342/1695/4342 4339/1692/4339
f 4339/1692/4339 4351/1704/4351 4361/1714/4361
f 4361/1714/4361 4351/1704/4351 4350/1703/4350
f 4350/1703/4350 4360/1713/4360 4361/1714/4361
f 4361/1714/4361 4360/1713/4360 4300/1653/4300
f 4300/1653/4300 4298/1651/4298 4361/1714/4361
f 4363/1716/4363 4353/1706/4353 4352/1705/4352
f 4352/1705/4352 4362/1715/4362 4363/1716/4363
f 4363/1716/4363 4362/1715/4362 4364/1717/4364
f 4364/1717/4364 4365/1718/4365 4363/1716/4363
f 4363/1716/4363 4365/1718/4365 4366/1719/4366
f 4366/1719/4366 4367/1720/4367 4363/1716/4363
f 4363/1716/4363 4367/1720/4367 4356/1709/4356
f 4356/1709/4356 4353/1706/4353 4363/1716/4363
f 4370/1723/4370 4371/1724/4371 4368/1721/4368
f 4368/1721/4368 4369/1722/4369 4370/1723/4370
f 4370/1723/4370 4369/1722/4369 4372/1725/4372
f 4372/1725/4372 4373/1726/4373 4370/1723/4370
f 4370/1723/4370 4373/1726/4373 4366/1719/4366
f 4366/1719/4366 4365/1718/4365 4370/1723/4370
f 4370/1723/4370 4365/1718/4365 4364/1717/4364
f 4364/1717/4364 4371/1724/4371 4370/1723/4370
f 4374/1727/4374 4375/1728/4375 4312/1665/4312
f 4312/1665/4312 4315/1668/4315 4374/1727/4374
f 4374/1727/4374 4315/1668/4315 4308/1661/4308
f 4308/1661/4308 4376/1729/4376 4374/1727/4374
f 4374/1727/4374 4376/1729/4376 4366/1719/4366
f 4366/1719/4366 4373/1726/4373 4374/1727/4374
f 4374/1727/4374 4373/1726/4373 4372/1725/4372
f 4372/1725/4372 4375/1728/4375 4374/1727/4374
f 4377/1730/4377 4306/1659/4306 4302/1655/4302
f 4302/1655/4302 4359/1712/4359 4377/1730/4377
f 4377/1730/4377 4359/1712/4359 4356/1709/4356
f 4356/1709/4356 4367/1720/4367 4377/1730/4377
f 4377/1730/4377 4367/1720/4367 4366/1719/4366
f 4366/1719/4366 4376/1729/4376 4377/1730/4377
f 4377/1730/4377 4376/1729/4376 4308/1661/4308
f 4308/1661/4308 4306/1659/4306 4377/1730/4377
f 4379/1732/4379 4369/1722/4369 4368/1721/4368
f 4368/1721/4368 4378/1731/4378 4379/1732/4379
f 4379/1732/4379 4378/1731/4378 4380/1733/4380
f 4380/1733/4380 4381/1734/4381 4379/1732/4379
f 4379/1732/4379 4381/1734/4381 4382/1735/4382
f 4382/1735/4382 4383/1736/4383 4379/1732/4379
f 4379/1732/4379 4383/1736/4383 4372/1725/4372
f 4372/1725/4372 4369/1722/4369 4379/1732/4379
f 4386/1739/4386 4387/1740/4387 4384/1737/4384
f 4384/1737/4384 4385/1738/4385 4386/1739/4386
f 4386/1739/4386 4385/1738/4385 4388/1741/4388
f 4388/1741/4388 4389/1742/4389 4386/1739/4386
f 4386/1739/4386 4389/1742/4389 4382/1735/4382
f 4382/1735/4382 4381/1734/4381 4386/1739/4386
f 4386/1739/4386 4381/1734/4381 4380/1733/4380
f 4380/1733/4380 4387/1740/4387 4386/1739/4386
f 4390/1743/4390 4391/1744/4391 4318/1671/4318
f 4318/1671/4318 4321/1674/4321 4390/1743/4390
f 4390/1743/4390 4321/1674/4321 4316/1669/4316
f 4316/1669/4316 4392/1745/4392 4390/1743/4390
f 4390/1743/4390 4392/1745/4392 4382/1735/4382
f 4382/1735/4382 4389/1742/4389 4390/1743/4390
f 4390/1743/4390 4389/1742/4389 4388/1741/4388
f 4388/1741/4388 4391/1744/4391 4390/1743/4390
f 4393/1746/4393 4313/1666/4313 4312/1665/4312
f 4312/1665/4312 4375/1728/4375 4393/1746/4393
f 4393/1746/4393 4375/1728/4375 4372/1725/4372
f 4372/1725/4372 4383/1736/4383 4393/1746/4393
f 4393/1746/4393 4383/1736/4383 4382/1735/4382
f 4382/1735/4382 4392/1745/4392 4393/1746/4393
f 4393/1746/4393 4392/1745/4392 4316/1669/4316
f 4316/1669/4316 4313/1666/4313 4393/1746/4393
f 4395/1748/4395 4385/1738/4385 4384/1737/4384
f 4384/1737/4384 4394/1747/4394 4395/1748/4395
f 4395/1748/4395 4394/1747/4394 4396/1749/4396
f 4396/1749/4396 4397/1750/4397 4395/1748/4395
f 4395/1748/4395 4397/1750/4397 4398/1751/4398
f 4398/1751/4398 4399/1752/4399 4395/1748/4395
f 4395/1748/4395 4399/1752/4399 4388/1741/4388
f 4388/1741/4388 4385/1738/4385 4395/1748/4395
f 4402/1755/4402 4403/1756/4403 4400/1753/4400
f 4400/1753/4400 4401/1754/4401 4402/1755/4402
f 4402/1755/4402 4401/1754/4401 4404/1757/4404
f 4404/1757/4404 4405/1758/4405 4402/1755/4402
f 4402/1755/4402 4405/1758/4405 4398/1751/4398
f 4398/1751/4398 4397/1750/4397 4402/1755/4402
f 4402/1755/4402 4397/1750/4397 4396/1749/4396
f 4396/1749/4396 4403/1756/4403 4402/1755/4402
f 4406/1759/4406 4407/1760/4407 4286/1639/4286
f 4286/1639/4286 4325/1678/4325 4406/1759/4406
f 4406/1759/4406 4325/1678/4325 4322/1675/4322
f 4322/1675/4322 4408/1761/4408 4406/1759/4406
f 4406/1759/4406 4408/1761/4408 4398/1751/4398
f 4398/1751/4398 4405/1758/4405 4406/1759/4406
f 4406/1759/4406 4405/1758/4405 4404/1757/4404
f 4404/1757/4404 4407/1760/4407 4406/1759/4406
f 4409/1762/4409 4319/1672/4319 4318/1671/4318
f 4318/1671/4318 4391/1744/4391 4409/1762/4409
f 4409/1762/4409 4391/1744/4391 4388/1741/4388
f 4388/1741/4388 4399/1752/4399 4409/1762/4409
f 4409/1762/4409 4399/1752/4399 4398/1751/4398
f 4398/1751/4398 4408/1761/4408 4409/1762/4409
f 4409/1762/4409 4408/1761/4408 4322/1675/4322
f 4322/1675/4322 4319/1672/4319 4409/1762/4409
f 4411/1764/4411 4401/1754/4401 4400/1753/4400
f 4400/1753/4400 4410/1763/4410 4411/1764/4411
f 4411/1764/4411 4410/1763/4410 4412/1765/4412
f 4412/1765/4412 4413/1766/4413 4411/1764/4411
f 4411/1764/4411 4413/1766/4413 4414/1767/4414
f 4414/1767/4414 4415/1768/4415 4411/1764/4411
f 4411/1764/4411 4415/1768/4415 4404/1757/4404
f 4404/1757/4404 4401/1754/4401 4411/1764/4411
f 4418/1771/4418 4419/1772/4419 4416/1769/4416
f 4416/1769/4416 4417/1770/4417 4418/1771/4418
f 4418/1771/4418 4417/1770/4417 4420/1773/4420
f 4420/1773/4420 4421/1774/4421 4418/1771/4418
f 4418/1771/4418 4421/1774/4421 4414/1767/4414
f 4414/1767/4414 4413/1766/4413 4418/1771/4418
f 4418/1771/4418 4413/1766/4413 4412/1765/4412
f 4412/1765/4412 4419/1772/4419 4418/1771/4418
f 4422/1775/4422 4423/1776/4423 4266/1619/4266
f 4266/1619/4266 4296/1649/4296 4422/1775/4422
f 4422/1775/4422 4296/1649/4296 4290/1643/4290
f 4290/1643/4290 4424/1777/4424 4422/1775/4422
f 4422/1775/4422 4424/1777/4424 4414/1767/4414
f 4414/1767/4414 4421/1774/4421 4422/1775/4422
f 4422/1775/4422 4421/1774/4421 4420/1773/4420
f 4420/1773/4420 4423/1776/4423 4422/1775/4422
f 4425/1778/4425 4287/1640/4287 4286/1639/4286
f 4286/1639/4286 4407/1760/4407 4425/1778/4425
f 4425/1778/4425 4407/1760/4407 4404/1757/4404
f 4404/1757/4404 4415/1768/4415 4425/1778/4425
f 4425/1778/4425 4415/1768/4415 4414/1767/4414
f 4414/1767/4414 4424/1777/4424 4425/1778/4425
f 4425/1778/4425 4424/1777/4424 4290/1643/4290
f 4290/1643/4290 4287/1640/4287 4425/1778/4425
f 4427/1780/4427 4417/1770/4417 4416/1769/4416
f 4416/1769/4416 4426/1779/4426 4427/1780/4427
f 4427/1780/4427 4426/1779/4426 4428/1781/4428
f 4428/1781/4428 4429/1782/4429 4427/1780/4427
f 4427/1780/4427 4429/1782/4429 4430/1783/4430
f 4430/1783/4430 4431/1784/4431 4427/1780/4427
f 4427/1780/4427 4431/1784/4431 4420/1773/4420
f 4420/1773/4420 4417/1770/4417 4427/1780/4427
f 4434/1787/4434 4435/1788/4435 4432/1785/4432
f 4432/1785/4432 4433/1786/4433 4434/1787/4434
f 4434/1787/4434 4433/1786/4433 4436/1789/4436
f 4436/1789/4436 4437/1790/4437 4434/1787/4434
f 4434/1787/4434 4437/1790/4437 4430/1783/4430
f 4430/1783/4430 4429/1782/4429 4434/1787/4434
f 4434/1787/4434 4429/1782/4429 4428/1781/4428
f 4428/1781/4428 4435/1788/4435 4434/1787/4434
f 4438/1791/4438 4439/1792/4439 4258/1611/4258
f 4258/1611/4258 4276/1629/4276 4438/1791/4438
f 4438/1791/4438 4276/1629/4276 4270/1623/4270
f 4270/1623/4270 4440/1793/4440 4438/1791/4438
f 4438/1791/4438 4440/1793/4440 4430/1783/4430
f 4430/1783/4430 4437/1790/4437 4438/1791/4438
f 4438/1791/4438 4437/1790/4437 4436/1789/4436
f 4436/1789/4436 4439/1792/4439 4438/1791/4438
f 4441/1794/4441 4267/1620/4267 4266/1619/4266
f 4266/1619/4266 4423/1776/4423 4441/1794/4441
f 4441/1794/4441 4423/1776/4423 4420/1773/4420
f 4420/1773/4420 4431/1784/4431 4441/1794/4441
f 4441/1794/4441 4431/1784/4431 4430/1783/4430
f 4430/1783/4430 4440/1793/4440 4441/1794/4441
f 4441/1794/4441 4440/1793/4440 4270/1623/4270
f 4270/1623/4270 4267/1620/4267 4441/1794/4441
f 4443/1796/4443 4433/1786/4433 4432/1785/4432
f 4432/1785/4432 4442/1795/4442 4443/1796/4443
f 4443/1796/4443 4442/1795/4442 4444/1797/4444
f 4444/1797/4444 4445/1798/4445 4443/1796/4443
f 4443/1796/4443 4445/1798/4445 4446/1799/4446
f 4446/1799/4446 4447/1800/4447 4443/1796/4443
f 4443/1796/4443 4447/1800/4447 4436/1789/4436
f 4436/1789/4436 4433/1786/4433 4443/1796/4443
f 4450/1803/4450 4451/1804/4451 4448/1801/4448
f 4448/1801/4448 4449/1802/4449 4450/1803/4450
f 4450/1803/4450 4449/1802/4449 4452/1805/4452
f 4452/1805/4452 4453/1806/4453 4450/1803/4450
f 4450/1803/4450 4453/1806/4453 4446/1799/4446
f 4446/1799/4446 4445/1798/4445 4450/1803/4450
f 4450/1803/4450 4445/1798/4445 4444/1797/4444
f 4444/1797/4444 4451/1804/4451 4450/1803/4450
f 4454/1807/4454 4455/1808/4455 4226/1579/4226
f 4226/1579/4226 4265/1618/4265 4454/1807/4454
f 4454/1807/4454 4265/1618/4265 4262/1615/4262
f 4262/1615/4262 4456/1809/4456 4454/1807/4454
f 4454/1807/4454 4456/1809/4456 4446/1799/4446
f 4446/1799/4446 4453/1806/4453 4454/1807/4454
f 4454/1807/4454 4453/1806/4453 4452/1805/4452
f 4452/1805/4452 4455/1808/4455 4454/1807/4454
f 4457/1810/4457 4259/1612/4259 4258/1611/4258
f 4258/1611/4258 4439/1792/4439 4457/1810/4457
f 4457/1810/4457 4439/1792/4439 4436/1789/4436
f 4436/1789/4436 4447/1800/4447 4457/1810/4457
f 4457/1810/4457 4447/1800/4447 4446/1799/4446
f 4446/1799/4446 4456/1809/4456 4457/1810/4457
f 4457/1810/4457 4456/1809/4456 4262/1615/4262
f 4262/1615/4262 4259/1612/4259 4457/1810/4457
f 4459/1812/4459 4449/1802/4449 4448/1801/4448
f 4448/1801/4448 4458/1811/4458 4459/1812/4459
f 4459/1812/4459 4458/1811/4458 4460/1813/4460
f 4460/1813/4460 4461/1814/4461 4459/1812/4459
f 4459/1812/4459 4461/1814/4461 4462/1815/4462
f 4462/1815/4462 4463/1816/4463 4459/1812/4459
f 4459/1812/4459 4463/1816/4463 4452/1805/4452
f 4452/1805/4452 4449/1802/4449 4459/1812/4459
f 4466/1819/4466 4467/1820/4467 4464/1817/4464
f 4464/1817/4464 4465/1818/4465 4466/1819/4466
f 4466/1819/4466 4465/1818/4465 4468/1821/4468
f 4468/1821/4468 4469/1822/4469 4466/1819/4466
f 4466/1819/4466 4469/1822/4469 4462/1815/4462
f 4462/1815/4462 4461/1814/4461 4466/1819/4466
f 4466/1819/4466 4461/1814/4461 4460/1813/4460
f 4460/1813/4460 4467/1820/4467 4466/1819/4466
f 4470/1823/4470 4471/1824/4471 4206/1559/4206
f 4206/1559/4206 4236/1589/4236 4470/1823/4470
f 4470/1823/4470 4236/1589/4236 4230/1583/4230
f 4230/1583/4230 4472/1825/4472 4470/1823/4470
f 4470/1823/4470 4472/1825/4472 4462/1815/4462
f 4462/1815/4462 4469/1822/4469 4470/1823/4470
f 4470/1823/4470 4469/1822/4469 4468/1821/4468
f 4468/1821/4468 4471/1824/4471 4470/1823/4470
f 4473/1826/4473 4227/1580/4227 4226/1579/4226
f 4226/1579/4226 4455/1808/4455 4473/1826/4473
f 4473/1826/4473 4455/1808/4455 4452/1805/4452
f 4452/1805/4452 4463/1816/4463 4473/1826/4473
f 4473/1826/4473 4463/1816/4463 4462/1815/4462
f 4462/1815/4462 4472/1825/4472 4473/1826/4473
f 4473/1826/4473 4472/1825/4472 4230/1583/4230
f 4230/1583/4230 4227/1580/4227 4473/1826/4473
f 4475/1828/4475 4465/1818/4465 4464/1817/4464
f 4464/1817/4464 4474/1827/4474 4475/1828/4475
f 4475/1828/4475 4474/1827/4474 4476/1829/4476
f 4476/1829/4476 4477/1830/4477 4475/1828/4475
f 4475/1828/4475 4477/1830/4477 4478/1831/4478
f 4478/1831/4478 4479/1832/4479 4475/1828/4475
f 4475/1828/4475 4479/1832/4479 4468/1821/4468
f 4468/1821/4468 4465/1818/4465 4475/1828/4475
f 4482/1835/4482 4483/1836/4483 4480/1833/4480
f 4480/1833/4480 4481/1834/4481 4482/1835/4482
f 4482/1835/4482 4481/1834/4481 4484/1837/4484
f 4484/1837/4484 4485/1838/4485 4482/1835/4482
f 4482/1835/4482 4485/1838/4485 4478/1831/4478
f 4478/1831/4478 4477/1830/4477 4482/1835/4482
f 4482/1835/4482 4477/1830/4477 4476/1829/4476
f 4476/1829/4476 4483/1836/4483 4482/1835/4482
f 4486/1839/4486 4487/1840/4487 4186/1539/4186
f 4186/1539/4186 4216/1569/4216 4486/1839/4486
f 4486/1839/4486 4216/1569/4216 4210/1563/4210
f 4210/1563/4210 4488/1841/4488 4486/1839/4486
f 4486/1839/4486 4488/1841/4488 4478/1831/4478
f 4478/1831/4478 4485/1838/4485 4486/1839/4486
f 4486/1839/4486 4485/1838/4485 4484/1837/4484
f 4484/1837/4484 4487/1840/4487 4486/1839/4486
f 4489/1842/4489 4207/1560/4207 4206/1559/4206
f 4206/1559/4206 4471/1824/4471 4489/1842/4489
f 4489/1842/4489 4471/1824/4471 4468/1821/4468
f 4468/1821/4468 4479/1832/4479 4489/1842/4489
f 4489/1842/4489 4479/1832/4479 4478/1831/4478
f 4478/1831/4478 4488/1841/4488 4489/1842/4489
f 4489/1842/4489 4488/1841/4488 4210/1563/4210
f 4210/1563/4210 4207/1560/4207 4489/1842/4489
f 4491/1844/4491 4481/1834/4481 4480/1833/4480
f 4480/1833/4480 4490/1843/4490 4491/1844/4491
f 4491/1844/4491 4490/1843/4490 4492/1845/4492
f 4492/1845/4492 4493/1846/4493 4491/1844/4491
f 4491/1844/4491 4493/1846/4493 4494/1847/4494
f 4494/1847/4494 4495/1848/4495 4491/1844/4491
f 4491/1844/4491 4495/1848/4495 4484/1837/4484
f 4484/1837/4484 4481/1834/4481 4491/1844/4491
f 4498/1851/4498 4499/1852/4499 4496/1849/4496
f 4496/1849/4496 4497/1850/4497 4498/1851/4498
f 4498/1851/4498 4497/1850/4497 4500/1853/4500
f 4500/1853/4500 4501/1854/4501 4498/1851/4498
f 4498/1851/4498 4501/1854/4501 4494/1847/4494
f 4494/1847/4494 4493/1846/4493 4498/1851/4498
f 4498/1851/4498 4493/1846/4493 4492/1845/4492
f 4492/1845/4492 4499/1852/4499 4498/1851/4498
f 4502/1855/4502 4503/1856/4503 4155/1508/4155
f 4155/1508/4155 4196/1549/4196 4502/1855/4502
f 4502/1855/4502 4196/1549/4196 4190/1543/4190
f 4190/1543/4190 4504/1857/4504 4502/1855/4502
f 4502/1855/4502 4504/1857/4504 4494/1847/4494
f 4494/1847/4494 4501/1854/4501 4502/1855/4502
f 4502/1855/4502 4501/1854/4501 4500/1853/4500
f 4500/1853/4500 4503/1856/4503 4502/1855/4502
f 4505/1858/4505 4187/1540/4187 4186/1539/4186
f 4186/1539/4186 4487/1840/4487 4505/1858/4505
f 4505/1858/4505 4487/1840/4487 4484/1837/4484
f 4484/1837/4484 4495/1848/4495 4505/1858/4505
f 4505/1858/4505 4495/1848/4495 4494/1847/4494
f 4494/1847/4494 4504/1857/4504 4505/1858/4505
f 4505/1858/4505 4504/1857/4504 4190/1543/4190
f 4190/1543/4190 4187/1540/4187 4505/1858/4505
f 4507/1860/4507 4497/1850/4497 4496/1849/4496
f 4496/1849/4496 4506/1859/4506 4507/1860/4507
f 4507/1860/4507 4506/1859/4506 4508/1861/4508
f 4508/1861/4508 4509/1862/4509 4507/1860/4507
f 4507/1860/4507 4509/1862/4509 4510/1863/4510
f 4510/1863/4510 4511/1864/4511 4507/1860/4507
f 4507/1860/4507 4511/1864/4511 4500/1853/4500
f 4500/1853/4500 4497/1850/4497 4507/1860/4507
f 4514/1867/4514 4515/1868/4515 4512/1865/4512
f 4512/1865/4512 4513/1866/4513 4514/1867/4514
f 4514/1867/4514 4513/1866/4513 4516/1869/4516
f 4516/1869/4516 4517/1870/4517 4514/1867/4514
f 4514/1867/4514 4517/1870/4517 4510/1863/4510
f 4510/1863/4510 4509/1862/4509 4514/1867/4514
f 4514/1867/4514 4509/1862/4509 4508/1861/4508
f 4508/1861/4508 4515/1868/4515 4514/1867/4514
f 4518/1871/4518 4519/1872/4519 4164/1517/4164
f 4164/1517/4164 4167/1520/4167 4518/1871/4518
f 4518/1871/4518 4167/1520/4167 4159/1512/4159
f 4159/1512/4159 4520/1873/4520 4518/1871/4518
f 4518/1871/4518 4520/1873/4520 4510/1863/4510
f 4510/1863/4510 4517/1870/4517 4518/1871/4518
f 4518/1871/4518 4517/1870/4517 4516/1869/4516
f 4516/1869/4516 4519/1872/4519 4518/1871/4518
f 4521/1874/4521 4156/1509/4156 4155/1508/4155
f 4155/1508/4155 4503/1856/4503 4521/1874/4521
f 4521/1874/4521 4503/1856/4503 4500/1853/4500
f 4500/1853/4500 4511/1864/4511 4521/1874/4521
f 4521/1874/4521 4511/1864/4511 4510/1863/4510
f 4510/1863/4510 4520/1873/4520 4521/1874/4521
f 4521/1874/4521 4520/1873/4520 4159/1512/4159
f 4159/1512/4159 4156/1509/4156 4521/1874/4521
f 4523/1876/4523 4513/1866/4513 4512/1865/4512
f 4512/1865/4512 4522/1875/4522 4523/1876/4523
f 4523/1876/4523 4522/1875/4522 4524/1877/4524
f 4524/1877/4524 4525/1878/4525 4523/1876/4523
f 4523/1876/4523 4525/1878/4525 4526/1879/4526
f 4526/1879/4526 4527/1880/4527 4523/1876/4523
f 4523/1876/4523 4527/1880/4527 4516/1869/4516
f 4516/1869/4516 4513/1866/4513 4523/1876/4523
f 4530/1883/4530 4531/1884/4531 4528/1881/4528
f 4528/1881/4528 4529/1882/4529 4530/1883/4530
f 4530/1883/4530 4529/1882/4529 4532/1885/4532
f 4532/1885/4532 4533/1886/4533 4530/1883/4530
f 4530/1883/4530 4533/1886/4533 4526/1879/4526
f 4526/1879/4526 4525/1878/4525 4530/1883/4530
f 4530/1883/4530 4525/1878/4525 4524/1877/4524
f 4524/1877/4524 4531/1884/4531 4530/1883/4530
f 4534/1887/4534 4535/1888/4535 4170/1523/4170
f 4170/1523/4170 4173/1526/4173 4534/1887/4534
f 4534/1887/4534 4173/1526/4173 4168/1521/4168
f 4168/1521/4168 4536/1889/4536 4534/1887/4534
f 4534/1887/4534 4536/1889/4536 4526/1879/4526
f 4526/1879/4526 4533/1886/4533 4534/1887/4534
f 4534/1887/4534 4533/1886/4533 4532/1885/4532
f 4532/1885/4532 4535/1888/4535 4534/1887/4534
f 4537/1890/4537 4165/1518/4165 4164/1517/4164
f 4164/1517/4164 4519/1872/4519 4537/1890/4537
f 4537/1890/4537 4519/1872/4519 4516/1869/4516
f 4516/1869/4516 4527/1880/4527 4537/1890/4537
f 4537/1890/4537 4527/1880/4527 4526/1879/4526
f 4526/1879/4526 4536/1889/4536 4537/1890/4537
f 4537/1890/4537 4536/1889/4536 4168/1521/4168
f 4168/1521/4168 4165/1518/4165 4537/1890/4537
f 4539/1892/4539 4529/1882/4529 4528/1881/4528
f 4528/1881/4528 4538/1891/4538 4539/1892/4539
f 4539/1892/4539 4538/1891/4538 4540/1893/4540
f 4540/1893/4540 4541/1894/4541 4539/1892/4539
f 4539/1892/4539 4541/1894/4541 4542/1895/4542
f 4542/1895/4542 4543/1896/4543 4539/1892/4539
f 4539/1892/4539 4543/1896/4543 4532/1885/4532
f 4532/1885/4532 4529/1882/4529 4539/1892/4539
f 4546/1899/4546 4547/1900/4547 4544/1897/4544
f 4544/1897/4544 4545/1898/4545 4546/1899/4546
f 4546/1899/4546 4545/1898/4545 4548/1901/4548
f 4548/1901/4548 4549/1902/4549 4546/1899/4546
f 4546/1899/4546 4549/1902/4549 4542/1895/4542
f 4542/1895/4542 4541/1894/4541 4546/1899/4546
f 4546/1899/4546 4541/1894/4541 4540/1893/4540
f 4540/1893/4540 4547/1900/4547 4546/1899/4546
f 4550/1903/4550 4551/1904/4551 4176/1529/4176
f 4176/1529/4176 4179/1532/4179 4550/1903/4550
f 4550/1903/4550 4179/1532/4179 4174/1527/4174
f 4174/1527/4174 4552/1905/4552 4550/1903/4550
f 4550/1903/4550 4552/1905/4552 4542/1895/4542
f 4542/1895/4542 4549/1902/4549 4550/1903/4550
f 4550/1903/4550 4549/1902/4549 4548/1901/4548
f 4548/1901/4548 4551/1904/4551 4550/1903/4550
f 4553/1906/4553 4171/1524/4171 4170/1523/4170
f 4170/1523/4170 4535/1888/4535 4553/1906/4553
f 4553/1906/4553 4535/1888/4535 4532/1885/4532
f 4532/1885/4532 4543/1896/4543 4553/1906/4553
f 4553/1906/4553 4543/1896/4543 4542/1895/4542
f 4542/1895/4542 4552/1905/4552 4553/1906/4553
f 4553/1906/4553 4552/1905/4552 4174/1527/4174
f 4174/1527/4174 4171/1524/4171 4553/1906/4553
f 4555/1908/4555 4545/1898/4545 4544/1897/4544
f 4544/1897/4544 4554/1907/4554 4555/1908/4555
f 4555/1908/4555 4554/1907/4554 4556/1909/4556
f 4556/1909/4556 4557/1910/4557 4555/1908/4555
f 4555/1908/4555 4557/1910/4557 4558/1911/4558
f 4558/1911/4558 4559/1912/4559 4555/1908/4555
f 4555/1908/4555 4559/1912/4559 4548/1901/4548
f 4548/1901/4548 4545/1898/4545 4555/1908/4555
f 4562/1915/4562 4563/1916/4563 4560/1913/4560
f 4560/1913/4560 4561/1914/4561 4562/1915/4562
f 4562/1915/4562 4561/1914/4561 4564/1917/4564
f 4564/1917/4564 4565/1918/4565 4562/1915/4562
f 4562/1915/4562 4565/1918/4565 4558/1911/4558
f 4558/1911/4558 4557/1910/4557 4562/1915/4562
f 4562/1915/4562 4557/1910/4557 4556/1909/4556
f 4556/1909/4556 4563/1916/4563 4562/1915/4562
f 4566/1919/4566 4567/1920/4567 4182/1535/4182
f 4182/1535/4182 4185/1538/4185 4566/1919/4566
f 4566/1919/4566 4185/1538/4185 4180/1533/4180
f 4180/1533/4180 4568/1921/4568 4566/1919/4566
f 4566/1919/4566 4568/1921/4568 4558/1911/4558
f 4558/1911/4558 4565/1918/4565 4566/1919/4566
f 4566/1919/4566 4565/1918/4565 4564/1917/4564
f 4564/1917/4564 4567/1920/4567 4566/1919/4566
f 4569/1922/4569 4177/1530/4177 4176/1529/4176
f 4176/1529/4176 4551/1904/4551 4569/1922/4569
f 4569/1922/4569 4551/1904/4551 4548/1901/4548
f 4548/1901/4548 4559/1912/4559 4569/1922/4569
f 4569/1922/4569 4559/1912/4559 4558/1911/4558
f 4558/1911/4558 4568/1921/4568 4569/1922/4569
f 4569/1922/4569 4568/1921/4568 4180/1533/4180
f 4180/1533/4180 4177/1530/4177 4569/1922/4569
f 4571/1924/4571 4561/1914/4561 4560/1913/4560
f 4560/1913/4560 4570/1923/4570 4571/1924/4571
f 4571/1924/4571 4570/1923/4570 4572/1925/4572
f 4572/1925/4572 4573/1926/4573 4571/1924/4571
f 4571/1924/4571 4573/1926/4573 4574/1927/4574
f 4574/1927/4574 4575/1928/4575 4571/1924/4571
f 4571/1924/4571 4575/1928/4575 4564/1917/4564
f 4564/1917/4564 4561/1914/4561 4571/1924/4571
f 4578/1931/4578 4579/1932/4579 4576/1929/4576
f 4576/1929/4576 4577/1930/4577 4578/1931/4578
f 4578/1931/4578 4577/1930/4577 4580/1933/4580
f 4580/1933/4580 4581/1934/4581 4578/1931/4578
f 4578/1931/4578 4581/1934/4581 4574/1927/4574
f 4574/1927/4574 4573/1926/4573 4578/1931/4578
f 4578/1931/4578 4573/1926/4573 4572/1925/4572
f 4572/1925/4572 4579/1932/4579 4578/1931/4578
f 4582/1935/4582 4583/1936/4583 4202/1555/4202
f 4202/1555/4202 4205/1558/4205 4582/1935/4582
f 4582/1935/4582 4205/1558/4205 4200/1553/4200
f 4200/1553/4200 4584/1937/4584 4582/1935/4582
f 4582/1935/4582 4584/1937/4584 4574/1927/4574
f 4574/1927/4574 4581/1934/4581 4582/1935/4582
f 4582/1935/4582 4581/1934/4581 4580/1933/4580
f 4580/1933/4580 4583/1936/4583 4582/1935/4582
f 4585/1938/4585 4198/1551/4198 4182/1535/4182
f 4182/1535/4182 4567/1920/4567 4585/1938/4585
f 4585/1938/4585 4567/1920/4567 4564/1917/4564
f 4564/1917/4564 4575/1928/4575 4585/1938/4585
f 4585/1938/4585 4575/1928/4575 4574/1927/4574
f 4574/1927/4574 4584/1937/4584 4585/1938/4585
f 4585/1938/4585 4584/1937/4584 4200/1553/4200
f 4200/1553/4200 4198/1551/4198 4585/1938/4585
f 4587/1940/4587 4577/1930/4577 4576/1929/4576
f 4576/1929/4576 4586/1939/4586 4587/1940/4587
f 4587/1940/4587 4586/1939/4586 4588/1941/4588
f 4588/1941/4588 4589/1942/4589 4587/1940/4587
f 4587/1940/4587 4589/1942/4589 4590/1943/4590
f 4590/1943/4590 4591/1944/4591 4587/1940/4587
f 4587/1940/4587 4591/1944/4591 4580/1933/4580
f 4580/1933/4580 4577/1930/4577 4587/1940/4587
f 4594/1947/4594 4595/1948/4595 4592/1945/4592
f 4592/1945/4592 4593/1946/4593 4594/1947/4594
f 4594/1947/4594 4593/1946/4593 4596/1949/4596
f 4596/1949/4596 4597/1950/4597 4594/1947/4594
f 4594/1947/4594 4597/1950/4597 4590/1943/4590
f 4590/1943/4590 4589/1942/4589 4594/1947/4594
f 4594/1947/4594 4589/1942/4589 4588/1941/4588
f 4588/1941/4588 4595/1948/4595 4594/1947/4594
f 4598/1951/4598 4599/1952/4599 4222/1575/4222
f 4222/1575/4222 4225/1578/4225 4598/1951/4598
f 4598/1951/4598 4225/1578/4225 4220/1573/4220
f 4220/1573/4220 4600/1953/4600 4598/1951/4598
f 4598/1951/4598 4600/1953/4600 4590/1943/4590
f 4590/1943/4590 4597/1950/4597 4598/1951/4598
f 4598/1951/4598 4597/1950/4597 4596/1949/4596
f 4596/1949/4596 4599/1952/4599 4598/1951/4598
f 4601/1954/4601 4218/1571/4218 4202/1555/4202
f 4202/1555/4202 4583/1936/4583 4601/1954/4601
f 4601/1954/4601 4583/1936/4583 4580/1933/4580
f 4580/1933/4580 4591/1944/4591 4601/1954/4601
f 4601/1954/4601 4591/1944/4591 4590/1943/4590
f 4590/1943/4590 4600/1953/4600 4601/1954/4601
f 4601/1954/4601 4600/1953/4600 4220/1573/4220
f 4220/1573/4220 4218/1571/4218 4601/1954/4601
f 4603/1956/4603 4593/1946/4593 4592/1945/4592
f 4592/1945/4592 4602/1955/4602 4603/1956/4603
f 4603/1956/4603 4602/1955/4602 4604/1957/4604
f 4604/1957/4604 4605/1958/4605 4603/1956/4603
f 4603/1956/4603 4605/1958/4605 4606/1959/4606
f 4606/1959/4606 4607/1960/4607 4603/1956/4603
f 4603/1956/4603 4607/1960/4607 4596/1949/4596
f 4596/1949/4596 4593/1946/4593 4603/1956/4603
f 4610/1963/4610 4611/1964/4611 4608/1961/4608
f 4608/1961/4608 4609/1962/4609 4610/1963/4610
f 4610/1963/4610 4609/1962/4609 4612/1965/4612
f 4612/1965/4612 4613/1966/4613 4610/1963/4610
f 4610/1963/4610 4613/1966/4613 4606/1959/4606
f 4606/1959/4606 4605/1958/4605 4610/1963/4610
f 4610/1963/4610 4605/1958/4605 4604/1957/4604
f 4604/1957/4604 4611/1964/4611 4610/1963/4610
f 4614/1967/4614 4615/1968/4615 4242/1595/4242
f 4242/1595/4242 4245/1598/4245 4614/1967/4614
f 4614/1967/4614 4245/1598/4245 4240/1593/4240
f 4240/1593/4240 4616/1969/4616 4614/1967/4614
f 4614/1967/4614 4616/1969/4616 4606/1959/4606
f 4606/1959/4606 4613/1966/4613 4614/1967/4614
f 4614/1967/4614 4613/1966/4613 4612/1965/4612
f 4612/1965/4612 4615/1968/4615 4614/1967/4614
f 4617/1970/4617 4238/1591/4238 4222/1575/4222
f 4222/1575/4222 4599/1952/4599 4617/1970/4617
f 4617/1970/4617 4599/1952/4599 4596/1949/4596
f 4596/1949/4596 4607/1960/4607 4617/1970/4617
f 4617/1970/4617 4607/1960/4607 4606/1959/4606
f 4606/1959/4606 4616/1969/4616 4617/1970/4617
f 4617/1970/4617 4616/1969/4616 4240/1593/4240
f 4240/1593/4240 4238/1591/4238 4617/1970/4617
f 4619/1972/4619 4609/1962/4609 4608/1961/4608
f 4608/1961/4608 4618/1971/4618 4619/1972/4619
f 4619/1972/4619 4618/1971/4618 4620/1973/4620
f 4620/1973/4620 4621/1974/4621 4619/1972/4619
f 4619/1972/4619 4621/1974/4621 4622/1975/4622
f 4622/1975/4622 4623/1976/4623 4619/1972/4619
f 4619/1972/4619 4623/1976/4623 4612/1965/4612
f 4612/1965/4612 4609/1962/4609 4619/1972/4619
f 4624/1977/4624 4625/1978/4625 4326/1679/4326
f 4326/1679/4326 4329/1682/4329 4624/1977/4624
f 4624/1977/4624 4329/1682/4329 4334/1687/4334
f 4334/1687/4334 4626/1979/4626 4624/1977/4624
f 4624/1977/4624 4626/1979/4626 4622/1975/4622
f 4622/1975/4622 4621/1974/4621 4624/1977/4624
f 4624/1977/4624 4621/1974/4621 4620/1973/4620
f 4620/1973/4620 4625/1978/4625 4624/1977/4624
f 4627/1980/4627 4344/1697/4344 4252/1605/4252
f 4252/1605/4252 4255/1608/4255 4627/1980/4627
f 4627/1980/4627 4255/1608/4255 4248/1601/4248
f 4248/1601/4248 4628/1981/4628 4627/1980/4627
f 4627/1980/4627 4628/1981/4628 4622/1975/4622
f 4622/1975/4622 4626/1979/4626 4627/1980/4627
f 4627/1980/4627 4626/1979/4626 4334/1687/4334
f 4334/1687/4334 4344/1697/4344 4627/1980/4627
f 4629/1982/4629 4246/1599/4246 4242/1595/4242
f 4242/1595/4242 4615/1968/4615 4629/1982/4629
f 4629/1982/4629 4615/1968/4615 4612/1965/4612
f 4612/1965/4612 4623/1976/4623 4629/1982/4629
f 4629/1982/4629 4623/1976/4623 4622/1975/4622
f 4622/1975/4622 4628/1981/4628 4629/1982/4629
f 4629/1982/4629 4628/1981/4628 4248/1601/4248
f 4248/1601/4248 4246/1599/4246 4629/1982/4629
f 4632/1985/4632 4633/1986/4633 4630/1983/4630
f 4630/1983/4630 4631/1984/4631 4632/1985/4632
f 4635/1988/4635 4632/1985/4632 4631/1984/4631
f 4631/1984/4631 4634/1987/4634 4635/1988/4635
f 4637/1990/4637 4635/1988/4635 4634/1987/4634
f 4634/1987/4634 4636/1989/4636 4637/1990/4637
f 4640/1993/4640 4641/1994/4641 4638/1991/4638
f 4638/1991/4638 4639/1992/4639 4640/1993/4640
f 4643/1996/4643 4640/1993/4640 4639/1992/4639
f 4639/1992/4639 4642/1995/4642 4643/1996/4643
f 4645/1998/4645 4643/1996/4643 4642/1995/4642
f 4642/1995/4642 4644/1997/4644 4645/1998/4645
f 4647/2000/4647 4645/1998/4645 4644/1997/4644
f 4644/1997/4644 4646/1999/4646 4647/2000/4647
f 4649/2002/4649 4647/2000/4647 4646/1999/4646
f 4646/1999/4646 4648/2001/4648 4649/2002/4649
f 4651/2004/4651 4649/2002/4649 4648/2001/4648
f 4648/2001/4648 4650/2003/4650 4651/2004/4651
s 2
f 4654/2007/4654 4655/2008/4655 4652/2005/4652
f 4652/2005/4652 4653/2006/4653 4654/2007/4654
f 4654/2007/4654 4653/2006/4653 4656/2009/4656
f 4656/2009/4656 4657/2010/4657 4654/2007/4654
f 4654/2007/4654 4657/2010/4657 4658/2011/4658
f 4658/2011/4658 4655/2008/4655 4654/2007/4654
f 4661/2014/4661 4662/2015/4662 4659/2012/4659
f 4659/2012/4659 4660/2013/4660 4661/2014/4661
f 4661/2014/4661 4660/2013/4660 4663/2016/4663
f 4663/2016/4663 4664/2017/4664 4661/2014/4661
f 4661/2014/4661 4664/2017/4664 4658/2011/4658
f 4658/2011/4658 4657/2010/4657 4661/2014/4661
f 4661/2014/4661 4657/2010/4657 4656/2009/4656
f 4656/2009/4656 4662/2015/4662 4661/2014/4661
f 4667/2020/4667 4668/2021/4668 4665/2018/4665
f 4665/2018/4665 4666/2019/4666 4667/2020/4667
f 4667/2020/4667 4666/2019/4666 4652/2022/4652
f 4652/2022/4652 4655/2023/4655 4667/2020/4667
f 4667/2020/4667 4655/2023/4655 4658/2011/4658
f 4658/2011/4658 4668/2021/4668 4667/2020/4667
f 4670/2025/4670 4664/2017/4664 4663/2016/4663
f 4663/2016/4663 4669/2024/4669 4670/2025/4670
f 4670/2025/4670 4669/2024/4669 4665/2026/4665
f 4665/2026/4665 4668/2027/4668 4670/2025/4670
f 4670/2025/4670 4668/2027/4668 4658/2011/4658
f 4658/2011/4658 4664/2017/4664 4670/2025/4670
f 4673/2030/4673 4674/2031/4674 4671/2028/4671
f 4671/2028/4671 4672/2029/4672 4673/2030/4673
f 4673/2030/4673 4672/2029/4672 4675/2032/4675
f 4675/2032/4675 4676/2033/4676 4673/2030/4673
f 4673/2030/4673 4676/2033/4676 4677/2034/4677
f 4677/2034/4677 4674/2031/4674 4673/2030/4673
f 4680/2037/4680 4681/2038/4681 4678/2035/4678
f 4678/2035/4678 4679/2036/4679 4680/2037/4680
f 4680/2037/4680 4679/2036/4679 4682/2039/4682
f 4682/2039/4682 4683/2040/4683 4680/2037/4680
f 4680/2037/4680 4683/2040/4683 4677/2034/4677
f 4677/2034/4677 4676/2033/4676 4680/2037/4680
f 4680/2037/4680 4676/2033/4676 4675/2032/4675
f 4675/2032/4675 4681/2038/4681 4680/2037/4680
f 4686/2043/4686 4687/2044/4687 4684/2041/4684
f 4684/2041/4684 4685/2042/4685 4686/2043/4686
f 4686/2043/4686 4685/2042/4685 4671/2045/4671
f 4671/2045/4671 4674/2046/4674 4686/2043/4686
f 4686/2043/4686 4674/2046/4674 4677/2034/4677
f 4677/2034/4677 4687/2044/4687 4686/2043/4686
f 4689/2048/4689 4683/2040/4683 4682/2039/4682
f 4682/2039/4682 4688/2047/4688 4689/2048/4689
f 4689/2048/4689 4688/2047/4688 4684/2049/4684
f 4684/2049/4684 4687/2050/4687 4689/2048/4689
f 4689/2048/4689 4687/2050/4687 4677/2034/4677
f 4677/2034/4677 4683/2040/4683 4689/2048/4689
f 4692/2053/4692 4693/2054/4693 4690/2051/4690
f 4690/2051/4690 4691/2052/4691 4692/2053/4692
f 4692/2053/4692 4691/2052/4691 4694/2055/4694
f 4694/2055/4694 4695/2056/4695 4692/2053/4692
f 4692/2053/4692 4695/2056/4695 4696/2057/4696
f 4696/2057/4696 4693/2054/4693 4692/2053/4692
f 4699/2060/4699 4700/2061/4700 4697/2058/4697
f 4697/2058/4697 4698/2059/4698 4699/2060/4699
f 4699/2060/4699 4698/2059/4698 4701/2062/4701
f 4701/2062/4701 4702/2063/4702 4699/2060/4699
f 4699/2060/4699 4702/2063/4702 4696/2057/4696
f 4696/2057/4696 4695/2056/4695 4699/2060/4699
f 4699/2060/4699 4695/2056/4695 4694/2055/4694
f 4694/2055/4694 4700/2061/4700 4699/2060/4699
f 4705/2066/4705 4706/2067/4706 4703/2064/4703
f 4703/2064/4703 4704/2065/4704 4705/2066/4705
f 4705/2066/4705 4704/2065/4704 4707/2068/4707
f 4707/2068/4707 4708/2069/4708 4705/2066/4705
f 4705/2066/4705 4708/2069/4708 4696/2057/4696
f 4696/2057/4696 4706/2067/4706 4705/2066/4705
f 4710/2071/4710 4702/2063/4702 4701/2062/4701
f 4701/2062/4701 4709/2070/4709 4710/2071/4710
f 4710/2071/4710 4709/2070/4709 4703/2072/4703
f 4703/2072/4703 4706/2073/4706 4710/2071/4710
f 4710/2071/4710 4706/2073/4706 4696/2057/4696
f 4696/2057/4696 4702/2063/4702 4710/2071/4710
f 4712/2075/4712 4708/2069/4708 4707/2068/4707
f 4707/2068/4707 4711/2074/4711 4712/2075/4712
f 4712/2075/4712 4711/2074/4711 4690/2076/4690
f 4690/2076/4690 4693/2077/4693 4712/2075/4712
f 4712/2075/4712 4693/2077/4693 4696/2057/4696
f 4696/2057/4696 4708/2069/4708 4712/2075/4712
f 4713/2078/4713 4714/2079/4714 4697/2058/4697
f 4697/2058/4697 4700/2061/4700 4713/2078/4713
f 4713/2078/4713 4700/2061/4700 4694/2055/4694
f 4694/2055/4694 4715/2080/4715 4713/2078/4713
f 4713/2078/4713 4715/2080/4715 4716/2081/4716
f 4716/2081/4716 4717/2082/4717 4713/2078/4713
f 4713/2078/4713 4717/2082/4717 4718/2083/4718
f 4718/2083/4718 4714/2079/4714 4713/2078/4713
f 4720/2085/4720 4721/2086/4721 4690/2076/4690
f 4690/2076/4690 4719/2084/4719 4720/2085/4720
f 4720/2085/4720 4719/2084/4719 4722/2087/4722
f 4722/2087/4722 4723/2088/4723 4720/2085/4720
f 4720/2085/4720 4723/2088/4723 4716/2081/4716
f 4716/2081/4716 4721/2086/4721 4720/2085/4720
f 4724/2089/4724 4715/2080/4715 4694/2055/4694
f 4694/2055/4694 4691/2052/4691 4724/2089/4724
f 4724/2089/4724 4691/2052/4691 4690/2051/4690
f 4690/2051/4690 4721/2090/4721 4724/2089/4724
f 4724/2089/4724 4721/2090/4721 4716/2081/4716
f 4716/2081/4716 4715/2080/4715 4724/2089/4724
f 4726/2093/4726 4723/2094/4723 4722/2091/4722
f 4722/2091/4722 4725/2092/4725 4726/2093/4726
f 4726/2093/4726 4725/2092/4725 4727/2095/4727
f 4727/2095/4727 4728/2096/4728 4726/2093/4726
f 4726/2093/4726 4728/2096/4728 4716/2081/4716
f 4716/2081/4716 4723/2094/4723 4726/2093/4726
f 4731/2099/4731 4732/2100/4732 4729/2097/4729
f 4729/2097/4729 4730/2098/4730 4731/2099/4731
f 4731/2099/4731 4730/2098/4730 4718/2083/4718
f 4718/2083/4718 4717/2082/4717 4731/2099/4731
f 4731/2099/4731 4717/2082/4717 4716/2081/4716
f 4716/2081/4716 4728/2096/4728 4731/2099/4731
f 4731/2099/4731 4728/2096/4728 4727/2095/4727
f 4727/2095/4727 4732/2100/4732 4731/2099/4731
f 4734/2102/4734 4698/2059/4698 4697/2058/4697
f 4697/2058/4697 4733/2101/4733 4734/2102/4734
f 4734/2102/4734 4733/2101/4733 4735/2103/4735
f 4735/2103/4735 4736/2104/4736 4734/2102/4734
f 4734/2102/4734 4736/2104/4736 4737/2105/4737
f 4737/2105/4737 4738/2106/4738 4734/2102/4734
f 4734/2102/4734 4738/2106/4738 4701/2062/4701
f 4701/2062/4701 4698/2059/4698 4734/2102/4734
f 4741/2109/4741 4742/2110/4742 4739/2107/4739
f 4739/2107/4739 4740/2108/4740 4741/2109/4741
f 4741/2109/4741 4740/2108/4740 4743/2111/4743
f 4743/2111/4743 4744/2112/4744 4741/2109/4741
f 4741/2109/4741 4744/2112/4744 4737/2105/4737
f 4737/2105/4737 4736/2104/4736 4741/2109/4741
f 4741/2109/4741 4736/2104/4736 4735/2103/4735
f 4735/2103/4735 4742/2110/4742 4741/2109/4741
f 4747/2115/4747 4748/2116/4748 4745/2113/4745
f 4745/2113/4745 4746/2114/4746 4747/2115/4747
f 4747/2115/4747 4746/2114/4746 4703/2064/4703
f 4703/2064/4703 4749/2117/4749 4747/2115/4747
f 4747/2115/4747 4749/2117/4749 4737/2105/4737
f 4737/2105/4737 4748/2116/4748 4747/2115/4747
f 4751/2119/4751 4744/2112/4744 4743/2111/4743
f 4743/2111/4743 4750/2118/4750 4751/2119/4751
f 4751/2119/4751 4750/2118/4750 4745/2120/4745
f 4745/2120/4745 4748/2121/4748 4751/2119/4751
f 4751/2119/4751 4748/2121/4748 4737/2105/4737
f 4737/2105/4737 4744/2112/4744 4751/2119/4751
f 4752/2122/4752 4749/2123/4749 4703/2072/4703
f 4703/2072/4703 4709/2070/4709 4752/2122/4752
f 4752/2122/4752 4709/2070/4709 4701/2062/4701
f 4701/2062/4701 4738/2106/4738 4752/2122/4752
f 4752/2122/4752 4738/2106/4738 4737/2105/4737
f 4737/2105/4737 4749/2123/4749 4752/2122/4752
f 4754/2125/4754 4755/2126/4755 4652/2022/4652
f 4652/2022/4652 4753/2124/4753 4754/2125/4754
f 4754/2125/4754 4753/2124/4753 4745/2113/4745
f 4745/2113/4745 4756/2127/4756 4754/2125/4754
f 4754/2125/4754 4756/2127/4756 4757/2128/4757
f 4757/2128/4757 4755/2126/4755 4754/2125/4754
f 4758/2129/4758 4759/2130/4759 4656/2009/4656
f 4656/2009/4656 4653/2006/4653 4758/2129/4758
f 4758/2129/4758 4653/2006/4653 4652/2005/4652
f 4652/2005/4652 4755/2131/4755 4758/2129/4758
f 4758/2129/4758 4755/2131/4755 4757/2128/4757
f 4757/2128/4757 4759/2130/4759 4758/2129/4758
f 4760/2132/4760 4756/2133/4756 4745/2120/4745
f 4745/2120/4745 4750/2118/4750 4760/2132/4760
f 4760/2132/4760 4750/2118/4750 4743/2111/4743
f 4743/2111/4743 4761/2134/4761 4760/2132/4760
f 4760/2132/4760 4761/2134/4761 4757/2128/4757
f 4757/2128/4757 4756/2133/4756 4760/2132/4760
f 4763/2136/4763 4740/2108/4740 4739/2107/4739
f 4739/2107/4739 4762/2135/4762 4763/2136/4763
f 4763/2136/4763 4762/2135/4762 4764/2137/4764
f 4764/2137/4764 4765/2138/4765 4763/2136/4763
f 4763/2136/4763 4765/2138/4765 4757/2128/4757
f 4757/2128/4757 4761/2134/4761 4763/2136/4763
f 4763/2136/4763 4761/2134/4761 4743/2111/4743
f 4743/2111/4743 4740/2108/4740 4763/2136/4763
f 4766/2139/4766 4767/2140/4767 4659/2012/4659
f 4659/2012/4659 4662/2015/4662 4766/2139/4766
f 4766/2139/4766 4662/2015/4662 4656/2009/4656
f 4656/2009/4656 4759/2130/4759 4766/2139/4766
f 4766/2139/4766 4759/2130/4759 4757/2128/4757
f 4757/2128/4757 4765/2138/4765 4766/2139/4766
f 4766/2139/4766 4765/2138/4765 4764/2137/4764
f 4764/2137/4764 4767/2140/4767 4766/2139/4766
f 4769/2142/4769 4770/2143/4770 4722/2087/4722
f 4722/2087/4722 4768/2141/4768 4769/2142/4769
f 4769/2142/4769 4768/2141/4768 4771/2144/4771
f 4771/2144/4771 4772/2145/4772 4769/2142/4769
f 4769/2142/4769 4772/2145/4772 4773/2146/4773
f 4773/2146/4773 4770/2143/4770 4769/2142/4769
f 4774/2147/4774 4775/2148/4775 4727/2095/4727
f 4727/2095/4727 4725/2092/4725 4774/2147/4774
f 4774/2147/4774 4725/2092/4725 4722/2091/4722
f 4722/2091/4722 4770/2149/4770 4774/2147/4774
f 4774/2147/4774 4770/2149/4770 4773/2146/4773
f 4773/2146/4773 4775/2148/4775 4774/2147/4774
f 4777/2152/4777 4772/2153/4772 4771/2150/4771
f 4771/2150/4771 4776/2151/4776 4777/2152/4777
f 4777/2152/4777 4776/2151/4776 4778/2154/4778
f 4778/2154/4778 4779/2155/4779 4777/2152/4777
f 4777/2152/4777 4779/2155/4779 4773/2146/4773
f 4773/2146/4773 4772/2153/4772 4777/2152/4777
f 4782/2158/4782 4783/2159/4783 4780/2156/4780
f 4780/2156/4780 4781/2157/4781 4782/2158/4782
f 4782/2158/4782 4781/2157/4781 4784/2160/4784
f 4784/2160/4784 4785/2161/4785 4782/2158/4782
f 4782/2158/4782 4785/2161/4785 4773/2146/4773
f 4773/2146/4773 4779/2155/4779 4782/2158/4782
f 4782/2158/4782 4779/2155/4779 4778/2154/4778
f 4778/2154/4778 4783/2159/4783 4782/2158/4782
f 4786/2162/4786 4787/2163/4787 4729/2097/4729
f 4729/2097/4729 4732/2100/4732 4786/2162/4786
f 4786/2162/4786 4732/2100/4732 4727/2095/4727
f 4727/2095/4727 4775/2148/4775 4786/2162/4786
f 4786/2162/4786 4775/2148/4775 4773/2146/4773
f 4773/2146/4773 4785/2161/4785 4786/2162/4786
f 4786/2162/4786 4785/2161/4785 4784/2160/4784
f 4784/2160/4784 4787/2163/4787 4786/2162/4786
f 4789/2165/4789 4679/2036/4679 4678/2035/4678
f 4678/2035/4678 4788/2164/4788 4789/2165/4789
f 4789/2165/4789 4788/2164/4788 4790/2166/4790
f 4790/2166/4790 4791/2167/4791 4789/2165/4789
f 4789/2165/4789 4791/2167/4791 4792/2168/4792
f 4792/2168/4792 4793/2169/4793 4789/2165/4789
f 4789/2165/4789 4793/2169/4793 4682/2039/4682
f 4682/2039/4682 4679/2036/4679 4789/2165/4789
f 4794/2170/4794 4795/2171/4795 4780/2156/4780
f 4780/2156/4780 4783/2159/4783 4794/2170/4794
f 4794/2170/4794 4783/2159/4783 4778/2154/4778
f 4778/2154/4778 4796/2172/4796 4794/2170/4794
f 4794/2170/4794 4796/2172/4796 4792/2168/4792
f 4792/2168/4792 4791/2167/4791 4794/2170/4794
f 4794/2170/4794 4791/2167/4791 4790/2166/4790
f 4790/2166/4790 4795/2171/4795 4794/2170/4794
f 4798/2174/4798 4799/2175/4799 4771/2144/4771
f 4771/2144/4771 4797/2173/4797 4798/2174/4798
f 4798/2174/4798 4797/2173/4797 4684/2041/4684
f 4684/2041/4684 4800/2176/4800 4798/2174/4798
f 4798/2174/4798 4800/2176/4800 4792/2168/4792
f 4792/2168/4792 4799/2175/4799 4798/2174/4798
f 4801/2177/4801 4796/2172/4796 4778/2154/4778
f 4778/2154/4778 4776/2151/4776 4801/2177/4801
f 4801/2177/4801 4776/2151/4776 4771/2150/4771
f 4771/2150/4771 4799/2178/4799 4801/2177/4801
f 4801/2177/4801 4799/2178/4799 4792/2168/4792
f 4792/2168/4792 4796/2172/4796 4801/2177/4801
f 4802/2179/4802 4800/2180/4800 4684/2049/4684
f 4684/2049/4684 4688/2047/4688 4802/2179/4802
f 4802/2179/4802 4688/2047/4688 4682/2039/4682
f 4682/2039/4682 4793/2169/4793 4802/2179/4802
f 4802/2179/4802 4793/2169/4793 4792/2168/4792
f 4792/2168/4792 4800/2180/4800 4802/2179/4802
f 4803/2181/4803 4804/2182/4804 4678/2035/4678
f 4678/2035/4678 4681/2038/4681 4803/2181/4803
f 4803/2181/4803 4681/2038/4681 4675/2032/4675
f 4675/2032/4675 4805/2183/4805 4803/2181/4803
f 4803/2181/4803 4805/2183/4805 4806/2184/4806
f 4806/2184/4806 4807/2185/4807 4803/2181/4803
f 4803/2181/4803 4807/2185/4807 4808/2186/4808
f 4808/2186/4808 4804/2182/4804 4803/2181/4803
f 4810/2188/4810 4811/2189/4811 4671/2045/4671
f 4671/2045/4671 4809/2187/4809 4810/2188/4810
f 4810/2188/4810 4809/2187/4809 4812/2190/4812
f 4812/2190/4812 4813/2191/4813 4810/2188/4810
f 4810/2188/4810 4813/2191/4813 4806/2184/4806
f 4806/2184/4806 4811/2189/4811 4810/2188/4810
f 4814/2192/4814 4805/2183/4805 4675/2032/4675
f 4675/2032/4675 4672/2029/4672 4814/2192/4814
f 4814/2192/4814 4672/2029/4672 4671/2028/4671
f 4671/2028/4671 4811/2193/4811 4814/2192/4814
f 4814/2192/4814 4811/2193/4811 4806/2184/4806
f 4806/2184/4806 4805/2183/4805 4814/2192/4814
f 4816/2195/4816 4813/2191/4813 4812/2190/4812
f 4812/2190/4812 4815/2194/4815 4816/2195/4816
f 4816/2195/4816 4815/2194/4815 4817/2196/4817
f 4817/2196/4817 4818/2197/4818 4816/2195/4816
f 4816/2195/4816 4818/2197/4818 4806/2184/4806
f 4806/2184/4806 4813/2191/4813 4816/2195/4816
f 4820/2200/4820 4818/2201/4818 4817/2198/4817
f 4817/2198/4817 4819/2199/4819 4820/2200/4820
f 4820/2200/4820 4819/2199/4819 4808/2186/4808
f 4808/2186/4808 4807/2185/4807 4820/2200/4820
f 4820/2200/4820 4807/2185/4807 4806/2184/4806
f 4806/2184/4806 4818/2201/4818 4820/2200/4820
f 4822/2203/4822 4823/2204/4823 4817/2196/4817
f 4817/2196/4817 4821/2202/4821 4822/2203/4822
f 4822/2203/4822 4821/2202/4821 4665/2018/4665
f 4665/2018/4665 4824/2205/4824 4822/2203/4822
f 4822/2203/4822 4824/2205/4824 4825/2206/4825
f 4825/2206/4825 4823/2204/4823 4822/2203/4822
f 4826/2207/4826 4827/2208/4827 4808/2186/4808
f 4808/2186/4808 4819/2199/4819 4826/2207/4826
f 4826/2207/4826 4819/2199/4819 4817/2198/4817
f 4817/2198/4817 4823/2209/4823 4826/2207/4826
f 4826/2207/4826 4823/2209/4823 4825/2206/4825
f 4825/2206/4825 4827/2208/4827 4826/2207/4826
f 4828/2210/4828 4824/2211/4824 4665/2026/4665
f 4665/2026/4665 4669/2024/4669 4828/2210/4828
f 4828/2210/4828 4669/2024/4669 4663/2016/4663
f 4663/2016/4663 4829/2212/4829 4828/2210/4828
f 4828/2210/4828 4829/2212/4829 4825/2206/4825
f 4825/2206/4825 4824/2211/4824 4828/2210/4828
f 4831/2214/4831 4660/2013/4660 4659/2012/4659
f 4659/2012/4659 4830/2213/4830 4831/2214/4831
f 4831/2214/4831 4830/2213/4830 4832/2215/4832
f 4832/2215/4832 4833/2216/4833 4831/2214/4831
f 4831/2214/4831 4833/2216/4833 4825/2206/4825
f 4825/2206/4825 4829/2212/4829 4831/2214/4831
f 4831/2214/4831 4829/2212/4829 4663/2016/4663
f 4663/2016/4663 4660/2013/4660 4831/2214/4831
f 4834/2217/4834 4835/2218/4835 4678/2035/4678
f 4678/2035/4678 4804/2182/4804 4834/2217/4834
f 4834/2217/4834 4804/2182/4804 4808/2186/4808
f 4808/2186/4808 4827/2208/4827 4834/2217/4834
f 4834/2217/4834 4827/2208/4827 4825/2206/4825
f 4825/2206/4825 4833/2216/4833 4834/2217/4834
f 4834/2217/4834 4833/2216/4833 4832/2215/4832
f 4832/2215/4832 4835/2218/4835 4834/2217/4834
f 4836/2219/4836 4733/2101/4733 4697/2058/4697
f 4697/2058/4697 4714/2079/4714 4836/2219/4836
f 4836/2219/4836 4714/2079/4714 4718/2083/4718
f 4718/2083/4718 4837/2220/4837 4836/2219/4836
f 4836/2219/4836 4837/2220/4837 4838/2221/4838
f 4838/2221/4838 4839/2222/4839 4836/2219/4836
f 4836/2219/4836 4839/2222/4839 4735/2103/4735
f 4735/2103/4735 4733/2101/4733 4836/2219/4836
f 4840/2223/4840 4730/2098/4730 4729/2097/4729
f 4729/2097/4729 4787/2163/4787 4840/2223/4840
f 4840/2223/4840 4787/2163/4787 4784/2160/4784
f 4784/2160/4784 4841/2224/4841 4840/2223/4840
f 4840/2223/4840 4841/2224/4841 4838/2221/4838
f 4838/2221/4838 4837/2220/4837 4840/2223/4840
f 4840/2223/4840 4837/2220/4837 4718/2083/4718
f 4718/2083/4718 4730/2098/4730 4840/2223/4840
f 4843/2226/4843 4781/2157/4781 4780/2156/4780
f 4780/2156/4780 4842/2225/4842 4843/2226/4843
f 4843/2226/4843 4842/2225/4842 4844/2227/4844
f 4844/2227/4844 4845/2228/4845 4843/2226/4843
f 4843/2226/4843 4845/2228/4845 4838/2221/4838
f 4838/2221/4838 4841/2224/4841 4843/2226/4843
f 4843/2226/4843 4841/2224/4841 4784/2160/4784
f 4784/2160/4784 4781/2157/4781 4843/2226/4843
f 4846/2229/4846 4847/2230/4847 4739/2107/4739
f 4739/2107/4739 4742/2110/4742 4846/2229/4846
f 4846/2229/4846 4742/2110/4742 4735/2103/4735
f 4735/2103/4735 4839/2222/4839 4846/2229/4846
f 4846/2229/4846 4839/2222/4839 4838/2221/4838
f 4838/2221/4838 4845/2228/4845 4846/2229/4846
f 4846/2229/4846 4845/2228/4845 4844/2227/4844
f 4844/2227/4844 4847/2230/4847 4846/2229/4846
f 4848/2231/4848 4842/2225/4842 4780/2156/4780
f 4780/2156/4780 4795/2171/4795 4848/2231/4848
f 4848/2231/4848 4795/2171/4795 4790/2166/4790
f 4790/2166/4790 4849/2232/4849 4848/2231/4848
f 4848/2231/4848 4849/2232/4849 4850/2233/4850
f 4850/2233/4850 4851/2234/4851 4848/2231/4848
f 4848/2231/4848 4851/2234/4851 4844/2227/4844
f 4844/2227/4844 4842/2225/4842 4848/2231/4848
f 4852/2235/4852 4788/2164/4788 4678/2035/4678
f 4678/2035/4678 4835/2218/4835 4852/2235/4852
f 4852/2235/4852 4835/2218/4835 4832/2215/4832
f 4832/2215/4832 4853/2236/4853 4852/2235/4852
f 4852/2235/4852 4853/2236/4853 4850/2233/4850
f 4850/2233/4850 4849/2232/4849 4852/2235/4852
f 4852/2235/4852 4849/2232/4849 4790/2166/4790
f 4790/2166/4790 4788/2164/4788 4852/2235/4852
f 4854/2237/4854 4830/2213/4830 4659/2012/4659
f 4659/2012/4659 4767/2140/4767 4854/2237/4854
f 4854/2237/4854 4767/2140/4767 4764/2137/4764
f 4764/2137/4764 4855/2238/4855 4854/2237/4854
f 4854/2237/4854 4855/2238/4855 4850/2233/4850
f 4850/2233/4850 4853/2236/4853 4854/2237/4854
f 4854/2237/4854 4853/2236/4853 4832/2215/4832
f 4832/2215/4832 4830/2213/4830 4854/2237/4854
f 4856/2239/4856 4762/2135/4762 4739/2107/4739
f 4739/2107/4739 4847/2230/4847 4856/2239/4856
f 4856/2239/4856 4847/2230/4847 4844/2227/4844
f 4844/2227/4844 4851/2234/4851 4856/2239/4856
f 4856/2239/4856 4851/2234/4851 4850/2233/4850
f 4850/2233/4850 4855/2238/4855 4856/2239/4856
f 4856/2239/4856 4855/2238/4855 4764/2137/4764
f 4764/2137/4764 4762/2135/4762 4856/2239/4856
f 4858/2241/4858 4859/2242/4859 4857/2240/4857
f 4863/2246/4863 4860/2243/4860 4861/2244/4861
f 4861/2244/4861 4862/2245/4862 4863/2246/4863
f 4865/2248/4865 4866/2249/4866 4864/2247/4864
f 4862/2245/4862 4865/2248/4865 4864/2247/4864
f 4863/2246/4863 4862/2245/4862 4864/2247/4864
f 4868/2251/4868 4861/2244/4861 4860/2243/4860
f 4860/2243/4860 4867/2250/4867 4868/2251/4868
f 4868/2251/4868 4867/2250/4867 4869/2252/4869
f 4869/2252/4869 4870/2253/4870 4868/2251/4868
f 4872/2255/4872 4870/2253/4870 4869/2252/4869
f 4869/2252/4869 4871/2254/4871 4872/2255/4872
f 4872/2255/4872 4871/2254/4871 4873/2256/4873
f 4874/2257/4874 4875/2258/4875 4872/2255/4872
f 4874/2257/4874 4872/2255/4872 4873/2256/4873
f 4874/2257/4874 4873/2256/4873 4876/2259/4876
f 4876/2259/4876 4877/2260/4877 4874/2257/4874
f 4876/2259/4876 4878/2261/4878 4879/2262/4879
f 4879/2262/4879 4877/2260/4877 4876/2259/4876
f 4883/2266/4883 4880/2263/4880 4881/2264/4881
f 4881/2264/4881 4882/2265/4882 4883/2266/4883
f 4882/2265/4882 4879/2262/4879 4878/2261/4878
f 4878/2261/4878 4883/2266/4883 4882/2265/4882
f 4885/2268/4885 4881/2264/4881 4880/2263/4880
f 4880/2263/4880 4884/2267/4884 4885/2268/4885
f 4884/2267/4884 4886/2269/4886 4887/2270/4887
f 4887/2270/4887 4885/2268/4885 4884/2267/4884
f 4889/2272/4889 4887/2270/4887 4886/2269/4886
f 4886/2269/4886 4888/2271/4888 4889/2272/4889
f 4888/2271/4888 4890/2273/4890 4891/2274/4891
f 4891/2274/4891 4889/2272/4889 4888/2271/4888
f 4893/2276/4893 4891/2274/4891 4890/2273/4890
f 4890/2273/4890 4892/2275/4892 4893/2276/4893
f 4892/2275/4892 4894/2277/4894 4895/2278/4895
f 4895/2278/4895 4893/2276/4893 4892/2275/4892
f 4897/2280/4897 4895/2278/4895 4894/2277/4894
f 4894/2277/4894 4896/2279/4896 4897/2280/4897
f 4896/2279/4896 4898/2281/4898 4899/2282/4899
f 4899/2282/4899 4897/2280/4897 4896/2279/4896
f 4901/2284/4901 4899/2282/4899 4898/2281/4898
f 4898/2281/4898 4900/2283/4900 4901/2284/4901
f 4905/2288/4905 4902/2285/4902 4903/2286/4903
f 4903/2286/4903 4904/2287/4904 4905/2288/4905
f 4906/2289/4906 4907/2290/4907 4902/2285/4902
f 4902/2285/4902 4905/2288/4905 4906/2289/4906
f 4910/2293/4910 4911/2294/4911 4908/2291/4908
f 4908/2291/4908 4909/2292/4909 4910/2293/4910
f 4910/2293/4910 4909/2292/4909 4912/2295/4912
f 4912/2295/4912 4913/2296/4913 4910/2293/4910
f 4910/2293/4910 4913/2296/4913 4914/2297/4914
f 4914/2297/4914 4911/2294/4911 4910/2293/4910
f 4917/2300/4917 4918/2301/4918 4915/2298/4915
f 4915/2298/4915 4916/2299/4916 4917/2300/4917
f 4917/2300/4917 4916/2299/4916 4919/2302/4919
f 4919/2302/4919 4920/2303/4920 4917/2300/4917
f 4917/2300/4917 4920/2303/4920 4921/2304/4921
f 4921/2304/4921 4918/2301/4918 4917/2300/4917
f 4924/2307/4924 4925/2308/4925 4922/2305/4922
f 4922/2305/4922 4923/2306/4923 4924/2307/4924
f 4924/2307/4924 4923/2306/4923 4926/2309/4926
f 4926/2309/4926 4927/2310/4927 4924/2307/4924
f 4924/2307/4924 4927/2310/4927 4928/2311/4928
f 4928/2311/4928 4925/2308/4925 4924/2307/4924
f 4931/2314/4931 4932/2315/4932 4929/2312/4929
f 4929/2312/4929 4930/2313/4930 4931/2314/4931
f 4931/2314/4931 4930/2313/4930 4928/2311/4928
f 4928/2311/4928 4933/2316/4933 4931/2314/4931
f 4931/2314/4931 4933/2316/4933 4934/2317/4934
f 4934/2317/4934 4932/2315/4932 4931/2314/4931
f 4936/2319/4936 4937/2320/4937 4929/2312/4929
f 4929/2312/4929 4935/2318/4935 4936/2319/4936
f 4936/2319/4936 4935/2318/4935 4938/2321/4938
f 4938/2321/4938 4939/2322/4939 4936/2319/4936
f 4936/2319/4936 4939/2322/4939 4940/2323/4940
f 4940/2323/4940 4937/2320/4937 4936/2319/4936
f 4943/2326/4943 4944/2327/4944 4941/2324/4941
f 4941/2324/4941 4942/2325/4942 4943/2326/4943
f 4943/2326/4943 4942/2325/4942 4945/2328/4945
f 4945/2328/4945 4946/2329/4946 4943/2326/4943
f 4943/2326/4943 4946/2329/4946 4947/2330/4947
f 4947/2330/4947 4944/2327/4944 4943/2326/4943
f 4950/2333/4950 4951/2334/4951 4948/2331/4948
f 4948/2331/4948 4949/2332/4949 4950/2333/4950
f 4950/2333/4950 4949/2332/4949 4952/2335/4952
f 4952/2335/4952 4953/2336/4953 4950/2333/4950
f 4950/2333/4950 4953/2336/4953 4954/2337/4954
f 4954/2337/4954 4951/2334/4951 4950/2333/4950
f 4957/2340/4957 4958/2341/4958 4955/2338/4955
f 4955/2338/4955 4956/2339/4956 4957/2340/4957
f 4957/2340/4957 4956/2339/4956 4959/2342/4959
f 4959/2342/4959 4960/2343/4960 4957/2340/4957
f 4957/2340/4957 4960/2343/4960 4961/2344/4961
f 4961/2344/4961 4958/2341/4958 4957/2340/4957
f 4963/2347/4963 4964/2348/4964 4961/2345/4961
f 4961/2345/4961 4962/2346/4962 4963/2347/4963
f 4963/2347/4963 4962/2346/4962 4965/2349/4965
f 4965/2349/4965 4966/2350/4966 4963/2347/4963
f 4963/2347/4963 4966/2350/4966 4967/2351/4967
f 4967/2351/4967 4964/2348/4964 4963/2347/4963
f 4970/2354/4970 4971/2355/4971 4968/2352/4968
f 4968/2352/4968 4969/2353/4969 4970/2354/4970
f 4970/2354/4970 4969/2353/4969 4972/2356/4972
f 4972/2356/4972 4973/2357/4973 4970/2354/4970
f 4970/2354/4970 4973/2357/4973 4974/2358/4974
f 4974/2358/4974 4971/2355/4971 4970/2354/4970
f 4976/2361/4976 4977/2362/4977 4947/2359/4947
f 4947/2359/4947 4975/2360/4975 4976/2361/4976
f 4976/2361/4976 4975/2360/4975 4978/2363/4978
f 4978/2363/4978 4979/2364/4979 4976/2361/4976
f 4976/2361/4976 4979/2364/4979 4980/2365/4980
f 4980/2365/4980 4977/2362/4977 4976/2361/4976
f 4983/2368/4983 4984/2369/4984 4981/2366/4981
f 4981/2366/4981 4982/2367/4982 4983/2368/4983
f 4983/2368/4983 4982/2367/4982 4941/2324/4941
f 4941/2324/4941 4944/2327/4944 4983/2368/4983
f 4983/2368/4983 4944/2327/4944 4947/2330/4947
f 4947/2330/4947 4984/2369/4984 4983/2368/4983
f 4987/2372/4987 4988/2373/4988 4985/2370/4985
f 4985/2370/4985 4986/2371/4986 4987/2372/4987
f 4987/2372/4987 4986/2371/4986 4989/2374/4989
f 4989/2374/4989 4990/2375/4990 4987/2372/4987
f 4987/2372/4987 4990/2375/4990 4991/2376/4991
f 4991/2376/4991 4988/2373/4988 4987/2372/4987
f 4992/2377/4992 4993/2378/4993 4941/2324/4941
f 4941/2324/4941 4982/2367/4982 4992/2377/4992
f 4992/2377/4992 4982/2367/4982 4981/2366/4981
f 4981/2366/4981 4994/2379/4994 4992/2377/4992
f 4992/2377/4992 4994/2379/4994 4995/2380/4995
f 4995/2380/4995 4993/2378/4993 4992/2377/4992
f 4998/2383/4998 4999/2384/4999 4996/2381/4996
f 4996/2381/4996 4997/2382/4997 4998/2383/4998
f 4998/2383/4998 4997/2382/4997 5000/2385/5000
f 5000/2385/5000 5001/2386/5001 4998/2383/4998
f 4998/2383/4998 5001/2386/5001 5002/2387/5002
f 5002/2387/5002 4999/2384/4999 4998/2383/4998
f 5005/2390/5005 5006/2391/5006 5003/2388/5003
f 5003/2388/5003 5004/2389/5004 5005/2390/5005
f 5005/2390/5005 5004/2389/5004 5007/2392/5007
f 5007/2392/5007 5008/2393/5008 5005/2390/5005
f 5005/2390/5005 5008/2393/5008 5009/2394/5009
f 5009/2394/5009 5006/2391/5006 5005/2390/5005
f 5012/2397/5012 5013/2398/5013 5010/2395/5010
f 5010/2395/5010 5011/2396/5011 5012/2397/5012
f 5012/2397/5012 5011/2396/5011 5014/2399/5014
f 5014/2399/5014 5015/2400/5015 5012/2397/5012
f 5012/2397/5012 5015/2400/5015 5002/2387/5002
f 5002/2387/5002 5013/2398/5013 5012/2397/5012
f 5018/2403/5018 5019/2404/5019 5016/2401/5016
f 5016/2401/5016 5017/2402/5017 5018/2403/5018
f 5018/2403/5018 5017/2402/5017 5020/2405/5020
f 5020/2405/5020 5021/2406/5021 5018/2403/5018
f 5018/2403/5018 5021/2406/5021 5022/2407/5022
f 5022/2407/5022 5023/2408/5023 5018/2403/5018
f 5018/2403/5018 5023/2408/5023 5024/2409/5024
f 5024/2409/5024 5025/2410/5025 5018/2403/5018
f 5018/2403/5018 5025/2410/5025 5026/2411/5026
f 5026/2411/5026 5019/2404/5019 5018/2403/5018
f 5029/2414/5029 5030/2415/5030 5027/2412/5027
f 5027/2412/5027 5028/2413/5028 5029/2414/5029
f 5029/2414/5029 5028/2413/5028 5016/2401/5016
f 5016/2401/5016 5019/2404/5019 5029/2414/5029
f 5029/2414/5029 5019/2404/5019 5026/2411/5026
f 5026/2411/5026 5031/2416/5031 5029/2414/5029
f 5029/2414/5029 5031/2416/5031 5032/2417/5032
f 5032/2417/5032 5030/2415/5030 5029/2414/5029
f 5034/2419/5034 5017/2402/5017 5016/2401/5016
f 5016/2401/5016 5033/2418/5033 5034/2419/5034
f 5034/2419/5034 5033/2418/5033 5035/2420/5035
f 5035/2420/5035 5036/2421/5036 5034/2419/5034
f 5034/2419/5034 5036/2421/5036 5037/2422/5037
f 5037/2422/5037 5038/2423/5038 5034/2419/5034
f 5034/2419/5034 5038/2423/5038 5039/2424/5039
f 5039/2424/5039 5040/2425/5040 5034/2419/5034
f 5034/2419/5034 5040/2425/5040 5020/2405/5020
f 5020/2405/5020 5017/2402/5017 5034/2419/5034
f 5043/2428/5043 5044/2429/5044 5041/2426/5041
f 5041/2426/5041 5042/2427/5042 5043/2428/5043
f 5043/2428/5043 5042/2427/5042 5035/2420/5035
f 5035/2420/5035 5033/2418/5033 5043/2428/5043
f 5043/2428/5043 5033/2418/5033 5016/2401/5016
f 5016/2401/5016 5028/2413/5028 5043/2428/5043
f 5043/2428/5043 5028/2413/5028 5027/2412/5027
f 5027/2412/5027 5044/2429/5044 5043/2428/5043
f 5045/2430/5045 5046/2431/5046 4860/2243/4860
f 4860/2243/4860 4863/2246/4863 5045/2430/5045
f 5045/2430/5045 4863/2246/4863 4864/2247/4864
f 4864/2247/4864 5047/2432/5047 5045/2430/5045
f 5045/2430/5045 5047/2432/5047 5048/2433/5048
f 5048/2433/5048 5049/2434/5049 5045/2430/5045
f 5045/2430/5045 5049/2434/5049 5050/2435/5050
f 5050/2435/5050 5051/2436/5051 5045/2430/5045
f 5045/2430/5045 5051/2436/5051 5052/2437/5052
f 5052/2437/5052 5046/2431/5046 5045/2430/5045
f 5055/2440/5055 5056/2441/5056 5053/2438/5053
f 5053/2438/5053 5054/2439/5054 5055/2440/5055
f 5055/2440/5055 5054/2439/5054 5052/2437/5052
f 5052/2437/5052 5051/2436/5051 5055/2440/5055
f 5055/2440/5055 5051/2436/5051 5050/2435/5050
f 5050/2435/5050 5057/2442/5057 5055/2440/5055
f 5055/2440/5055 5057/2442/5057 5058/2443/5058
f 5058/2443/5058 5059/2444/5059 5055/2440/5055
f 5055/2440/5055 5059/2444/5059 5060/2445/5060
f 5060/2445/5060 5056/2441/5056 5055/2440/5055
f 5062/2447/5062 5056/2441/5056 5060/2445/5060
f 5060/2445/5060 5061/2446/5061 5062/2447/5062
f 5062/2447/5062 5061/2446/5061 5063/2448/5063
f 5063/2448/5063 5064/2449/5064 5062/2447/5062
f 5062/2447/5062 5064/2449/5064 5065/2450/5065
f 5065/2450/5065 5066/2451/5066 5062/2447/5062
f 5062/2447/5062 5066/2451/5066 5067/2452/5067
f 5067/2452/5067 5068/2453/5068 5062/2447/5062
f 5062/2447/5062 5068/2453/5068 5053/2438/5053
f 5053/2438/5053 5056/2441/5056 5062/2447/5062
f 5070/2455/5070 5066/2451/5066 5065/2450/5065
f 5065/2450/5065 5069/2454/5069 5070/2455/5070
f 5070/2455/5070 5069/2454/5069 5071/2456/5071
f 5071/2456/5071 5072/2457/5072 5070/2455/5070
f 5070/2455/5070 5072/2457/5072 5073/2458/5073
f 5073/2458/5073 5074/2459/5074 5070/2455/5070
f 5070/2455/5070 5074/2459/5074 5067/2452/5067
f 5067/2452/5067 5066/2451/5066 5070/2455/5070
f 5076/2461/5076 5077/2462/5077 4914/2297/4914
f 4914/2297/4914 5075/2460/5075 5076/2461/5076
f 5076/2461/5076 5075/2460/5075 4869/2252/4869
f 4869/2252/4869 4867/2250/4867 5076/2461/5076
f 5076/2461/5076 4867/2250/4867 4860/2243/4860
f 4860/2243/4860 5046/2431/5046 5076/2461/5076
f 5076/2461/5076 5046/2431/5046 5052/2437/5052
f 5052/2437/5052 5077/2462/5077 5076/2461/5076
f 5078/2463/5078 5079/2464/5079 4908/2291/4908
f 4908/2291/4908 4911/2294/4911 5078/2463/5078
f 5078/2463/5078 4911/2294/4911 4914/2297/4914
f 4914/2297/4914 5077/2462/5077 5078/2463/5078
f 5078/2463/5078 5077/2462/5077 5052/2437/5052
f 5052/2437/5052 5054/2439/5054 5078/2463/5078
f 5078/2463/5078 5054/2439/5054 5053/2438/5053
f 5053/2438/5053 5079/2464/5079 5078/2463/5078
f 5080/2465/5080 5079/2464/5079 5053/2438/5053
f 5053/2438/5053 5068/2453/5068 5080/2465/5080
f 5080/2465/5080 5068/2453/5068 5067/2452/5067
f 5067/2452/5067 5081/2466/5081 5080/2465/5080
f 5080/2465/5080 5081/2466/5081 5082/2467/5082
f 5082/2467/5082 5083/2468/5083 5080/2465/5080
f 5080/2465/5080 5083/2468/5083 4908/2291/4908
f 4908/2291/4908 5079/2464/5079 5080/2465/5080
f 5084/2469/5084 5081/2466/5081 5067/2452/5067
f 5067/2452/5067 5074/2459/5074 5084/2469/5084
f 5084/2469/5084 5074/2459/5074 5073/2458/5073
f 5073/2458/5073 5085/2470/5085 5084/2469/5084
f 5084/2469/5084 5085/2470/5085 5086/2471/5086
f 5086/2471/5086 5087/2472/5087 5084/2469/5084
f 5084/2469/5084 5087/2472/5087 5082/2467/5082
f 5082/2467/5082 5081/2466/5081 5084/2469/5084
f 5088/2473/5088 4871/2254/4871 4869/2252/4869
f 4869/2252/4869 5075/2460/5075 5088/2473/5088
f 5088/2473/5088 5075/2460/5075 4914/2297/4914
f 4914/2297/4914 4913/2296/4913 5088/2473/5088
f 5088/2473/5088 4913/2296/4913 4912/2295/4912
f 4912/2295/4912 5089/2474/5089 5088/2473/5088
f 5088/2473/5088 5089/2474/5089 4873/2256/4873
f 4873/2256/4873 4871/2254/4871 5088/2473/5088
f 5092/2477/5092 5093/2478/5093 5090/2475/5090
f 5090/2475/5090 5091/2476/5091 5092/2477/5092
f 5092/2477/5092 5091/2476/5091 4878/2261/4878
f 4878/2261/4878 4876/2259/4876 5092/2477/5092
f 5092/2477/5092 4876/2259/4876 4873/2256/4873
f 4873/2256/4873 5089/2474/5089 5092/2477/5092
f 5092/2477/5092 5089/2474/5089 4912/2295/4912
f 4912/2295/4912 5093/2478/5093 5092/2477/5092
f 5094/2479/5094 5095/2480/5095 5090/2475/5090
f 5090/2475/5090 5093/2478/5093 5094/2479/5094
f 5094/2479/5094 5093/2478/5093 4912/2295/4912
f 4912/2295/4912 4909/2292/4909 5094/2479/5094
f 5094/2479/5094 4909/2292/4909 4908/2291/4908
f 4908/2291/4908 5083/2468/5083 5094/2479/5094
f 5094/2479/5094 5083/2468/5083 5082/2467/5082
f 5082/2467/5082 5095/2480/5095 5094/2479/5094
f 5096/2481/5096 5095/2480/5095 5082/2467/5082
f 5082/2467/5082 5087/2472/5087 5096/2481/5096
f 5096/2481/5096 5087/2472/5087 5086/2471/5086
f 5086/2471/5086 5097/2482/5097 5096/2481/5096
f 5096/2481/5096 5097/2482/5097 5098/2483/5098
f 5098/2483/5098 5099/2484/5099 5096/2481/5096
f 5096/2481/5096 5099/2484/5099 5090/2475/5090
f 5090/2475/5090 5095/2480/5095 5096/2481/5096
f 5100/2485/5100 5101/2486/5101 4880/2263/4880
f 4880/2263/4880 4883/2266/4883 5100/2485/5100
f 5100/2485/5100 4883/2266/4883 4878/2261/4878
f 4878/2261/4878 5091/2476/5091 5100/2485/5100
f 5100/2485/5100 5091/2476/5091 5090/2475/5090
f 5090/2475/5090 5099/2484/5099 5100/2485/5100
f 5100/2485/5100 5099/2484/5099 5098/2483/5098
f 5098/2483/5098 5101/2486/5101 5100/2485/5100
f 5104/2489/5104 5105/2490/5105 5102/2487/5102
f 5102/2487/5102 5103/2488/5103 5104/2489/5104
f 5104/2489/5104 5103/2488/5103 4886/2269/4886
f 4886/2269/4886 4884/2267/4884 5104/2489/5104
f 5104/2489/5104 4884/2267/4884 4880/2263/4880
f 4880/2263/4880 5101/2486/5101 5104/2489/5104
f 5104/2489/5104 5101/2486/5101 5098/2483/5098
f 5098/2483/5098 5105/2490/5105 5104/2489/5104
f 5106/2491/5106 5107/2492/5107 5102/2487/5102
f 5102/2487/5102 5105/2490/5105 5106/2491/5106
f 5106/2491/5106 5105/2490/5105 5098/2483/5098
f 5098/2483/5098 5097/2482/5097 5106/2491/5106
f 5106/2491/5106 5097/2482/5097 5086/2471/5086
f 5086/2471/5086 5108/2493/5108 5106/2491/5106
f 5106/2491/5106 5108/2493/5108 5109/2494/5109
f 5109/2494/5109 5107/2492/5107 5106/2491/5106
f 5110/2495/5110 5111/2496/5111 5109/2494/5109
f 5109/2494/5109 5108/2493/5108 5110/2495/5110
f 5110/2495/5110 5108/2493/5108 5086/2471/5086
f 5086/2471/5086 5085/2470/5085 5110/2495/5110
f 5110/2495/5110 5085/2470/5085 5073/2458/5073
f 5073/2458/5073 5112/2497/5112 5110/2495/5110
f 5110/2495/5110 5112/2497/5112 5113/2498/5113
f 5113/2498/5113 5111/2496/5111 5110/2495/5110
f 5114/2499/5114 5115/2500/5115 5113/2498/5113
f 5113/2498/5113 5112/2497/5112 5114/2499/5114
f 5114/2499/5114 5112/2497/5112 5073/2458/5073
f 5073/2458/5073 5072/2457/5072 5114/2499/5114
f 5114/2499/5114 5072/2457/5072 5071/2456/5071
f 5071/2456/5071 5116/2501/5116 5114/2499/5114
f 5114/2499/5114 5116/2501/5116 5117/2502/5117
f 5117/2502/5117 5115/2500/5115 5114/2499/5114
f 5119/2504/5119 5120/2505/5120 4921/2304/4921
f 4921/2304/4921 5118/2503/5118 5119/2504/5119
f 5119/2504/5119 5118/2503/5118 5027/2412/5027
f 5027/2412/5027 5030/2415/5030 5119/2504/5119
f 5119/2504/5119 5030/2415/5030 5032/2417/5032
f 5032/2417/5032 5121/2506/5121 5119/2504/5119
f 5119/2504/5119 5121/2506/5121 5122/2507/5122
f 5122/2507/5122 5120/2505/5120 5119/2504/5119
f 5125/2510/5125 5126/2511/5126 5123/2508/5123
f 5123/2508/5123 5124/2509/5124 5125/2510/5125
f 5125/2510/5125 5124/2509/5124 5041/2426/5041
f 5041/2426/5041 5044/2429/5044 5125/2510/5125
f 5125/2510/5125 5044/2429/5044 5027/2412/5027
f 5027/2412/5027 5118/2503/5118 5125/2510/5125
f 5125/2510/5125 5118/2503/5118 4921/2304/4921
f 4921/2304/4921 5126/2511/5126 5125/2510/5125
f 5127/2512/5127 5128/2513/5128 4915/2298/4915
f 4915/2298/4915 4918/2301/4918 5127/2512/5127
f 5127/2512/5127 4918/2301/4918 4921/2304/4921
f 4921/2304/4921 5120/2505/5120 5127/2512/5127
f 5127/2512/5127 5120/2505/5120 5122/2507/5122
f 5122/2507/5122 5129/2514/5129 5127/2512/5127
f 5127/2512/5127 5129/2514/5129 5130/2515/5130
f 5130/2515/5130 5128/2513/5128 5127/2512/5127
f 5133/2518/5133 5134/2519/5134 5131/2516/5131
f 5131/2516/5131 5132/2517/5132 5133/2518/5133
f 5133/2518/5133 5132/2517/5132 5123/2508/5123
f 5123/2508/5123 5126/2511/5126 5133/2518/5133
f 5133/2518/5133 5126/2511/5126 4921/2304/4921
f 4921/2304/4921 4920/2303/4920 5133/2518/5133
f 5133/2518/5133 4920/2303/4920 4919/2302/4919
f 4919/2302/4919 5134/2519/5134 5133/2518/5133
f 5137/2522/5137 5138/2523/5138 5135/2520/5135
f 5135/2520/5135 5136/2521/5136 5137/2522/5137
f 5137/2522/5137 5136/2521/5136 5139/2524/5139
f 5139/2524/5139 5140/2525/5140 5137/2522/5137
f 5137/2522/5137 5140/2525/5140 4915/2298/4915
f 4915/2298/4915 5128/2513/5128 5137/2522/5137
f 5137/2522/5137 5128/2513/5128 5130/2515/5130
f 5130/2515/5130 5138/2523/5138 5137/2522/5137
f 5143/2528/5143 5144/2529/5144 5141/2526/5141
f 5141/2526/5141 5142/2527/5142 5143/2528/5143
f 5143/2528/5143 5142/2527/5142 5139/2524/5139
f 5139/2524/5139 5136/2521/5136 5143/2528/5143
f 5143/2528/5143 5136/2521/5136 5135/2520/5135
f 5135/2520/5135 5145/2530/5145 5143/2528/5143
f 5143/2528/5143 5145/2530/5145 5146/2531/5146
f 5146/2531/5146 5144/2529/5144 5143/2528/5143
f 5149/2534/5149 5150/2535/5150 5147/2532/5147
f 5147/2532/5147 5148/2533/5148 5149/2534/5149
f 5149/2534/5149 5148/2533/5148 5113/2498/5113
f 5113/2498/5113 5115/2500/5115 5149/2534/5149
f 5149/2534/5149 5115/2500/5115 5117/2502/5117
f 5117/2502/5117 5151/2536/5151 5149/2534/5149
f 5149/2534/5149 5151/2536/5151 5152/2537/5152
f 5152/2537/5152 5150/2535/5150 5149/2534/5149
f 5155/2540/5155 5156/2541/5156 5153/2538/5153
f 5153/2538/5153 5154/2539/5154 5155/2540/5155
f 5155/2540/5155 5154/2539/5154 5109/2494/5109
f 5109/2494/5109 5111/2496/5111 5155/2540/5155
f 5155/2540/5155 5111/2496/5111 5113/2498/5113
f 5113/2498/5113 5148/2533/5148 5155/2540/5155
f 5155/2540/5155 5148/2533/5148 5147/2532/5147
f 5147/2532/5147 5156/2541/5156 5155/2540/5155
f 5158/2543/5158 5154/2539/5154 5153/2538/5153
f 5153/2538/5153 5157/2542/5157 5158/2543/5158
f 5158/2543/5158 5157/2542/5157 5159/2544/5159
f 5159/2544/5159 5160/2545/5160 5158/2543/5158
f 5158/2543/5158 5160/2545/5160 5102/2487/5102
f 5102/2487/5102 5107/2492/5107 5158/2543/5158
f 5158/2543/5158 5107/2492/5107 5109/2494/5109
f 5109/2494/5109 5154/2539/5154 5158/2543/5158
f 5163/2548/5163 5164/2549/5164 5161/2546/5161
f 5161/2546/5161 5162/2547/5162 5163/2548/5163
f 5163/2548/5163 5162/2547/5162 5165/2550/5165
f 5165/2550/5165 5166/2551/5166 5163/2548/5163
f 5163/2548/5163 5166/2551/5166 5153/2538/5153
f 5153/2538/5153 5156/2541/5156 5163/2548/5163
f 5163/2548/5163 5156/2541/5156 5147/2532/5147
f 5147/2532/5147 5164/2549/5164 5163/2548/5163
f 5168/2553/5168 5166/2551/5166 5165/2550/5165
f 5165/2550/5165 5167/2552/5167 5168/2553/5168
f 5168/2553/5168 5167/2552/5167 5169/2554/5169
f 5169/2554/5169 5170/2555/5170 5168/2553/5168
f 5168/2553/5168 5170/2555/5170 5159/2544/5159
f 5159/2544/5159 5157/2542/5157 5168/2553/5168
f 5168/2553/5168 5157/2542/5157 5153/2538/5153
f 5153/2538/5153 5166/2551/5166 5168/2553/5168
f 5171/2556/5171 5172/2557/5172 5161/2546/5161
f 5161/2546/5161 5164/2549/5164 5171/2556/5171
f 5171/2556/5171 5164/2549/5164 5147/2532/5147
f 5147/2532/5147 5150/2535/5150 5171/2556/5171
f 5171/2556/5171 5150/2535/5150 5152/2537/5152
f 5152/2537/5152 5173/2558/5173 5171/2556/5171
f 5171/2556/5171 5173/2558/5173 5174/2559/5174
f 5174/2559/5174 5172/2557/5172 5171/2556/5171
f 5177/2562/5177 5178/2563/5178 5175/2560/5175
f 5175/2560/5175 5176/2561/5176 5177/2562/5177
f 5177/2562/5177 5176/2561/5176 5165/2550/5165
f 5165/2550/5165 5162/2547/5162 5177/2562/5177
f 5177/2562/5177 5162/2547/5162 5161/2546/5161
f 5161/2546/5161 5179/2564/5179 5177/2562/5177
f 5177/2562/5177 5179/2564/5179 5180/2565/5180
f 5180/2565/5180 5178/2563/5178 5177/2562/5177
f 5181/2566/5181 5182/2567/5182 5180/2565/5180
f 5180/2565/5180 5179/2564/5179 5181/2566/5181
f 5181/2566/5181 5179/2564/5179 5161/2546/5161
f 5161/2546/5161 5172/2557/5172 5181/2566/5181
f 5181/2566/5181 5172/2557/5172 5174/2559/5174
f 5174/2559/5174 5183/2568/5183 5181/2566/5181
f 5181/2566/5181 5183/2568/5183 5184/2569/5184
f 5184/2569/5184 5182/2567/5182 5181/2566/5181
f 5186/2571/5186 5182/2567/5182 5184/2569/5184
f 5184/2569/5184 5185/2570/5185 5186/2571/5186
f 5186/2571/5186 5185/2570/5185 5187/2572/5187
f 5187/2572/5187 5188/2573/5188 5186/2571/5186
f 5186/2571/5186 5188/2573/5188 5189/2574/5189
f 5189/2574/5189 5190/2575/5190 5186/2571/5186
f 5186/2571/5186 5190/2575/5190 5180/2565/5180
f 5180/2565/5180 5182/2567/5182 5186/2571/5186
f 5192/2577/5192 5160/2545/5160 5159/2544/5159
f 5159/2544/5159 5191/2576/5191 5192/2577/5192
f 5192/2577/5192 5191/2576/5191 4890/2273/4890
f 4890/2273/4890 4888/2271/4888 5192/2577/5192
f 5192/2577/5192 4888/2271/4888 4886/2269/4886
f 4886/2269/4886 5103/2488/5103 5192/2577/5192
f 5192/2577/5192 5103/2488/5103 5102/2487/5102
f 5102/2487/5102 5160/2545/5160 5192/2577/5192
f 5194/2579/5194 5170/2555/5170 5169/2554/5169
f 5169/2554/5169 5193/2578/5193 5194/2579/5194
f 5194/2579/5194 5193/2578/5193 4894/2277/4894
f 4894/2277/4894 4892/2275/4892 5194/2579/5194
f 5194/2579/5194 4892/2275/4892 4890/2273/4890
f 4890/2273/4890 5191/2576/5191 5194/2579/5194
f 5194/2579/5194 5191/2576/5191 5159/2544/5159
f 5159/2544/5159 5170/2555/5170 5194/2579/5194
f 5197/2582/5197 5198/2583/5198 5195/2580/5195
f 5195/2580/5195 5196/2581/5196 5197/2582/5197
f 5197/2582/5197 5196/2581/5196 4898/2281/4898
f 4898/2281/4898 4896/2279/4896 5197/2582/5197
f 5197/2582/5197 4896/2279/4896 4894/2277/4894
f 4894/2277/4894 5193/2578/5193 5197/2582/5197
f 5197/2582/5197 5193/2578/5193 5169/2554/5169
f 5169/2554/5169 5198/2583/5198 5197/2582/5197
f 5200/2585/5200 5201/2586/5201 4934/2317/4934
f 4934/2317/4934 5199/2584/5199 5200/2585/5200
f 5200/2585/5200 5199/2584/5199 5202/2587/5202
f 5202/2587/5202 5203/2588/5203 5200/2585/5200
f 5200/2585/5200 5203/2588/5203 5141/2526/5141
f 5141/2526/5141 5204/2589/5204 5200/2585/5200
f 5200/2585/5200 5204/2589/5204 5205/2590/5205
f 5205/2590/5205 5201/2586/5201 5200/2585/5200
f 5206/2591/5206 5207/2592/5207 5205/2590/5205
f 5205/2590/5205 5204/2589/5204 5206/2591/5206
f 5206/2591/5206 5204/2589/5204 5141/2526/5141
f 5141/2526/5141 5144/2529/5144 5206/2591/5206
f 5206/2591/5206 5144/2529/5144 5146/2531/5146
f 5146/2531/5146 5208/2593/5208 5206/2591/5206
f 5206/2591/5206 5208/2593/5208 5209/2594/5209
f 5209/2594/5209 5207/2592/5207 5206/2591/5206
f 5212/2597/5212 5213/2598/5213 5210/2595/5210
f 5210/2595/5210 5211/2596/5211 5212/2597/5212
f 5212/2597/5212 5211/2596/5211 5205/2590/5205
f 5205/2590/5205 5207/2592/5207 5212/2597/5212
f 5212/2597/5212 5207/2592/5207 5209/2594/5209
f 5209/2594/5209 5214/2599/5214 5212/2597/5212
f 5212/2597/5212 5214/2599/5214 5215/2600/5215
f 5215/2600/5215 5213/2598/5213 5212/2597/5212
f 5217/2602/5217 5211/2596/5211 5210/2595/5210
f 5210/2595/5210 5216/2601/5216 5217/2602/5217
f 5217/2602/5217 5216/2601/5216 5218/2603/5218
f 5218/2603/5218 5219/2604/5219 5217/2602/5217
f 5217/2602/5217 5219/2604/5219 4934/2317/4934
f 4934/2317/4934 5201/2586/5201 5217/2602/5217
f 5217/2602/5217 5201/2586/5201 5205/2590/5205
f 5205/2590/5205 5211/2596/5211 5217/2602/5217
f 5220/2605/5220 4935/2318/4935 4929/2312/4929
f 4929/2312/4929 4932/2315/4932 5220/2605/5220
f 5220/2605/5220 4932/2315/4932 4934/2317/4934
f 4934/2317/4934 5219/2604/5219 5220/2605/5220
f 5220/2605/5220 5219/2604/5219 5218/2603/5218
f 5218/2603/5218 5221/2606/5221 5220/2605/5220
f 5220/2605/5220 5221/2606/5221 4938/2321/4938
f 4938/2321/4938 4935/2318/4935 5220/2605/5220
f 5222/2607/5222 5223/2608/5223 5175/2560/5175
f 5175/2560/5175 5178/2563/5178 5222/2607/5222
f 5222/2607/5222 5178/2563/5178 5180/2565/5180
f 5180/2565/5180 5190/2575/5190 5222/2607/5222
f 5222/2607/5222 5190/2575/5190 5189/2574/5189
f 5189/2574/5189 5224/2609/5224 5222/2607/5222
f 5222/2607/5222 5224/2609/5224 5225/2610/5225
f 5225/2610/5225 5223/2608/5223 5222/2607/5222
f 5228/2613/5228 5229/2614/5229 5226/2611/5226
f 5226/2611/5226 5227/2612/5227 5228/2613/5228
f 5228/2613/5228 5227/2612/5227 5189/2574/5189
f 5189/2574/5189 5188/2573/5188 5228/2613/5228
f 5228/2613/5228 5188/2573/5188 5187/2572/5187
f 5187/2572/5187 5230/2615/5230 5228/2613/5228
f 5228/2613/5228 5230/2615/5230 5231/2616/5231
f 5231/2616/5231 5229/2614/5229 5228/2613/5228
f 5232/2617/5232 5233/2618/5233 5225/2610/5225
f 5225/2610/5225 5224/2609/5224 5232/2617/5232
f 5232/2617/5232 5224/2609/5224 5189/2574/5189
f 5189/2574/5189 5227/2612/5227 5232/2617/5232
f 5232/2617/5232 5227/2612/5227 5226/2611/5226
f 5226/2611/5226 5234/2619/5234 5232/2617/5232
f 5232/2617/5232 5234/2619/5234 5235/2620/5235
f 5235/2620/5235 5233/2618/5233 5232/2617/5232
f 5237/2623/5237 5238/2624/5238 4961/2621/4961
f 4961/2621/4961 5236/2622/5236 5237/2623/5237
f 5237/2623/5237 5236/2622/5236 5210/2595/5210
f 5210/2595/5210 5213/2598/5213 5237/2623/5237
f 5237/2623/5237 5213/2598/5213 5215/2600/5215
f 5215/2600/5215 5239/2625/5239 5237/2623/5237
f 5237/2623/5237 5239/2625/5239 5240/2626/5240
f 5240/2626/5240 5238/2624/5238 5237/2623/5237
f 5241/2628/5241 5236/2622/5236 4961/2621/4961
f 4961/2621/4961 4964/2627/4964 5241/2628/5241
f 5241/2628/5241 4964/2627/4964 4967/2629/4967
f 4967/2629/4967 5242/2630/5242 5241/2628/5241
f 5241/2628/5241 5242/2630/5242 5218/2603/5218
f 5218/2603/5218 5216/2601/5216 5241/2628/5241
f 5241/2628/5241 5216/2601/5216 5210/2595/5210
f 5210/2595/5210 5236/2622/5236 5241/2628/5241
f 5243/2631/5243 5221/2606/5221 5218/2603/5218
f 5218/2603/5218 5242/2630/5242 5243/2631/5243
f 5243/2631/5243 5242/2630/5242 4967/2629/4967
f 4967/2629/4967 5244/2632/5244 5243/2631/5243
f 5243/2631/5243 5244/2632/5244 5245/2633/5245
f 5245/2633/5245 5246/2634/5246 5243/2631/5243
f 5243/2631/5243 5246/2634/5246 4938/2321/4938
f 4938/2321/4938 5221/2606/5221 5243/2631/5243
f 5247/2635/5247 5248/2636/5248 4940/2323/4940
f 4940/2323/4940 4939/2322/4939 5247/2635/5247
f 5247/2635/5247 4939/2322/4939 4938/2321/4938
f 4938/2321/4938 5246/2634/5246 5247/2635/5247
f 5247/2635/5247 5246/2634/5246 5245/2633/5245
f 5245/2633/5245 5249/2637/5249 5247/2635/5247
f 5247/2635/5247 5249/2637/5249 4978/2638/4978
f 4978/2638/4978 5248/2636/5248 5247/2635/5247
f 5251/2640/5251 5252/2641/5252 4945/2328/4945
f 4945/2328/4945 5250/2639/5250 5251/2640/5251
f 5251/2640/5251 5250/2639/5250 5253/2642/5253
f 5253/2642/5253 5254/2643/5254 5251/2640/5251
f 5251/2640/5251 5254/2643/5254 5226/2611/5226
f 5226/2611/5226 5229/2614/5229 5251/2640/5251
f 5251/2640/5251 5229/2614/5229 5231/2616/5231
f 5231/2616/5231 5252/2641/5252 5251/2640/5251
f 5255/2644/5255 5256/2645/5256 5253/2642/5253
f 5253/2642/5253 5250/2639/5250 5255/2644/5255
f 5255/2644/5255 5250/2639/5250 4945/2328/4945
f 4945/2328/4945 4942/2325/4942 5255/2644/5255
f 5255/2644/5255 4942/2325/4942 4941/2324/4941
f 4941/2324/4941 4993/2378/4993 5255/2644/5255
f 5255/2644/5255 4993/2378/4993 4995/2380/4995
f 4995/2380/4995 5256/2645/5256 5255/2644/5255
f 5258/2647/5258 5254/2643/5254 5253/2642/5253
f 5253/2642/5253 5257/2646/5257 5258/2647/5258
f 5258/2647/5258 5257/2646/5257 4954/2337/4954
f 4954/2337/4954 5259/2648/5259 5258/2647/5258
f 5258/2647/5258 5259/2648/5259 5235/2620/5235
f 5235/2620/5235 5234/2619/5234 5258/2647/5258
f 5258/2647/5258 5234/2619/5234 5226/2611/5226
f 5226/2611/5226 5254/2643/5254 5258/2647/5258
f 5260/2649/5260 5261/2650/5261 4948/2331/4948
f 4948/2331/4948 4951/2334/4951 5260/2649/5260
f 5260/2649/5260 4951/2334/4951 4954/2337/4954
f 4954/2337/4954 5257/2646/5257 5260/2649/5260
f 5260/2649/5260 5257/2646/5257 5253/2642/5253
f 5253/2642/5253 5256/2645/5256 5260/2649/5260
f 5260/2649/5260 5256/2645/5256 4995/2380/4995
f 4995/2380/4995 5261/2650/5261 5260/2649/5260
f 5263/2652/5263 5238/2624/5238 5240/2626/5240
f 5240/2626/5240 5262/2651/5262 5263/2652/5263
f 5263/2652/5263 5262/2651/5262 5264/2653/5264
f 5264/2653/5264 5265/2654/5265 5263/2652/5263
f 5263/2652/5263 5265/2654/5265 4955/2655/4955
f 4955/2655/4955 4958/2656/4958 5263/2652/5263
f 5263/2652/5263 4958/2656/4958 4961/2621/4961
f 4961/2621/4961 5238/2624/5238 5263/2652/5263
f 5266/2658/5266 4962/2346/4962 4961/2345/4961
f 4961/2345/4961 4960/2657/4960 5266/2658/5266
f 5266/2658/5266 4960/2657/4960 4959/2659/4959
f 4959/2659/4959 5267/2660/5267 5266/2658/5266
f 5266/2658/5266 5267/2660/5267 5268/2661/5268
f 5268/2661/5268 5269/2662/5269 5266/2658/5266
f 5266/2658/5266 5269/2662/5269 4965/2349/4965
f 4965/2349/4965 4962/2346/4962 5266/2658/5266
f 5271/2664/5271 5272/2665/5272 4974/2358/4974
f 4974/2358/4974 5270/2663/5270 5271/2664/5271
f 5271/2664/5271 5270/2663/5270 4955/2655/4955
f 4955/2655/4955 5265/2654/5265 5271/2664/5271
f 5271/2664/5271 5265/2654/5265 5264/2653/5264
f 5264/2653/5264 5273/2666/5273 5271/2664/5271
f 5274/2667/5274 5275/2668/5275 4959/2342/4959
f 4959/2342/4959 4956/2339/4956 5274/2667/5274
f 5274/2667/5274 4956/2339/4956 4955/2338/4955
f 4955/2338/4955 5270/2669/5270 5274/2667/5274
f 5274/2667/5274 5270/2669/5270 4974/2670/4974
f 4974/2670/4974 5276/2671/5276 5274/2667/5274
f 5274/2667/5274 5276/2671/5276 5277/2672/5277
f 5277/2672/5277 5275/2668/5275 5274/2667/5274
f 5278/2673/5278 4971/2355/4971 4974/2358/4974
f 4974/2358/4974 5272/2665/5272 5278/2673/5278
f 5278/2673/5278 4903/2286/4903 4902/2285/4902
f 4902/2285/4902 5279/2674/5279 5278/2673/5278
f 5278/2673/5278 5279/2674/5279 4968/2352/4968
f 4968/2352/4968 4971/2355/4971 5278/2673/5278
f 5281/2677/5281 4973/2678/4973 4972/2675/4972
f 4972/2675/4972 5280/2676/5280 5281/2677/5281
f 5281/2677/5281 5280/2676/5280 4985/2370/4985
f 4985/2370/4985 5282/2679/5282 5281/2677/5281
f 5281/2677/5281 5282/2679/5282 5277/2672/5277
f 5277/2672/5277 5276/2671/5276 5281/2677/5281
f 5281/2677/5281 5276/2671/5276 4974/2670/4974
f 4974/2670/4974 4973/2678/4973 5281/2677/5281
f 5283/2681/5283 4979/2364/4979 4978/2363/4978
f 4978/2363/4978 5249/2680/5249 5283/2681/5283
f 5283/2681/5283 5249/2680/5249 5245/2682/5245
f 5245/2682/5245 5284/2683/5284 5283/2681/5283
f 5283/2681/5283 5284/2683/5284 5285/2684/5285
f 5285/2684/5285 5286/2685/5286 5283/2681/5283
f 5283/2681/5283 5286/2685/5286 4980/2365/4980
f 4980/2365/4980 4979/2364/4979 5283/2681/5283
f 5287/2688/5287 5288/2689/5288 4947/2686/4947
f 4947/2686/4947 4977/2687/4977 5287/2688/5287
f 5287/2688/5287 4977/2687/4977 4980/2690/4980
f 4980/2690/4980 5289/2691/5289 5287/2688/5287
f 5287/2688/5287 5289/2691/5289 4989/2374/4989
f 4989/2374/4989 5290/2692/5290 5287/2688/5287
f 5287/2688/5287 5290/2692/5290 5291/2693/5291
f 5291/2693/5291 5288/2689/5288 5287/2688/5287
f 5292/2694/5292 5293/2695/5293 4981/2366/4981
f 4981/2366/4981 4984/2369/4984 5292/2694/5292
f 5292/2694/5292 4984/2369/4984 4947/2330/4947
f 4947/2330/4947 5288/2696/5288 5292/2694/5292
f 5292/2694/5292 5288/2696/5288 5291/2697/5291
f 5291/2697/5291 5294/2698/5294 5292/2694/5292
f 5292/2694/5292 5294/2698/5294 5295/2699/5295
f 5295/2699/5295 5293/2695/5293 5292/2694/5292
f 5296/2700/5296 5297/2701/5297 4980/2365/4980
f 4980/2365/4980 5286/2685/5286 5296/2700/5296
f 5296/2700/5296 5286/2685/5286 5285/2684/5285
f 5285/2684/5285 5298/2702/5298 5296/2700/5296
f 5296/2700/5296 5298/2702/5298 5000/2385/5000
f 5000/2385/5000 4997/2382/4997 5296/2700/5296
f 5296/2700/5296 4997/2382/4997 4996/2381/4996
f 4996/2381/4996 5297/2701/5297 5296/2700/5296
f 5299/2703/5299 5300/2704/5300 4991/2376/4991
f 4991/2376/4991 4990/2375/4990 5299/2703/5299
f 5299/2703/5299 4990/2375/4990 4989/2374/4989
f 4989/2374/4989 5289/2691/5289 5299/2703/5299
f 5299/2703/5299 5289/2691/5289 4980/2690/4980
f 4980/2690/4980 5297/2705/5297 5299/2703/5299
f 5299/2703/5299 5297/2705/5297 4996/2706/4996
f 4996/2706/4996 5300/2704/5300 5299/2703/5299
f 5301/2707/5301 5302/2708/5302 5291/2693/5291
f 5291/2693/5291 5290/2692/5290 5301/2707/5301
f 5301/2707/5301 5290/2692/5290 4989/2374/4989
f 4989/2374/4989 4986/2371/4986 5301/2707/5301
f 5301/2707/5301 4986/2371/4986 4985/2370/4985
f 4985/2370/4985 5280/2676/5280 5301/2707/5301
f 5301/2707/5301 5280/2676/5280 4972/2675/4972
f 4972/2675/4972 5302/2708/5302 5301/2707/5301
f 5303/2710/5303 5304/2711/5304 5291/2697/5291
f 5291/2697/5291 5302/2709/5302 5303/2710/5303
f 5303/2710/5303 5302/2709/5302 4972/2356/4972
f 4972/2356/4972 4969/2353/4969 5303/2710/5303
f 5303/2710/5303 4969/2353/4969 4968/2352/4968
f 4968/2352/4968 5305/2712/5305 5303/2710/5303
f 5303/2710/5303 5305/2712/5305 5306/2713/5306
f 5306/2713/5306 5304/2711/5304 5303/2710/5303
f 5307/2714/5307 5308/2715/5308 5295/2699/5295
f 5295/2699/5295 5294/2698/5294 5307/2714/5307
f 5307/2714/5307 5294/2698/5294 5291/2697/5291
f 5291/2697/5291 5304/2711/5304 5307/2714/5307
f 5307/2714/5307 5304/2711/5304 5306/2713/5306
f 5306/2713/5306 5309/2716/5309 5307/2714/5307
f 5307/2714/5307 5309/2716/5309 5310/2717/5310
f 5310/2717/5310 5308/2715/5308 5307/2714/5307
f 5312/2719/5312 4988/2373/4988 4991/2376/4991
f 4991/2376/4991 5311/2718/5311 5312/2719/5312
f 5312/2719/5312 5311/2718/5311 5313/2720/5313
f 5313/2720/5313 5314/2721/5314 5312/2719/5312
f 5312/2719/5312 5314/2721/5314 5277/2672/5277
f 5277/2672/5277 5282/2679/5282 5312/2719/5312
f 5312/2719/5312 5282/2679/5282 4985/2370/4985
f 4985/2370/4985 4988/2373/4988 5312/2719/5312
f 5315/2722/5315 5275/2668/5275 5277/2672/5277
f 5277/2672/5277 5314/2721/5314 5315/2722/5315
f 5315/2722/5315 5314/2721/5314 5313/2720/5313
f 5313/2720/5313 5316/2723/5316 5315/2722/5315
f 5315/2722/5315 5316/2723/5316 5317/2724/5317
f 5317/2724/5317 5318/2725/5318 5315/2722/5315
f 5315/2722/5315 5318/2725/5318 4959/2342/4959
f 4959/2342/4959 5275/2668/5275 5315/2722/5315
f 5319/2726/5319 5320/2727/5320 5306/2713/5306
f 5306/2713/5306 5305/2712/5305 5319/2726/5319
f 5319/2726/5319 5305/2712/5305 4968/2352/4968
f 4968/2352/4968 5279/2674/5279 5319/2726/5319
f 5319/2726/5319 5279/2674/5279 4902/2285/4902
f 4902/2285/4902 4907/2290/4907 5319/2726/5319
f 5323/2730/5323 5324/2731/5324 5321/2728/5321
f 5321/2728/5321 5322/2729/5322 5323/2730/5323
f 5323/2730/5323 5322/2729/5322 5310/2717/5310
f 5310/2717/5310 5309/2716/5309 5323/2730/5323
f 5323/2730/5323 5309/2716/5309 5306/2713/5306
f 5306/2713/5306 5320/2727/5320 5323/2730/5323
f 5325/2733/5325 5300/2704/5300 4996/2706/4996
f 4996/2706/4996 4999/2732/4999 5325/2733/5325
f 5325/2733/5325 4999/2732/4999 5002/2734/5002
f 5002/2734/5002 5326/2735/5326 5325/2733/5325
f 5325/2733/5325 5326/2735/5326 5007/2392/5007
f 5007/2392/5007 5327/2736/5327 5325/2733/5325
f 5325/2733/5325 5327/2736/5327 4991/2376/4991
f 4991/2376/4991 5300/2704/5300 5325/2733/5325
f 5328/2737/5328 5311/2718/5311 4991/2376/4991
f 4991/2376/4991 5327/2736/5327 5328/2737/5328
f 5328/2737/5328 5327/2736/5327 5007/2392/5007
f 5007/2392/5007 5004/2389/5004 5328/2737/5328
f 5328/2737/5328 5004/2389/5004 5003/2388/5003
f 5003/2388/5003 5329/2738/5329 5328/2737/5328
f 5328/2737/5328 5329/2738/5329 5313/2720/5313
f 5313/2720/5313 5311/2718/5311 5328/2737/5328
f 5330/2739/5330 5331/2740/5331 5009/2394/5009
f 5009/2394/5009 5008/2393/5008 5330/2739/5330
f 5330/2739/5330 5008/2393/5008 5007/2392/5007
f 5007/2392/5007 5326/2735/5326 5330/2739/5330
f 5330/2739/5330 5326/2735/5326 5002/2734/5002
f 5002/2734/5002 5015/2741/5015 5330/2739/5330
f 5330/2739/5330 5015/2741/5015 5014/2742/5014
f 5014/2742/5014 5331/2740/5331 5330/2739/5330
f 5332/2745/5332 5333/2746/5333 5009/2743/5009
f 5009/2743/5009 5331/2744/5331 5332/2745/5332
f 5332/2745/5332 5331/2744/5331 5014/2399/5014
f 5014/2399/5014 5011/2396/5011 5332/2745/5332
f 5332/2745/5332 5011/2396/5011 5010/2395/5010
f 5010/2395/5010 5334/2747/5334 5332/2745/5332
f 5332/2745/5332 5334/2747/5334 5335/2748/5335
f 5335/2748/5335 5333/2746/5333 5332/2745/5332
f 5337/2750/5337 5006/2391/5006 5009/2394/5009
f 5009/2394/5009 5336/2749/5336 5337/2750/5337
f 5337/2750/5337 5336/2749/5336 5338/2751/5338
f 5338/2751/5338 5339/2752/5339 5337/2750/5337
f 5337/2750/5337 5339/2752/5339 5340/2753/5340
f 5340/2753/5340 5341/2754/5341 5337/2750/5337
f 5337/2750/5337 5341/2754/5341 5003/2388/5003
f 5003/2388/5003 5006/2391/5006 5337/2750/5337
f 5342/2755/5342 5336/2756/5336 5009/2743/5009
f 5009/2743/5009 5333/2746/5333 5342/2755/5342
f 5342/2755/5342 5333/2746/5333 5335/2748/5335
f 5335/2748/5335 5343/2757/5343 5342/2755/5342
f 5342/2755/5342 5343/2757/5343 5344/2758/5344
f 5344/2758/5344 5345/2759/5345 5342/2755/5342
f 5342/2755/5342 5345/2759/5345 5338/2760/5338
f 5338/2760/5338 5336/2756/5336 5342/2755/5342
f 5346/2761/5346 5316/2723/5316 5313/2720/5313
f 5313/2720/5313 5329/2738/5329 5346/2761/5346
f 5346/2761/5346 5329/2738/5329 5003/2388/5003
f 5003/2388/5003 5341/2754/5341 5346/2761/5346
f 5346/2761/5346 5341/2754/5341 5340/2753/5340
f 5340/2753/5340 5347/2762/5347 5346/2761/5346
f 5346/2761/5346 5347/2762/5347 5317/2724/5317
f 5317/2724/5317 5316/2723/5316 5346/2761/5346
f 5348/2763/5348 5349/2764/5349 5268/2661/5268
f 5268/2661/5268 5267/2660/5267 5348/2763/5348
f 5348/2763/5348 5267/2660/5267 4959/2659/4959
f 4959/2659/4959 5318/2765/5318 5348/2763/5348
f 5348/2763/5348 5318/2765/5318 5317/2766/5317
f 5317/2766/5317 5350/2767/5350 5348/2763/5348
f 5348/2763/5348 5350/2767/5350 5351/2768/5351
f 5351/2768/5351 5349/2764/5349 5348/2763/5348
f 5352/2769/5352 5353/2770/5353 5351/2768/5351
f 5351/2768/5351 5350/2767/5350 5352/2769/5352
f 5352/2769/5352 5350/2767/5350 5317/2766/5317
f 5317/2766/5317 5347/2771/5347 5352/2769/5352
f 5352/2769/5352 5347/2771/5347 5340/2772/5340
f 5340/2772/5340 5354/2773/5354 5352/2769/5352
f 5352/2769/5352 5354/2773/5354 5355/2774/5355
f 5355/2774/5355 5353/2770/5353 5352/2769/5352
f 5356/2775/5356 5339/2776/5339 5338/2760/5338
f 5338/2760/5338 5345/2759/5345 5356/2775/5356
f 5356/2775/5356 5345/2759/5345 5344/2758/5344
f 5344/2758/5344 5357/2777/5357 5356/2775/5356
f 5356/2775/5356 5357/2777/5357 5355/2774/5355
f 5355/2774/5355 5354/2773/5354 5356/2775/5356
f 5356/2775/5356 5354/2773/5354 5340/2772/5340
f 5340/2772/5340 5339/2776/5339 5356/2775/5356
f 5358/2778/5358 4933/2316/4933 4928/2311/4928
f 4928/2311/4928 4927/2310/4927 5358/2778/5358
f 5358/2778/5358 4927/2310/4927 4926/2309/4926
f 4926/2309/4926 5359/2779/5359 5358/2778/5358
f 5358/2778/5358 5359/2779/5359 5202/2587/5202
f 5202/2587/5202 5199/2584/5199 5358/2778/5358
f 5358/2778/5358 5199/2584/5199 4934/2317/4934
f 4934/2317/4934 4933/2316/4933 5358/2778/5358
f 5361/2781/5361 4946/2329/4946 4945/2328/4945
f 4945/2328/4945 5360/2780/5360 5361/2781/5361
f 5361/2781/5361 5360/2780/5360 4940/2323/4940
f 4940/2323/4940 5248/2636/5248 5361/2781/5361
f 5361/2781/5361 5248/2636/5248 4978/2638/4978
f 4978/2638/4978 4975/2782/4975 5361/2781/5361
f 5361/2781/5361 4975/2782/4975 4947/2330/4947
f 4947/2330/4947 4946/2329/4946 5361/2781/5361
s 0
f 5362/2783/5362 5363/2784/5363 4919/2302/4919
f 4919/2302/4919 4916/2299/4916 5362/2783/5362
f 5362/2783/5362 4916/2299/4916 4915/2298/4915
f 4915/2298/4915 5364/2785/5364 5362/2783/5362
f 5362/2783/5362 5364/2785/5364 5365/2786/5365
f 5365/2786/5365 5366/2787/5366 5362/2783/5362
f 5362/2783/5362 5366/2787/5366 5367/2788/5367
f 5367/2788/5367 5363/2784/5363 5362/2783/5362
f 5368/2789/5368 5364/2785/5364 4915/2298/4915
f 4915/2298/4915 5140/2525/5140 5368/2789/5368
f 5368/2789/5368 5140/2525/5140 5139/2524/5139
f 5139/2524/5139 5369/2790/5369 5368/2789/5368
f 5368/2789/5368 5369/2790/5369 5370/2791/5370
f 5370/2791/5370 5371/2792/5371 5368/2789/5368
f 5368/2789/5368 5371/2792/5371 5365/2786/5365
f 5365/2786/5365 5364/2785/5364 5368/2789/5368
f 5372/2793/5372 5369/2790/5369 5139/2524/5139
f 5139/2524/5139 5142/2527/5142 5372/2793/5372
f 5372/2793/5372 5142/2527/5142 5141/2526/5141
f 5141/2526/5141 5373/2794/5373 5372/2793/5372
f 5372/2793/5372 5373/2794/5373 5374/2795/5374
f 5374/2795/5374 5375/2796/5375 5372/2793/5372
f 5372/2793/5372 5375/2796/5375 5370/2791/5370
f 5370/2791/5370 5369/2790/5369 5372/2793/5372
f 5376/2797/5376 5373/2794/5373 5141/2526/5141
f 5141/2526/5141 5203/2588/5203 5376/2797/5376
f 5376/2797/5376 5203/2588/5203 5202/2587/5202
f 5202/2587/5202 5377/2798/5377 5376/2797/5376
f 5376/2797/5376 5377/2798/5377 5378/2799/5378
f 5378/2799/5378 5379/2800/5379 5376/2797/5376
f 5376/2797/5376 5379/2800/5379 5374/2795/5374
f 5374/2795/5374 5373/2794/5373 5376/2797/5376
f 5380/2801/5380 5377/2798/5377 5202/2587/5202
f 5202/2587/5202 5359/2779/5359 5380/2801/5380
f 5380/2801/5380 5359/2779/5359 4926/2309/4926
f 4926/2309/4926 5381/2802/5381 5380/2801/5380
f 5380/2801/5380 5381/2802/5381 5382/2803/5382
f 5382/2803/5382 5383/2804/5383 5380/2801/5380
f 5380/2801/5380 5383/2804/5383 5378/2799/5378
f 5378/2799/5378 5377/2798/5377 5380/2801/5380
f 5384/2805/5384 5381/2802/5381 4926/2309/4926
f 4926/2309/4926 4923/2306/4923 5384/2805/5384
f 5384/2805/5384 4923/2306/4923 4922/2305/4922
f 4922/2305/4922 5385/2806/5385 5384/2805/5384
f 5384/2805/5384 5385/2806/5385 5386/2807/5386
f 5386/2807/5386 5387/2808/5387 5384/2805/5384
f 5384/2805/5384 5387/2808/5387 5382/2803/5382
f 5382/2803/5382 5381/2802/5381 5384/2805/5384
f 5389/2810/5389 5385/2806/5385 4922/2305/4922
f 4922/2305/4922 5388/2809/5388 5389/2810/5389
f 5389/2810/5389 5388/2809/5388 5131/2516/5131
f 5131/2516/5131 5390/2811/5390 5389/2810/5389
f 5389/2810/5389 5390/2811/5390 5391/2812/5391
f 5391/2812/5391 5392/2813/5392 5389/2810/5389
f 5389/2810/5389 5392/2813/5392 5386/2807/5386
f 5386/2807/5386 5385/2806/5385 5389/2810/5389
f 5393/2814/5393 5390/2811/5390 5131/2516/5131
f 5131/2516/5131 5134/2519/5134 5393/2814/5393
f 5393/2814/5393 5134/2519/5134 4919/2302/4919
f 4919/2302/4919 5363/2784/5363 5393/2814/5393
f 5393/2814/5393 5363/2784/5363 5367/2788/5367
f 5367/2788/5367 5394/2815/5394 5393/2814/5393
f 5393/2814/5393 5394/2815/5394 5391/2812/5391
f 5391/2812/5391 5390/2811/5390 5393/2814/5393
f 5395/2816/5395 5396/2817/5396 4967/2351/4967
f 4967/2351/4967 4966/2350/4966 5395/2816/5395
f 5395/2816/5395 4966/2350/4966 4965/2349/4965
f 4965/2349/4965 5397/2818/5397 5395/2816/5395
f 5395/2816/5395 5397/2818/5397 5398/2819/5398
f 5398/2819/5398 5399/2820/5399 5395/2816/5395
f 5395/2816/5395 5399/2820/5399 5400/2821/5400
f 5400/2821/5400 5396/2817/5396 5395/2816/5395
f 5401/2822/5401 5402/2823/5402 5355/2774/5355
f 5355/2774/5355 5357/2777/5357 5401/2822/5401
f 5401/2822/5401 5357/2777/5357 5344/2758/5344
f 5344/2758/5344 5403/2824/5403 5401/2822/5401
f 5401/2822/5401 5403/2824/5403 5404/2825/5404
f 5404/2825/5404 5405/2826/5405 5401/2822/5401
f 5401/2822/5401 5405/2826/5405 5406/2827/5406
f 5406/2827/5406 5402/2823/5402 5401/2822/5401
f 5407/2828/5407 5408/2829/5408 5245/2633/5245
f 5245/2633/5245 5244/2632/5244 5407/2828/5407
f 5407/2828/5407 5244/2632/5244 4967/2629/4967
f 4967/2629/4967 5396/2830/5396 5407/2828/5407
f 5407/2828/5407 5396/2830/5396 5400/2821/5400
f 5400/2821/5400 5409/2831/5409 5407/2828/5407
f 5407/2828/5407 5409/2831/5409 5410/2832/5410
f 5410/2832/5410 5408/2829/5408 5407/2828/5407
s 2
f 5412/2834/5412 5413/2835/5413 5411/2833/5411
f 4134/1487/4134 5416/2838/5416 5414/2836/5414
f 5414/2836/5414 5415/2837/5415 4134/1487/4134
f 5414/2836/5414 5417/2839/5417 5418/2840/5418
f 5418/2840/5418 5415/2837/5415 5414/2836/5414
f 5417/2839/5417 5419/2841/5419 5420/2842/5420
f 5420/2842/5420 5418/2840/5418 5417/2839/5417
f 5419/2841/5419 4080/1432/4080 4079/1431/4079
f 4079/1431/4079 5420/2842/5420 5419/2841/5419
f 4078/1430/4078 4081/1433/4081 5421/2843/5421
f 5421/2843/5421 5422/2844/5422 4078/1430/4078
f 5422/2844/5422 5421/2843/5421 5423/2845/5423
f 5423/2845/5423 5424/2846/5424 5422/2844/5422
f 5423/2845/5423 5425/2847/5425 5426/2848/5426
f 5426/2848/5426 5424/2846/5424 5423/2845/5423
f 5425/2847/5425 4083/1435/4083 4082/1434/4082
f 4082/1434/4082 5426/2848/5426 5425/2847/5425
f 4102/1455/4102 4105/1458/4105 5416/2838/5416
f 5416/2838/5416 4134/1487/4134 4102/1455/4102
f 4106/1459/4106 4109/1462/4109 4104/1457/4104
f 4104/1457/4104 4103/1456/4103 4106/1459/4106
f 4110/1463/4110 4113/1466/4113 4108/1461/4108
f 4108/1461/4108 4107/1460/4107 4110/1463/4110
f 4114/1467/4114 4117/1470/4117 4112/1465/4112
f 4112/1465/4112 4111/1464/4111 4114/1467/4114
f 4866/2249/4866 4865/2248/4865 5427/2849/5427
f 4870/2253/4870 5428/2850/5428 4868/2251/4868
f 4872/2255/4872 4875/2258/4875 5429/2851/5429
f 5428/2850/5428 4870/2253/4870 4872/2255/4872
f 4872/2255/4872 5429/2851/5429 5428/2850/5428
f 4900/2283/4900 5430/2852/5430 4901/2284/4901
f 4903/2286/4903 5431/2853/5431 4904/2287/4904
f 4907/2290/4907 4906/2289/4906 5432/2854/5432
f 5272/2665/5272 5271/2664/5271 5273/2666/5273
f 5272/2665/5272 5273/2666/5273 5434/2856/5434
f 5272/2665/5272 5434/2856/5434 5433/2855/5433
f 4903/2286/4903 5278/2673/5278 5272/2665/5272
f 4903/2286/4903 5272/2665/5272 5433/2855/5433
f 4903/2286/4903 5433/2855/5433 5431/2853/5431
f 5320/2727/5320 5319/2726/5319 4907/2290/4907
f 5320/2727/5320 4907/2290/4907 5432/2854/5432
f 5320/2727/5320 5432/2854/5432 5435/2857/5435
f 5323/2730/5323 5320/2727/5320 5435/2857/5435
f 5324/2731/5324 5323/2730/5323 5435/2857/5435
f 5324/2731/5324 5435/2857/5435 5436/2858/5436
s 1
f 1310/1380/1310 1309/1379/1309 4027/1379/4027
f 4027/1379/4027 4028/1380/4028 1310/1380/1310
f 94/16/94 96/17/96 2814/17/2814
f 2814/17/2814 2812/16/2812 94/16/94
f 1315/1385/1315 1314/1384/1314 4032/1384/4032
f 4032/1384/4032 4033/1385/4033 1315/1385/1315
f 124/24/124 128/26/128 2846/26/2846
f 2846/26/2846 2842/24/2842 124/24/124
f 1316/1386/1316 1315/1385/1315 4033/1385/4033
f 4033/1385/4033 4034/1386/4034 1316/1386/1316
s 4
f 8/27/8 1316/1386/1316 4034/1386/4034
f 4034/1386/4034 2726/27/2726 8/27/8
s 1
f 128/26/128 8/27/8 2726/27/2726
f 2726/27/2726 2846/26/2846 128/26/128
f 1317/1387/1317 141/29/141 2859/29/2859
f 2859/29/2859 4035/1387/4035 1317/1387/1317
s 4
f 1318/1388/1318 1317/1387/1317 4035/1387/4035
f 4035/1387/4035 4036/1388/4036 1318/1388/1318
s 1
f 10/30/10 1318/1388/1318 4036/1388/4036
f 4036/1388/4036 2728/30/2728 10/30/10
s 4
f 141/29/141 10/30/10 2728/30/2728
f 2728/30/2728 2859/29/2859 141/29/141
s 1
f 33/52/33 32/51/32 2750/51/2750
f 2750/51/2750 2751/52/2751 33/52/33
s 4
f 918/53/918 33/52/33 2751/52/2751
f 2751/52/2751 3636/53/3636 918/53/918
f 104/115/104 105/116/105 2823/116/2823
f 2823/116/2823 2822/115/2822 104/115/104
s 1
f 107/118/107 104/115/104 2822/115/2822
f 2822/115/2822 2825/118/2825 107/118/107
f 105/116/105 109/120/109 2827/120/2827
f 2827/120/2827 2823/116/2823 105/116/105
f 121/128/121 107/118/107 2825/118/2825
f 2825/118/2825 2839/128/2839 121/128/121
f 32/51/32 121/128/121 2839/128/2839
f 2839/128/2839 2750/51/2750 32/51/32
f 116/21/116 918/25/918 3636/25/3636
f 3636/25/3636 2834/21/2834 116/21/116
s 4
f 109/120/109 116/21/116 2834/21/2834
f 2834/21/2834 2827/120/2827 109/120/109
s 1
f 1320/1390/1320 1319/1389/1319 4037/1389/4037
f 4037/1389/4037 4038/1390/4038 1320/1390/1320
f 1321/1391/1321 1322/1392/1322 4040/1392/4040
f 4040/1392/4040 4039/1391/4039 1321/1391/1321
f 1323/1393/1323 1324/1394/1324 4042/1394/4042
f 4042/1394/4042 4041/1393/4041 1323/1393/1323
s 4
f 1325/1395/1325 72/8/72 2790/8/2790
f 2790/8/2790 4043/1395/4043 1325/1395/1325
s 1
f 1326/1396/1326 1325/1395/1325 4043/1395/4043
f 4043/1395/4043 4044/1396/4044 1326/1396/1326
s 4
f 64/85/64 164/184/164 2882/184/2882
f 2882/184/2882 2782/85/2782 64/85/64
f 164/184/164 1/3/1 2719/3/2719
f 2719/3/2719 2882/184/2882 164/184/164
s 1
f 168/188/168 64/85/64 2782/85/2782
f 2782/85/2782 2886/188/2886 168/188/168
f 68/88/68 168/188/168 2886/188/2886
f 2886/188/2886 2786/88/2786 68/88/68
s 4
f 172/192/172 73/90/73 2791/90/2791
f 2791/90/2791 2890/192/2890 172/192/172
f 72/8/72 172/192/172 2890/192/2890
f 2890/192/2890 2790/8/2790 72/8/72
f 174/194/174 74/91/74 2792/91/2792
f 2792/91/2792 2892/194/2892 174/194/174
f 73/90/73 174/194/174 2892/194/2892
f 2892/194/2892 2791/90/2791 73/90/73
f 74/91/74 175/195/175 2893/195/2893
f 2893/195/2893 2792/91/2792 74/91/74
s 8
f 176/196/176 68/88/68 2786/88/2786
f 2786/88/2786 2894/196/2894 176/196/176
f 78/94/78 176/196/176 2894/196/2894
f 2894/196/2894 2796/94/2796 78/94/78
s 4
f 175/195/175 78/94/78 2796/94/2796
f 2796/94/2796 2893/195/2893 175/195/175
s 1
f 509/529/509 205/225/205 2923/225/2923
f 2923/225/2923 3227/529/3227 509/529/509
f 296/316/296 509/529/509 3227/529/3227
f 3227/529/3227 3014/316/3014 296/316/296
f 206/226/206 515/535/515 3233/535/3233
f 3233/535/3233 2924/226/2924 206/226/206
f 515/535/515 296/316/296 3014/316/3014
f 3014/316/3014 3233/535/3233 515/535/515
f 519/539/519 206/226/206 2924/226/2924
f 2924/226/2924 3237/539/3237 519/539/519
f 297/317/297 519/539/519 3237/539/3237
f 3237/539/3237 3015/317/3015 297/317/297
f 207/227/207 524/544/524 3242/544/3242
f 3242/544/3242 2925/227/2925 207/227/207
f 524/544/524 297/317/297 3015/317/3015
f 3015/317/3015 3242/544/3242 524/544/524
f 527/547/527 207/227/207 2925/227/2925
f 2925/227/2925 3245/547/3245 527/547/527
f 298/318/298 527/547/527 3245/547/3245
f 3245/547/3245 3016/318/3016 298/318/298
f 208/228/208 532/552/532 3250/552/3250
f 3250/552/3250 2926/228/2926 208/228/208
f 532/552/532 298/318/298 3016/318/3016
f 3016/318/3016 3250/552/3250 532/552/532
f 535/555/535 208/228/208 2926/228/2926
f 2926/228/2926 3253/555/3253 535/555/535
f 312/332/312 535/555/535 3253/555/3253
f 3253/555/3253 3030/332/3030 312/332/312
f 209/229/209 540/560/540 3258/560/3258
f 3258/560/3258 2927/229/2927 209/229/209
f 540/560/540 312/332/312 3030/332/3030
f 3030/332/3030 3258/560/3258 540/560/540
f 543/563/543 209/229/209 2927/229/2927
f 2927/229/2927 3261/563/3261 543/563/543
f 313/333/313 543/563/543 3261/563/3261
f 3261/563/3261 3031/333/3031 313/333/313
f 222/242/222 548/568/548 3266/568/3266
f 3266/568/3266 2940/242/2940 222/242/222
f 548/568/548 313/333/313 3031/333/3031
f 3031/333/3031 3266/568/3266 548/568/548
f 551/571/551 222/242/222 2940/242/2940
f 2940/242/2940 3269/571/3269 551/571/551
f 311/331/311 551/571/551 3269/571/3269
f 3269/571/3269 3029/331/3029 311/331/311
f 221/241/221 556/576/556 3274/576/3274
f 3274/576/3274 2939/241/2939 221/241/221
f 556/576/556 311/331/311 3029/331/3029
f 3029/331/3029 3274/576/3274 556/576/556
f 559/579/559 221/241/221 2939/241/2939
f 2939/241/2939 3277/579/3277 559/579/559
f 310/330/310 559/579/559 3277/579/3277
f 3277/579/3277 3028/330/3028 310/330/310
f 220/240/220 564/584/564 3282/584/3282
f 3282/584/3282 2938/240/2938 220/240/220
f 564/584/564 310/330/310 3028/330/3028
f 3028/330/3028 3282/584/3282 564/584/564
f 567/587/567 220/240/220 2938/240/2938
f 2938/240/2938 3285/587/3285 567/587/567
f 308/328/308 567/587/567 3285/587/3285
f 3285/587/3285 3026/328/3026 308/328/308
f 219/239/219 572/592/572 3290/592/3290
f 3290/592/3290 2937/239/2937 219/239/219
f 572/592/572 308/328/308 3026/328/3026
f 3026/328/3026 3290/592/3290 572/592/572
f 575/595/575 219/239/219 2937/239/2937
f 2937/239/2937 3293/595/3293 575/595/575
f 307/327/307 575/595/575 3293/595/3293
f 3293/595/3293 3025/327/3025 307/327/307
f 218/238/218 580/600/580 3298/600/3298
f 3298/600/3298 2936/238/2936 218/238/218
f 580/600/580 307/327/307 3025/327/3025
f 3025/327/3025 3298/600/3298 580/600/580
f 583/603/583 218/238/218 2936/238/2936
f 2936/238/2936 3301/603/3301 583/603/583
f 306/326/306 583/603/583 3301/603/3301
f 3301/603/3301 3024/326/3024 306/326/306
f 215/235/215 588/608/588 3306/608/3306
f 3306/608/3306 2933/235/2933 215/235/215
f 588/608/588 306/326/306 3024/326/3024
f 3024/326/3024 3306/608/3306 588/608/588
f 591/611/591 215/235/215 2933/235/2933
f 2933/235/2933 3309/611/3309 591/611/591
f 303/323/303 591/611/591 3309/611/3309
f 3309/611/3309 3021/323/3021 303/323/303
f 214/234/214 596/616/596 3314/616/3314
f 3314/616/3314 2932/234/2932 214/234/214
f 596/616/596 303/323/303 3021/323/3021
f 3021/323/3021 3314/616/3314 596/616/596
f 599/619/599 214/234/214 2932/234/2932
f 2932/234/2932 3317/619/3317 599/619/599
f 302/322/302 599/619/599 3317/619/3317
f 3317/619/3317 3020/322/3020 302/322/302
f 213/233/213 604/624/604 3322/624/3322
f 3322/624/3322 2931/233/2931 213/233/213
f 604/624/604 302/322/302 3020/322/3020
f 3020/322/3020 3322/624/3322 604/624/604
f 607/627/607 213/233/213 2931/233/2931
f 2931/233/2931 3325/627/3325 607/627/607
f 314/334/314 607/627/607 3325/627/3325
f 3325/627/3325 3032/334/3032 314/334/314
f 223/243/223 612/632/612 3330/632/3330
f 3330/632/3330 2941/243/2941 223/243/223
f 612/632/612 314/334/314 3032/334/3032
f 3032/334/3032 3330/632/3330 612/632/612
f 615/635/615 223/243/223 2941/243/2941
f 2941/243/2941 3333/635/3333 615/635/615
f 301/321/301 615/635/615 3333/635/3333
f 3333/635/3333 3019/321/3019 301/321/301
f 210/230/210 620/640/620 3338/640/3338
f 3338/640/3338 2928/230/2928 210/230/210
f 620/640/620 301/321/301 3019/321/3019
f 3019/321/3019 3338/640/3338 620/640/620
f 623/643/623 210/230/210 2928/230/2928
f 2928/230/2928 3341/643/3341 623/643/623
f 299/319/299 623/643/623 3341/643/3341
f 3341/643/3341 3017/319/3017 299/319/299
f 211/231/211 628/648/628 3346/648/3346
f 3346/648/3346 2929/231/2929 211/231/211
f 628/648/628 299/319/299 3017/319/3017
f 3017/319/3017 3346/648/3346 628/648/628
f 631/651/631 211/231/211 2929/231/2929
f 2929/231/2929 3349/651/3349 631/651/631
f 300/320/300 631/651/631 3349/651/3349
f 3349/651/3349 3018/320/3018 300/320/300
f 212/232/212 636/656/636 3354/656/3354
f 3354/656/3354 2930/232/2930 212/232/212
f 636/656/636 300/320/300 3018/320/3018
f 3018/320/3018 3354/656/3354 636/656/636
f 639/659/639 212/232/212 2930/232/2930
f 2930/232/2930 3357/659/3357 639/659/639
f 304/324/304 639/659/639 3357/659/3357
f 3357/659/3357 3022/324/3022 304/324/304
f 216/236/216 644/664/644 3362/664/3362
f 3362/664/3362 2934/236/2934 216/236/216
f 644/664/644 304/324/304 3022/324/3022
f 3022/324/3022 3362/664/3362 644/664/644
f 647/667/647 216/236/216 2934/236/2934
f 2934/236/2934 3365/667/3365 647/667/647
f 305/325/305 647/667/647 3365/667/3365
f 3365/667/3365 3023/325/3023 305/325/305
f 217/237/217 652/672/652 3370/672/3370
f 3370/672/3370 2935/237/2935 217/237/217
f 652/672/652 305/325/305 3023/325/3023
f 3023/325/3023 3370/672/3370 652/672/652
f 655/675/655 217/237/217 2935/237/2935
f 2935/237/2935 3373/675/3373 655/675/655
f 309/329/309 655/675/655 3373/675/3373
f 3373/675/3373 3027/329/3027 309/329/309
f 205/225/205 659/679/659 3377/679/3377
f 3377/679/3377 2923/225/2923 205/225/205
f 659/679/659 309/329/309 3027/329/3027
f 3027/329/3027 3377/679/3377 659/679/659
f 129/138/129 39/59/39 2757/59/2757
f 2757/59/2757 2847/138/2847 129/138/129
f 691/711/691 692/712/692 3410/712/3410
f 3410/712/3410 3409/711/3409 691/711/691
s 2
f 39/59/39 691/711/691 3409/711/3409
f 3409/711/3409 2757/59/2757 39/59/39
s 1
f 60/83/60 129/138/129 2847/138/2847
f 2847/138/2847 2778/83/2778 60/83/60
f 692/712/692 693/713/693 3411/713/3411
f 3411/713/3411 3410/712/3410 692/712/692
f 59/81/59 60/83/60 2778/83/2778
f 2778/83/2778 2777/81/2777 59/81/59
s 2
f 694/714/694 59/81/59 2777/81/2777
f 2777/81/2777 3412/714/3412 694/714/694
s 1
f 693/713/693 694/714/694 3412/714/3412
f 3412/714/3412 3411/713/3411 693/713/693
f 142/159/142 145/162/145 2863/162/2863
f 2863/162/2863 2860/159/2860 142/159/142
f 695/715/695 696/716/696 3414/716/3414
f 3414/716/3414 3413/715/3413 695/715/695
s 2
f 145/162/145 695/715/695 3413/715/3413
f 3413/715/3413 2863/162/2863 145/162/145
s 1
f 56/78/56 142/159/142 2860/159/2860
f 2860/159/2860 2774/78/2774 56/78/56
f 696/716/696 697/717/697 3415/717/3415
f 3415/717/3415 3414/716/3414 696/716/696
f 51/74/51 56/78/56 2774/78/2774
f 2774/78/2774 2769/74/2769 51/74/51
f 697/717/697 698/718/698 3416/718/3416
f 3416/718/3416 3415/717/3415 697/717/697
f 52/73/52 51/74/51 2769/74/2769
f 2769/74/2769 2770/73/2770 52/73/52
f 698/718/698 699/719/699 3417/719/3417
f 3417/719/3417 3416/718/3416 698/718/698
f 131/143/131 52/73/52 2770/73/2770
f 2770/73/2770 2849/143/2849 131/143/131
f 699/719/699 700/720/700 3418/720/3418
f 3418/720/3418 3417/719/3417 699/719/699
f 125/142/125 131/143/131 2849/143/2849
f 2849/143/2849 2843/142/2843 125/142/125
s 2
f 701/721/701 125/142/125 2843/142/2843
f 2843/142/2843 3419/721/3419 701/721/701
s 1
f 700/720/700 701/721/701 3419/721/3419
f 3419/721/3419 3418/720/3418 700/720/700
f 867/917/867 709/735/709 3427/735/3427
f 3427/735/3427 3585/917/3585 867/917/867
f 710/737/710 867/917/867 3585/917/3585
f 3585/917/3585 3428/737/3428 710/737/710
f 863/913/863 705/728/705 3423/728/3423
f 3423/728/3423 3581/913/3581 863/913/863
f 706/730/706 863/913/863 3581/913/3581
f 3581/913/3581 3424/730/3424 706/730/706
f 870/920/870 712/741/712 3430/741/3430
f 3430/741/3430 3588/920/3588 870/920/870
f 713/743/713 870/920/870 3588/920/3588
f 3588/920/3588 3431/743/3431 713/743/713
f 871/921/871 713/743/713 3431/743/3431
f 3431/743/3431 3589/921/3589 871/921/871
f 702/722/702 871/921/871 3589/921/3589
f 3589/921/3589 3420/722/3420 702/722/702
f 860/910/860 702/722/702 3420/722/3420
f 3420/722/3420 3578/910/3578 860/910/860
f 703/724/703 860/910/860 3578/910/3578
f 3578/910/3578 3421/724/3421 703/724/703
f 869/919/869 711/739/711 3429/739/3429
f 3429/739/3429 3587/919/3587 869/919/869
f 712/741/712 869/919/869 3587/919/3587
f 3587/919/3587 3430/741/3430 712/741/712
f 868/918/868 710/737/710 3428/737/3428
f 3428/737/3428 3586/918/3586 868/918/868
f 711/739/711 868/918/868 3586/918/3586
f 3586/918/3586 3429/739/3429 711/739/711
f 861/911/861 703/724/703 3421/724/3421
f 3421/724/3421 3579/911/3579 861/911/861
f 704/726/704 861/911/861 3579/911/3579
f 3579/911/3579 3422/726/3422 704/726/704
f 862/912/862 704/726/704 3422/726/3422
f 3422/726/3422 3580/912/3580 862/912/862
f 705/728/705 862/912/862 3580/912/3580
f 3580/912/3580 3423/728/3423 705/728/705
f 864/914/864 706/730/706 3424/730/3424
f 3424/730/3424 3582/914/3582 864/914/864
f 707/732/707 864/914/864 3582/914/3582
f 3582/914/3582 3425/732/3425 707/732/707
f 865/915/865 707/732/707 3425/732/3425
f 3425/732/3425 3583/915/3583 865/915/865
f 708/733/708 865/915/865 3583/915/3583
f 3583/915/3583 3426/733/3426 708/733/708
f 866/916/866 708/733/708 3426/733/3426
f 3426/733/3426 3584/916/3584 866/916/866
f 709/735/709 866/916/866 3584/916/3584
f 3584/916/3584 3427/735/3427 709/735/709
f 1327/1397/1327 919/927/919 3637/927/3637
f 3637/927/3637 4045/1397/4045 1327/1397/1327
s 4
f 1328/1398/1328 1327/1397/1327 4045/1397/4045
f 4045/1397/4045 4046/1398/4046 1328/1398/1328
s 8
f 919/927/919 1328/1398/1328 4046/1398/4046
f 4046/1398/4046 3637/927/3637 919/927/919
s 1
f 1330/1400/1330 1329/1399/1329 4047/1399/4047
f 4047/1399/4047 4048/1400/4048 1330/1400/1330
f 1332/1402/1332 1330/1400/1330 4048/1400/4048
f 4048/1400/4048 4050/1402/4050 1332/1402/1332
s 4
f 889/942/889 1260/1330/1260 3978/1330/3978
f 3978/1330/3978 3607/942/3607 889/942/889
s 1
f 1329/1399/1329 921/972/921 3639/972/3639
f 3639/972/3639 4047/1399/4047 1329/1399/1329
f 1335/1405/1335 1334/1404/1334 4052/1404/4052
f 4052/1404/4052 4053/1405/4053 1335/1405/1335
f 1334/1404/1334 1337/1407/1337 4055/1407/4055
f 4055/1407/4055 4052/1404/4052 1334/1404/1334
f 1337/1407/1337 1338/1408/1338 4056/1408/4056
f 4056/1408/4056 4055/1407/4055 1337/1407/1337
f 1340/1410/1340 1339/1409/1339 4057/1409/4057
f 4057/1409/4057 4058/1410/4058 1340/1410/1340
f 1338/1408/1338 1340/1410/1340 4058/1410/4058
f 4058/1410/4058 4056/1408/4056 1338/1408/1338
f 1339/1409/1339 1341/1411/1341 4059/1411/4059
f 4059/1411/4059 4057/1409/4057 1339/1409/1339
f 1341/1411/1341 1342/1412/1342 4060/1412/4060
f 4060/1412/4060 4059/1411/4059 1341/1411/1341
f 1342/1412/1342 1343/1413/1343 4061/1413/4061
f 4061/1413/4061 4060/1412/4060 1342/1412/1342
f 1343/1413/1343 1344/1414/1344 4062/1414/4062
f 4062/1414/4062 4061/1413/4061 1343/1413/1343
f 1344/1414/1344 1345/1415/1345 4063/1415/4063
f 4063/1415/4063 4062/1414/4062 1344/1414/1344
f 1345/1415/1345 1346/1416/1346 4064/1416/4064
f 4064/1416/4064 4063/1415/4063 1345/1415/1345
f 1346/1416/1346 1347/1417/1347 4065/1417/4065
f 4065/1417/4065 4064/1416/4064 1346/1416/1346
f 1347/1417/1347 1348/1418/1348 4066/1418/4066
f 4066/1418/4066 4065/1417/4065 1347/1417/1347
s 4
f 1268/1338/1268 899/952/899 3617/952/3617
f 3617/952/3617 3986/1338/3986 1268/1338/1268
s 1
f 1348/1418/1348 1349/1419/1349 4067/1419/4067
f 4067/1419/4067 4066/1418/4066 1348/1418/1348
f 1352/1422/1352 1351/1421/1351 4069/1421/4069
f 4069/1421/4069 4070/1422/4070 1352/1422/1352
f 1355/1425/1355 1352/1422/1352 4070/1422/4070
f 4070/1422/4070 4073/1425/4073 1355/1425/1355
f 23/42/23 1056/1107/1056 3774/1107/3774
f 3774/1107/3774 2741/42/2741 23/42/23
f 1056/1107/1056 24/43/24 2742/43/2742
f 2742/43/2742 3774/1107/3774 1056/1107/1056
f 1057/1108/1057 25/44/25 2743/44/2743
f 2743/44/2743 3775/1108/3775 1057/1108/1057
f 24/43/24 1057/1108/1057 3775/1108/3775
f 3775/1108/3775 2742/43/2742 24/43/24
f 25/44/25 1062/1113/1062 3780/1113/3780
f 3780/1113/3780 2743/44/2743 25/44/25
f 1062/1113/1062 27/47/27 2745/47/2745
f 2745/47/2745 3780/1113/3780 1062/1113/1062
s 4
f 1066/1117/1066 34/54/34 2752/54/2752
f 2752/54/2752 3784/1117/3784 1066/1117/1066
s 1
f 1273/1343/1273 920/928/920 3638/928/3638
f 3638/928/3638 3991/1343/3991 1273/1343/1273
s 4
f 920/928/920 1066/1117/1066 3784/1117/3784
f 3784/1117/3784 3638/928/3638 920/928/920
s 1
f 878/930/878 1273/1343/1273 3991/1343/3991
f 3991/1343/3991 3596/930/3596 878/930/878
s 4
f 1085/1142/1085 45/67/45 2763/67/2763
f 2763/67/2763 3803/1142/3803 1085/1142/1085
f 49/71/49 1085/1142/1085 3803/1142/3803
f 3803/1142/3803 2767/71/2767 49/71/49
s 1
f 1274/1344/1274 881/934/881 3599/934/3599
f 3599/934/3599 3992/1344/3992 1274/1344/1274
f 880/932/880 1274/1344/1274 3992/1344/3992
s 4
f 3992/1344/3992 3598/932/3598 880/932/880
s 1
f 882/935/882 1275/1345/1275 3993/1345/3993
f 3993/1345/3993 3600/935/3600 882/935/882
s 4
f 1275/1345/1275 880/932/880 3598/932/3598
s 1
f 3598/932/3598 3993/1345/3993 1275/1345/1275
s 4
f 1276/1346/1276 886/939/886 3604/939/3604
f 3604/939/3604 3994/1346/3994 1276/1346/1276
f 1277/1347/1277 909/963/909 3627/963/3627
f 3627/963/3627 3995/1347/3995 1277/1347/1277
f 909/963/909 1276/1346/1276 3994/1346/3994
f 3994/1346/3994 3627/963/3627 909/963/909
s 1
f 1258/1328/1258 872/922/872 3590/922/3590
f 3590/922/3590 3976/1328/3976 1258/1328/1258
s 4
f 872/922/872 1277/1347/1277 3995/1347/3995
f 3995/1347/3995 3590/922/3590 872/922/872
s 1
f 885/938/885 1258/1328/1258 3976/1328/3976
f 3976/1328/3976 3603/938/3603 885/938/885
f 1259/1329/1259 885/938/885 3603/938/3603
f 3603/938/3603 3977/1329/3977 1259/1329/1259
f 887/940/887 1259/1329/1259 3977/1329/3977
f 3977/1329/3977 3605/940/3605 887/940/887
f 1099/1158/1099 69/87/69 2787/87/2787
f 2787/87/2787 3817/1158/3817 1099/1158/1099
s 8
f 1278/1348/1278 888/941/888 3606/941/3606
f 3606/941/3606 3996/1348/3996 1278/1348/1278
s 1
f 888/941/888 1099/1158/1099 3817/1158/3817
f 3817/1158/3817 3606/941/3606 888/941/888
s 4
f 1279/1349/1279 910/964/910 3628/964/3628
f 3628/964/3628 3997/1349/3997 1279/1349/1279
s 8
f 910/964/910 1278/1348/1278 3996/1348/3996
f 3996/1348/3996 3628/964/3628 910/964/910
s 4
f 886/939/886 1279/1349/1279 3997/1349/3997
f 3997/1349/3997 3604/939/3604 886/939/886
s 1
f 1100/1159/1100 70/89/70 2788/89/2788
f 2788/89/2788 3818/1159/3818 1100/1159/1100
f 69/87/69 1100/1159/1100 3818/1159/3818
f 3818/1159/3818 2787/87/2787 69/87/69
s 4
f 1280/1350/1280 889/942/889 3607/942/3607
f 3607/942/3607 3998/1350/3998 1280/1350/1280
f 1281/1351/1281 911/965/911 3629/965/3629
f 3629/965/3629 3999/1351/3999 1281/1351/1281
f 911/965/911 1280/1350/1280 3998/1350/3998
f 3998/1350/3998 3629/965/3629 911/965/911
f 890/943/890 1281/1351/1281 3999/1351/3999
f 3999/1351/3999 3608/943/3608 890/943/890
f 1282/1352/1282 890/943/890 3608/943/3608
f 3608/943/3608 4000/1352/4000 1282/1352/1282
f 1283/1353/1283 912/966/912 3630/966/3630
f 3630/966/3630 4001/1353/4001 1283/1353/1283
f 912/966/912 1282/1352/1282 4000/1352/4000
f 4000/1352/4000 3630/966/3630 912/966/912
f 891/944/891 1283/1353/1283 4001/1353/4001
f 4001/1353/4001 3609/944/3609 891/944/891
f 1284/1354/1284 891/944/891 3609/944/3609
f 3609/944/3609 4002/1354/4002 1284/1354/1284
f 1285/1355/1285 913/967/913 3631/967/3631
f 3631/967/3631 4003/1355/4003 1285/1355/1285
f 913/967/913 1284/1354/1284 4002/1354/4002
f 4002/1354/4002 3631/967/3631 913/967/913
f 892/945/892 1285/1355/1285 4003/1355/4003
f 4003/1355/4003 3610/945/3610 892/945/892
f 1108/1167/1108 892/945/892 3610/945/3610
f 3610/945/3610 3826/1167/3826 1108/1167/1108
f 80/96/80 1108/1167/1108 3826/1167/3826
f 3826/1167/3826 2798/96/2798 80/96/80
f 1131/1190/1131 80/96/80 2798/96/2798
f 2798/96/2798 3849/1190/3849 1131/1190/1131
f 81/97/81 1131/1190/1131 3849/1190/3849
f 3849/1190/3849 2799/97/2799 81/97/81
s 1
f 1261/1331/1261 887/940/887 3605/940/3605
f 3605/940/3605 3979/1331/3979 1261/1331/1261
f 873/923/873 1261/1331/1261 3979/1331/3979
f 3979/1331/3979 3591/923/3591 873/923/873
f 1135/1194/1135 93/106/93 2811/106/2811
f 2811/106/2811 3853/1194/3853 1135/1194/1135
f 70/89/70 1135/1194/1135 3853/1194/3853
f 3853/1194/3853 2788/89/2788 70/89/70
f 1262/1332/1262 873/923/873 3591/923/3591
f 3591/923/3591 3980/1332/3980 1262/1332/1262
f 893/946/893 1262/1332/1262 3980/1332/3980
f 3980/1332/3980 3611/946/3611 893/946/893
f 1138/1197/1138 95/107/95 2813/107/2813
f 2813/107/2813 3856/1197/3856 1138/1197/1138
f 93/106/93 1138/1197/1138 3856/1197/3856
f 3856/1197/3856 2811/106/2811 93/106/93
f 894/947/894 1263/1333/1263 3981/1333/3981
f 3981/1333/3981 3612/947/3612 894/947/894
f 1263/1333/1263 893/946/893 3611/946/3611
f 3611/946/3611 3981/1333/3981 1263/1333/1263
f 1264/1334/1264 894/947/894 3612/947/3612
f 3612/947/3612 3982/1334/3982 1264/1334/1264
f 874/924/874 1264/1334/1264 3982/1334/3982
f 3982/1334/3982 3592/924/3592 874/924/874
s 4
f 1145/1204/1145 81/97/81 2799/97/2799
f 2799/97/2799 3863/1204/3863 1145/1204/1145
f 99/110/99 1145/1204/1145 3863/1204/3863
f 3863/1204/3863 2817/110/2817 99/110/99
f 1286/1356/1286 895/948/895 3613/948/3613
f 3613/948/3613 4004/1356/4004 1286/1356/1286
f 896/949/896 1286/1356/1286 4004/1356/4004
f 4004/1356/4004 3614/949/3614 896/949/896
f 1155/1214/1155 99/110/99 2817/110/2817
f 2817/110/2817 3873/1214/3873 1155/1214/1155
f 106/117/106 1155/1214/1155 3873/1214/3873
f 3873/1214/3873 2824/117/2824 106/117/106
f 1287/1357/1287 897/950/897 3615/950/3615
f 3615/950/3615 4005/1357/4005 1287/1357/1287
f 895/948/895 1287/1357/1287 4005/1357/4005
f 4005/1357/4005 3613/948/3613 895/948/895
f 1159/1218/1159 106/117/106 2824/117/2824
f 2824/117/2824 3877/1218/3877 1159/1218/1159
f 110/121/110 1159/1218/1159 3877/1218/3877
f 3877/1218/3877 2828/121/2828 110/121/110
f 1161/1220/1161 110/121/110 2828/121/2828
f 2828/121/2828 3879/1220/3879 1161/1220/1161
f 112/123/112 1161/1220/1161 3879/1220/3879
f 3879/1220/3879 2830/123/2830 112/123/112
s 1
f 1289/1359/1289 898/951/898 3616/951/3616
f 3616/951/3616 4007/1359/4007 1289/1359/1289
s 8
f 898/951/898 1288/1358/1288 4006/1358/4006
f 4006/1358/4006 3616/951/3616 898/951/898
s 1
f 899/952/899 1289/1359/1289 4007/1359/4007
f 4007/1359/4007 3617/952/3617 899/952/899
s 8
f 1288/1358/1288 896/949/896 3614/949/3614
f 3614/949/3614 4006/1358/4006 1288/1358/1288
s 1
f 1265/1335/1265 874/924/874 3592/924/3592
f 3592/924/3592 3983/1335/3983 1265/1335/1265
f 900/953/900 1265/1335/1265 3983/1335/3983
f 3983/1335/3983 3618/953/3618 900/953/900
f 1266/1336/1266 900/953/900 3618/953/3618
f 3618/953/3618 3984/1336/3984 1266/1336/1266
f 875/925/875 1266/1336/1266 3984/1336/3984
f 3984/1336/3984 3593/925/3593 875/925/875
s 4
f 897/950/897 1290/1360/1290 4008/1360/4008
f 4008/1360/4008 3615/950/3615 897/950/897
f 1290/1360/1290 901/954/901 3619/954/3619
f 3619/954/3619 4008/1360/4008 1290/1360/1290
f 1178/1237/1178 112/123/112 2830/123/2830
f 2830/123/2830 3896/1237/3896 1178/1237/1178
f 123/130/123 1178/1237/1178 3896/1237/3896
f 3896/1237/3896 2841/130/2841 123/130/123
f 901/954/901 1291/1361/1291 4009/1361/4009
f 4009/1361/4009 3619/954/3619 901/954/901
f 1291/1361/1291 877/929/877 3595/929/3595
f 3595/929/3595 4009/1361/4009 1291/1361/1291
s 1
f 1267/1337/1267 875/925/875 3593/925/3593
f 3593/925/3593 3985/1337/3985 1267/1337/1267
f 902/955/902 1267/1337/1267 3985/1337/3985
f 3985/1337/3985 3620/955/3620 902/955/902
s 4
f 31/49/31 1190/1250/1190 3908/1250/3908
f 3908/1250/3908 2749/49/2749 31/49/31
f 1190/1250/1190 123/130/123 2841/130/2841
f 2841/130/2841 3908/1250/3908 1190/1250/1190
s 1
f 1272/1342/1272 878/930/878 3596/930/3596
f 3596/930/3596 3990/1342/3990 1272/1342/1272
s 4
f 877/929/877 1272/1342/1272 3990/1342/3990
f 3990/1342/3990 3595/929/3595 877/929/877
f 34/54/34 1193/1253/1193 3911/1253/3911
f 3911/1253/3911 2752/54/2752 34/54/34
f 1193/1253/1193 49/71/49 2767/71/2767
f 2767/71/2767 3911/1253/3911 1193/1253/1193
s 1
f 1269/1339/1269 902/955/902 3620/955/3620
f 3620/955/3620 3987/1339/3987 1269/1339/1269
f 904/958/904 1269/1339/1269 3987/1339/3987
f 3987/1339/3987 3622/958/3622 904/958/904
f 1292/1362/1292 905/959/905 3623/959/3623
f 3623/959/3623 4010/1362/4010 1292/1362/1292
f 879/931/879 1292/1362/1292 4010/1362/4010
f 4010/1362/4010 3597/931/3597 879/931/879
f 1270/1340/1270 904/958/904 3622/958/3622
f 3622/958/3622 3988/1340/3988 1270/1340/1270
f 1293/1363/1293 903/957/903 3621/957/3621
f 3621/957/3621 4011/1363/4011 1293/1363/1293
f 906/960/906 1293/1363/1293 4011/1363/4011
f 4011/1363/4011 3624/960/3624 906/960/906
s 4
f 45/67/45 1208/1270/1208 3926/1270/3926
f 3926/1270/3926 2763/67/2763 45/67/45
f 1208/1270/1208 134/149/134 2852/149/2852
f 2852/149/2852 3926/1270/3926 1208/1270/1208
s 1
f 1294/1364/1294 906/960/906 3624/960/3624
f 3624/960/3624 4012/1364/4012 1294/1364/1294
f 881/934/881 1294/1364/1294 4012/1364/4012
f 4012/1364/4012 3599/934/3599 881/934/881
s 4
f 134/149/134 1215/1279/1215 3933/1279/3933
f 3933/1279/3933 2852/149/2852 134/149/134
f 1215/1279/1215 138/154/138 2856/154/2856
f 2856/154/2856 3933/1279/3933 1215/1279/1215
f 1221/1286/1221 876/926/876 3594/926/3594
f 3594/926/3594 3939/1286/3939 1221/1286/1221
s 1
f 876/926/876 1271/1341/1271 3989/1341/3989
f 3989/1341/3989 3594/926/3594 876/926/876
s 4
f 138/154/138 1221/1286/1221 3939/1286/3939
f 3939/1286/3939 2856/154/2856 138/154/138
s 1
f 1295/1365/1295 882/935/882 3600/935/3600
f 3600/935/3600 4013/1365/4013 1295/1365/1295
f 907/961/907 1295/1365/1295 4013/1365/4013
f 4013/1365/4013 3625/961/3625 907/961/907
f 1296/1366/1296 907/961/907 3625/961/3625
f 3625/961/3625 4014/1366/4014 1296/1366/1296
f 908/962/908 1296/1366/1296 4014/1366/4014
f 4014/1366/4014 3626/962/3626 908/962/908
f 905/959/905 1297/1367/1297 4015/1367/4015
f 4015/1367/4015 3623/959/3623 905/959/905
f 1297/1367/1297 884/937/884 3602/937/3602
f 3602/937/3602 4015/1367/4015 1297/1367/1297
f 884/937/884 1298/1368/1298 4016/1368/4016
f 4016/1368/4016 3602/937/3602 884/937/884
f 1298/1368/1298 883/936/883 3601/936/3601
f 3601/936/3601 4016/1368/4016 1298/1368/1298
f 1236/1305/1236 31/49/31 2749/49/2749
f 2749/49/2749 3954/1305/3954 1236/1305/1236
f 27/47/27 1236/1305/1236 3954/1305/3954
f 3954/1305/3954 2745/47/2745 27/47/27
f 1238/1307/1238 148/168/148 2866/168/2866
f 2866/168/2866 3956/1307/3956 1238/1307/1238
s 2
f 147/167/147 1238/1307/1238 3956/1307/3956
f 3956/1307/3956 2865/167/2865 147/167/147
s 1
f 1241/1310/1241 149/169/149 2867/169/2867
f 2867/169/2867 3959/1310/3959 1241/1310/1241
f 148/168/148 1241/1310/1241 3959/1310/3959
f 3959/1310/3959 2866/168/2866 148/168/148
f 1243/1312/1243 150/170/150 2868/170/2868
f 2868/170/2868 3961/1312/3961 1243/1312/1243
f 149/169/149 1243/1312/1243 3961/1312/3961
f 3961/1312/3961 2867/169/2867 149/169/149
f 1245/1314/1245 151/171/151 2869/171/2869
f 2869/171/2869 3963/1314/3963 1245/1314/1245
f 150/170/150 1245/1314/1245 3963/1314/3963
f 3963/1314/3963 2868/170/2868 150/170/150
f 1247/1316/1247 152/172/152 2870/172/2870
f 2870/172/2870 3965/1316/3965 1247/1316/1247
f 151/171/151 1247/1316/1247 3965/1316/3965
f 3965/1316/3965 2869/171/2869 151/171/151
s 2
f 1249/1318/1249 153/173/153 2871/173/2871
f 2871/173/2871 3967/1318/3967 1249/1318/1249
s 1
f 152/172/152 1249/1318/1249 3967/1318/3967
f 3967/1318/3967 2870/172/2870 152/172/152
f 1250/1319/1250 23/42/23 2741/42/2741
f 2741/42/2741 3968/1319/3968 1250/1319/1250
f 95/107/95 1250/1319/1250 3968/1319/3968
f 3968/1319/3968 2813/107/2813 95/107/95
s 2
f 1252/1321/1252 154/174/154 2872/174/2872
f 2872/174/2872 3970/1321/3970 1252/1321/1252
f 153/173/153 1252/1321/1252 3970/1321/3970
f 3970/1321/3970 2871/173/2871 153/173/153
f 1253/1322/1253 147/167/147 2865/167/2865
f 2865/167/2865 3971/1322/3971 1253/1322/1253
f 154/174/154 1253/1322/1253 3971/1322/3971
f 3971/1322/3971 2872/174/2872 154/174/154
f 1299/1369/1299 879/931/879 3597/931/3597
s 1
f 3597/931/3597 4017/1369/4017 1299/1369/1299
f 1254/1323/1254 914/968/914 3632/968/3632
f 3632/968/3632 3972/1323/3972 1254/1323/1254
s 2
f 914/968/914 1299/1369/1299 4017/1369/4017
f 4017/1369/4017 3632/968/3632 914/968/914
s 1
f 690/710/690 1254/1323/1254 3972/1323/3972
f 3972/1323/3972 3408/710/3408 690/710/690
f 883/936/883 1300/1370/1300 4018/1370/4018
f 4018/1370/4018 3601/936/3601 883/936/883
s 2
f 1301/1371/1301 908/962/908 3626/962/3626
s 1
f 3626/962/3626 4019/1371/4019 1301/1371/1301
f 1256/1326/1256 916/970/916 3634/970/3634
f 3634/970/3634 3974/1326/3974 1256/1326/1256
s 2
f 916/970/916 1301/1371/1301 4019/1371/4019
f 4019/1371/4019 3634/970/3634 916/970/916
f 1300/1370/1300 915/969/915 3633/969/3633
f 3633/969/3633 4018/1370/4018 1300/1370/1300
s 1
f 915/969/915 1256/1326/1256 3974/1326/3974
f 3974/1326/3974 3633/969/3633 915/969/915
f 903/956/903 1302/1372/1302 4020/1372/4020
s 2
f 4020/1372/4020 3621/956/3621 903/956/903
s 1
f 1257/1327/1257 690/710/690 3408/710/3408
f 3408/710/3408 3975/1327/3975 1257/1327/1257
s 2
f 1302/1372/1302 917/971/917 3635/971/3635
s 4
f 3635/971/3635 4020/1372/4020 1302/1372/1302
s 1
f 917/971/917 1257/1327/1257 3975/1327/3975
f 3975/1327/3975 3635/971/3635 917/971/917
f 11/1/11 1303/1373/1303 4021/1373/4021
f 4021/1373/4021 2729/1/2729 11/1/11
s 4
f 1304/1374/1304 11/1/11 2729/1/2729
f 2729/1/2729 4022/1374/4022 1304/1374/1304
s 8
f 1303/1373/1303 1304/1374/1304 4022/1374/4022
f 4022/1374/4022 4021/1373/4021 1303/1373/1303
s 1
f 1/3/1 63/2/63 2781/2/2781
f 2781/2/2781 2719/3/2719 1/3/1
f 1305/1375/1305 1306/1376/1306 4024/1376/4024
f 4024/1376/4024 4023/1375/4023 1305/1375/1305
f 63/2/63 67/5/67 2785/5/2785
f 2785/5/2785 2781/2/2781 63/2/63
f 1307/1377/1307 1305/1375/1305 4023/1375/4023
f 4023/1375/4023 4025/1377/4025 1307/1377/1307
f 67/5/67 4/15/4 2722/15/2722
f 2722/15/2722 2785/5/2785 67/5/67
f 1308/1378/1308 1307/1377/1307 4025/1377/4025
f 4025/1377/4025 4026/1378/4026 1308/1378/1308
f 4/15/4 94/16/94 2812/16/2812
f 2812/16/2812 2722/15/2722 4/15/4
f 1309/1379/1309 1308/1378/1308 4026/1378/4026
f 4026/1378/4026 4027/1379/4027 1309/1379/1309
f 96/17/96 6/18/6 2724/18/2724
f 2724/18/2724 2814/17/2814 96/17/96
f 1311/1381/1311 1310/1380/1310 4028/1380/4028
f 4028/1380/4028 4029/1381/4029 1311/1381/1311
f 6/18/6 118/22/118 2836/22/2836
f 2836/22/2836 2724/18/2724 6/18/6
f 1312/1382/1312 1311/1381/1311 4029/1381/4029
f 4029/1381/4029 4030/1382/4030 1312/1382/1312
f 118/22/118 7/23/7 2725/23/2725
f 2725/23/2725 2836/22/2836 118/22/118
f 1313/1383/1313 1312/1382/1312 4030/1382/4030
f 4030/1382/4030 4031/1383/4031 1313/1383/1313
f 7/23/7 124/24/124 2842/24/2842
f 2842/24/2842 2725/23/2725 7/23/7
f 1314/1384/1314 1313/1383/1313 4031/1383/4031
f 4031/1383/4031 4032/1384/4032 1314/1384/1314
f 1306/1376/1306 1320/1390/1320 4038/1390/4038
f 4038/1390/4038 4024/1376/4024 1306/1376/1306
f 1319/1389/1319 1321/1391/1321 4039/1391/4039
f 4039/1391/4039 4037/1389/4037 1319/1389/1319
f 1322/1392/1322 1323/1393/1323 4041/1393/4041
f 4041/1393/4041 4040/1392/4040 1322/1392/1322
f 1324/1394/1324 1326/1396/1326 4044/1396/4044
f 4044/1396/4044 4042/1394/4042 1324/1394/1324
s 4
f 1260/1330/1260 1331/1401/1331 4049/1401/4049
f 4049/1401/4049 3978/1330/3978 1260/1330/1260
s 1
f 1331/1401/1331 1332/1402/1332 4050/1402/4050
f 4050/1402/4050 4049/1401/4049 1331/1401/1331
f 921/972/921 1333/1403/1333 4051/1403/4051
f 4051/1403/4051 3639/972/3639 921/972/921
f 1336/1406/1336 1335/1405/1335 4053/1405/4053
f 4053/1405/4053 4054/1406/4054 1336/1406/1336
f 1333/1403/1333 1336/1406/1336 4054/1406/4054
f 4054/1406/4054 4051/1403/4051 1333/1403/1333
s 4
f 1350/1420/1350 1268/1338/1268 3986/1338/3986
f 3986/1338/3986 4068/1420/4068 1350/1420/1350
s 1
f 1349/1419/1349 1350/1420/1350 4068/1420/4068
f 4068/1420/4068 4067/1419/4067 1349/1419/1349
f 1351/1421/1351 1353/1423/1353 4071/1423/4071
f 4071/1423/4071 4069/1421/4069 1351/1421/1351
f 1354/1424/1354 1355/1425/1355 4073/1425/4073
f 4073/1425/4073 4072/1424/4072 1354/1424/1354
f 1357/1427/1357 1270/1340/1270 3988/1340/3988
f 3988/1340/3988 4075/1427/4075 1357/1427/1357
f 1356/1426/1356 1357/1427/1357 4075/1427/4075
f 4075/1427/4075 4074/1426/4074 1356/1426/1356
f 1353/1423/1353 1356/1426/1356 4074/1426/4074
f 4074/1426/4074 4071/1423/4071 1353/1423/1353
f 1358/1428/1358 1354/1424/1354 4072/1424/4072
f 4072/1424/4072 4076/1428/4076 1358/1428/1358
f 1271/1341/1271 1359/1429/1359 4077/1429/4077
f 4077/1429/4077 3989/1341/3989 1271/1341/1271
f 1359/1429/1359 1358/1428/1358 4076/1428/4076
f 4076/1428/4076 4077/1429/4077 1359/1429/1359
f 1360/1430/1360 1361/1431/1361 4079/1431/4079
f 4079/1431/4079 4078/1430/4078 1360/1430/1360
f 1362/1432/1362 1363/1433/1363 4081/1433/4081
f 4081/1433/4081 4080/1432/4080 1362/1432/1362
f 1367/1437/1367 1364/1434/1364 4082/1434/4082
f 4082/1434/4082 4085/1437/4085 1367/1437/1367
f 1365/1435/1365 1366/1436/1366 4084/1436/4084
f 4084/1436/4084 4083/1435/4083 1365/1435/1365
f 1368/1438/1368 1367/1437/1367 4085/1437/4085
f 4085/1437/4085 4086/1438/4086 1368/1438/1368
s 4
f 1369/1439/1369 1368/1438/1368 4086/1438/4086
f 4086/1438/4086 4087/1439/4087 1369/1439/1369
s 1
f 1366/1436/1366 1369/1439/1369 4087/1439/4087
f 4087/1439/4087 4084/1436/4084 1366/1436/1366
f 1370/1440/1370 1371/1441/1371 4089/1441/4089
f 4089/1441/4089 4088/1440/4088 1370/1440/1370
s 4
f 1373/1443/1373 1370/1440/1370 4088/1440/4088
f 4088/1440/4088 4091/1443/4091 1373/1443/1373
s 1
f 1372/1442/1372 1373/1443/1373 4091/1443/4091
f 4091/1443/4091 4090/1442/4090 1372/1442/1372
s 4
f 1371/1441/1371 1372/1442/1372 4090/1442/4090
f 4090/1442/4090 4089/1441/4089 1371/1441/1371
s 1
f 1375/1445/1375 1376/1446/1376 4094/1446/4094
f 4094/1446/4094 4093/1445/4093 1375/1445/1375
s 4
f 1374/1444/1374 1375/1445/1375 4093/1445/4093
f 4093/1445/4093 4092/1444/4092 1374/1444/1374
s 1
f 1378/1448/1378 1379/1449/1379 4097/1449/4097
f 4097/1449/4097 4096/1448/4096 1378/1448/1378
s 4
f 1380/1450/1380 1377/1447/1377 4095/1447/4095
f 4095/1447/4095 4098/1450/4098 1380/1450/1380
s 8
f 1379/1449/1379 1380/1450/1380 4098/1450/4098
f 4098/1450/4098 4097/1449/4097 1379/1449/1379
s 4
f 1377/1447/1377 1381/1451/1381 4099/1451/4099
f 4099/1451/4099 4095/1447/4095 1377/1447/1377
f 1381/1451/1381 1374/1444/1374 4092/1444/4092
f 4092/1444/4092 4099/1451/4099 1381/1451/1381
f 1383/1454/1383 1378/1448/1378 4096/1448/4096
f 4096/1448/4096 4101/1454/4101 1383/1454/1383
s 8
f 1376/1453/1376 1383/1454/1383 4101/1454/4101
f 4101/1454/4101 4094/1453/4094 1376/1453/1376
s 1
f 1386/1457/1386 1387/1458/1387 4105/1458/4105
f 4105/1458/4105 4104/1457/4104 1386/1457/1386
f 1390/1461/1390 1391/1462/1391 4109/1462/4109
f 4109/1462/4109 4108/1461/4108 1390/1461/1390
f 1394/1465/1394 1395/1466/1395 4113/1466/4113
f 4113/1466/4113 4112/1465/4112 1394/1465/1394
f 1398/1469/1398 1399/1470/1399 4117/1470/4117
f 4117/1470/4117 4116/1469/4116 1398/1469/1398
s 4
f 1397/1468/1397 1398/1469/1398 4116/1469/4116
f 4116/1469/4116 4115/1468/4115 1397/1468/1397
f 1411/1482/1411 1412/1483/1412 4130/1483/4130
f 4130/1483/4130 4129/1482/4129 1411/1482/1411
f 1416/1487/1416 1411/1482/1411 4129/1482/4129
f 4129/1482/4129 4134/1487/4134 1416/1487/1416
s 1
f 1412/1483/1412 1419/1490/1419 4137/1490/4137
f 4137/1490/4137 4130/1483/4130 1412/1483/1412
s 4
f 1419/1490/1419 1420/1491/1420 4138/1491/4138
f 4138/1491/4138 4137/1490/4137 1419/1490/1419
f 1427/1498/1427 1428/1499/1428 4146/1499/4146
f 4146/1499/4146 4145/1498/4145 1427/1498/1427
f 1428/1499/1428 1397/1468/1397 4115/1468/4115
f 4115/1468/4115 4146/1499/4146 1428/1499/1428
f 1430/1501/1430 1431/1502/1431 4149/1502/4149
f 4149/1502/4149 4148/1501/4148 1430/1501/1430
f 1431/1502/1431 1427/1498/1427 4145/1498/4145
f 4145/1498/4145 4149/1502/4149 1431/1502/1431
f 1433/1504/1433 1430/1501/1430 4148/1501/4148
f 4148/1501/4148 4151/1504/4151 1433/1504/1433
s 1
f 1420/1491/1420 1435/1506/1435 4153/1506/4153
f 4153/1506/4153 4138/1491/4138 1420/1491/1420
s 4
f 1436/1507/1436 1433/1504/1433 4151/1504/4151
f 4151/1504/4151 4154/1507/4154 1436/1507/1436
s 1
f 1435/1506/1435 1436/1507/1436 4154/1507/4154
f 4154/1507/4154 4153/1506/4153 1435/1506/1435
f 1608/1679/1608 1609/1680/1609 4327/1680/4327
f 4327/1680/4327 4326/1679/4326 1608/1679/1608
f 1609/1680/1609 1612/1683/1612 4330/1683/4330
f 4330/1683/4330 4327/1680/4327 1609/1680/1609
f 1620/1691/1620 1617/1688/1617 4335/1688/4335
f 4335/1688/4335 4338/1691/4338 1620/1691/1620
f 1612/1683/1612 1620/1691/1620 4338/1691/4338
f 4338/1691/4338 4330/1683/4330 1612/1683/1612
f 1617/1688/1617 1628/1699/1628 4346/1699/4346
f 4346/1699/4346 4335/1688/4335 1617/1688/1617
f 1628/1699/1628 1630/1701/1630 4348/1701/4348
f 4348/1701/4348 4346/1699/4346 1628/1699/1628
f 1637/1708/1637 1634/1705/1634 4352/1705/4352
f 4352/1705/4352 4355/1708/4355 1637/1708/1637
f 1630/1701/1630 1637/1708/1637 4355/1708/4355
f 4355/1708/4355 4348/1701/4348 1630/1701/1630
f 1634/1705/1634 1644/1715/1644 4362/1715/4362
f 4362/1715/4362 4352/1705/4352 1634/1705/1634
f 1644/1715/1644 1646/1717/1646 4364/1717/4364
f 4364/1717/4364 4362/1715/4362 1644/1715/1644
f 1653/1724/1653 1650/1721/1650 4368/1721/4368
f 4368/1721/4368 4371/1724/4371 1653/1724/1653
f 1646/1717/1646 1653/1724/1653 4371/1724/4371
f 4371/1724/4371 4364/1717/4364 1646/1717/1646
f 1650/1721/1650 1660/1731/1660 4378/1731/4378
f 4378/1731/4378 4368/1721/4368 1650/1721/1650
f 1660/1731/1660 1662/1733/1662 4380/1733/4380
f 4380/1733/4380 4378/1731/4378 1660/1731/1660
f 1669/1740/1669 1666/1737/1666 4384/1737/4384
f 4384/1737/4384 4387/1740/4387 1669/1740/1669
f 1662/1733/1662 1669/1740/1669 4387/1740/4387
f 4387/1740/4387 4380/1733/4380 1662/1733/1662
f 1666/1737/1666 1676/1747/1676 4394/1747/4394
f 4394/1747/4394 4384/1737/4384 1666/1737/1666
f 1676/1747/1676 1678/1749/1678 4396/1749/4396
f 4396/1749/4396 4394/1747/4394 1676/1747/1676
f 1685/1756/1685 1682/1753/1682 4400/1753/4400
f 4400/1753/4400 4403/1756/4403 1685/1756/1685
f 1678/1749/1678 1685/1756/1685 4403/1756/4403
f 4403/1756/4403 4396/1749/4396 1678/1749/1678
f 1682/1753/1682 1692/1763/1692 4410/1763/4410
f 4410/1763/4410 4400/1753/4400 1682/1753/1682
f 1692/1763/1692 1694/1765/1694 4412/1765/4412
f 4412/1765/4412 4410/1763/4410 1692/1763/1692
f 1701/1772/1701 1698/1769/1698 4416/1769/4416
f 4416/1769/4416 4419/1772/4419 1701/1772/1701
f 1694/1765/1694 1701/1772/1701 4419/1772/4419
f 4419/1772/4419 4412/1765/4412 1694/1765/1694
f 1698/1769/1698 1708/1779/1708 4426/1779/4426
f 4426/1779/4426 4416/1769/4416 1698/1769/1698
f 1708/1779/1708 1710/1781/1710 4428/1781/4428
f 4428/1781/4428 4426/1779/4426 1708/1779/1708
f 1717/1788/1717 1714/1785/1714 4432/1785/4432
f 4432/1785/4432 4435/1788/4435 1717/1788/1717
f 1710/1781/1710 1717/1788/1717 4435/1788/4435
f 4435/1788/4435 4428/1781/4428 1710/1781/1710
f 1714/1785/1714 1724/1795/1724 4442/1795/4442
f 4442/1795/4442 4432/1785/4432 1714/1785/1714
f 1724/1795/1724 1726/1797/1726 4444/1797/4444
f 4444/1797/4444 4442/1795/4442 1724/1795/1724
f 1733/1804/1733 1730/1801/1730 4448/1801/4448
f 4448/1801/4448 4451/1804/4451 1733/1804/1733
f 1726/1797/1726 1733/1804/1733 4451/1804/4451
f 4451/1804/4451 4444/1797/4444 1726/1797/1726
f 1730/1801/1730 1740/1811/1740 4458/1811/4458
f 4458/1811/4458 4448/1801/4448 1730/1801/1730
f 1740/1811/1740 1742/1813/1742 4460/1813/4460
f 4460/1813/4460 4458/1811/4458 1740/1811/1740
f 1749/1820/1749 1746/1817/1746 4464/1817/4464
f 4464/1817/4464 4467/1820/4467 1749/1820/1749
f 1742/1813/1742 1749/1820/1749 4467/1820/4467
f 4467/1820/4467 4460/1813/4460 1742/1813/1742
f 1746/1817/1746 1756/1827/1756 4474/1827/4474
f 4474/1827/4474 4464/1817/4464 1746/1817/1746
f 1756/1827/1756 1758/1829/1758 4476/1829/4476
f 4476/1829/4476 4474/1827/4474 1756/1827/1756
f 1765/1836/1765 1762/1833/1762 4480/1833/4480
f 4480/1833/4480 4483/1836/4483 1765/1836/1765
f 1758/1829/1758 1765/1836/1765 4483/1836/4483
f 4483/1836/4483 4476/1829/4476 1758/1829/1758
f 1762/1833/1762 1772/1843/1772 4490/1843/4490
f 4490/1843/4490 4480/1833/4480 1762/1833/1762
f 1772/1843/1772 1774/1845/1774 4492/1845/4492
f 4492/1845/4492 4490/1843/4490 1772/1843/1772
f 1781/1852/1781 1778/1849/1778 4496/1849/4496
f 4496/1849/4496 4499/1852/4499 1781/1852/1781
f 1774/1845/1774 1781/1852/1781 4499/1852/4499
f 4499/1852/4499 4492/1845/4492 1774/1845/1774
f 1778/1849/1778 1788/1859/1788 4506/1859/4506
f 4506/1859/4506 4496/1849/4496 1778/1849/1778
f 1788/1859/1788 1790/1861/1790 4508/1861/4508
f 4508/1861/4508 4506/1859/4506 1788/1859/1788
f 1797/1868/1797 1794/1865/1794 4512/1865/4512
f 4512/1865/4512 4515/1868/4515 1797/1868/1797
f 1790/1861/1790 1797/1868/1797 4515/1868/4515
f 4515/1868/4515 4508/1861/4508 1790/1861/1790
f 1794/1865/1794 1804/1875/1804 4522/1875/4522
f 4522/1875/4522 4512/1865/4512 1794/1865/1794
f 1804/1875/1804 1806/1877/1806 4524/1877/4524
f 4524/1877/4524 4522/1875/4522 1804/1875/1804
f 1813/1884/1813 1810/1881/1810 4528/1881/4528
f 4528/1881/4528 4531/1884/4531 1813/1884/1813
f 1806/1877/1806 1813/1884/1813 4531/1884/4531
f 4531/1884/4531 4524/1877/4524 1806/1877/1806
f 1810/1881/1810 1820/1891/1820 4538/1891/4538
f 4538/1891/4538 4528/1881/4528 1810/1881/1810
f 1820/1891/1820 1822/1893/1822 4540/1893/4540
f 4540/1893/4540 4538/1891/4538 1820/1891/1820
f 1829/1900/1829 1826/1897/1826 4544/1897/4544
f 4544/1897/4544 4547/1900/4547 1829/1900/1829
f 1822/1893/1822 1829/1900/1829 4547/1900/4547
f 4547/1900/4547 4540/1893/4540 1822/1893/1822
f 1826/1897/1826 1836/1907/1836 4554/1907/4554
f 4554/1907/4554 4544/1897/4544 1826/1897/1826
f 1836/1907/1836 1838/1909/1838 4556/1909/4556
f 4556/1909/4556 4554/1907/4554 1836/1907/1836
f 1845/1916/1845 1842/1913/1842 4560/1913/4560
f 4560/1913/4560 4563/1916/4563 1845/1916/1845
f 1838/1909/1838 1845/1916/1845 4563/1916/4563
f 4563/1916/4563 4556/1909/4556 1838/1909/1838
f 1842/1913/1842 1852/1923/1852 4570/1923/4570
f 4570/1923/4570 4560/1913/4560 1842/1913/1842
f 1852/1923/1852 1854/1925/1854 4572/1925/4572
f 4572/1925/4572 4570/1923/4570 1852/1923/1852
f 1861/1932/1861 1858/1929/1858 4576/1929/4576
f 4576/1929/4576 4579/1932/4579 1861/1932/1861
f 1854/1925/1854 1861/1932/1861 4579/1932/4579
f 4579/1932/4579 4572/1925/4572 1854/1925/1854
f 1858/1929/1858 1868/1939/1868 4586/1939/4586
f 4586/1939/4586 4576/1929/4576 1858/1929/1858
f 1868/1939/1868 1870/1941/1870 4588/1941/4588
f 4588/1941/4588 4586/1939/4586 1868/1939/1868
f 1877/1948/1877 1874/1945/1874 4592/1945/4592
f 4592/1945/4592 4595/1948/4595 1877/1948/1877
f 1870/1941/1870 1877/1948/1877 4595/1948/4595
f 4595/1948/4595 4588/1941/4588 1870/1941/1870
f 1874/1945/1874 1884/1955/1884 4602/1955/4602
f 4602/1955/4602 4592/1945/4592 1874/1945/1874
f 1884/1955/1884 1886/1957/1886 4604/1957/4604
f 4604/1957/4604 4602/1955/4602 1884/1955/1884
f 1893/1964/1893 1890/1961/1890 4608/1961/4608
f 4608/1961/4608 4611/1964/4611 1893/1964/1893
f 1886/1957/1886 1893/1964/1893 4611/1964/4611
f 4611/1964/4611 4604/1957/4604 1886/1957/1886
f 1890/1961/1890 1900/1971/1900 4618/1971/4618
f 4618/1971/4618 4608/1961/4608 1890/1961/1890
f 1900/1971/1900 1902/1973/1902 4620/1973/4620
f 4620/1973/4620 4618/1971/4618 1900/1971/1900
f 1907/1978/1907 1608/1679/1608 4326/1679/4326
f 4326/1679/4326 4625/1978/4625 1907/1978/1907
f 1902/1973/1902 1907/1978/1907 4625/1978/4625
f 4625/1978/4625 4620/1973/4620 1902/1973/1902
f 1915/1986/1915 1912/1983/1912 4630/1983/4630
f 4630/1983/4630 4633/1986/4633 1915/1986/1915
s 2
f 1914/1985/1914 1915/1986/1915 4633/1986/4633
f 4633/1986/4633 4632/1985/4632 1914/1985/1914
f 1912/1983/1912 1913/1984/1913 4631/1984/4631
f 4631/1984/4631 4630/1983/4630 1912/1983/1912
f 1917/1988/1917 1914/1985/1914 4632/1985/4632
f 4632/1985/4632 4635/1988/4635 1917/1988/1917
f 1913/1984/1913 1916/1987/1916 4634/1987/4634
f 4634/1987/4634 4631/1984/4631 1913/1984/1913
f 1919/1990/1919 1917/1988/1917 4635/1988/4635
f 4635/1988/4635 4637/1990/4637 1919/1990/1919
s 1
f 1918/1989/1918 1919/1990/1919 4637/1990/4637
f 4637/1990/4637 4636/1989/4636 1918/1989/1918
s 2
f 1916/1987/1916 1918/1989/1918 4636/1989/4636
f 4636/1989/4636 4634/1987/4634 1916/1987/1916
s 1
f 1923/1994/1923 1920/1991/1920 4638/1991/4638
f 4638/1991/4638 4641/1994/4641 1923/1994/1923
s 2
f 1922/1993/1922 1923/1994/1923 4641/1994/4641
f 4641/1994/4641 4640/1993/4640 1922/1993/1922
f 1920/1991/1920 1921/1992/1921 4639/1992/4639
f 4639/1992/4639 4638/1991/4638 1920/1991/1920
f 1925/1996/1925 1922/1993/1922 4640/1993/4640
f 4640/1993/4640 4643/1996/4643 1925/1996/1925
f 1921/1992/1921 1924/1995/1924 4642/1995/4642
f 4642/1995/4642 4639/1992/4639 1921/1992/1921
f 1927/1998/1927 1925/1996/1925 4643/1996/4643
f 4643/1996/4643 4645/1998/4645 1927/1998/1927
f 1924/1995/1924 1926/1997/1926 4644/1997/4644
f 4644/1997/4644 4642/1995/4642 1924/1995/1924
f 1929/2000/1929 1927/1998/1927 4645/1998/4645
f 4645/1998/4645 4647/2000/4647 1929/2000/1929
f 1926/1997/1926 1928/1999/1928 4646/1999/4646
f 4646/1999/4646 4644/1997/4644 1926/1997/1926
f 1931/2002/1931 1929/2000/1929 4647/2000/4647
f 4647/2000/4647 4649/2002/4649 1931/2002/1931
f 1928/1999/1928 1930/2001/1930 4648/2001/4648
f 4648/2001/4648 4646/1999/4646 1928/1999/1928
f 1933/2004/1933 1931/2002/1931 4649/2002/4649
f 4649/2002/4649 4651/2004/4651 1933/2004/1933
s 1
f 1932/2003/1932 1933/2004/1933 4651/2004/4651
f 4651/2004/4651 4650/2003/4650 1932/2003/1932
s 2
f 1930/2001/1930 1932/2003/1932 4650/2003/4650
f 4650/2003/4650 4648/2001/4648 1930/2001/1930
s 1
f 1947/2018/1947 1948/2019/1948 4666/2019/4666
f 4666/2019/4666 4665/2018/4665 1947/2018/1947
f 1948/2019/1948 1934/2022/1934 4652/2022/4652
f 4652/2022/4652 4666/2019/4666 1948/2019/1948
f 1966/2041/1966 1967/2042/1967 4685/2042/4685
f 4685/2042/4685 4684/2041/4684 1966/2041/1966
f 1967/2042/1967 1953/2045/1953 4671/2045/4671
f 4671/2045/4671 4685/2042/4685 1967/2042/1967
f 1985/2064/1985 1986/2065/1986 4704/2065/4704
f 4704/2065/4704 4703/2064/4703 1985/2064/1985
f 1986/2065/1986 1989/2068/1989 4707/2068/4707
f 4707/2068/4707 4704/2065/4704 1986/2065/1986
f 1989/2068/1989 1993/2074/1993 4711/2074/4711
f 4711/2074/4711 4707/2068/4707 1989/2068/1989
f 1993/2074/1993 1972/2076/1972 4690/2076/4690
f 4690/2076/4690 4711/2074/4711 1993/2074/1993
f 1972/2076/1972 2001/2084/2001 4719/2084/4719
f 4719/2084/4719 4690/2076/4690 1972/2076/1972
f 2001/2084/2001 2004/2087/2004 4722/2087/4722
f 4722/2087/4722 4719/2084/4719 2001/2084/2001
f 2027/2113/2027 2028/2114/2028 4746/2114/4746
f 4746/2114/4746 4745/2113/4745 2027/2113/2027
f 2028/2114/2028 1985/2064/1985 4703/2064/4703
f 4703/2064/4703 4746/2114/4746 2028/2114/2028
f 1934/2022/1934 2035/2124/2035 4753/2124/4753
f 4753/2124/4753 4652/2022/4652 1934/2022/1934
f 2035/2124/2035 2027/2113/2027 4745/2113/4745
f 4745/2113/4745 4753/2124/4753 2035/2124/2035
f 2004/2087/2004 2050/2141/2050 4768/2141/4768
f 4768/2141/4768 4722/2087/4722 2004/2087/2004
f 2050/2141/2050 2053/2144/2053 4771/2144/4771
f 4771/2144/4771 4768/2141/4768 2050/2141/2050
f 2053/2144/2053 2079/2173/2079 4797/2173/4797
f 4797/2173/4797 4771/2144/4771 2053/2144/2053
f 2079/2173/2079 1966/2041/1966 4684/2041/4684
f 4684/2041/4684 4797/2173/4797 2079/2173/2079
f 1953/2045/1953 2091/2187/2091 4809/2187/4809
f 4809/2187/4809 4671/2045/4671 1953/2045/1953
f 2091/2187/2091 2094/2190/2094 4812/2190/4812
f 4812/2190/4812 4809/2187/4809 2091/2187/2091
f 2094/2190/2094 2097/2194/2097 4815/2194/4815
f 4815/2194/4815 4812/2190/4812 2094/2190/2094
f 2097/2194/2097 2099/2196/2099 4817/2196/4817
f 4817/2196/4817 4815/2194/4815 2097/2194/2097
f 2099/2196/2099 2103/2202/2103 4821/2202/4821
f 4821/2202/4821 4817/2196/4817 2099/2196/2099
f 2103/2202/2103 1947/2018/1947 4665/2018/4665
f 4665/2018/4665 4821/2202/4821 2103/2202/2103
f 2141/2242/2141 2139/2240/2139 4857/2240/4857
f 4857/2240/4857 4859/2242/4859 2141/2242/2141
s 4
f 2140/2241/2140 2141/2242/2141 4859/2242/4859
f 4859/2242/4859 4858/2241/4858 2140/2241/2140
s 8
f 2139/2240/2139 2140/2241/2140 4858/2241/4858
f 4858/2241/4858 4857/2240/4857 2139/2240/2139
s 1
f 2143/2244/2143 2144/2245/2144 4862/2245/4862
f 4862/2245/4862 4861/2244/4861 2143/2244/2143
s 4
f 2148/2249/2148 2146/2247/2146 4864/2247/4864
f 4864/2247/4864 4866/2249/4866 2148/2249/2148
s 1
f 2144/2245/2144 2147/2248/2147 4865/2248/4865
f 4865/2248/4865 4862/2245/4862 2144/2245/2144
f 2150/2251/2150 2143/2244/2143 4861/2244/4861
f 4861/2244/4861 4868/2251/4868 2150/2251/2150
f 2156/2257/2156 2157/2258/2157 4875/2258/4875
f 4875/2258/4875 4874/2257/4874 2156/2257/2156
f 2159/2260/2159 2156/2257/2156 4874/2257/4874
f 4874/2257/4874 4877/2260/4877 2159/2260/2159
f 2161/2262/2161 2159/2260/2159 4877/2260/4877
f 4877/2260/4877 4879/2262/4879 2161/2262/2161
f 2163/2264/2163 2164/2265/2164 4882/2265/4882
f 4882/2265/4882 4881/2264/4881 2163/2264/2163
f 2164/2265/2164 2161/2262/2161 4879/2262/4879
f 4879/2262/4879 4882/2265/4882 2164/2265/2164
f 2167/2268/2167 2163/2264/2163 4881/2264/4881
f 4881/2264/4881 4885/2268/4885 2167/2268/2167
f 2169/2270/2169 2167/2268/2167 4885/2268/4885
f 4885/2268/4885 4887/2270/4887 2169/2270/2169
f 2171/2272/2171 2169/2270/2169 4887/2270/4887
f 4887/2270/4887 4889/2272/4889 2171/2272/2171
f 2173/2274/2173 2171/2272/2171 4889/2272/4889
f 4889/2272/4889 4891/2274/4891 2173/2274/2173
f 2175/2276/2175 2173/2274/2173 4891/2274/4891
f 4891/2274/4891 4893/2276/4893 2175/2276/2175
f 2177/2278/2177 2175/2276/2175 4893/2276/4893
f 4893/2276/4893 4895/2278/4895 2177/2278/2177
f 2179/2280/2179 2177/2278/2177 4895/2278/4895
f 4895/2278/4895 4897/2280/4897 2179/2280/2179
f 2181/2282/2181 2179/2280/2179 4897/2280/4897
f 4897/2280/4897 4899/2282/4899 2181/2282/2181
f 2183/2284/2183 2181/2282/2181 4899/2282/4899
f 4899/2282/4899 4901/2284/4901 2183/2284/2183
s 4
f 2180/2281/2180 2182/2283/2182 4900/2283/4900
f 4900/2283/4900 4898/2281/4898 2180/2281/2180
s 1
f 2186/2287/2186 2187/2288/2187 4905/2288/4905
f 4905/2288/4905 4904/2287/4904 2186/2287/2186
f 2187/2288/2187 2188/2289/2188 4906/2289/4906
f 4906/2289/4906 4905/2288/4905 2187/2288/2187
f 2207/2308/2207 2204/2305/2204 4922/2305/4922
f 4922/2305/4922 4925/2308/4925 2207/2308/2207
f 2210/2311/2210 2207/2308/2207 4925/2308/4925
f 4925/2308/4925 4928/2311/4928 2210/2311/2210
f 2211/2312/2211 2212/2313/2212 4930/2313/4930
f 4930/2313/4930 4929/2312/4929 2211/2312/2211
f 2212/2313/2212 2210/2311/2210 4928/2311/4928
f 4928/2311/4928 4930/2313/4930 2212/2313/2212
f 2219/2320/2219 2211/2312/2211 4929/2312/4929
f 4929/2312/4929 4937/2320/4937 2219/2320/2219
f 2222/2323/2222 2219/2320/2219 4937/2320/4937
f 4937/2320/4937 4940/2323/4940 2222/2323/2222
s 4
f 2230/2331/2230 2231/2332/2231 4949/2332/4949
f 4949/2332/4949 4948/2331/4948 2230/2331/2230
f 2231/2332/2231 2234/2335/2234 4952/2335/4952
f 4952/2335/4952 4949/2332/4949 2231/2332/2231
s 1
f 2234/2335/2234 2235/2336/2235 4953/2336/4953
f 4953/2336/4953 4952/2335/4952 2234/2335/2234
f 2235/2336/2235 2236/2337/2236 4954/2337/4954
f 4954/2337/4954 4953/2336/4953 2235/2336/2235
s 4
f 2263/2366/2263 2276/2379/2276 4994/2379/4994
f 4994/2379/4994 4981/2366/4981 2263/2366/2263
f 2276/2379/2276 2277/2380/2277 4995/2380/4995
f 4995/2380/4995 4994/2379/4994 2276/2379/2276
s 1
f 2282/2385/2282 2283/2386/2283 5001/2386/5001
f 5001/2386/5001 5000/2385/5000 2282/2385/2282
s 4
f 2283/2386/2283 2284/2387/2284 5002/2387/5002
s 1
f 5002/2387/5002 5001/2386/5001 2283/2386/2283
f 2295/2398/2295 2292/2395/2292 5010/2395/5010
f 5010/2395/5010 5013/2398/5013 2295/2398/2295
f 2284/2387/2284 2295/2398/2295 5013/2398/5013
s 4
f 5013/2398/5013 5002/2387/5002 2284/2387/2284
f 2302/2405/2302 2303/2406/2303 5021/2406/5021
f 5021/2406/5021 5020/2405/5020 2302/2405/2302
f 2303/2406/2303 2304/2407/2304 5022/2407/5022
f 5022/2407/5022 5021/2406/5021 2303/2406/2303
f 2304/2407/2304 2305/2408/2305 5023/2408/5023
f 5023/2408/5023 5022/2407/5022 2304/2407/2304
f 2305/2408/2305 2306/2409/2306 5024/2409/5024
f 5024/2409/5024 5023/2408/5023 2305/2408/2305
s 1
f 2306/2409/2306 2307/2410/2307 5025/2410/5025
f 5025/2410/5025 5024/2409/5024 2306/2409/2306
f 2307/2410/2307 2308/2411/2308 5026/2411/5026
f 5026/2411/5026 5025/2410/5025 2307/2410/2307
f 2308/2411/2308 2313/2416/2313 5031/2416/5031
f 5031/2416/5031 5026/2411/5026 2308/2411/2308
f 2313/2416/2313 2314/2417/2314 5032/2417/5032
f 5032/2417/5032 5031/2416/5031 2313/2416/2313
f 2317/2420/2317 2318/2421/2318 5036/2421/5036
f 5036/2421/5036 5035/2420/5035 2317/2420/2317
f 2318/2421/2318 2319/2422/2319 5037/2422/5037
f 5037/2422/5037 5036/2421/5036 2318/2421/2318
s 4
f 2319/2422/2319 2320/2423/2320 5038/2423/5038
f 5038/2423/5038 5037/2422/5037 2319/2422/2319
f 2320/2423/2320 2321/2424/2321 5039/2424/5039
f 5039/2424/5039 5038/2423/5038 2320/2423/2320
f 2321/2424/2321 2322/2425/2322 5040/2425/5040
f 5040/2425/5040 5039/2424/5039 2321/2424/2321
f 2322/2425/2322 2302/2405/2302 5020/2405/5020
f 5020/2405/5020 5040/2425/5040 2322/2425/2322
s 1
f 2323/2426/2323 2324/2427/2324 5042/2427/5042
f 5042/2427/5042 5041/2426/5041 2323/2426/2323
f 2324/2427/2324 2317/2420/2317 5035/2420/5035
f 5035/2420/5035 5042/2427/5042 2324/2427/2324
s 4
f 2146/2247/2146 2329/2432/2329 5047/2432/5047
f 5047/2432/5047 4864/2247/4864 2146/2247/2146
f 2329/2432/2329 2330/2433/2330 5048/2433/5048
f 5048/2433/5048 5047/2432/5047 2329/2432/2329
f 2330/2433/2330 2331/2434/2331 5049/2434/5049
f 5049/2434/5049 5048/2433/5048 2330/2433/2330
f 2331/2434/2331 2332/2435/2332 5050/2435/5050
f 5050/2435/5050 5049/2434/5049 2331/2434/2331
f 2332/2435/2332 2339/2442/2339 5057/2442/5057
f 5057/2442/5057 5050/2435/5050 2332/2435/2332
f 2339/2442/2339 2340/2443/2340 5058/2443/5058
f 5058/2443/5058 5057/2442/5057 2339/2442/2339
f 2340/2443/2340 2341/2444/2341 5059/2444/5059
f 5059/2444/5059 5058/2443/5058 2340/2443/2340
f 2341/2444/2341 2342/2445/2342 5060/2445/5060
f 5060/2445/5060 5059/2444/5059 2341/2444/2341
f 2342/2445/2342 2343/2446/2343 5061/2446/5061
f 5061/2446/5061 5060/2445/5060 2342/2445/2342
f 2343/2446/2343 2345/2448/2345 5063/2448/5063
f 5063/2448/5063 5061/2446/5061 2343/2446/2343
f 2345/2448/2345 2346/2449/2346 5064/2449/5064
f 5064/2449/5064 5063/2448/5063 2345/2448/2345
f 2346/2449/2346 2347/2450/2347 5065/2450/5065
f 5065/2450/5065 5064/2449/5064 2346/2449/2346
f 2347/2450/2347 2351/2454/2351 5069/2454/5069
f 5069/2454/5069 5065/2450/5065 2347/2450/2347
f 2351/2454/2351 2353/2456/2353 5071/2456/5071
f 5071/2456/5071 5069/2454/5069 2351/2454/2351
f 2353/2456/2353 2398/2501/2398 5116/2501/5116
f 5116/2501/5116 5071/2456/5071 2353/2456/2353
f 2398/2501/2398 2399/2502/2399 5117/2502/5117
f 5117/2502/5117 5116/2501/5116 2398/2501/2398
s 1
f 2314/2417/2314 2403/2506/2403 5121/2506/5121
f 5121/2506/5121 5032/2417/5032 2314/2417/2314
f 2403/2506/2403 2404/2507/2404 5122/2507/5122
f 5122/2507/5122 5121/2506/5121 2403/2506/2403
f 2405/2508/2405 2406/2509/2406 5124/2509/5124
f 5124/2509/5124 5123/2508/5123 2405/2508/2405
f 2406/2509/2406 2323/2426/2323 5041/2426/5041
f 5041/2426/5041 5124/2509/5124 2406/2509/2406
f 2404/2507/2404 2411/2514/2411 5129/2514/5129
f 5129/2514/5129 5122/2507/5122 2404/2507/2404
f 2411/2514/2411 2412/2515/2412 5130/2515/5130
f 5130/2515/5130 5129/2514/5129 2411/2514/2411
f 2413/2516/2413 2414/2517/2414 5132/2517/5132
f 5132/2517/5132 5131/2516/5131 2413/2516/2413
f 2414/2517/2414 2405/2508/2405 5123/2508/5123
f 5123/2508/5123 5132/2517/5132 2414/2517/2414
f 2420/2523/2420 2417/2520/2417 5135/2520/5135
f 5135/2520/5135 5138/2523/5138 2420/2523/2420
f 2412/2515/2412 2420/2523/2420 5138/2523/5138
f 5138/2523/5138 5130/2515/5130 2412/2515/2412
f 2417/2520/2417 2427/2530/2427 5145/2530/5145
f 5145/2530/5145 5135/2520/5135 2417/2520/2417
f 2427/2530/2427 2428/2531/2428 5146/2531/5146
f 5146/2531/5146 5145/2530/5145 2427/2530/2427
s 4
f 2399/2502/2399 2433/2536/2433 5151/2536/5151
f 5151/2536/5151 5117/2502/5117 2399/2502/2399
f 2433/2536/2433 2434/2537/2434 5152/2537/5152
f 5152/2537/5152 5151/2536/5151 2433/2536/2433
f 2447/2550/2447 2449/2552/2449 5167/2552/5167
f 5167/2552/5167 5165/2550/5165 2447/2550/2447
f 2449/2552/2449 2451/2554/2451 5169/2554/5169
f 5169/2554/5169 5167/2552/5167 2449/2552/2449
f 2434/2537/2434 2455/2558/2455 5173/2558/5173
f 5173/2558/5173 5152/2537/5152 2434/2537/2434
f 2455/2558/2455 2456/2559/2456 5174/2559/5174
f 5174/2559/5174 5173/2558/5173 2455/2558/2455
f 2457/2560/2457 2458/2561/2458 5176/2561/5176
f 5176/2561/5176 5175/2560/5175 2457/2560/2457
f 2458/2561/2458 2447/2550/2447 5165/2550/5165
f 5165/2550/5165 5176/2561/5176 2458/2561/2458
f 2456/2559/2456 2465/2568/2465 5183/2568/5183
f 5183/2568/5183 5174/2559/5174 2456/2559/2456
f 2465/2568/2465 2466/2569/2466 5184/2569/5184
f 5184/2569/5184 5183/2568/5183 2465/2568/2465
f 2466/2569/2466 2467/2570/2467 5185/2570/5185
f 5185/2570/5185 5184/2569/5184 2466/2569/2466
f 2467/2570/2467 2469/2572/2469 5187/2572/5187
f 5187/2572/5187 5185/2570/5185 2467/2570/2467
s 1
f 2480/2583/2480 2477/2580/2477 5195/2580/5195
f 5195/2580/5195 5198/2583/5198 2480/2583/2480
s 8
f 2477/2580/2477 2478/2581/2478 5196/2581/5196
f 5196/2581/5196 5195/2580/5195 2477/2580/2477
f 2478/2581/2478 2180/2281/2180 4898/2281/4898
f 4898/2281/4898 5196/2581/5196 2478/2581/2478
s 1
f 2451/2554/2451 2480/2583/2480 5198/2583/5198
f 5198/2583/5198 5169/2554/5169 2451/2554/2451
f 2428/2531/2428 2490/2593/2490 5208/2593/5208
f 5208/2593/5208 5146/2531/5146 2428/2531/2428
f 2490/2593/2490 2491/2594/2491 5209/2594/5209
f 5209/2594/5209 5208/2593/5208 2490/2593/2490
f 2491/2594/2491 2496/2599/2496 5214/2599/5214
f 5214/2599/5214 5209/2594/5209 2491/2594/2491
f 2496/2599/2496 2497/2600/2497 5215/2600/5215
f 5215/2600/5215 5214/2599/5214 2496/2599/2496
s 4
f 2505/2608/2505 2457/2560/2457 5175/2560/5175
f 5175/2560/5175 5223/2608/5223 2505/2608/2505
f 2507/2610/2507 2505/2608/2505 5223/2608/5223
f 5223/2608/5223 5225/2610/5225 2507/2610/2507
f 2469/2572/2469 2512/2615/2512 5230/2615/5230
f 5230/2615/5230 5187/2572/5187 2469/2572/2469
f 2512/2615/2512 2513/2616/2513 5231/2616/5231
f 5231/2616/5231 5230/2615/5230 2512/2615/2512
f 2515/2618/2515 2507/2610/2507 5225/2610/5225
f 5225/2610/5225 5233/2618/5233 2515/2618/2515
f 2517/2620/2517 2515/2618/2515 5233/2618/5233
f 5233/2618/5233 5235/2620/5235 2517/2620/2517
s 1
f 2497/2600/2497 2521/2625/2521 5239/2625/5239
f 5239/2625/5239 5215/2600/5215 2497/2600/2497
f 2521/2625/2521 2522/2626/2522 5240/2626/5240
f 5240/2626/5240 5239/2625/5239 2521/2625/2521
s 4
f 2534/2641/2534 2227/2328/2227 4945/2328/4945
f 4945/2328/4945 5252/2641/5252 2534/2641/2534
f 2513/2616/2513 2534/2641/2534 5252/2641/5252
f 5252/2641/5252 5231/2616/5231 2513/2616/2513
s 1
f 2236/2337/2236 2541/2648/2541 5259/2648/5259
f 5259/2648/5259 4954/2337/4954 2236/2337/2236
s 4
f 2541/2648/2541 2517/2620/2517 5235/2620/5235
f 5235/2620/5235 5259/2648/5259 2541/2648/2541
f 2543/2650/2543 2230/2331/2230 4948/2331/4948
f 4948/2331/4948 5261/2650/5261 2543/2650/2543
f 2277/2380/2277 2543/2650/2543 5261/2650/5261
f 5261/2650/5261 4995/2380/4995 2277/2380/2277
s 1
f 2522/2626/2522 2544/2651/2544 5262/2651/5262
f 5262/2651/5262 5240/2626/5240 2522/2626/2522
f 2544/2651/2544 2546/2653/2546 5264/2653/5264
f 5264/2653/5264 5262/2651/5262 2544/2651/2544
f 2550/2661/2550 2551/2662/2551 5269/2662/5269
f 5269/2662/5269 5268/2661/5268 2550/2661/2550
f 2551/2662/2551 2247/2349/2247 4965/2349/4965
f 4965/2349/4965 5269/2662/5269 2551/2662/2551
f 2546/2653/2546 2555/2666/2555 5273/2666/5273
f 5273/2666/5273 5264/2653/5264 2546/2653/2546
f 2527/2682/2527 2566/2683/2566 5284/2683/5284
f 5284/2683/5284 5245/2682/5245 2527/2682/2527
f 2566/2683/2566 2567/2684/2567 5285/2684/5285
f 5285/2684/5285 5284/2683/5284 2566/2683/2566
s 4
f 2575/2695/2575 2263/2366/2263 4981/2366/4981
f 4981/2366/4981 5293/2695/5293 2575/2695/2575
f 2577/2699/2577 2575/2695/2575 5293/2695/5293
f 5293/2695/5293 5295/2699/5295 2577/2699/2577
s 1
f 2567/2684/2567 2580/2702/2580 5298/2702/5298
f 5298/2702/5298 5285/2684/5285 2567/2684/2567
f 2580/2702/2580 2282/2385/2282 5000/2385/5000
f 5000/2385/5000 5298/2702/5298 2580/2702/2580
s 4
f 2590/2715/2590 2577/2699/2577 5295/2699/5295
f 5295/2699/5295 5308/2715/5308 2590/2715/2590
f 2592/2717/2592 2590/2715/2590 5308/2715/5308
f 5308/2715/5308 5310/2717/5310 2592/2717/2592
s 1
f 2606/2731/2606 2603/2728/2603 5321/2728/5321
f 5321/2728/5321 5324/2731/5324 2606/2731/2606
s 4
f 2603/2728/2603 2604/2729/2604 5322/2729/5322
f 5322/2729/5322 5321/2728/5321 2603/2728/2603
f 2604/2729/2604 2592/2717/2592 5310/2717/5310
f 5310/2717/5310 5322/2729/5322 2604/2729/2604
s 1
f 2292/2395/2292 2616/2747/2616 5334/2747/5334
f 5334/2747/5334 5010/2395/5010 2292/2395/2292
f 2616/2747/2616 2617/2748/2617 5335/2748/5335
f 5335/2748/5335 5334/2747/5334 2616/2747/2616
f 2617/2748/2617 2625/2757/2625 5343/2757/5343
f 5343/2757/5343 5335/2748/5335 2617/2748/2617
f 2625/2757/2625 2626/2758/2626 5344/2758/5344
f 5344/2758/5344 5343/2757/5343 2625/2757/2625
f 2631/2764/2631 2550/2661/2550 5268/2661/5268
f 5268/2661/5268 5349/2764/5349 2631/2764/2631
f 2633/2768/2633 2631/2764/2631 5349/2764/5349
f 5349/2764/5349 5351/2768/5351 2633/2768/2633
f 2635/2770/2635 2633/2768/2633 5351/2768/5351
f 5351/2768/5351 5353/2770/5353 2635/2770/2635
f 2637/2774/2637 2635/2770/2635 5353/2770/5353
f 5353/2770/5353 5355/2774/5355 2637/2774/2637
f 2227/2328/2227 2642/2780/2642 5360/2780/5360
f 5360/2780/5360 4945/2328/4945 2227/2328/2227
f 2642/2780/2642 2222/2323/2222 4940/2323/4940
f 4940/2323/4940 5360/2780/5360 2642/2780/2642
f 2647/2786/2647 2648/2787/2648 5366/2787/5366
f 5366/2787/5366 5365/2786/5365 2647/2786/2647
s 2
f 2648/2787/2648 2649/2788/2649 5367/2788/5367
f 5367/2788/5367 5366/2787/5366 2648/2787/2648
s 1
f 2652/2791/2652 2653/2792/2653 5371/2792/5371
f 5371/2792/5371 5370/2791/5370 2652/2791/2652
f 2653/2792/2653 2647/2786/2647 5365/2786/5365
f 5365/2786/5365 5371/2792/5371 2653/2792/2653
f 2656/2795/2656 2657/2796/2657 5375/2796/5375
f 5375/2796/5375 5374/2795/5374 2656/2795/2656
f 2657/2796/2657 2652/2791/2652 5370/2791/5370
f 5370/2791/5370 5375/2796/5375 2657/2796/2657
f 2660/2799/2660 2661/2800/2661 5379/2800/5379
f 5379/2800/5379 5378/2799/5378 2660/2799/2660
f 2661/2800/2661 2656/2795/2656 5374/2795/5374
f 5374/2795/5374 5379/2800/5379 2661/2800/2661
f 2664/2803/2664 2665/2804/2665 5383/2804/5383
f 5383/2804/5383 5382/2803/5382 2664/2803/2664
f 2665/2804/2665 2660/2799/2660 5378/2799/5378
f 5378/2799/5378 5383/2804/5383 2665/2804/2665
s 2
f 2668/2807/2668 2669/2808/2669 5387/2808/5387
f 5387/2808/5387 5386/2807/5386 2668/2807/2668
s 1
f 2669/2808/2669 2664/2803/2664 5382/2803/5382
f 5382/2803/5382 5387/2808/5387 2669/2808/2669
f 2204/2305/2204 2670/2809/2670 5388/2809/5388
f 5388/2809/5388 4922/2305/4922 2204/2305/2204
f 2670/2809/2670 2413/2516/2413 5131/2516/5131
f 5131/2516/5131 5388/2809/5388 2670/2809/2670
s 2
f 2673/2812/2673 2674/2813/2674 5392/2813/5392
f 5392/2813/5392 5391/2812/5391 2673/2812/2673
f 2674/2813/2674 2668/2807/2668 5386/2807/5386
f 5386/2807/5386 5392/2813/5392 2674/2813/2674
f 2649/2788/2649 2676/2815/2676 5394/2815/5394
f 5394/2815/5394 5367/2788/5367 2649/2788/2649
f 2676/2815/2676 2673/2812/2673 5391/2812/5391
f 5391/2812/5391 5394/2815/5394 2676/2815/2676
f 2247/2349/2247 2679/2818/2679 5397/2818/5397
s 1
f 5397/2818/5397 4965/2349/4965 2247/2349/2247
s 2
f 2679/2818/2679 2680/2819/2680 5398/2819/5398
f 5398/2819/5398 5397/2818/5397 2679/2818/2679
s 1
f 2680/2819/2680 2681/2820/2681 5399/2820/5399
f 5399/2820/5399 5398/2819/5398 2680/2819/2680
f 2681/2820/2681 2682/2821/2682 5400/2821/5400
f 5400/2821/5400 5399/2820/5399 2681/2820/2681
f 2684/2823/2684 2637/2774/2637 5355/2774/5355
f 5355/2774/5355 5402/2823/5402 2684/2823/2684
s 2
f 2626/2758/2626 2685/2824/2685 5403/2824/5403
s 1
f 5403/2824/5403 5344/2758/5344 2626/2758/2626
f 2685/2824/2685 2686/2825/2686 5404/2825/5404
f 5404/2825/5404 5403/2824/5403 2685/2824/2685
s 2
f 2686/2825/2686 2687/2826/2687 5405/2826/5405
f 5405/2826/5405 5404/2825/5404 2686/2825/2686
f 2687/2826/2687 2688/2827/2688 5406/2827/5406
f 5406/2827/5406 5405/2826/5405 2687/2826/2687
s 4
f 2688/2827/2688 2684/2823/2684 5402/2823/5402
f 5402/2823/5402 5406/2827/5406 2688/2827/2688
s 1
f 2690/2829/2690 2527/2633/2527 5245/2633/5245
s 2
f 5245/2633/5245 5408/2829/5408 2690/2829/2690
s 1
f 2682/2821/2682 2691/2831/2691 5409/2831/5409
f 5409/2831/5409 5400/2821/5400 2682/2821/2682
f 2691/2831/2691 2692/2832/2692 5410/2832/5410
f 5410/2832/5410 5409/2831/5409 2691/2831/2691
f 2692/2832/2692 2690/2829/2690 5408/2829/5408
s 2
f 5408/2829/5408 5410/2832/5410 2692/2832/2692
s 1
f 2695/2835/2695 2693/2833/2693 5411/2833/5411
f 5411/2833/5411 5413/2835/5413 2695/2835/2695
s 4
f 2694/2834/2694 2695/2835/2695 5413/2835/5413
f 5413/2835/5413 5412/2834/5412 2694/2834/2694
s 8
f 2693/2833/2693 2694/2834/2694 5412/2834/5412
f 5412/2834/5412 5411/2833/5411 2693/2833/2693
s 1
f 2698/2838/2698 2696/2836/2696 5414/2836/5414
f 5414/2836/5414 5416/2838/5416 2698/2838/2698
f 2697/2837/2697 1416/1487/1416 4134/1487/4134
f 4134/1487/4134 5415/2837/5415 2697/2837/2697
f 2696/2836/2696 2699/2839/2699 5417/2839/5417
f 5417/2839/5417 5414/2836/5414 2696/2836/2696
f 2700/2840/2700 2697/2837/2697 5415/2837/5415
f 5415/2837/5415 5418/2840/5418 2700/2840/2700
f 2699/2839/2699 2701/2841/2701 5419/2841/5419
f 5419/2841/5419 5417/2839/5417 2699/2839/2699
f 2702/2842/2702 2700/2840/2700 5418/2840/5418
f 5418/2840/5418 5420/2842/5420 2702/2842/2702
f 2701/2841/2701 1362/1432/1362 4080/1432/4080
f 4080/1432/4080 5419/2841/5419 2701/2841/2701
f 1361/1431/1361 2702/2842/2702 5420/2842/5420
f 5420/2842/5420 4079/1431/4079 1361/1431/1361
f 1363/1433/1363 2703/2843/2703 5421/2843/5421
f 5421/2843/5421 4081/1433/4081 1363/1433/1363
f 2704/2844/2704 1360/1430/1360 4078/1430/4078
f 4078/1430/4078 5422/2844/5422 2704/2844/2704
f 2703/2843/2703 2705/2845/2705 5423/2845/5423
f 5423/2845/5423 5421/2843/5421 2703/2843/2703
f 2706/2846/2706 2704/2844/2704 5422/2844/5422
f 5422/2844/5422 5424/2846/5424 2706/2846/2706
f 2705/2845/2705 2707/2847/2707 5425/2847/5425
f 5425/2847/5425 5423/2845/5423 2705/2845/2705
f 2708/2848/2708 2706/2846/2706 5424/2846/5424
f 5424/2846/5424 5426/2848/5426 2708/2848/2708
f 2707/2847/2707 1365/1435/1365 4083/1435/4083
f 4083/1435/4083 5425/2847/5425 2707/2847/2707
f 1364/1434/1364 2708/2848/2708 5426/2848/5426
f 5426/2848/5426 4082/1434/4082 1364/1434/1364
f 1387/1458/1387 2698/2838/2698 5416/2838/5416
f 5416/2838/5416 4105/1458/4105 1387/1458/1387
f 1391/1462/1391 1386/1457/1386 4104/1457/4104
f 4104/1457/4104 4109/1462/4109 1391/1462/1391
f 1395/1466/1395 1390/1461/1390 4108/1461/4108
f 4108/1461/4108 4113/1466/4113 1395/1466/1395
f 1399/1470/1399 1394/1465/1394 4112/1465/4112
f 4112/1465/4112 4117/1470/4117 1399/1470/1399
f 2147/2248/2147 2709/2849/2709 5427/2849/5427
f 5427/2849/5427 4865/2248/4865 2147/2248/2147
s 4
f 2709/2849/2709 2148/2249/2148 4866/2249/4866
f 4866/2249/4866 5427/2849/5427 2709/2849/2709
s 1
f 2710/2850/2710 2150/2251/2150 4868/2251/4868
f 4868/2251/4868 5428/2850/5428 2710/2850/2710
f 2157/2258/2157 2711/2851/2711 5429/2851/5429
f 5429/2851/5429 4875/2258/4875 2157/2258/2157
f 2711/2851/2711 2710/2850/2710 5428/2850/5428
f 5428/2850/5428 5429/2851/5429 2711/2851/2711
f 2712/2852/2712 2183/2284/2183 4901/2284/4901
f 4901/2284/4901 5430/2852/5430 2712/2852/2712
s 4
f 2182/2283/2182 2712/2852/2712 5430/2852/5430
f 5430/2852/5430 4900/2283/4900 2182/2283/2182
s 1
f 2713/2853/2713 2186/2287/2186 4904/2287/4904
f 4904/2287/4904 5431/2853/5431 2713/2853/2713
f 2188/2289/2188 2714/2854/2714 5432/2854/5432
f 5432/2854/5432 4906/2289/4906 2188/2289/2188
f 2555/2666/2555 2716/2856/2716 5434/2856/5434
f 5434/2856/5434 5273/2666/5273 2555/2666/2555
f 2716/2856/2716 2715/2855/2715 5433/2855/5433
f 5433/2855/5433 5434/2856/5434 2716/2856/2716
f 2715/2855/2715 2713/2853/2713 5431/2853/5431
f 5431/2853/5431 5433/2855/5433 2715/2855/2715
f 2714/2854/2714 2717/2857/2717 5435/2857/5435
f 5435/2857/5435 5432/2854/5432 2714/2854/2714
f 2717/2857/2717 2718/2858/2718 5436/2858/5436
f 5436/2858/5436 5435/2857/5435 2717/2857/2717
f 2718/2858/2718 2606/2731/2606 5324/2731/5324
f 5324/2731/5324 5436/2858/5436 2718/2858/2718
# 10808 faces

g
