# Max2Obj Version 4.0 Mar 10th, 2001
#
# object Object12 to come ...
#
v  43.593445 3.536728 23.603645
v  43.593445 3.536728 24.409546
v  45.369690 3.536728 24.409546
v  45.369690 3.536728 23.603645
v  48.145935 3.536728 24.409546
v  48.145935 3.536728 23.603645
v  50.922180 3.536728 24.409546
v  50.922180 3.536728 23.603645
v  52.698425 3.536728 24.409546
v  52.698425 3.536728 23.603645
v  43.593445 3.536728 26.215446
v  45.369690 3.536728 26.215446
v  48.145935 3.536728 26.215446
v  50.922180 3.536728 26.215446
v  52.698425 3.536728 26.215446
v  43.593445 3.536728 29.021347
v  45.369690 3.536728 28.021347
v  48.145935 3.536728 28.021347
v  50.922180 3.536728 28.021347
v  52.698425 3.536728 29.021347
v  35.264709 3.536728 29.021347
v  35.264709 3.536728 29.827248
v  37.040955 3.536728 29.827248
v  37.040955 3.536728 29.021347
v  39.817200 3.536728 29.827248
v  39.817200 3.536728 29.021347
v  42.593445 3.536728 29.827248
v  45.369690 3.536728 29.827248
v  48.145935 3.536728 29.827248
v  50.922180 3.536728 29.827248
v  53.698425 3.536728 29.827248
v  56.474670 3.536728 29.827248
v  56.474670 3.536728 29.021347
v  59.250916 3.536728 29.827248
v  59.250916 3.536728 29.021347
v  61.027161 3.536728 29.827248
v  61.027161 3.536728 29.021347
v  35.264709 3.536728 31.633148
v  37.040955 3.536728 31.633148
v  39.817200 3.536728 31.633148
v  42.593445 3.536728 31.633148
v  45.369690 3.536728 31.633148
v  48.145935 3.536728 31.633148
v  50.922180 3.536728 31.633148
v  53.698425 3.536728 31.633148
v  56.474670 3.536728 31.633148
v  59.250916 3.536728 31.633148
v  61.027161 3.536728 31.633148
v  35.264709 3.536728 33.439049
v  37.040955 3.536728 33.439049
v  39.817200 3.536728 33.439049
v  42.593445 3.536728 33.439049
v  45.369690 3.536728 33.439049
v  48.145935 3.536728 33.439049
v  50.922180 3.536728 33.439049
v  53.698425 3.536728 33.439049
v  56.474670 3.536728 33.439049
v  59.250916 3.536728 33.439049
v  61.027161 3.536728 33.439049
v  35.264709 3.536728 34.244949
v  37.040955 3.536728 34.244949
v  39.817200 3.536728 34.244949
v  43.593445 3.536728 34.244949
v  45.369690 3.536728 35.244949
v  48.145935 3.536728 35.244949
v  50.922180 3.536728 35.244949
v  52.698425 3.536728 34.244949
v  56.474670 3.536728 34.244949
v  59.250916 3.536728 34.244949
v  61.027161 3.536728 34.244949
v  43.593445 3.536728 37.050850
v  45.369690 3.536728 37.050850
v  48.145935 3.536728 37.050850
v  50.922180 3.536728 37.050850
v  52.698425 3.536728 37.050850
v  43.593445 3.536728 38.856750
v  45.369690 3.536728 38.856750
v  48.145935 3.536728 38.856750
v  50.922180 3.536728 38.856750
v  52.698425 3.536728 38.856750
v  43.593445 3.536728 39.662651
v  45.369690 3.536728 39.662651
v  48.145935 3.536728 39.662651
v  50.922180 3.536728 39.662651
v  52.698425 3.536728 39.662651
v  42.593445 2.136728 22.603645
v  42.593445 2.136728 24.409546
v  42.593445 2.136728 26.215446
v  42.593445 2.136728 28.021347
v  39.817200 2.136728 28.021347
v  37.040955 2.136728 28.021347
v  34.264709 2.136728 28.021347
v  34.264709 2.136728 29.827248
v  34.264709 2.136728 31.633148
v  34.264709 2.136728 33.439049
v  34.264709 2.136728 35.244949
v  37.040955 2.136728 35.244949
v  39.817200 2.136728 35.244949
v  42.593445 2.136728 35.244949
v  42.593445 2.136728 37.050850
v  42.593445 2.136728 38.856750
v  42.593445 2.136728 40.662651
v  45.369690 2.136728 40.662651
v  48.145935 2.136728 40.662651
v  50.922180 2.136728 40.662651
v  53.698425 2.136728 40.662651
v  53.698425 2.136728 38.856750
v  53.698425 2.136728 37.050850
v  53.698425 2.136728 35.244949
v  56.474670 2.136728 35.244949
v  59.250916 2.136728 35.244949
v  62.027161 2.136728 35.244949
v  62.027161 2.136728 33.439049
v  62.027161 2.136728 31.633148
v  62.027161 2.136728 29.827248
v  62.027161 2.136728 28.021347
v  59.250916 2.136728 28.021347
v  56.474670 2.136728 28.021347
v  53.698425 2.136728 28.021347
v  53.698425 2.136728 26.215446
v  53.698425 2.136728 24.409546
v  53.698425 2.136728 22.603645
v  50.922180 2.136728 22.603645
v  48.145935 2.136728 22.603645
v  45.369690 2.136728 22.603645
# 125 vertices

vt  0.314200 0.947432 0.000000
vt  0.314200 0.857945 0.000000
vt  0.407100 0.857945 0.000000
vt  0.407100 0.947432 0.000000
vt  0.500000 0.857945 0.000000
vt  0.500000 0.947432 0.000000
vt  0.592900 0.857945 0.000000
vt  0.592900 0.947432 0.000000
vt  0.685800 0.857945 0.000000
vt  0.685800 0.947432 0.000000
vt  0.314200 0.768459 0.000000
vt  0.407100 0.768459 0.000000
vt  0.500000 0.768459 0.000000
vt  0.592900 0.768459 0.000000
vt  0.685800 0.768459 0.000000
vt  0.314200 0.678973 0.000000
vt  0.407100 0.678973 0.000000
vt  0.500000 0.678973 0.000000
vt  0.592900 0.678973 0.000000
vt  0.685800 0.678973 0.000000
vt  0.035499 0.678973 0.000000
vt  0.035499 0.589486 0.000000
vt  0.128399 0.589486 0.000000
vt  0.128399 0.678973 0.000000
vt  0.221299 0.589486 0.000000
vt  0.221299 0.678973 0.000000
vt  0.314200 0.589486 0.000000
vt  0.314200 0.678973 0.000000
vt  0.407100 0.589486 0.000000
vt  0.500000 0.589486 0.000000
vt  0.592900 0.589486 0.000000
vt  0.685800 0.589486 0.000000
vt  0.685800 0.678973 0.000000
vt  0.778700 0.589486 0.000000
vt  0.778700 0.678973 0.000000
vt  0.871601 0.589486 0.000000
vt  0.871601 0.678973 0.000000
vt  0.964501 0.589486 0.000000
vt  0.964501 0.678973 0.000000
vt  0.035499 0.500000 0.000000
vt  0.128399 0.500000 0.000000
vt  0.221299 0.500000 0.000000
vt  0.314200 0.500000 0.000000
vt  0.407100 0.500000 0.000000
vt  0.500000 0.500000 0.000000
vt  0.592900 0.500000 0.000000
vt  0.685800 0.500000 0.000000
vt  0.778700 0.500000 0.000000
vt  0.871601 0.500000 0.000000
vt  0.964501 0.500000 0.000000
vt  0.035499 0.410514 0.000000
vt  0.128399 0.410514 0.000000
vt  0.221299 0.410514 0.000000
vt  0.314200 0.410514 0.000000
vt  0.407100 0.410514 0.000000
vt  0.500000 0.410514 0.000000
vt  0.592900 0.410514 0.000000
vt  0.685800 0.410514 0.000000
vt  0.778700 0.410514 0.000000
vt  0.871601 0.410514 0.000000
vt  0.964501 0.410514 0.000000
vt  0.035499 0.321027 0.000000
vt  0.128399 0.321027 0.000000
vt  0.221299 0.321027 0.000000
vt  0.314200 0.321027 0.000000
vt  0.314200 0.321027 0.000000
vt  0.407100 0.321027 0.000000
vt  0.500000 0.321027 0.000000
vt  0.592900 0.321027 0.000000
vt  0.685800 0.321027 0.000000
vt  0.685800 0.321027 0.000000
vt  0.778700 0.321027 0.000000
vt  0.871601 0.321027 0.000000
vt  0.964501 0.321027 0.000000
vt  0.314200 0.231541 0.000000
vt  0.407100 0.231541 0.000000
vt  0.500000 0.231541 0.000000
vt  0.592900 0.231541 0.000000
vt  0.685800 0.231541 0.000000
vt  0.314200 0.142055 0.000000
vt  0.407100 0.142055 0.000000
vt  0.500000 0.142055 0.000000
vt  0.592900 0.142055 0.000000
vt  0.685800 0.142055 0.000000
vt  0.314200 0.052568 0.000000
vt  0.407100 0.052568 0.000000
vt  0.500000 0.052568 0.000000
vt  0.592900 0.052568 0.000000
vt  0.685800 0.052568 0.000000
vt  0.314200 0.947432 0.000000
vt  0.314200 0.857945 0.000000
vt  0.314200 0.768459 0.000000
vt  0.314200 0.678973 0.000000
vt  0.221299 0.678973 0.000000
vt  0.128399 0.678973 0.000000
vt  0.035499 0.678973 0.000000
vt  0.035499 0.589486 0.000000
vt  0.035499 0.500000 0.000000
vt  0.035499 0.410514 0.000000
vt  0.035499 0.321027 0.000000
vt  0.128399 0.321027 0.000000
vt  0.221299 0.321027 0.000000
vt  0.314200 0.321027 0.000000
vt  0.314200 0.231541 0.000000
vt  0.314200 0.142055 0.000000
vt  0.314200 0.052568 0.000000
vt  0.407100 0.052568 0.000000
vt  0.500000 0.052568 0.000000
vt  0.592900 0.052568 0.000000
vt  0.685800 0.052568 0.000000
vt  0.685800 0.142055 0.000000
vt  0.685800 0.231541 0.000000
vt  0.685800 0.321027 0.000000
vt  0.778700 0.321027 0.000000
vt  0.871601 0.321027 0.000000
vt  0.964501 0.321027 0.000000
vt  0.964501 0.410514 0.000000
vt  0.964501 0.500000 0.000000
vt  0.964501 0.589486 0.000000
vt  0.964501 0.678973 0.000000
vt  0.871601 0.678973 0.000000
vt  0.778700 0.678973 0.000000
vt  0.685800 0.678973 0.000000
vt  0.685800 0.768459 0.000000
vt  0.685800 0.857945 0.000000
vt  0.685800 0.947432 0.000000
vt  0.592900 0.947432 0.000000
vt  0.500000 0.947432 0.000000
vt  0.407100 0.947432 0.000000
# 129 texture vertices

vn  0.000000 1.000000 0.000000
vn  0.000000 1.000000 0.000000
vn  0.000000 1.000000 0.000000
vn  0.000000 1.000000 0.000000
vn  0.000000 1.000000 0.000000
vn  0.000000 1.000000 0.000000
vn  0.000000 1.000000 0.000000
vn  0.000000 1.000000 0.000000
vn  0.000000 1.000000 0.000000
vn  0.000000 1.000000 0.000000
vn  0.000000 1.000000 0.000000
vn  0.000000 1.000000 0.000000
vn  0.000000 1.000000 0.000000
vn  0.000000 1.000000 0.000000
vn  0.000000 1.000000 0.000000
vn  0.000000 1.000000 0.000000
vn  0.000000 1.000000 0.000000
vn  0.000000 1.000000 0.000000
vn  0.000000 1.000000 0.000000
vn  0.000000 1.000000 0.000000
vn  0.000000 1.000000 0.000000
vn  0.000000 1.000000 0.000000
vn  0.000000 1.000000 0.000000
vn  0.000000 1.000000 0.000000
vn  0.000000 1.000000 0.000000
vn  0.000000 1.000000 0.000000
vn  0.000000 1.000000 0.000000
vn  0.000000 1.000000 0.000000
vn  0.000000 1.000000 0.000000
vn  0.000000 1.000000 0.000000
vn  0.000000 1.000000 0.000000
vn  0.000000 1.000000 0.000000
vn  0.000000 1.000000 0.000000
vn  0.000000 1.000000 0.000000
vn  0.000000 1.000000 0.000000
vn  0.000000 1.000000 0.000000
vn  0.000000 1.000000 0.000000
vn  0.000000 1.000000 0.000000
vn  0.000000 1.000000 0.000000
vn  0.000000 1.000000 0.000000
vn  0.000000 1.000000 0.000000
vn  0.000000 1.000000 0.000000
vn  0.000000 1.000000 0.000000
vn  0.000000 1.000000 0.000000
vn  0.000000 1.000000 0.000000
vn  0.000000 1.000000 0.000000
vn  0.000000 1.000000 0.000000
vn  0.000000 1.000000 0.000000
vn  0.000000 1.000000 0.000000
vn  0.000000 1.000000 0.000000
vn  0.000000 1.000000 0.000000
vn  0.000000 1.000000 0.000000
vn  0.000000 1.000000 0.000000
vn  0.000000 1.000000 0.000000
vn  0.000000 1.000000 0.000000
vn  0.000000 1.000000 0.000000
vn  0.000000 1.000000 0.000000
vn  0.000000 1.000000 0.000000
vn  0.000000 1.000000 0.000000
vn  0.000000 1.000000 0.000000
vn  0.000000 1.000000 0.000000
vn  0.000000 1.000000 0.000000
vn  0.000000 1.000000 0.000000
vn  0.000000 1.000000 0.000000
vn  0.000000 1.000000 0.000000
vn  0.000000 1.000000 0.000000
vn  0.000000 1.000000 0.000000
vn  0.000000 1.000000 0.000000
vn  0.000000 1.000000 0.000000
vn  0.000000 1.000000 0.000000
vn  0.000000 1.000000 0.000000
vn  0.000000 1.000000 0.000000
vn  0.000000 1.000000 0.000000
vn  0.000000 1.000000 0.000000
vn  0.000000 1.000000 0.000000
vn  0.000000 1.000000 0.000000
vn  0.000000 1.000000 0.000000
vn  0.000000 1.000000 0.000000
vn  0.000000 1.000000 0.000000
vn  0.000000 1.000000 0.000000
vn  0.000000 1.000000 0.000000
vn  0.000000 1.000000 0.000000
vn  0.000000 1.000000 0.000000
vn  0.000000 1.000000 0.000000
vn  0.000000 1.000000 0.000000
vn  -0.813734 0.581238 0.000000
vn  -0.813734 0.581238 0.000000
vn  -0.813734 0.581238 0.000000
vn  -0.813734 0.581238 0.000000
vn  0.000000 0.581238 -0.813734
vn  0.000000 0.581238 -0.813734
vn  0.000000 0.581238 -0.813734
vn  -0.813734 0.581238 0.000000
vn  -0.813734 0.581238 0.000000
vn  -0.813734 0.581238 0.000000
vn  -0.813734 0.581238 0.000000
vn  0.000000 0.581238 0.813734
vn  0.000000 0.581238 0.813734
vn  0.000000 0.581238 0.813734
vn  -0.813734 0.581238 0.000000
vn  -0.813734 0.581238 0.000000
vn  -0.813734 0.581238 0.000000
vn  0.000000 0.581238 0.813734
vn  0.000000 0.581238 0.813734
vn  0.000000 0.581238 0.813734
vn  0.000000 0.581238 0.813734
vn  0.813734 0.581238 0.000000
vn  0.813734 0.581238 0.000000
vn  0.813734 0.581238 0.000000
vn  0.000000 0.581238 0.813734
vn  0.000000 0.581238 0.813734
vn  0.000000 0.581238 0.813734
vn  0.813734 0.581238 0.000000
vn  0.813734 0.581238 0.000000
vn  0.813734 0.581238 0.000000
vn  0.813734 0.581238 0.000000
vn  0.000000 0.581238 -0.813734
vn  0.000000 0.581238 -0.813734
vn  0.000000 0.581238 -0.813734
vn  0.813734 0.581238 0.000000
vn  0.813734 0.581238 0.000000
vn  0.813734 0.581238 0.000000
vn  0.000000 0.581238 -0.813734
vn  0.000000 0.581238 -0.813734
vn  0.000000 0.581238 -0.813734
# 125 vertex normals

g Object12
s 1
f 3/3/3 4/4/4 1/1/1
f 1/1/1 2/2/2 3/3/3
f 5/5/5 6/6/6 4/4/4
f 4/4/4 3/3/3 5/5/5
f 7/7/7 8/8/8 6/6/6
f 6/6/6 5/5/5 7/7/7
f 9/9/9 10/10/10 8/8/8
f 8/8/8 7/7/7 9/9/9
f 12/12/12 3/3/3 2/2/2
f 2/2/2 11/11/11 12/12/12
f 13/13/13 5/5/5 3/3/3
f 3/3/3 12/12/12 13/13/13
f 14/14/14 7/7/7 5/5/5
f 5/5/5 13/13/13 14/14/14
f 15/15/15 9/9/9 7/7/7
f 7/7/7 14/14/14 15/15/15
f 17/17/17 12/12/12 11/11/11
f 11/11/11 16/16/16 17/17/17
f 18/18/18 13/13/13 12/12/12
f 12/12/12 17/17/17 18/18/18
f 19/19/19 14/14/14 13/13/13
f 13/13/13 18/18/18 19/19/19
f 20/20/20 15/15/15 14/14/14
f 14/14/14 19/19/19 20/20/20
f 23/23/23 24/24/24 21/21/21
f 21/21/21 22/22/22 23/23/23
f 25/25/25 26/26/26 24/24/24
f 24/24/24 23/23/23 25/25/25
f 27/27/27 16/16/16 26/26/26
f 26/26/26 25/25/25 27/27/27
f 28/29/28 17/17/17 16/28/16
f 16/28/16 27/27/27 28/29/28
f 29/30/29 18/18/18 17/17/17
f 17/17/17 28/29/28 29/30/29
f 30/31/30 19/19/19 18/18/18
f 18/18/18 29/30/29 30/31/30
f 31/32/31 20/33/20 19/19/19
f 19/19/19 30/31/30 31/32/31
f 32/34/32 33/35/33 20/20/20
f 20/20/20 31/32/31 32/34/32
f 34/36/34 35/37/35 33/35/33
f 33/35/33 32/34/32 34/36/34
f 36/38/36 37/39/37 35/37/35
f 35/37/35 34/36/34 36/38/36
f 39/41/39 23/23/23 22/22/22
f 22/22/22 38/40/38 39/41/39
f 40/42/40 25/25/25 23/23/23
f 23/23/23 39/41/39 40/42/40
f 41/43/41 27/27/27 25/25/25
f 25/25/25 40/42/40 41/43/41
f 42/44/42 28/29/28 27/27/27
f 27/27/27 41/43/41 42/44/42
f 43/45/43 29/30/29 28/29/28
f 28/29/28 42/44/42 43/45/43
f 44/46/44 30/31/30 29/30/29
f 29/30/29 43/45/43 44/46/44
f 45/47/45 31/32/31 30/31/30
f 30/31/30 44/46/44 45/47/45
f 46/48/46 32/34/32 31/32/31
f 31/32/31 45/47/45 46/48/46
f 47/49/47 34/36/34 32/34/32
f 32/34/32 46/48/46 47/49/47
f 48/50/48 36/38/36 34/36/34
f 34/36/34 47/49/47 48/50/48
f 50/52/50 39/41/39 38/40/38
f 38/40/38 49/51/49 50/52/50
f 51/53/51 40/42/40 39/41/39
f 39/41/39 50/52/50 51/53/51
f 52/54/52 41/43/41 40/42/40
f 40/42/40 51/53/51 52/54/52
f 53/55/53 42/44/42 41/43/41
f 41/43/41 52/54/52 53/55/53
f 54/56/54 43/45/43 42/44/42
f 42/44/42 53/55/53 54/56/54
f 55/57/55 44/46/44 43/45/43
f 43/45/43 54/56/54 55/57/55
f 56/58/56 45/47/45 44/46/44
f 44/46/44 55/57/55 56/58/56
f 57/59/57 46/48/46 45/47/45
f 45/47/45 56/58/56 57/59/57
f 58/60/58 47/49/47 46/48/46
f 46/48/46 57/59/57 58/60/58
f 59/61/59 48/50/48 47/49/47
f 47/49/47 58/60/58 59/61/59
f 61/63/61 50/52/50 49/51/49
f 49/51/49 60/62/60 61/63/61
f 62/64/62 51/53/51 50/52/50
f 50/52/50 61/63/61 62/64/62
f 63/65/63 52/54/52 51/53/51
f 51/53/51 62/64/62 63/65/63
f 64/67/64 53/55/53 52/54/52
f 52/54/52 63/66/63 64/67/64
f 65/68/65 54/56/54 53/55/53
f 53/55/53 64/67/64 65/68/65
f 66/69/66 55/57/55 54/56/54
f 54/56/54 65/68/65 66/69/66
f 67/70/67 56/58/56 55/57/55
f 55/57/55 66/69/66 67/70/67
f 68/72/68 57/59/57 56/58/56
f 56/58/56 67/71/67 68/72/68
f 69/73/69 58/60/58 57/59/57
f 57/59/57 68/72/68 69/73/69
f 70/74/70 59/61/59 58/60/58
f 58/60/58 69/73/69 70/74/70
f 72/76/72 64/67/64 63/65/63
f 63/65/63 71/75/71 72/76/72
f 73/77/73 65/68/65 64/67/64
f 64/67/64 72/76/72 73/77/73
f 74/78/74 66/69/66 65/68/65
f 65/68/65 73/77/73 74/78/74
f 75/79/75 67/71/67 66/69/66
f 66/69/66 74/78/74 75/79/75
f 77/81/77 72/76/72 71/75/71
f 71/75/71 76/80/76 77/81/77
f 78/82/78 73/77/73 72/76/72
f 72/76/72 77/81/77 78/82/78
f 79/83/79 74/78/74 73/77/73
f 73/77/73 78/82/78 79/83/79
f 80/84/80 75/79/75 74/78/74
f 74/78/74 79/83/79 80/84/80
f 82/86/82 77/81/77 76/80/76
f 76/80/76 81/85/81 82/86/82
f 83/87/83 78/82/78 77/81/77
f 77/81/77 82/86/82 83/87/83
f 84/88/84 79/83/79 78/82/78
f 78/82/78 83/87/83 84/88/84
f 85/89/85 80/84/80 79/83/79
f 79/83/79 84/88/84 85/89/85
s 0
f 86/90/86 87/91/87 2/2/2
f 2/2/2 1/1/1 86/90/86
f 87/91/87 88/92/88 11/11/11
f 11/11/11 2/2/2 87/91/87
f 88/92/88 89/93/89 16/16/16
f 16/16/16 11/11/11 88/92/88
f 89/93/89 90/94/90 26/26/26
f 26/26/26 16/16/16 89/93/89
f 90/94/90 91/95/91 24/24/24
f 24/24/24 26/26/26 90/94/90
f 91/95/91 92/96/92 21/21/21
f 21/21/21 24/24/24 91/95/91
f 92/96/92 93/97/93 22/22/22
f 22/22/22 21/21/21 92/96/92
f 93/97/93 94/98/94 38/40/38
f 38/40/38 22/22/22 93/97/93
f 94/98/94 95/99/95 49/51/49
f 49/51/49 38/40/38 94/98/94
f 95/99/95 96/100/96 60/62/60
f 60/62/60 49/51/49 95/99/95
f 96/100/96 97/101/97 61/63/61
f 61/63/61 60/62/60 96/100/96
f 97/101/97 98/102/98 62/64/62
f 62/64/62 61/63/61 97/101/97
f 98/102/98 99/103/99 63/65/63
f 63/65/63 62/64/62 98/102/98
f 99/103/99 100/104/100 71/75/71
f 71/75/71 63/65/63 99/103/99
f 100/104/100 101/105/101 76/80/76
f 76/80/76 71/75/71 100/104/100
f 101/105/101 102/106/102 81/85/81
f 81/85/81 76/80/76 101/105/101
f 102/106/102 103/107/103 82/86/82
f 82/86/82 81/85/81 102/106/102
f 103/107/103 104/108/104 83/87/83
f 83/87/83 82/86/82 103/107/103
f 104/108/104 105/109/105 84/88/84
f 84/88/84 83/87/83 104/108/104
f 105/109/105 106/110/106 85/89/85
f 85/89/85 84/88/84 105/109/105
f 106/110/106 107/111/107 80/84/80
f 80/84/80 85/89/85 106/110/106
f 107/111/107 108/112/108 75/79/75
f 75/79/75 80/84/80 107/111/107
f 108/112/108 109/113/109 67/71/67
f 67/71/67 75/79/75 108/112/108
f 109/113/109 110/114/110 68/72/68
f 68/72/68 67/71/67 109/113/109
f 110/114/110 111/115/111 69/73/69
f 69/73/69 68/72/68 110/114/110
f 111/115/111 112/116/112 70/74/70
f 70/74/70 69/73/69 111/115/111
f 112/116/112 113/117/113 59/61/59
f 59/61/59 70/74/70 112/116/112
f 113/117/113 114/118/114 48/50/48
f 48/50/48 59/61/59 113/117/113
f 114/118/114 115/119/115 36/38/36
f 36/38/36 48/50/48 114/118/114
f 115/119/115 116/120/116 37/39/37
f 37/39/37 36/38/36 115/119/115
f 116/120/116 117/121/117 35/37/35
f 35/37/35 37/39/37 116/120/116
f 117/121/117 118/122/118 33/35/33
f 33/35/33 35/37/35 117/121/117
f 118/122/118 119/123/119 20/20/20
f 20/20/20 33/35/33 118/122/118
f 119/123/119 120/124/120 15/15/15
f 15/15/15 20/20/20 119/123/119
f 120/124/120 121/125/121 9/9/9
f 9/9/9 15/15/15 120/124/120
f 121/125/121 122/126/122 10/10/10
f 10/10/10 9/9/9 121/125/121
f 122/126/122 123/127/123 8/8/8
f 8/8/8 10/10/10 122/126/122
f 123/127/123 124/128/124 6/6/6
f 6/6/6 8/8/8 123/127/123
f 124/128/124 125/129/125 4/4/4
f 4/4/4 6/6/6 124/128/124
f 125/129/125 86/90/86 1/1/1
f 1/1/1 4/4/4 125/129/125
# 208 faces

g
# object ChamferBox01 to come ...
#
v  34.264709 2.136728 22.603645
v  37.040955 2.136728 22.603645
v  39.817200 2.136728 22.603645
v  42.593445 2.136728 22.603645
v  45.369690 2.136728 22.603645
v  48.145935 2.136728 22.603645
v  50.922180 2.136728 22.603645
v  53.698425 2.136728 22.603645
v  56.474670 2.136728 22.603645
v  59.250916 2.136728 22.603645
v  62.027161 2.136728 22.603645
v  34.264709 2.136728 24.409546
v  37.040955 2.136728 24.409546
v  39.817200 2.136728 24.409546
v  42.593445 2.136728 24.409546
v  53.698425 2.136728 24.409546
v  56.474670 2.136728 24.409546
v  59.250916 2.136728 24.409546
v  62.027161 2.136728 24.409546
v  34.264709 2.136728 26.215446
v  37.040955 2.136728 26.215446
v  39.817200 2.136728 26.215446
v  42.593445 2.136728 26.215446
v  53.698425 2.136728 26.215446
v  56.474670 2.136728 26.215446
v  59.250916 2.136728 26.215446
v  62.027161 2.136728 26.215446
v  34.264709 2.136728 28.021347
v  37.040955 2.136728 28.021347
v  39.817200 2.136728 28.021347
v  42.593445 2.136728 28.021347
v  53.698425 2.136728 28.021347
v  56.474670 2.136728 28.021347
v  59.250916 2.136728 28.021347
v  62.027161 2.136728 28.021347
v  34.264709 2.136728 29.827248
v  62.027161 2.136728 29.827248
v  34.264709 2.136728 31.633148
v  62.027161 2.136728 31.633148
v  34.264709 2.136728 33.439049
v  62.027161 2.136728 33.439049
v  34.264709 2.136728 35.244949
v  37.040955 2.136728 35.244949
v  39.817200 2.136728 35.244949
v  42.593445 2.136728 35.244949
v  53.698425 2.136728 35.244949
v  56.474670 2.136728 35.244949
v  59.250916 2.136728 35.244949
v  62.027161 2.136728 35.244949
v  34.264709 2.136728 37.050850
v  37.040955 2.136728 37.050850
v  39.817200 2.136728 37.050850
v  42.593445 2.136728 37.050850
v  53.698425 2.136728 37.050850
v  56.474670 2.136728 37.050850
v  59.250916 2.136728 37.050850
v  62.027161 2.136728 37.050850
v  34.264709 2.136728 38.856750
v  37.040955 2.136728 38.856750
v  39.817200 2.136728 38.856750
v  42.593445 2.136728 38.856750
v  53.698425 2.136728 38.856750
v  56.474670 2.136728 38.856750
v  59.250916 2.136728 38.856750
v  62.027161 2.136728 38.856750
v  34.264709 2.136728 40.662651
v  37.040955 2.136728 40.662651
v  39.817200 2.136728 40.662651
v  42.593445 2.136728 40.662651
v  45.369690 2.136728 40.662651
v  48.145935 2.136728 40.662651
v  50.922180 2.136728 40.662651
v  53.698425 2.136728 40.662651
v  56.474670 2.136728 40.662651
v  59.250916 2.136728 40.662651
v  62.027161 2.136728 40.662651
v  34.264709 2.100580 22.329073
v  34.193645 2.100580 22.338428
v  34.127426 2.100580 22.365858
v  34.070557 2.100580 22.409492
v  34.026924 2.100580 22.466358
v  33.999496 2.100580 22.532581
v  33.990139 2.100580 22.603645
v  33.990139 2.100580 24.409546
v  33.990139 2.100580 26.215446
v  33.990139 2.100580 28.021347
v  33.990139 2.100580 29.827248
v  33.990139 2.100580 31.633148
v  33.990139 2.100580 33.439049
v  33.990139 2.100580 35.244949
v  33.990139 2.100580 37.050850
v  33.990139 2.100580 38.856750
v  33.990139 2.100580 40.662651
v  33.999496 2.100580 40.733715
v  34.026924 2.100580 40.799938
v  34.070557 2.100580 40.856804
v  34.127426 2.100580 40.900436
v  34.193645 2.100580 40.927868
v  34.264709 2.100580 40.937225
v  37.040955 2.100580 40.937225
v  39.817200 2.100580 40.937225
v  42.593445 2.100580 40.937225
v  45.369690 2.100580 40.937225
v  48.145935 2.100580 40.937225
v  50.922180 2.100580 40.937225
v  53.698425 2.100580 40.937225
v  56.474670 2.100580 40.937225
v  59.250916 2.100580 40.937225
v  62.027161 2.100580 40.937225
v  62.098225 2.100580 40.927868
v  62.164444 2.100580 40.900436
v  62.221313 2.100580 40.856804
v  62.264946 2.100580 40.799938
v  62.292374 2.100580 40.733715
v  62.301731 2.100580 40.662651
v  62.301731 2.100580 38.856750
v  62.301731 2.100580 37.050850
v  62.301731 2.100580 35.244949
v  62.301731 2.100580 33.439049
v  62.301731 2.100580 31.633148
v  62.301731 2.100580 29.827248
v  62.301731 2.100580 28.021347
v  62.301731 2.100580 26.215446
v  62.301731 2.100580 24.409546
v  62.301731 2.100580 22.603645
v  62.292374 2.100580 22.532581
v  62.264946 2.100580 22.466358
v  62.221313 2.100580 22.409492
v  62.164444 2.100580 22.365858
v  62.098225 2.100580 22.338428
v  62.027161 2.100580 22.329073
v  59.250916 2.100580 22.329073
v  56.474670 2.100580 22.329073
v  53.698425 2.100580 22.329073
v  50.922180 2.100580 22.329073
v  48.145935 2.100580 22.329073
v  45.369690 2.100580 22.329073
v  42.593445 2.100580 22.329073
v  39.817200 2.100580 22.329073
v  37.040955 2.100580 22.329073
v  34.264709 1.994599 22.073212
v  34.127426 1.994599 22.091286
v  33.999496 1.994599 22.144276
v  33.889637 1.994599 22.228573
v  33.805344 1.994599 22.338428
v  33.752354 1.994599 22.466358
v  33.734280 1.994599 22.603645
v  33.734280 1.994599 24.409546
v  33.734280 1.994599 26.215446
v  33.734280 1.994599 28.021347
v  33.734280 1.994599 29.827248
v  33.734280 1.994599 31.633148
v  33.734280 1.994599 33.439049
v  33.734280 1.994599 35.244949
v  33.734280 1.994599 37.050850
v  33.734280 1.994599 38.856750
v  33.734280 1.994599 40.662651
v  33.752354 1.994599 40.799938
v  33.805344 1.994599 40.927868
v  33.889637 1.994599 41.037724
v  33.999496 1.994599 41.122021
v  34.127426 1.994599 41.175011
v  34.264709 1.994599 41.193085
v  37.040955 1.994599 41.193085
v  39.817200 1.994599 41.193085
v  42.593445 1.994599 41.193085
v  45.369690 1.994599 41.193085
v  48.145935 1.994599 41.193085
v  50.922180 1.994599 41.193085
v  53.698425 1.994599 41.193085
v  56.474670 1.994599 41.193085
v  59.250916 1.994599 41.193085
v  62.027161 1.994599 41.193085
v  62.164444 1.994599 41.175011
v  62.292374 1.994599 41.122021
v  62.402233 1.994599 41.037724
v  62.486526 1.994599 40.927868
v  62.539516 1.994599 40.799938
v  62.557590 1.994599 40.662651
v  62.557590 1.994599 38.856750
v  62.557590 1.994599 37.050850
v  62.557590 1.994599 35.244949
v  62.557590 1.994599 33.439049
v  62.557590 1.994599 31.633148
v  62.557590 1.994599 29.827248
v  62.557590 1.994599 28.021347
v  62.557590 1.994599 26.215446
v  62.557590 1.994599 24.409546
v  62.557590 1.994599 22.603645
v  62.539516 1.994599 22.466358
v  62.486526 1.994599 22.338428
v  62.402233 1.994599 22.228573
v  62.292374 1.994599 22.144276
v  62.164444 1.994599 22.091286
v  62.027161 1.994599 22.073212
v  59.250916 1.994599 22.073212
v  56.474670 1.994599 22.073212
v  53.698425 1.994599 22.073212
v  50.922180 1.994599 22.073212
v  48.145935 1.994599 22.073212
v  45.369690 1.994599 22.073212
v  42.593445 1.994599 22.073212
v  39.817200 1.994599 22.073212
v  37.040955 1.994599 22.073212
v  34.264709 1.826008 21.853500
v  34.070557 1.826008 21.879061
v  33.889637 1.826008 21.954000
v  33.734280 1.826008 22.073212
v  33.615067 1.826008 22.228573
v  33.540127 1.826008 22.409492
v  33.514565 1.826008 22.603645
v  33.514565 1.826008 24.409546
v  33.514565 1.826008 26.215446
v  33.514565 1.826008 28.021347
v  33.514565 1.826008 29.827248
v  33.514565 1.826008 31.633148
v  33.514565 1.826008 33.439049
v  33.514565 1.826008 35.244949
v  33.514565 1.826008 37.050850
v  33.514565 1.826008 38.856750
v  33.514565 1.826008 40.662651
v  33.540127 1.826008 40.856804
v  33.615067 1.826008 41.037724
v  33.734280 1.826008 41.193085
v  33.889637 1.826008 41.312294
v  34.070557 1.826008 41.387238
v  34.264709 1.826008 41.412796
v  37.040955 1.826008 41.412796
v  39.817200 1.826008 41.412796
v  42.593445 1.826008 41.412796
v  45.369690 1.826008 41.412796
v  48.145935 1.826008 41.412796
v  50.922180 1.826008 41.412796
v  53.698425 1.826008 41.412796
v  56.474670 1.826008 41.412796
v  59.250916 1.826008 41.412796
v  62.027161 1.826008 41.412796
v  62.221313 1.826008 41.387238
v  62.402233 1.826008 41.312294
v  62.557590 1.826008 41.193085
v  62.676804 1.826008 41.037724
v  62.751743 1.826008 40.856804
v  62.777306 1.826008 40.662651
v  62.777306 1.826008 38.856750
v  62.777306 1.826008 37.050850
v  62.777306 1.826008 35.244949
v  62.777306 1.826008 33.439049
v  62.777306 1.826008 31.633148
v  62.777306 1.826008 29.827248
v  62.777306 1.826008 28.021347
v  62.777306 1.826008 26.215446
v  62.777306 1.826008 24.409546
v  62.777306 1.826008 22.603645
v  62.751743 1.826008 22.409492
v  62.676804 1.826008 22.228573
v  62.557590 1.826008 22.073212
v  62.402233 1.826008 21.954000
v  62.221313 1.826008 21.879061
v  62.027161 1.826008 21.853500
v  59.250916 1.826008 21.853500
v  56.474670 1.826008 21.853500
v  53.698425 1.826008 21.853500
v  50.922180 1.826008 21.853500
v  48.145935 1.826008 21.853500
v  45.369690 1.826008 21.853500
v  42.593445 1.826008 21.853500
v  39.817200 1.826008 21.853500
v  37.040955 1.826008 21.853500
v  34.264709 1.606296 21.684910
v  34.026924 1.606296 21.716213
v  33.805344 1.606296 21.807997
v  33.615067 1.606296 21.954000
v  33.469063 1.606296 22.144276
v  33.377281 1.606296 22.365858
v  33.345974 1.606296 22.603645
v  33.345974 1.606296 24.409546
v  33.345974 1.606296 26.215446
v  33.345974 1.606296 28.021347
v  33.345974 1.606296 29.827248
v  33.345974 1.606296 31.633148
v  33.345974 1.606296 33.439049
v  33.345974 1.606296 35.244949
v  33.345974 1.606296 37.050850
v  33.345974 1.606296 38.856750
v  33.345974 1.606296 40.662651
v  33.377281 1.606296 40.900436
v  33.469063 1.606296 41.122021
v  33.615067 1.606296 41.312294
v  33.805344 1.606296 41.458298
v  34.026924 1.606296 41.550083
v  34.264709 1.606296 41.581387
v  37.040955 1.606296 41.581387
v  39.817200 1.606296 41.581387
v  42.593445 1.606296 41.581387
v  45.369690 1.606296 41.581387
v  48.145935 1.606296 41.581387
v  50.922180 1.606296 41.581387
v  53.698425 1.606296 41.581387
v  56.474670 1.606296 41.581387
v  59.250916 1.606296 41.581387
v  62.027161 1.606296 41.581387
v  62.264946 1.606296 41.550083
v  62.486526 1.606296 41.458298
v  62.676804 1.606296 41.312294
v  62.822807 1.606296 41.122021
v  62.914589 1.606296 40.900436
v  62.945896 1.606296 40.662651
v  62.945896 1.606296 38.856750
v  62.945896 1.606296 37.050850
v  62.945896 1.606296 35.244949
v  62.945896 1.606296 33.439049
v  62.945896 1.606296 31.633148
v  62.945896 1.606296 29.827248
v  62.945896 1.606296 28.021347
v  62.945896 1.606296 26.215446
v  62.945896 1.606296 24.409546
v  62.945896 1.606296 22.603645
v  62.914589 1.606296 22.365858
v  62.822807 1.606296 22.144276
v  62.676804 1.606296 21.954000
v  62.486526 1.606296 21.807997
v  62.264946 1.606296 21.716213
v  62.027161 1.606296 21.684910
v  59.250916 1.606296 21.684910
v  56.474670 1.606296 21.684910
v  53.698425 1.606296 21.684910
v  50.922180 1.606296 21.684910
v  48.145935 1.606296 21.684910
v  45.369690 1.606296 21.684910
v  42.593445 1.606296 21.684910
v  39.817200 1.606296 21.684910
v  37.040955 1.606296 21.684910
v  34.264709 1.350436 21.578928
v  33.999496 1.350436 21.613846
v  33.752354 1.350436 21.716213
v  33.540127 1.350436 21.879061
v  33.377281 1.350436 22.091286
v  33.274910 1.350436 22.338428
v  33.239994 1.350436 22.603645
v  33.239994 1.350436 24.409546
v  33.239994 1.350436 26.215446
v  33.239994 1.350436 28.021347
v  33.239994 1.350436 29.827248
v  33.239994 1.350436 31.633148
v  33.239994 1.350436 33.439049
v  33.239994 1.350436 35.244949
v  33.239994 1.350436 37.050850
v  33.239994 1.350436 38.856750
v  33.239994 1.350436 40.662651
v  33.274910 1.350436 40.927868
v  33.377281 1.350436 41.175011
v  33.540127 1.350436 41.387238
v  33.752354 1.350436 41.550083
v  33.999496 1.350436 41.652451
v  34.264709 1.350436 41.687370
v  37.040955 1.350436 41.687370
v  39.817200 1.350436 41.687370
v  42.593445 1.350436 41.687370
v  45.369690 1.350436 41.687370
v  48.145935 1.350436 41.687370
v  50.922180 1.350436 41.687370
v  53.698425 1.350436 41.687370
v  56.474670 1.350436 41.687370
v  59.250916 1.350436 41.687370
v  62.027161 1.350436 41.687370
v  62.292374 1.350436 41.652451
v  62.539516 1.350436 41.550083
v  62.751743 1.350436 41.387238
v  62.914589 1.350436 41.175011
v  63.016960 1.350436 40.927868
v  63.051876 1.350436 40.662651
v  63.051876 1.350436 38.856750
v  63.051876 1.350436 37.050850
v  63.051876 1.350436 35.244949
v  63.051876 1.350436 33.439049
v  63.051876 1.350436 31.633148
v  63.051876 1.350436 29.827248
v  63.051876 1.350436 28.021347
v  63.051876 1.350436 26.215446
v  63.051876 1.350436 24.409546
v  63.051876 1.350436 22.603645
v  63.016960 1.350436 22.338428
v  62.914589 1.350436 22.091286
v  62.751743 1.350436 21.879061
v  62.539516 1.350436 21.716213
v  62.292374 1.350436 21.613846
v  62.027161 1.350436 21.578928
v  59.250916 1.350436 21.578928
v  56.474670 1.350436 21.578928
v  53.698425 1.350436 21.578928
v  50.922180 1.350436 21.578928
v  48.145935 1.350436 21.578928
v  45.369690 1.350436 21.578928
v  42.593445 1.350436 21.578928
v  39.817200 1.350436 21.578928
v  37.040955 1.350436 21.578928
v  34.264709 1.075864 21.542780
v  33.990139 1.075864 21.578928
v  33.734280 1.075864 21.684910
v  33.514565 1.075864 21.853500
v  33.345974 1.075864 22.073212
v  33.239994 1.075864 22.329073
v  33.203846 1.075864 22.603645
v  33.203846 1.075864 24.409546
v  33.203846 1.075864 26.215446
v  33.203846 1.075864 28.021347
v  33.203846 1.075864 29.827248
v  33.203846 1.075864 31.633148
v  33.203846 1.075864 33.439049
v  33.203846 1.075864 35.244949
v  33.203846 1.075864 37.050850
v  33.203846 1.075864 38.856750
v  33.203846 1.075864 40.662651
v  33.239994 1.075864 40.937225
v  33.345974 1.075864 41.193085
v  33.514565 1.075864 41.412796
v  33.734280 1.075864 41.581387
v  33.990139 1.075864 41.687370
v  34.264709 1.075864 41.723518
v  37.040955 1.075864 41.723518
v  39.817200 1.075864 41.723518
v  42.593445 1.075864 41.723518
v  45.369690 1.075864 41.723518
v  48.145935 1.075864 41.723518
v  50.922180 1.075864 41.723518
v  53.698425 1.075864 41.723518
v  56.474670 1.075864 41.723518
v  59.250916 1.075864 41.723518
v  62.027161 1.075864 41.723518
v  62.301731 1.075864 41.687370
v  62.557590 1.075864 41.581387
v  62.777306 1.075864 41.412796
v  62.945896 1.075864 41.193085
v  63.051876 1.075864 40.937225
v  63.088024 1.075864 40.662651
v  63.088024 1.075864 38.856750
v  63.088024 1.075864 37.050850
v  63.088024 1.075864 35.244949
v  63.088024 1.075864 33.439049
v  63.088024 1.075864 31.633148
v  63.088024 1.075864 29.827248
v  63.088024 1.075864 28.021347
v  63.088024 1.075864 26.215446
v  63.088024 1.075864 24.409546
v  63.088024 1.075864 22.603645
v  63.051876 1.075864 22.329073
v  62.945896 1.075864 22.073212
v  62.777306 1.075864 21.853500
v  62.557590 1.075864 21.684910
v  62.301731 1.075864 21.578928
v  62.027161 1.075864 21.542780
v  59.250916 1.075864 21.542780
v  56.474670 1.075864 21.542780
v  53.698425 1.075864 21.542780
v  50.922180 1.075864 21.542780
v  48.145935 1.075864 21.542780
v  45.369690 1.075864 21.542780
v  42.593445 1.075864 21.542780
v  39.817200 1.075864 21.542780
v  37.040955 1.075864 21.542780
v  34.264709 1.074197 21.542780
v  33.990139 1.074197 21.578928
v  33.734280 1.074197 21.684910
v  33.514565 1.074197 21.853500
v  33.345974 1.074197 22.073212
v  33.239994 1.074197 22.329073
v  33.203846 1.074197 22.603645
v  33.203846 1.074197 24.409546
v  33.203846 1.074197 26.215446
v  33.203846 1.074197 28.021347
v  33.203846 1.074197 29.827248
v  33.203846 1.074197 31.633148
v  33.203846 1.074197 33.439049
v  33.203846 1.074197 35.244949
v  33.203846 1.074197 37.050850
v  33.203846 1.074197 38.856750
v  33.203846 1.074197 40.662651
v  33.239994 1.074197 40.937225
v  33.345974 1.074197 41.193085
v  33.514565 1.074197 41.412796
v  33.734280 1.074197 41.581387
v  33.990139 1.074197 41.687370
v  34.264709 1.074197 41.723518
v  37.040955 1.074197 41.723518
v  39.817200 1.074197 41.723518
v  42.593445 1.074197 41.723518
v  45.369690 1.074197 41.723518
v  48.145935 1.074197 41.723518
v  50.922180 1.074197 41.723518
v  53.698425 1.074197 41.723518
v  56.474670 1.074197 41.723518
v  59.250916 1.074197 41.723518
v  62.027161 1.074197 41.723518
v  62.301731 1.074197 41.687370
v  62.557590 1.074197 41.581387
v  62.777306 1.074197 41.412796
v  62.945896 1.074197 41.193085
v  63.051876 1.074197 40.937225
v  63.088024 1.074197 40.662651
v  63.088024 1.074197 38.856750
v  63.088024 1.074197 37.050850
v  63.088024 1.074197 35.244949
v  63.088024 1.074197 33.439049
v  63.088024 1.074197 31.633148
v  63.088024 1.074197 29.827248
v  63.088024 1.074197 28.021347
v  63.088024 1.074197 26.215446
v  63.088024 1.074197 24.409546
v  63.088024 1.074197 22.603645
v  63.051876 1.074197 22.329073
v  62.945896 1.074197 22.073212
v  62.777306 1.074197 21.853500
v  62.557590 1.074197 21.684910
v  62.301731 1.074197 21.578928
v  62.027161 1.074197 21.542780
v  59.250916 1.074197 21.542780
v  56.474670 1.074197 21.542780
v  53.698425 1.074197 21.542780
v  50.922180 1.074197 21.542780
v  48.145935 1.074197 21.542780
v  45.369690 1.074197 21.542780
v  42.593445 1.074197 21.542780
v  39.817200 1.074197 21.542780
v  37.040955 1.074197 21.542780
v  34.264709 1.072531 21.542780
v  33.990139 1.072531 21.578928
v  33.734280 1.072531 21.684910
v  33.514565 1.072531 21.853500
v  33.345974 1.072531 22.073212
v  33.239994 1.072531 22.329073
v  33.203846 1.072531 22.603645
v  33.203846 1.072531 24.409546
v  33.203846 1.072531 26.215446
v  33.203846 1.072531 28.021347
v  33.203846 1.072531 29.827248
v  33.203846 1.072531 31.633148
v  33.203846 1.072531 33.439049
v  33.203846 1.072531 35.244949
v  33.203846 1.072531 37.050850
v  33.203846 1.072531 38.856750
v  33.203846 1.072531 40.662651
v  33.239994 1.072531 40.937225
v  33.345974 1.072531 41.193085
v  33.514565 1.072531 41.412796
v  33.734280 1.072531 41.581387
v  33.990139 1.072531 41.687370
v  34.264709 1.072531 41.723518
v  37.040955 1.072531 41.723518
v  39.817200 1.072531 41.723518
v  42.593445 1.072531 41.723518
v  45.369690 1.072531 41.723518
v  48.145935 1.072531 41.723518
v  50.922180 1.072531 41.723518
v  53.698425 1.072531 41.723518
v  56.474670 1.072531 41.723518
v  59.250916 1.072531 41.723518
v  62.027161 1.072531 41.723518
v  62.301731 1.072531 41.687370
v  62.557590 1.072531 41.581387
v  62.777306 1.072531 41.412796
v  62.945896 1.072531 41.193085
v  63.051876 1.072531 40.937225
v  63.088024 1.072531 40.662651
v  63.088024 1.072531 38.856750
v  63.088024 1.072531 37.050850
v  63.088024 1.072531 35.244949
v  63.088024 1.072531 33.439049
v  63.088024 1.072531 31.633148
v  63.088024 1.072531 29.827248
v  63.088024 1.072531 28.021347
v  63.088024 1.072531 26.215446
v  63.088024 1.072531 24.409546
v  63.088024 1.072531 22.603645
v  63.051876 1.072531 22.329073
v  62.945896 1.072531 22.073212
v  62.777306 1.072531 21.853500
v  62.557590 1.072531 21.684910
v  62.301731 1.072531 21.578928
v  62.027161 1.072531 21.542780
v  59.250916 1.072531 21.542780
v  56.474670 1.072531 21.542780
v  53.698425 1.072531 21.542780
v  50.922180 1.072531 21.542780
v  48.145935 1.072531 21.542780
v  45.369690 1.072531 21.542780
v  42.593445 1.072531 21.542780
v  39.817200 1.072531 21.542780
v  37.040955 1.072531 21.542780
v  34.264709 1.070864 21.542780
v  33.990139 1.070864 21.578928
v  33.734280 1.070864 21.684910
v  33.514565 1.070864 21.853500
v  33.345974 1.070864 22.073212
v  33.239994 1.070864 22.329073
v  33.203846 1.070864 22.603645
v  33.203846 1.070864 24.409546
v  33.203846 1.070864 26.215446
v  33.203846 1.070864 28.021347
v  33.203846 1.070864 29.827248
v  33.203846 1.070864 31.633148
v  33.203846 1.070864 33.439049
v  33.203846 1.070864 35.244949
v  33.203846 1.070864 37.050850
v  33.203846 1.070864 38.856750
v  33.203846 1.070864 40.662651
v  33.239994 1.070864 40.937225
v  33.345974 1.070864 41.193085
v  33.514565 1.070864 41.412796
v  33.734280 1.070864 41.581387
v  33.990139 1.070864 41.687370
v  34.264709 1.070864 41.723518
v  37.040955 1.070864 41.723518
v  39.817200 1.070864 41.723518
v  42.593445 1.070864 41.723518
v  45.369690 1.070864 41.723518
v  48.145935 1.070864 41.723518
v  50.922180 1.070864 41.723518
v  53.698425 1.070864 41.723518
v  56.474670 1.070864 41.723518
v  59.250916 1.070864 41.723518
v  62.027161 1.070864 41.723518
v  62.301731 1.070864 41.687370
v  62.557590 1.070864 41.581387
v  62.777306 1.070864 41.412796
v  62.945896 1.070864 41.193085
v  63.051876 1.070864 40.937225
v  63.088024 1.070864 40.662651
v  63.088024 1.070864 38.856750
v  63.088024 1.070864 37.050850
v  63.088024 1.070864 35.244949
v  63.088024 1.070864 33.439049
v  63.088024 1.070864 31.633148
v  63.088024 1.070864 29.827248
v  63.088024 1.070864 28.021347
v  63.088024 1.070864 26.215446
v  63.088024 1.070864 24.409546
v  63.088024 1.070864 22.603645
v  63.051876 1.070864 22.329073
v  62.945896 1.070864 22.073212
v  62.777306 1.070864 21.853500
v  62.557590 1.070864 21.684910
v  62.301731 1.070864 21.578928
v  62.027161 1.070864 21.542780
v  59.250916 1.070864 21.542780
v  56.474670 1.070864 21.542780
v  53.698425 1.070864 21.542780
v  50.922180 1.070864 21.542780
v  48.145935 1.070864 21.542780
v  45.369690 1.070864 21.542780
v  42.593445 1.070864 21.542780
v  39.817200 1.070864 21.542780
v  37.040955 1.070864 21.542780
v  34.264709 1.069197 21.542780
v  33.990139 1.069197 21.578928
v  33.734280 1.069197 21.684910
v  33.514565 1.069197 21.853500
v  33.345974 1.069197 22.073212
v  33.239994 1.069197 22.329073
v  33.203846 1.069197 22.603645
v  33.203846 1.069197 24.409546
v  33.203846 1.069197 26.215446
v  33.203846 1.069197 28.021347
v  33.203846 1.069197 29.827248
v  33.203846 1.069197 31.633148
v  33.203846 1.069197 33.439049
v  33.203846 1.069197 35.244949
v  33.203846 1.069197 37.050850
v  33.203846 1.069197 38.856750
v  33.203846 1.069197 40.662651
v  33.239994 1.069197 40.937225
v  33.345974 1.069197 41.193085
v  33.514565 1.069197 41.412796
v  33.734280 1.069197 41.581387
v  33.990139 1.069197 41.687370
v  34.264709 1.069197 41.723518
v  37.040955 1.069197 41.723518
v  39.817200 1.069197 41.723518
v  42.593445 1.069197 41.723518
v  45.369690 1.069197 41.723518
v  48.145935 1.069197 41.723518
v  50.922180 1.069197 41.723518
v  53.698425 1.069197 41.723518
v  56.474670 1.069197 41.723518
v  59.250916 1.069197 41.723518
v  62.027161 1.069197 41.723518
v  62.301731 1.069197 41.687370
v  62.557590 1.069197 41.581387
v  62.777306 1.069197 41.412796
v  62.945896 1.069197 41.193085
v  63.051876 1.069197 40.937225
v  63.088024 1.069197 40.662651
v  63.088024 1.069197 38.856750
v  63.088024 1.069197 37.050850
v  63.088024 1.069197 35.244949
v  63.088024 1.069197 33.439049
v  63.088024 1.069197 31.633148
v  63.088024 1.069197 29.827248
v  63.088024 1.069197 28.021347
v  63.088024 1.069197 26.215446
v  63.088024 1.069197 24.409546
v  63.088024 1.069197 22.603645
v  63.051876 1.069197 22.329073
v  62.945896 1.069197 22.073212
v  62.777306 1.069197 21.853500
v  62.557590 1.069197 21.684910
v  62.301731 1.069197 21.578928
v  62.027161 1.069197 21.542780
v  59.250916 1.069197 21.542780
v  56.474670 1.069197 21.542780
v  53.698425 1.069197 21.542780
v  50.922180 1.069197 21.542780
v  48.145935 1.069197 21.542780
v  45.369690 1.069197 21.542780
v  42.593445 1.069197 21.542780
v  39.817200 1.069197 21.542780
v  37.040955 1.069197 21.542780
v  34.264709 1.067531 21.542780
v  33.990139 1.067531 21.578928
v  33.734280 1.067531 21.684910
v  33.514565 1.067531 21.853500
v  33.345974 1.067531 22.073212
v  33.239994 1.067531 22.329073
v  33.203846 1.067531 22.603645
v  33.203846 1.067531 24.409546
v  33.203846 1.067531 26.215446
v  33.203846 1.067531 28.021347
v  33.203846 1.067531 29.827248
v  33.203846 1.067531 31.633148
v  33.203846 1.067531 33.439049
v  33.203846 1.067531 35.244949
v  33.203846 1.067531 37.050850
v  33.203846 1.067531 38.856750
v  33.203846 1.067531 40.662651
v  33.239994 1.067531 40.937225
v  33.345974 1.067531 41.193085
v  33.514565 1.067531 41.412796
v  33.734280 1.067531 41.581387
v  33.990139 1.067531 41.687370
v  34.264709 1.067531 41.723518
v  37.040955 1.067531 41.723518
v  39.817200 1.067531 41.723518
v  42.593445 1.067531 41.723518
v  45.369690 1.067531 41.723518
v  48.145935 1.067531 41.723518
v  50.922180 1.067531 41.723518
v  53.698425 1.067531 41.723518
v  56.474670 1.067531 41.723518
v  59.250916 1.067531 41.723518
v  62.027161 1.067531 41.723518
v  62.301731 1.067531 41.687370
v  62.557590 1.067531 41.581387
v  62.777306 1.067531 41.412796
v  62.945896 1.067531 41.193085
v  63.051876 1.067531 40.937225
v  63.088024 1.067531 40.662651
v  63.088024 1.067531 38.856750
v  63.088024 1.067531 37.050850
v  63.088024 1.067531 35.244949
v  63.088024 1.067531 33.439049
v  63.088024 1.067531 31.633148
v  63.088024 1.067531 29.827248
v  63.088024 1.067531 28.021347
v  63.088024 1.067531 26.215446
v  63.088024 1.067531 24.409546
v  63.088024 1.067531 22.603645
v  63.051876 1.067531 22.329073
v  62.945896 1.067531 22.073212
v  62.777306 1.067531 21.853500
v  62.557590 1.067531 21.684910
v  62.301731 1.067531 21.578928
v  62.027161 1.067531 21.542780
v  59.250916 1.067531 21.542780
v  56.474670 1.067531 21.542780
v  53.698425 1.067531 21.542780
v  50.922180 1.067531 21.542780
v  48.145935 1.067531 21.542780
v  45.369690 1.067531 21.542780
v  42.593445 1.067531 21.542780
v  39.817200 1.067531 21.542780
v  37.040955 1.067531 21.542780
v  34.264709 1.065864 21.542780
v  33.990139 1.065864 21.578928
v  33.734280 1.065864 21.684910
v  33.514565 1.065864 21.853500
v  33.345974 1.065864 22.073212
v  33.239994 1.065864 22.329073
v  33.203846 1.065864 22.603645
v  33.203846 1.065864 24.409546
v  33.203846 1.065864 26.215446
v  33.203846 1.065864 28.021347
v  33.203846 1.065864 29.827248
v  33.203846 1.065864 31.633148
v  33.203846 1.065864 33.439049
v  33.203846 1.065864 35.244949
v  33.203846 1.065864 37.050850
v  33.203846 1.065864 38.856750
v  33.203846 1.065864 40.662651
v  33.239994 1.065864 40.937225
v  33.345974 1.065864 41.193085
v  33.514565 1.065864 41.412796
v  33.734280 1.065864 41.581387
v  33.990139 1.065864 41.687370
v  34.264709 1.065864 41.723518
v  37.040955 1.065864 41.723518
v  39.817200 1.065864 41.723518
v  42.593445 1.065864 41.723518
v  45.369690 1.065864 41.723518
v  48.145935 1.065864 41.723518
v  50.922180 1.065864 41.723518
v  53.698425 1.065864 41.723518
v  56.474670 1.065864 41.723518
v  59.250916 1.065864 41.723518
v  62.027161 1.065864 41.723518
v  62.301731 1.065864 41.687370
v  62.557590 1.065864 41.581387
v  62.777306 1.065864 41.412796
v  62.945896 1.065864 41.193085
v  63.051876 1.065864 40.937225
v  63.088024 1.065864 40.662651
v  63.088024 1.065864 38.856750
v  63.088024 1.065864 37.050850
v  63.088024 1.065864 35.244949
v  63.088024 1.065864 33.439049
v  63.088024 1.065864 31.633148
v  63.088024 1.065864 29.827248
v  63.088024 1.065864 28.021347
v  63.088024 1.065864 26.215446
v  63.088024 1.065864 24.409546
v  63.088024 1.065864 22.603645
v  63.051876 1.065864 22.329073
v  62.945896 1.065864 22.073212
v  62.777306 1.065864 21.853500
v  62.557590 1.065864 21.684910
v  62.301731 1.065864 21.578928
v  62.027161 1.065864 21.542780
v  59.250916 1.065864 21.542780
v  56.474670 1.065864 21.542780
v  53.698425 1.065864 21.542780
v  50.922180 1.065864 21.542780
v  48.145935 1.065864 21.542780
v  45.369690 1.065864 21.542780
v  42.593445 1.065864 21.542780
v  39.817200 1.065864 21.542780
v  37.040955 1.065864 21.542780
v  34.264709 0.791292 21.578928
v  33.999496 0.791292 21.613846
v  33.752354 0.791292 21.716213
v  33.540127 0.791292 21.879061
v  33.377281 0.791292 22.091286
v  33.274910 0.791292 22.338428
v  33.239994 0.791292 22.603645
v  33.239994 0.791292 24.409546
v  33.239994 0.791292 26.215446
v  33.239994 0.791292 28.021347
v  33.239994 0.791292 29.827248
v  33.239994 0.791292 31.633148
v  33.239994 0.791292 33.439049
v  33.239994 0.791292 35.244949
v  33.239994 0.791292 37.050850
v  33.239994 0.791292 38.856750
v  33.239994 0.791292 40.662651
v  33.274910 0.791292 40.927868
v  33.377281 0.791292 41.175011
v  33.540127 0.791292 41.387238
v  33.752354 0.791292 41.550083
v  33.999496 0.791292 41.652451
v  34.264709 0.791292 41.687370
v  37.040955 0.791292 41.687370
v  39.817200 0.791292 41.687370
v  42.593445 0.791292 41.687370
v  45.369690 0.791292 41.687370
v  48.145935 0.791292 41.687370
v  50.922180 0.791292 41.687370
v  53.698425 0.791292 41.687370
v  56.474670 0.791292 41.687370
v  59.250916 0.791292 41.687370
v  62.027161 0.791292 41.687370
v  62.292374 0.791292 41.652451
v  62.539516 0.791292 41.550083
v  62.751743 0.791292 41.387238
v  62.914589 0.791292 41.175011
v  63.016960 0.791292 40.927868
v  63.051876 0.791292 40.662651
v  63.051876 0.791292 38.856750
v  63.051876 0.791292 37.050850
v  63.051876 0.791292 35.244949
v  63.051876 0.791292 33.439049
v  63.051876 0.791292 31.633148
v  63.051876 0.791292 29.827248
v  63.051876 0.791292 28.021347
v  63.051876 0.791292 26.215446
v  63.051876 0.791292 24.409546
v  63.051876 0.791292 22.603645
v  63.016960 0.791292 22.338428
v  62.914589 0.791292 22.091286
v  62.751743 0.791292 21.879061
v  62.539516 0.791292 21.716213
v  62.292374 0.791292 21.613846
v  62.027161 0.791292 21.578928
v  59.250916 0.791292 21.578928
v  56.474670 0.791292 21.578928
v  53.698425 0.791292 21.578928
v  50.922180 0.791292 21.578928
v  48.145935 0.791292 21.578928
v  45.369690 0.791292 21.578928
v  42.593445 0.791292 21.578928
v  39.817200 0.791292 21.578928
v  37.040955 0.791292 21.578928
v  34.264709 0.535432 21.684910
v  34.026924 0.535432 21.716213
v  33.805344 0.535432 21.807997
v  33.615067 0.535432 21.954000
v  33.469063 0.535432 22.144276
v  33.377281 0.535432 22.365858
v  33.345974 0.535432 22.603645
v  33.345974 0.535432 24.409546
v  33.345974 0.535432 26.215446
v  33.345974 0.535432 28.021347
v  33.345974 0.535432 29.827248
v  33.345974 0.535432 31.633148
v  33.345974 0.535432 33.439049
v  33.345974 0.535432 35.244949
v  33.345974 0.535432 37.050850
v  33.345974 0.535432 38.856750
v  33.345974 0.535432 40.662651
v  33.377281 0.535432 40.900436
v  33.469063 0.535432 41.122021
v  33.615067 0.535432 41.312294
v  33.805344 0.535432 41.458298
v  34.026924 0.535432 41.550083
v  34.264709 0.535432 41.581387
v  37.040955 0.535432 41.581387
v  39.817200 0.535432 41.581387
v  42.593445 0.535432 41.581387
v  45.369690 0.535432 41.581387
v  48.145935 0.535432 41.581387
v  50.922180 0.535432 41.581387
v  53.698425 0.535432 41.581387
v  56.474670 0.535432 41.581387
v  59.250916 0.535432 41.581387
v  62.027161 0.535432 41.581387
v  62.264946 0.535432 41.550083
v  62.486526 0.535432 41.458298
v  62.676804 0.535432 41.312294
v  62.822807 0.535432 41.122021
v  62.914589 0.535432 40.900436
v  62.945896 0.535432 40.662651
v  62.945896 0.535432 38.856750
v  62.945896 0.535432 37.050850
v  62.945896 0.535432 35.244949
v  62.945896 0.535432 33.439049
v  62.945896 0.535432 31.633148
v  62.945896 0.535432 29.827248
v  62.945896 0.535432 28.021347
v  62.945896 0.535432 26.215446
v  62.945896 0.535432 24.409546
v  62.945896 0.535432 22.603645
v  62.914589 0.535432 22.365858
v  62.822807 0.535432 22.144276
v  62.676804 0.535432 21.954000
v  62.486526 0.535432 21.807997
v  62.264946 0.535432 21.716213
v  62.027161 0.535432 21.684910
v  59.250916 0.535432 21.684910
v  56.474670 0.535432 21.684910
v  53.698425 0.535432 21.684910
v  50.922180 0.535432 21.684910
v  48.145935 0.535432 21.684910
v  45.369690 0.535432 21.684910
v  42.593445 0.535432 21.684910
v  39.817200 0.535432 21.684910
v  37.040955 0.535432 21.684910
v  34.264709 0.315720 21.853500
v  34.070557 0.315720 21.879061
v  33.889637 0.315720 21.954000
v  33.734280 0.315720 22.073212
v  33.615067 0.315720 22.228573
v  33.540127 0.315720 22.409492
v  33.514565 0.315720 22.603645
v  33.514565 0.315720 24.409546
v  33.514565 0.315720 26.215446
v  33.514565 0.315720 28.021347
v  33.514565 0.315720 29.827248
v  33.514565 0.315720 31.633148
v  33.514565 0.315720 33.439049
v  33.514565 0.315720 35.244949
v  33.514565 0.315720 37.050850
v  33.514565 0.315720 38.856750
v  33.514565 0.315720 40.662651
v  33.540127 0.315720 40.856804
v  33.615067 0.315720 41.037724
v  33.734280 0.315720 41.193085
v  33.889637 0.315720 41.312294
v  34.070557 0.315720 41.387238
v  34.264709 0.315720 41.412796
v  37.040955 0.315720 41.412796
v  39.817200 0.315720 41.412796
v  42.593445 0.315720 41.412796
v  45.369690 0.315720 41.412796
v  48.145935 0.315720 41.412796
v  50.922180 0.315720 41.412796
v  53.698425 0.315720 41.412796
v  56.474670 0.315720 41.412796
v  59.250916 0.315720 41.412796
v  62.027161 0.315720 41.412796
v  62.221313 0.315720 41.387238
v  62.402233 0.315720 41.312294
v  62.557590 0.315720 41.193085
v  62.676804 0.315720 41.037724
v  62.751743 0.315720 40.856804
v  62.777306 0.315720 40.662651
v  62.777306 0.315720 38.856750
v  62.777306 0.315720 37.050850
v  62.777306 0.315720 35.244949
v  62.777306 0.315720 33.439049
v  62.777306 0.315720 31.633148
v  62.777306 0.315720 29.827248
v  62.777306 0.315720 28.021347
v  62.777306 0.315720 26.215446
v  62.777306 0.315720 24.409546
v  62.777306 0.315720 22.603645
v  62.751743 0.315720 22.409492
v  62.676804 0.315720 22.228573
v  62.557590 0.315720 22.073212
v  62.402233 0.315720 21.954000
v  62.221313 0.315720 21.879061
v  62.027161 0.315720 21.853500
v  59.250916 0.315720 21.853500
v  56.474670 0.315720 21.853500
v  53.698425 0.315720 21.853500
v  50.922180 0.315720 21.853500
v  48.145935 0.315720 21.853500
v  45.369690 0.315720 21.853500
v  42.593445 0.315720 21.853500
v  39.817200 0.315720 21.853500
v  37.040955 0.315720 21.853500
v  34.264709 0.147129 22.073212
v  34.127426 0.147129 22.091286
v  33.999496 0.147129 22.144276
v  33.889637 0.147129 22.228573
v  33.805344 0.147129 22.338428
v  33.752354 0.147129 22.466358
v  33.734280 0.147129 22.603645
v  33.734280 0.147129 24.409546
v  33.734280 0.147129 26.215446
v  33.734280 0.147129 28.021347
v  33.734280 0.147129 29.827248
v  33.734280 0.147129 31.633148
v  33.734280 0.147129 33.439049
v  33.734280 0.147129 35.244949
v  33.734280 0.147129 37.050850
v  33.734280 0.147129 38.856750
v  33.734280 0.147129 40.662651
v  33.752354 0.147129 40.799938
v  33.805344 0.147129 40.927868
v  33.889637 0.147129 41.037724
v  33.999496 0.147129 41.122021
v  34.127426 0.147129 41.175011
v  34.264709 0.147129 41.193085
v  37.040955 0.147129 41.193085
v  39.817200 0.147129 41.193085
v  42.593445 0.147129 41.193085
v  45.369690 0.147129 41.193085
v  48.145935 0.147129 41.193085
v  50.922180 0.147129 41.193085
v  53.698425 0.147129 41.193085
v  56.474670 0.147129 41.193085
v  59.250916 0.147129 41.193085
v  62.027161 0.147129 41.193085
v  62.164444 0.147129 41.175011
v  62.292374 0.147129 41.122021
v  62.402233 0.147129 41.037724
v  62.486526 0.147129 40.927868
v  62.539516 0.147129 40.799938
v  62.557590 0.147129 40.662651
v  62.557590 0.147129 38.856750
v  62.557590 0.147129 37.050850
v  62.557590 0.147129 35.244949
v  62.557590 0.147129 33.439049
v  62.557590 0.147129 31.633148
v  62.557590 0.147129 29.827248
v  62.557590 0.147129 28.021347
v  62.557590 0.147129 26.215446
v  62.557590 0.147129 24.409546
v  62.557590 0.147129 22.603645
v  62.539516 0.147129 22.466358
v  62.486526 0.147129 22.338428
v  62.402233 0.147129 22.228573
v  62.292374 0.147129 22.144276
v  62.164444 0.147129 22.091286
v  62.027161 0.147129 22.073212
v  59.250916 0.147129 22.073212
v  56.474670 0.147129 22.073212
v  53.698425 0.147129 22.073212
v  50.922180 0.147129 22.073212
v  48.145935 0.147129 22.073212
v  45.369690 0.147129 22.073212
v  42.593445 0.147129 22.073212
v  39.817200 0.147129 22.073212
v  37.040955 0.147129 22.073212
v  34.264709 0.041148 22.329073
v  34.193645 0.041148 22.338428
v  34.127426 0.041148 22.365858
v  34.070557 0.041148 22.409492
v  34.026924 0.041148 22.466358
v  33.999496 0.041148 22.532581
v  33.990139 0.041148 22.603645
v  33.990139 0.041148 24.409546
v  33.990139 0.041148 26.215446
v  33.990139 0.041148 28.021347
v  33.990139 0.041148 29.827248
v  33.990139 0.041148 31.633148
v  33.990139 0.041148 33.439049
v  33.990139 0.041148 35.244949
v  33.990139 0.041148 37.050850
v  33.990139 0.041148 38.856750
v  33.990139 0.041148 40.662651
v  33.999496 0.041148 40.733715
v  34.026924 0.041148 40.799938
v  34.070557 0.041148 40.856804
v  34.127426 0.041148 40.900436
v  34.193645 0.041148 40.927868
v  34.264709 0.041148 40.937225
v  37.040955 0.041148 40.937225
v  39.817200 0.041148 40.937225
v  42.593445 0.041148 40.937225
v  45.369690 0.041148 40.937225
v  48.145935 0.041148 40.937225
v  50.922180 0.041148 40.937225
v  53.698425 0.041148 40.937225
v  56.474670 0.041148 40.937225
v  59.250916 0.041148 40.937225
v  62.027161 0.041148 40.937225
v  62.098225 0.041148 40.927868
v  62.164444 0.041148 40.900436
v  62.221313 0.041148 40.856804
v  62.264946 0.041148 40.799938
v  62.292374 0.041148 40.733715
v  62.301731 0.041148 40.662651
v  62.301731 0.041148 38.856750
v  62.301731 0.041148 37.050850
v  62.301731 0.041148 35.244949
v  62.301731 0.041148 33.439049
v  62.301731 0.041148 31.633148
v  62.301731 0.041148 29.827248
v  62.301731 0.041148 28.021347
v  62.301731 0.041148 26.215446
v  62.301731 0.041148 24.409546
v  62.301731 0.041148 22.603645
v  62.292374 0.041148 22.532581
v  62.264946 0.041148 22.466358
v  62.221313 0.041148 22.409492
v  62.164444 0.041148 22.365858
v  62.098225 0.041148 22.338428
v  62.027161 0.041148 22.329073
v  59.250916 0.041148 22.329073
v  56.474670 0.041148 22.329073
v  53.698425 0.041148 22.329073
v  50.922180 0.041148 22.329073
v  48.145935 0.041148 22.329073
v  45.369690 0.041148 22.329073
v  42.593445 0.041148 22.329073
v  39.817200 0.041148 22.329073
v  37.040955 0.041148 22.329073
v  62.027161 0.005000 40.662651
v  59.250916 0.005000 40.662651
v  56.474670 0.005000 40.662651
v  53.698425 0.005000 40.662651
v  50.922180 0.005000 40.662651
v  48.145935 0.005000 40.662651
v  45.369690 0.005000 40.662651
v  42.593445 0.005000 40.662651
v  39.817200 0.005000 40.662651
v  37.040955 0.005000 40.662651
v  34.264709 0.005000 40.662651
v  62.027161 0.005000 38.856750
v  59.250916 0.005000 38.856750
v  56.474670 0.005000 38.856750
v  53.698425 0.005000 38.856750
v  50.922180 0.005000 38.856750
v  48.145935 0.005000 38.856750
v  45.369690 0.005000 38.856750
v  42.593445 0.005000 38.856750
v  39.817200 0.005000 38.856750
v  37.040955 0.005000 38.856750
v  34.264709 0.005000 38.856750
v  62.027161 0.005000 37.050850
v  59.250916 0.005000 37.050850
v  56.474670 0.005000 37.050850
v  53.698425 0.005000 37.050850
v  50.922180 0.005000 37.050850
v  48.145935 0.005000 37.050850
v  45.369690 0.005000 37.050850
v  42.593445 0.005000 37.050850
v  39.817200 0.005000 37.050850
v  37.040955 0.005000 37.050850
v  34.264709 0.005000 37.050850
v  62.027161 0.005000 35.244949
v  59.250916 0.005000 35.244949
v  56.474670 0.005000 35.244949
v  53.698425 0.005000 35.244949
v  50.922180 0.005000 35.244949
v  48.145935 0.005000 35.244949
v  45.369690 0.005000 35.244949
v  42.593445 0.005000 35.244949
v  39.817200 0.005000 35.244949
v  37.040955 0.005000 35.244949
v  34.264709 0.005000 35.244949
v  62.027161 0.005000 33.439049
v  59.250916 0.005000 33.439049
v  56.474670 0.005000 33.439049
v  53.698425 0.005000 33.439049
v  50.922180 0.005000 33.439049
v  48.145935 0.005000 33.439049
v  45.369690 0.005000 33.439049
v  42.593445 0.005000 33.439049
v  39.817200 0.005000 33.439049
v  37.040955 0.005000 33.439049
v  34.264709 0.005000 33.439049
v  62.027161 0.005000 31.633148
v  59.250916 0.005000 31.633148
v  56.474670 0.005000 31.633148
v  53.698425 0.005000 31.633148
v  50.922180 0.005000 31.633148
v  48.145935 0.005000 31.633148
v  45.369690 0.005000 31.633148
v  42.593445 0.005000 31.633148
v  39.817200 0.005000 31.633148
v  37.040955 0.005000 31.633148
v  34.264709 0.005000 31.633148
v  62.027161 0.005000 29.827248
v  59.250916 0.005000 29.827248
v  56.474670 0.005000 29.827248
v  53.698425 0.005000 29.827248
v  50.922180 0.005000 29.827248
v  48.145935 0.005000 29.827248
v  45.369690 0.005000 29.827248
v  42.593445 0.005000 29.827248
v  39.817200 0.005000 29.827248
v  37.040955 0.005000 29.827248
v  34.264709 0.005000 29.827248
v  62.027161 0.005000 28.021347
v  59.250916 0.005000 28.021347
v  56.474670 0.005000 28.021347
v  53.698425 0.005000 28.021347
v  50.922180 0.005000 28.021347
v  48.145935 0.005000 28.021347
v  45.369690 0.005000 28.021347
v  42.593445 0.005000 28.021347
v  39.817200 0.005000 28.021347
v  37.040955 0.005000 28.021347
v  34.264709 0.005000 28.021347
v  62.027161 0.005000 26.215446
v  59.250916 0.005000 26.215446
v  56.474670 0.005000 26.215446
v  53.698425 0.005000 26.215446
v  50.922180 0.005000 26.215446
v  48.145935 0.005000 26.215446
v  45.369690 0.005000 26.215446
v  42.593445 0.005000 26.215446
v  39.817200 0.005000 26.215446
v  37.040955 0.005000 26.215446
v  34.264709 0.005000 26.215446
v  62.027161 0.005000 24.409546
v  59.250916 0.005000 24.409546
v  56.474670 0.005000 24.409546
v  53.698425 0.005000 24.409546
v  50.922180 0.005000 24.409546
v  48.145935 0.005000 24.409546
v  45.369690 0.005000 24.409546
v  42.593445 0.005000 24.409546
v  39.817200 0.005000 24.409546
v  37.040955 0.005000 24.409546
v  34.264709 0.005000 24.409546
v  62.027161 0.005000 22.603645
v  59.250916 0.005000 22.603645
v  56.474670 0.005000 22.603645
v  53.698425 0.005000 22.603645
v  50.922180 0.005000 22.603645
v  48.145935 0.005000 22.603645
v  45.369690 0.005000 22.603645
v  42.593445 0.005000 22.603645
v  39.817200 0.005000 22.603645
v  37.040955 0.005000 22.603645
v  34.264709 0.005000 22.603645
# 1285 vertices

vt  0.035499 0.947432 0.000000
vt  0.128399 0.947432 0.000000
vt  0.221299 0.947432 0.000000
vt  0.314200 0.947432 0.000000
vt  0.407100 0.947432 0.000000
vt  0.500000 0.947432 0.000000
vt  0.592900 0.947432 0.000000
vt  0.685800 0.947432 0.000000
vt  0.778700 0.947432 0.000000
vt  0.871601 0.947432 0.000000
vt  0.964501 0.947432 0.000000
vt  0.035499 0.857945 0.000000
vt  0.128399 0.857945 0.000000
vt  0.221299 0.857945 0.000000
vt  0.314200 0.857945 0.000000
vt  0.685800 0.857945 0.000000
vt  0.778700 0.857945 0.000000
vt  0.871601 0.857945 0.000000
vt  0.964501 0.857945 0.000000
vt  0.035499 0.768459 0.000000
vt  0.128399 0.768459 0.000000
vt  0.221299 0.768459 0.000000
vt  0.314200 0.768459 0.000000
vt  0.685800 0.768459 0.000000
vt  0.778700 0.768459 0.000000
vt  0.871601 0.768459 0.000000
vt  0.964501 0.768459 0.000000
vt  0.035499 0.678973 0.000000
vt  0.128399 0.678973 0.000000
vt  0.221299 0.678973 0.000000
vt  0.314200 0.678973 0.000000
vt  0.685800 0.678973 0.000000
vt  0.778700 0.678973 0.000000
vt  0.871601 0.678973 0.000000
vt  0.964501 0.678973 0.000000
vt  0.035499 0.589486 0.000000
vt  0.964501 0.589486 0.000000
vt  0.035499 0.500000 0.000000
vt  0.964501 0.500000 0.000000
vt  0.035499 0.410514 0.000000
vt  0.964501 0.410514 0.000000
vt  0.035499 0.321027 0.000000
vt  0.128399 0.321027 0.000000
vt  0.221299 0.321027 0.000000
vt  0.314200 0.321027 0.000000
vt  0.685800 0.321027 0.000000
vt  0.778700 0.321027 0.000000
vt  0.871601 0.321027 0.000000
vt  0.964501 0.321027 0.000000
vt  0.035499 0.231541 0.000000
vt  0.128399 0.231541 0.000000
vt  0.221299 0.231541 0.000000
vt  0.314200 0.231541 0.000000
vt  0.685800 0.231541 0.000000
vt  0.778700 0.231541 0.000000
vt  0.871601 0.231541 0.000000
vt  0.964501 0.231541 0.000000
vt  0.035499 0.142055 0.000000
vt  0.128399 0.142055 0.000000
vt  0.221299 0.142055 0.000000
vt  0.314200 0.142055 0.000000
vt  0.685800 0.142055 0.000000
vt  0.778700 0.142055 0.000000
vt  0.871601 0.142055 0.000000
vt  0.964501 0.142055 0.000000
vt  0.035499 0.052568 0.000000
vt  0.128399 0.052568 0.000000
vt  0.221299 0.052568 0.000000
vt  0.314200 0.052568 0.000000
vt  0.407100 0.052568 0.000000
vt  0.500000 0.052568 0.000000
vt  0.592900 0.052568 0.000000
vt  0.685800 0.052568 0.000000
vt  0.778700 0.052568 0.000000
vt  0.871601 0.052568 0.000000
vt  0.964501 0.052568 0.000000
vt  0.035499 0.961037 0.000000
vt  0.033121 0.960574 0.000000
vt  0.030905 0.959215 0.000000
vt  0.029002 0.957052 0.000000
vt  0.027542 0.954235 0.000000
vt  0.026624 0.950953 0.000000
vt  0.026311 0.947432 0.000000
vt  0.026311 0.857945 0.000000
vt  0.026311 0.768459 0.000000
vt  0.026311 0.678973 0.000000
vt  0.026311 0.589486 0.000000
vt  0.026311 0.500000 0.000000
vt  0.026311 0.410514 0.000000
vt  0.026311 0.321027 0.000000
vt  0.026311 0.231541 0.000000
vt  0.026311 0.142055 0.000000
vt  0.026311 0.052568 0.000000
vt  0.026624 0.049047 0.000000
vt  0.027542 0.045765 0.000000
vt  0.029002 0.042948 0.000000
vt  0.030905 0.040785 0.000000
vt  0.033121 0.039426 0.000000
vt  0.035499 0.038963 0.000000
vt  0.128399 0.038963 0.000000
vt  0.221299 0.038963 0.000000
vt  0.314200 0.038963 0.000000
vt  0.407100 0.038963 0.000000
vt  0.500000 0.038963 0.000000
vt  0.592900 0.038963 0.000000
vt  0.685800 0.038963 0.000000
vt  0.778700 0.038963 0.000000
vt  0.871601 0.038963 0.000000
vt  0.964501 0.038963 0.000000
vt  0.966879 0.039426 0.000000
vt  0.969095 0.040785 0.000000
vt  0.970998 0.042948 0.000000
vt  0.972458 0.045765 0.000000
vt  0.973376 0.049047 0.000000
vt  0.973689 0.052568 0.000000
vt  0.973689 0.142055 0.000000
vt  0.973689 0.231541 0.000000
vt  0.973689 0.321027 0.000000
vt  0.973689 0.410514 0.000000
vt  0.973689 0.500000 0.000000
vt  0.973689 0.589486 0.000000
vt  0.973689 0.678973 0.000000
vt  0.973689 0.768459 0.000000
vt  0.973689 0.857945 0.000000
vt  0.973689 0.947432 0.000000
vt  0.973376 0.950953 0.000000
vt  0.972458 0.954235 0.000000
vt  0.970998 0.957052 0.000000
vt  0.969095 0.959215 0.000000
vt  0.966879 0.960574 0.000000
vt  0.964501 0.961037 0.000000
vt  0.871601 0.961037 0.000000
vt  0.778700 0.961037 0.000000
vt  0.685800 0.961037 0.000000
vt  0.592900 0.961037 0.000000
vt  0.500000 0.961037 0.000000
vt  0.407100 0.961037 0.000000
vt  0.314200 0.961037 0.000000
vt  0.221300 0.961037 0.000000
vt  0.128399 0.961037 0.000000
vt  0.035499 0.973716 0.000000
vt  0.030905 0.972820 0.000000
vt  0.026624 0.970195 0.000000
vt  0.022948 0.966017 0.000000
vt  0.020128 0.960574 0.000000
vt  0.018354 0.954235 0.000000
vt  0.017750 0.947432 0.000000
vt  0.017750 0.857945 0.000000
vt  0.017750 0.768459 0.000000
vt  0.017750 0.678973 0.000000
vt  0.017750 0.589486 0.000000
vt  0.017750 0.500000 0.000000
vt  0.017750 0.410514 0.000000
vt  0.017750 0.321027 0.000000
vt  0.017750 0.231541 0.000000
vt  0.017750 0.142055 0.000000
vt  0.017750 0.052568 0.000000
vt  0.018354 0.045765 0.000000
vt  0.020128 0.039426 0.000000
vt  0.022948 0.033983 0.000000
vt  0.026624 0.029805 0.000000
vt  0.030905 0.027180 0.000000
vt  0.035499 0.026284 0.000000
vt  0.128399 0.026284 0.000000
vt  0.221299 0.026284 0.000000
vt  0.314200 0.026284 0.000000
vt  0.407100 0.026284 0.000000
vt  0.500000 0.026284 0.000000
vt  0.592900 0.026284 0.000000
vt  0.685800 0.026284 0.000000
vt  0.778700 0.026284 0.000000
vt  0.871601 0.026284 0.000000
vt  0.964501 0.026284 0.000000
vt  0.969095 0.027180 0.000000
vt  0.973376 0.029805 0.000000
vt  0.977052 0.033983 0.000000
vt  0.979872 0.039426 0.000000
vt  0.981646 0.045765 0.000000
vt  0.982250 0.052568 0.000000
vt  0.982250 0.142055 0.000000
vt  0.982250 0.231541 0.000000
vt  0.982250 0.321027 0.000000
vt  0.982250 0.410514 0.000000
vt  0.982250 0.500000 0.000000
vt  0.982250 0.589486 0.000000
vt  0.982250 0.678973 0.000000
vt  0.982250 0.768459 0.000000
vt  0.982250 0.857945 0.000000
vt  0.982250 0.947432 0.000000
vt  0.981646 0.954235 0.000000
vt  0.979872 0.960574 0.000000
vt  0.977052 0.966017 0.000000
vt  0.973376 0.970195 0.000000
vt  0.969095 0.972820 0.000000
vt  0.964501 0.973716 0.000000
vt  0.871601 0.973716 0.000000
vt  0.778700 0.973716 0.000000
vt  0.685800 0.973716 0.000000
vt  0.592900 0.973716 0.000000
vt  0.500000 0.973716 0.000000
vt  0.407100 0.973716 0.000000
vt  0.314200 0.973716 0.000000
vt  0.221300 0.973716 0.000000
vt  0.128399 0.973716 0.000000
vt  0.035499 0.984603 0.000000
vt  0.029002 0.983337 0.000000
vt  0.022948 0.979623 0.000000
vt  0.017750 0.973716 0.000000
vt  0.013760 0.966017 0.000000
vt  0.011253 0.957052 0.000000
vt  0.010397 0.947432 0.000000
vt  0.010397 0.857945 0.000000
vt  0.010397 0.768459 0.000000
vt  0.010397 0.678973 0.000000
vt  0.010397 0.589486 0.000000
vt  0.010397 0.500000 0.000000
vt  0.010397 0.410514 0.000000
vt  0.010397 0.321027 0.000000
vt  0.010397 0.231541 0.000000
vt  0.010397 0.142055 0.000000
vt  0.010397 0.052568 0.000000
vt  0.011253 0.042948 0.000000
vt  0.013760 0.033983 0.000000
vt  0.017750 0.026284 0.000000
vt  0.022948 0.020377 0.000000
vt  0.029002 0.016663 0.000000
vt  0.035499 0.015397 0.000000
vt  0.128399 0.015397 0.000000
vt  0.221299 0.015397 0.000000
vt  0.314200 0.015397 0.000000
vt  0.407100 0.015397 0.000000
vt  0.500000 0.015397 0.000000
vt  0.592900 0.015397 0.000000
vt  0.685800 0.015397 0.000000
vt  0.778700 0.015397 0.000000
vt  0.871601 0.015397 0.000000
vt  0.964501 0.015397 0.000000
vt  0.970998 0.016663 0.000000
vt  0.977052 0.020377 0.000000
vt  0.982250 0.026284 0.000000
vt  0.986240 0.033983 0.000000
vt  0.988747 0.042948 0.000000
vt  0.989603 0.052568 0.000000
vt  0.989603 0.142055 0.000000
vt  0.989603 0.231541 0.000000
vt  0.989603 0.321027 0.000000
vt  0.989603 0.410514 0.000000
vt  0.989603 0.500000 0.000000
vt  0.989603 0.589486 0.000000
vt  0.989603 0.678973 0.000000
vt  0.989603 0.768459 0.000000
vt  0.989603 0.857945 0.000000
vt  0.989603 0.947432 0.000000
vt  0.988747 0.957052 0.000000
vt  0.986240 0.966017 0.000000
vt  0.982250 0.973716 0.000000
vt  0.977052 0.979623 0.000000
vt  0.970998 0.983337 0.000000
vt  0.964501 0.984603 0.000000
vt  0.871601 0.984603 0.000000
vt  0.778700 0.984603 0.000000
vt  0.685800 0.984603 0.000000
vt  0.592900 0.984603 0.000000
vt  0.500000 0.984603 0.000000
vt  0.407100 0.984603 0.000000
vt  0.314200 0.984603 0.000000
vt  0.221300 0.984603 0.000000
vt  0.128399 0.984603 0.000000
vt  0.035499 0.992957 0.000000
vt  0.027542 0.991406 0.000000
vt  0.020128 0.986858 0.000000
vt  0.013760 0.979623 0.000000
vt  0.008875 0.970195 0.000000
vt  0.005804 0.959215 0.000000
vt  0.004756 0.947432 0.000000
vt  0.004756 0.857945 0.000000
vt  0.004756 0.768459 0.000000
vt  0.004756 0.678973 0.000000
vt  0.004756 0.589486 0.000000
vt  0.004756 0.500000 0.000000
vt  0.004756 0.410514 0.000000
vt  0.004756 0.321027 0.000000
vt  0.004756 0.231541 0.000000
vt  0.004756 0.142055 0.000000
vt  0.004756 0.052568 0.000000
vt  0.005804 0.040785 0.000000
vt  0.008875 0.029805 0.000000
vt  0.013760 0.020377 0.000000
vt  0.020128 0.013142 0.000000
vt  0.027542 0.008594 0.000000
vt  0.035499 0.007043 0.000000
vt  0.128399 0.007043 0.000000
vt  0.221299 0.007043 0.000000
vt  0.314200 0.007043 0.000000
vt  0.407100 0.007043 0.000000
vt  0.500000 0.007043 0.000000
vt  0.592900 0.007043 0.000000
vt  0.685800 0.007043 0.000000
vt  0.778700 0.007043 0.000000
vt  0.871601 0.007043 0.000000
vt  0.964501 0.007043 0.000000
vt  0.972458 0.008594 0.000000
vt  0.979872 0.013142 0.000000
vt  0.986240 0.020377 0.000000
vt  0.991125 0.029805 0.000000
vt  0.994196 0.040785 0.000000
vt  0.995244 0.052568 0.000000
vt  0.995244 0.142055 0.000000
vt  0.995244 0.231541 0.000000
vt  0.995244 0.321027 0.000000
vt  0.995244 0.410514 0.000000
vt  0.995244 0.500000 0.000000
vt  0.995244 0.589486 0.000000
vt  0.995244 0.678973 0.000000
vt  0.995244 0.768459 0.000000
vt  0.995244 0.857945 0.000000
vt  0.995244 0.947432 0.000000
vt  0.994196 0.959215 0.000000
vt  0.991125 0.970195 0.000000
vt  0.986240 0.979623 0.000000
vt  0.979872 0.986858 0.000000
vt  0.972458 0.991406 0.000000
vt  0.964501 0.992957 0.000000
vt  0.871601 0.992957 0.000000
vt  0.778700 0.992957 0.000000
vt  0.685800 0.992957 0.000000
vt  0.592900 0.992957 0.000000
vt  0.500000 0.992957 0.000000
vt  0.407100 0.992957 0.000000
vt  0.314200 0.992957 0.000000
vt  0.221300 0.992957 0.000000
vt  0.128399 0.992957 0.000000
vt  0.035499 0.998209 0.000000
vt  0.026624 0.996479 0.000000
vt  0.018354 0.991406 0.000000
vt  0.011253 0.983337 0.000000
vt  0.005804 0.972820 0.000000
vt  0.002378 0.960574 0.000000
vt  0.001210 0.947432 0.000000
vt  0.001210 0.857945 0.000000
vt  0.001210 0.768459 0.000000
vt  0.001210 0.678973 0.000000
vt  0.001210 0.589486 0.000000
vt  0.001210 0.500000 0.000000
vt  0.001210 0.410514 0.000000
vt  0.001210 0.321027 0.000000
vt  0.001210 0.231541 0.000000
vt  0.001210 0.142055 0.000000
vt  0.001210 0.052568 0.000000
vt  0.002378 0.039426 0.000000
vt  0.005804 0.027180 0.000000
vt  0.011253 0.016663 0.000000
vt  0.018354 0.008594 0.000000
vt  0.026624 0.003521 0.000000
vt  0.035499 0.001791 0.000000
vt  0.128399 0.001791 0.000000
vt  0.221299 0.001791 0.000000
vt  0.314200 0.001791 0.000000
vt  0.407100 0.001791 0.000000
vt  0.500000 0.001791 0.000000
vt  0.592900 0.001791 0.000000
vt  0.685800 0.001791 0.000000
vt  0.778700 0.001791 0.000000
vt  0.871601 0.001791 0.000000
vt  0.964501 0.001791 0.000000
vt  0.973376 0.003521 0.000000
vt  0.981646 0.008594 0.000000
vt  0.988747 0.016663 0.000000
vt  0.994196 0.027180 0.000000
vt  0.997622 0.039426 0.000000
vt  0.998790 0.052568 0.000000
vt  0.998790 0.142055 0.000000
vt  0.998790 0.231541 0.000000
vt  0.998790 0.321027 0.000000
vt  0.998790 0.410514 0.000000
vt  0.998790 0.500000 0.000000
vt  0.998790 0.589486 0.000000
vt  0.998790 0.678973 0.000000
vt  0.998790 0.768459 0.000000
vt  0.998790 0.857945 0.000000
vt  0.998790 0.947432 0.000000
vt  0.997622 0.960574 0.000000
vt  0.994196 0.972820 0.000000
vt  0.988747 0.983337 0.000000
vt  0.981646 0.991406 0.000000
vt  0.973376 0.996479 0.000000
vt  0.964501 0.998209 0.000000
vt  0.871601 0.998209 0.000000
vt  0.778700 0.998209 0.000000
vt  0.685800 0.998209 0.000000
vt  0.592900 0.998209 0.000000
vt  0.500000 0.998209 0.000000
vt  0.407100 0.998209 0.000000
vt  0.314200 0.998209 0.000000
vt  0.221300 0.998209 0.000000
vt  0.128399 0.998209 0.000000
vt  0.035499 1.000000 0.000000
vt  0.026311 0.998209 0.000000
vt  0.017750 0.992957 0.000000
vt  0.010397 0.984603 0.000000
vt  0.004756 0.973716 0.000000
vt  0.001210 0.961037 0.000000
vt  0.000000 0.947432 0.000000
vt  0.000000 0.857945 0.000000
vt  0.000000 0.768459 0.000000
vt  0.000000 0.678973 0.000000
vt  0.000000 0.589486 0.000000
vt  0.000000 0.500000 0.000000
vt  0.000000 0.410514 0.000000
vt  0.000000 0.321027 0.000000
vt  0.000000 0.231541 0.000000
vt  0.000000 0.142055 0.000000
vt  0.000000 0.052568 0.000000
vt  0.001210 0.038963 0.000000
vt  0.004756 0.026284 0.000000
vt  0.010397 0.015397 0.000000
vt  0.017750 0.007043 0.000000
vt  0.026311 0.001791 0.000000
vt  0.035499 0.000000 0.000000
vt  0.128399 0.000000 0.000000
vt  0.221299 0.000000 0.000000
vt  0.314200 0.000000 0.000000
vt  0.407100 0.000000 0.000000
vt  0.500000 0.000000 0.000000
vt  0.592900 0.000000 0.000000
vt  0.685800 0.000000 0.000000
vt  0.778700 0.000000 0.000000
vt  0.871601 0.000000 0.000000
vt  0.964501 0.000000 0.000000
vt  0.973689 0.001791 0.000000
vt  0.982250 0.007043 0.000000
vt  0.989603 0.015397 0.000000
vt  0.995244 0.026284 0.000000
vt  0.998790 0.038963 0.000000
vt  1.000000 0.052568 0.000000
vt  1.000000 0.142055 0.000000
vt  1.000000 0.231541 0.000000
vt  1.000000 0.321027 0.000000
vt  1.000000 0.410514 0.000000
vt  1.000000 0.500000 0.000000
vt  1.000000 0.589486 0.000000
vt  1.000000 0.678973 0.000000
vt  1.000000 0.768459 0.000000
vt  1.000000 0.857945 0.000000
vt  1.000000 0.947432 0.000000
vt  0.998790 0.961037 0.000000
vt  0.995244 0.973716 0.000000
vt  0.989603 0.984603 0.000000
vt  0.982250 0.992957 0.000000
vt  0.973689 0.998209 0.000000
vt  0.964501 1.000000 0.000000
vt  0.871601 1.000000 0.000000
vt  0.778700 1.000000 0.000000
vt  0.685800 1.000000 0.000000
vt  0.592900 1.000000 0.000000
vt  0.500000 1.000000 0.000000
vt  0.407100 1.000000 0.000000
vt  0.314200 1.000000 0.000000
vt  0.221300 1.000000 0.000000
vt  0.128399 1.000000 0.000000
vt  0.000000 1.000000 0.000000
vt  0.002701 1.000000 0.000000
vt  0.005402 1.000000 0.000000
vt  0.008103 1.000000 0.000000
vt  0.010804 1.000000 0.000000
vt  0.013505 1.000000 0.000000
vt  0.016206 1.000000 0.000000
vt  0.033819 1.000000 0.000000
vt  0.051432 1.000000 0.000000
vt  0.069045 1.000000 0.000000
vt  0.086658 1.000000 0.000000
vt  0.104270 1.000000 0.000000
vt  0.121883 1.000000 0.000000
vt  0.139496 1.000000 0.000000
vt  0.157109 1.000000 0.000000
vt  0.174722 1.000000 0.000000
vt  0.192335 1.000000 0.000000
vt  0.195036 1.000000 0.000000
vt  0.197737 1.000000 0.000000
vt  0.200438 1.000000 0.000000
vt  0.203139 1.000000 0.000000
vt  0.205840 1.000000 0.000000
vt  0.208541 1.000000 0.000000
vt  0.235617 1.000000 0.000000
vt  0.262694 1.000000 0.000000
vt  0.289771 1.000000 0.000000
vt  0.316847 1.000000 0.000000
vt  0.343924 1.000000 0.000000
vt  0.371000 1.000000 0.000000
vt  0.398077 1.000000 0.000000
vt  0.425154 1.000000 0.000000
vt  0.452230 1.000000 0.000000
vt  0.479307 1.000000 0.000000
vt  0.482008 1.000000 0.000000
vt  0.484709 1.000000 0.000000
vt  0.487410 1.000000 0.000000
vt  0.490111 1.000000 0.000000
vt  0.492812 1.000000 0.000000
vt  0.495513 1.000000 0.000000
vt  0.513126 1.000000 0.000000
vt  0.530739 1.000000 0.000000
vt  0.548351 1.000000 0.000000
vt  0.565964 1.000000 0.000000
vt  0.583577 1.000000 0.000000
vt  0.601190 1.000000 0.000000
vt  0.618803 1.000000 0.000000
vt  0.636416 1.000000 0.000000
vt  0.654029 1.000000 0.000000
vt  0.671642 1.000000 0.000000
vt  0.674343 1.000000 0.000000
vt  0.677044 1.000000 0.000000
vt  0.679745 1.000000 0.000000
vt  0.682446 1.000000 0.000000
vt  0.685147 1.000000 0.000000
vt  0.687848 1.000000 0.000000
vt  0.714924 1.000000 0.000000
vt  0.742001 1.000000 0.000000
vt  0.769077 1.000000 0.000000
vt  0.796154 1.000000 0.000000
vt  0.823231 1.000000 0.000000
vt  0.850307 1.000000 0.000000
vt  0.877384 1.000000 0.000000
vt  0.904461 1.000000 0.000000
vt  0.931537 1.000000 0.000000
vt  0.000000 0.833333 0.000000
vt  0.002701 0.833333 0.000000
vt  0.005402 0.833333 0.000000
vt  0.008103 0.833333 0.000000
vt  0.010804 0.833333 0.000000
vt  0.013505 0.833333 0.000000
vt  0.016206 0.833333 0.000000
vt  0.033819 0.833333 0.000000
vt  0.051432 0.833333 0.000000
vt  0.069045 0.833333 0.000000
vt  0.086658 0.833333 0.000000
vt  0.104270 0.833333 0.000000
vt  0.121883 0.833333 0.000000
vt  0.139496 0.833333 0.000000
vt  0.157109 0.833333 0.000000
vt  0.174722 0.833333 0.000000
vt  0.192335 0.833333 0.000000
vt  0.195036 0.833333 0.000000
vt  0.197737 0.833333 0.000000
vt  0.200438 0.833333 0.000000
vt  0.203139 0.833333 0.000000
vt  0.205840 0.833333 0.000000
vt  0.208541 0.833333 0.000000
vt  0.235617 0.833333 0.000000
vt  0.262694 0.833333 0.000000
vt  0.289771 0.833333 0.000000
vt  0.316847 0.833333 0.000000
vt  0.343924 0.833333 0.000000
vt  0.371000 0.833333 0.000000
vt  0.398077 0.833333 0.000000
vt  0.425154 0.833333 0.000000
vt  0.452230 0.833333 0.000000
vt  0.479307 0.833333 0.000000
vt  0.482008 0.833333 0.000000
vt  0.484709 0.833333 0.000000
vt  0.487410 0.833333 0.000000
vt  0.490111 0.833333 0.000000
vt  0.492812 0.833333 0.000000
vt  0.495513 0.833333 0.000000
vt  0.513126 0.833333 0.000000
vt  0.530739 0.833333 0.000000
vt  0.548351 0.833333 0.000000
vt  0.565964 0.833333 0.000000
vt  0.583577 0.833333 0.000000
vt  0.601190 0.833333 0.000000
vt  0.618803 0.833333 0.000000
vt  0.636416 0.833333 0.000000
vt  0.654029 0.833333 0.000000
vt  0.671642 0.833333 0.000000
vt  0.674343 0.833333 0.000000
vt  0.677044 0.833333 0.000000
vt  0.679745 0.833333 0.000000
vt  0.682446 0.833333 0.000000
vt  0.685147 0.833333 0.000000
vt  0.687848 0.833333 0.000000
vt  0.714924 0.833333 0.000000
vt  0.742001 0.833333 0.000000
vt  0.769077 0.833333 0.000000
vt  0.796154 0.833333 0.000000
vt  0.823231 0.833333 0.000000
vt  0.850307 0.833333 0.000000
vt  0.877384 0.833333 0.000000
vt  0.904461 0.833333 0.000000
vt  0.931537 0.833333 0.000000
vt  0.000000 0.666667 0.000000
vt  0.002701 0.666667 0.000000
vt  0.005402 0.666667 0.000000
vt  0.008103 0.666667 0.000000
vt  0.010804 0.666667 0.000000
vt  0.013505 0.666667 0.000000
vt  0.016206 0.666667 0.000000
vt  0.033819 0.666667 0.000000
vt  0.051432 0.666667 0.000000
vt  0.069045 0.666667 0.000000
vt  0.086658 0.666667 0.000000
vt  0.104270 0.666667 0.000000
vt  0.121883 0.666667 0.000000
vt  0.139496 0.666667 0.000000
vt  0.157109 0.666667 0.000000
vt  0.174722 0.666667 0.000000
vt  0.192335 0.666667 0.000000
vt  0.195036 0.666667 0.000000
vt  0.197737 0.666667 0.000000
vt  0.200438 0.666667 0.000000
vt  0.203139 0.666667 0.000000
vt  0.205840 0.666667 0.000000
vt  0.208541 0.666667 0.000000
vt  0.235617 0.666667 0.000000
vt  0.262694 0.666667 0.000000
vt  0.289771 0.666667 0.000000
vt  0.316847 0.666667 0.000000
vt  0.343924 0.666667 0.000000
vt  0.371000 0.666667 0.000000
vt  0.398077 0.666667 0.000000
vt  0.425154 0.666667 0.000000
vt  0.452230 0.666667 0.000000
vt  0.479307 0.666667 0.000000
vt  0.482008 0.666667 0.000000
vt  0.484709 0.666667 0.000000
vt  0.487410 0.666667 0.000000
vt  0.490111 0.666667 0.000000
vt  0.492812 0.666667 0.000000
vt  0.495513 0.666667 0.000000
vt  0.513126 0.666667 0.000000
vt  0.530739 0.666667 0.000000
vt  0.548351 0.666667 0.000000
vt  0.565964 0.666667 0.000000
vt  0.583577 0.666667 0.000000
vt  0.601190 0.666667 0.000000
vt  0.618803 0.666667 0.000000
vt  0.636416 0.666667 0.000000
vt  0.654029 0.666667 0.000000
vt  0.671642 0.666667 0.000000
vt  0.674343 0.666667 0.000000
vt  0.677044 0.666667 0.000000
vt  0.679745 0.666667 0.000000
vt  0.682446 0.666667 0.000000
vt  0.685147 0.666667 0.000000
vt  0.687848 0.666667 0.000000
vt  0.714924 0.666667 0.000000
vt  0.742001 0.666667 0.000000
vt  0.769077 0.666667 0.000000
vt  0.796154 0.666667 0.000000
vt  0.823231 0.666667 0.000000
vt  0.850307 0.666667 0.000000
vt  0.877384 0.666667 0.000000
vt  0.904461 0.666667 0.000000
vt  0.931537 0.666667 0.000000
vt  0.000000 0.500000 0.000000
vt  0.002701 0.500000 0.000000
vt  0.005402 0.500000 0.000000
vt  0.008103 0.500000 0.000000
vt  0.010804 0.500000 0.000000
vt  0.013505 0.500000 0.000000
vt  0.016206 0.500000 0.000000
vt  0.033819 0.500000 0.000000
vt  0.051432 0.500000 0.000000
vt  0.069045 0.500000 0.000000
vt  0.086658 0.500000 0.000000
vt  0.104270 0.500000 0.000000
vt  0.121883 0.500000 0.000000
vt  0.139496 0.500000 0.000000
vt  0.157109 0.500000 0.000000
vt  0.174722 0.500000 0.000000
vt  0.192335 0.500000 0.000000
vt  0.195036 0.500000 0.000000
vt  0.197737 0.500000 0.000000
vt  0.200438 0.500000 0.000000
vt  0.203139 0.500000 0.000000
vt  0.205840 0.500000 0.000000
vt  0.208541 0.500000 0.000000
vt  0.235617 0.500000 0.000000
vt  0.262694 0.500000 0.000000
vt  0.289771 0.500000 0.000000
vt  0.316847 0.500000 0.000000
vt  0.343924 0.500000 0.000000
vt  0.371000 0.500000 0.000000
vt  0.398077 0.500000 0.000000
vt  0.425154 0.500000 0.000000
vt  0.452230 0.500000 0.000000
vt  0.479307 0.500000 0.000000
vt  0.482008 0.500000 0.000000
vt  0.484709 0.500000 0.000000
vt  0.487410 0.500000 0.000000
vt  0.490111 0.500000 0.000000
vt  0.492812 0.500000 0.000000
vt  0.495513 0.500000 0.000000
vt  0.513126 0.500000 0.000000
vt  0.530739 0.500000 0.000000
vt  0.548351 0.500000 0.000000
vt  0.565964 0.500000 0.000000
vt  0.583577 0.500000 0.000000
vt  0.601190 0.500000 0.000000
vt  0.618803 0.500000 0.000000
vt  0.636416 0.500000 0.000000
vt  0.654029 0.500000 0.000000
vt  0.671642 0.500000 0.000000
vt  0.674343 0.500000 0.000000
vt  0.677044 0.500000 0.000000
vt  0.679745 0.500000 0.000000
vt  0.682446 0.500000 0.000000
vt  0.685147 0.500000 0.000000
vt  0.687848 0.500000 0.000000
vt  0.714924 0.500000 0.000000
vt  0.742001 0.500000 0.000000
vt  0.769077 0.500000 0.000000
vt  0.796154 0.500000 0.000000
vt  0.823231 0.500000 0.000000
vt  0.850307 0.500000 0.000000
vt  0.877384 0.500000 0.000000
vt  0.904461 0.500000 0.000000
vt  0.931537 0.500000 0.000000
vt  0.000000 0.333333 0.000000
vt  0.002701 0.333333 0.000000
vt  0.005402 0.333333 0.000000
vt  0.008103 0.333333 0.000000
vt  0.010804 0.333333 0.000000
vt  0.013505 0.333333 0.000000
vt  0.016206 0.333333 0.000000
vt  0.033819 0.333333 0.000000
vt  0.051432 0.333333 0.000000
vt  0.069045 0.333333 0.000000
vt  0.086658 0.333333 0.000000
vt  0.104270 0.333333 0.000000
vt  0.121883 0.333333 0.000000
vt  0.139496 0.333333 0.000000
vt  0.157109 0.333333 0.000000
vt  0.174722 0.333333 0.000000
vt  0.192335 0.333333 0.000000
vt  0.195036 0.333333 0.000000
vt  0.197737 0.333333 0.000000
vt  0.200438 0.333333 0.000000
vt  0.203139 0.333333 0.000000
vt  0.205840 0.333333 0.000000
vt  0.208541 0.333333 0.000000
vt  0.235617 0.333333 0.000000
vt  0.262694 0.333333 0.000000
vt  0.289771 0.333333 0.000000
vt  0.316847 0.333333 0.000000
vt  0.343924 0.333333 0.000000
vt  0.371000 0.333333 0.000000
vt  0.398077 0.333333 0.000000
vt  0.425154 0.333333 0.000000
vt  0.452230 0.333333 0.000000
vt  0.479307 0.333333 0.000000
vt  0.482008 0.333333 0.000000
vt  0.484709 0.333333 0.000000
vt  0.487410 0.333333 0.000000
vt  0.490111 0.333333 0.000000
vt  0.492812 0.333333 0.000000
vt  0.495513 0.333333 0.000000
vt  0.513126 0.333333 0.000000
vt  0.530739 0.333333 0.000000
vt  0.548351 0.333333 0.000000
vt  0.565964 0.333333 0.000000
vt  0.583577 0.333333 0.000000
vt  0.601190 0.333333 0.000000
vt  0.618803 0.333333 0.000000
vt  0.636416 0.333333 0.000000
vt  0.654029 0.333333 0.000000
vt  0.671642 0.333333 0.000000
vt  0.674343 0.333333 0.000000
vt  0.677044 0.333333 0.000000
vt  0.679745 0.333333 0.000000
vt  0.682446 0.333333 0.000000
vt  0.685147 0.333333 0.000000
vt  0.687848 0.333333 0.000000
vt  0.714924 0.333333 0.000000
vt  0.742001 0.333333 0.000000
vt  0.769077 0.333333 0.000000
vt  0.796154 0.333333 0.000000
vt  0.823231 0.333333 0.000000
vt  0.850307 0.333333 0.000000
vt  0.877384 0.333333 0.000000
vt  0.904461 0.333333 0.000000
vt  0.931537 0.333333 0.000000
vt  0.000000 0.166667 0.000000
vt  0.002701 0.166667 0.000000
vt  0.005402 0.166667 0.000000
vt  0.008103 0.166667 0.000000
vt  0.010804 0.166667 0.000000
vt  0.013505 0.166667 0.000000
vt  0.016206 0.166667 0.000000
vt  0.033819 0.166667 0.000000
vt  0.051432 0.166667 0.000000
vt  0.069045 0.166667 0.000000
vt  0.086658 0.166667 0.000000
vt  0.104270 0.166667 0.000000
vt  0.121883 0.166667 0.000000
vt  0.139496 0.166667 0.000000
vt  0.157109 0.166667 0.000000
vt  0.174722 0.166667 0.000000
vt  0.192335 0.166667 0.000000
vt  0.195036 0.166667 0.000000
vt  0.197737 0.166667 0.000000
vt  0.200438 0.166667 0.000000
vt  0.203139 0.166667 0.000000
vt  0.205840 0.166667 0.000000
vt  0.208541 0.166667 0.000000
vt  0.235617 0.166667 0.000000
vt  0.262694 0.166667 0.000000
vt  0.289771 0.166667 0.000000
vt  0.316847 0.166667 0.000000
vt  0.343924 0.166667 0.000000
vt  0.371000 0.166667 0.000000
vt  0.398077 0.166667 0.000000
vt  0.425154 0.166667 0.000000
vt  0.452230 0.166667 0.000000
vt  0.479307 0.166667 0.000000
vt  0.482008 0.166667 0.000000
vt  0.484709 0.166667 0.000000
vt  0.487410 0.166667 0.000000
vt  0.490111 0.166667 0.000000
vt  0.492812 0.166667 0.000000
vt  0.495513 0.166667 0.000000
vt  0.513126 0.166667 0.000000
vt  0.530739 0.166667 0.000000
vt  0.548351 0.166667 0.000000
vt  0.565964 0.166667 0.000000
vt  0.583577 0.166667 0.000000
vt  0.601190 0.166667 0.000000
vt  0.618803 0.166667 0.000000
vt  0.636416 0.166667 0.000000
vt  0.654029 0.166667 0.000000
vt  0.671642 0.166667 0.000000
vt  0.674343 0.166667 0.000000
vt  0.677044 0.166667 0.000000
vt  0.679745 0.166667 0.000000
vt  0.682446 0.166667 0.000000
vt  0.685147 0.166667 0.000000
vt  0.687848 0.166667 0.000000
vt  0.714924 0.166667 0.000000
vt  0.742001 0.166667 0.000000
vt  0.769077 0.166667 0.000000
vt  0.796154 0.166667 0.000000
vt  0.823231 0.166667 0.000000
vt  0.850307 0.166667 0.000000
vt  0.877384 0.166667 0.000000
vt  0.904461 0.166667 0.000000
vt  0.931537 0.166667 0.000000
vt  0.000000 0.000000 0.000000
vt  0.002701 0.000000 0.000000
vt  0.005402 0.000000 0.000000
vt  0.008103 0.000000 0.000000
vt  0.010804 0.000000 0.000000
vt  0.013505 0.000000 0.000000
vt  0.016206 0.000000 0.000000
vt  0.033819 0.000000 0.000000
vt  0.051432 0.000000 0.000000
vt  0.069045 0.000000 0.000000
vt  0.086658 0.000000 0.000000
vt  0.104270 0.000000 0.000000
vt  0.121883 0.000000 0.000000
vt  0.139496 0.000000 0.000000
vt  0.157109 0.000000 0.000000
vt  0.174722 0.000000 0.000000
vt  0.192335 0.000000 0.000000
vt  0.195036 0.000000 0.000000
vt  0.197737 0.000000 0.000000
vt  0.200438 0.000000 0.000000
vt  0.203139 0.000000 0.000000
vt  0.205840 0.000000 0.000000
vt  0.208541 0.000000 0.000000
vt  0.235617 0.000000 0.000000
vt  0.262694 0.000000 0.000000
vt  0.289771 0.000000 0.000000
vt  0.316847 0.000000 0.000000
vt  0.343924 0.000000 0.000000
vt  0.371000 0.000000 0.000000
vt  0.398077 0.000000 0.000000
vt  0.425154 0.000000 0.000000
vt  0.452230 0.000000 0.000000
vt  0.479307 0.000000 0.000000
vt  0.482008 0.000000 0.000000
vt  0.484709 0.000000 0.000000
vt  0.487410 0.000000 0.000000
vt  0.490111 0.000000 0.000000
vt  0.492812 0.000000 0.000000
vt  0.495513 0.000000 0.000000
vt  0.513126 0.000000 0.000000
vt  0.530739 0.000000 0.000000
vt  0.548351 0.000000 0.000000
vt  0.565964 0.000000 0.000000
vt  0.583577 0.000000 0.000000
vt  0.601190 0.000000 0.000000
vt  0.618803 0.000000 0.000000
vt  0.636416 0.000000 0.000000
vt  0.654029 0.000000 0.000000
vt  0.671642 0.000000 0.000000
vt  0.674343 0.000000 0.000000
vt  0.677044 0.000000 0.000000
vt  0.679745 0.000000 0.000000
vt  0.682446 0.000000 0.000000
vt  0.685147 0.000000 0.000000
vt  0.687848 0.000000 0.000000
vt  0.714924 0.000000 0.000000
vt  0.742001 0.000000 0.000000
vt  0.769077 0.000000 0.000000
vt  0.796154 0.000000 0.000000
vt  0.823231 0.000000 0.000000
vt  0.850307 0.000000 0.000000
vt  0.877384 0.000000 0.000000
vt  0.904461 0.000000 0.000000
vt  0.931537 0.000000 0.000000
vt  0.035499 0.000000 0.000000
vt  0.026311 0.001791 0.000000
vt  0.017750 0.007043 0.000000
vt  0.010397 0.015397 0.000000
vt  0.004756 0.026284 0.000000
vt  0.001210 0.038963 0.000000
vt  0.000000 0.052568 0.000000
vt  0.000000 0.142055 0.000000
vt  0.000000 0.231541 0.000000
vt  0.000000 0.321027 0.000000
vt  0.000000 0.410514 0.000000
vt  0.000000 0.500000 0.000000
vt  0.000000 0.589486 0.000000
vt  0.000000 0.678973 0.000000
vt  0.000000 0.768459 0.000000
vt  0.000000 0.857945 0.000000
vt  0.000000 0.947432 0.000000
vt  0.001210 0.961037 0.000000
vt  0.004756 0.973716 0.000000
vt  0.010397 0.984603 0.000000
vt  0.017750 0.992957 0.000000
vt  0.026311 0.998209 0.000000
vt  0.035499 1.000000 0.000000
vt  0.128399 1.000000 0.000000
vt  0.221299 1.000000 0.000000
vt  0.314200 1.000000 0.000000
vt  0.407100 1.000000 0.000000
vt  0.500000 1.000000 0.000000
vt  0.592900 1.000000 0.000000
vt  0.685800 1.000000 0.000000
vt  0.778700 1.000000 0.000000
vt  0.871601 1.000000 0.000000
vt  0.964501 1.000000 0.000000
vt  0.973689 0.998209 0.000000
vt  0.982250 0.992957 0.000000
vt  0.989603 0.984603 0.000000
vt  0.995244 0.973716 0.000000
vt  0.998790 0.961037 0.000000
vt  1.000000 0.947432 0.000000
vt  1.000000 0.857945 0.000000
vt  1.000000 0.768459 0.000000
vt  1.000000 0.678973 0.000000
vt  1.000000 0.589486 0.000000
vt  1.000000 0.500000 0.000000
vt  1.000000 0.410514 0.000000
vt  1.000000 0.321027 0.000000
vt  1.000000 0.231541 0.000000
vt  1.000000 0.142055 0.000000
vt  1.000000 0.052568 0.000000
vt  0.998790 0.038963 0.000000
vt  0.995244 0.026284 0.000000
vt  0.989603 0.015397 0.000000
vt  0.982250 0.007043 0.000000
vt  0.973689 0.001791 0.000000
vt  0.964501 0.000000 0.000000
vt  0.871601 0.000000 0.000000
vt  0.778700 0.000000 0.000000
vt  0.685800 0.000000 0.000000
vt  0.592900 0.000000 0.000000
vt  0.500000 0.000000 0.000000
vt  0.407100 0.000000 0.000000
vt  0.314200 0.000000 0.000000
vt  0.221300 0.000000 0.000000
vt  0.128399 0.000000 0.000000
vt  0.035499 0.001791 0.000000
vt  0.026624 0.003521 0.000000
vt  0.018354 0.008594 0.000000
vt  0.011253 0.016663 0.000000
vt  0.005804 0.027180 0.000000
vt  0.002378 0.039426 0.000000
vt  0.001210 0.052568 0.000000
vt  0.001210 0.142055 0.000000
vt  0.001210 0.231541 0.000000
vt  0.001210 0.321027 0.000000
vt  0.001210 0.410514 0.000000
vt  0.001210 0.500000 0.000000
vt  0.001210 0.589486 0.000000
vt  0.001210 0.678973 0.000000
vt  0.001210 0.768459 0.000000
vt  0.001210 0.857945 0.000000
vt  0.001210 0.947432 0.000000
vt  0.002378 0.960574 0.000000
vt  0.005804 0.972820 0.000000
vt  0.011253 0.983337 0.000000
vt  0.018354 0.991406 0.000000
vt  0.026624 0.996479 0.000000
vt  0.035499 0.998209 0.000000
vt  0.128399 0.998209 0.000000
vt  0.221299 0.998209 0.000000
vt  0.314200 0.998209 0.000000
vt  0.407100 0.998209 0.000000
vt  0.500000 0.998209 0.000000
vt  0.592900 0.998209 0.000000
vt  0.685800 0.998209 0.000000
vt  0.778700 0.998209 0.000000
vt  0.871601 0.998209 0.000000
vt  0.964501 0.998209 0.000000
vt  0.973376 0.996479 0.000000
vt  0.981646 0.991406 0.000000
vt  0.988747 0.983337 0.000000
vt  0.994196 0.972820 0.000000
vt  0.997622 0.960574 0.000000
vt  0.998790 0.947432 0.000000
vt  0.998790 0.857945 0.000000
vt  0.998790 0.768459 0.000000
vt  0.998790 0.678973 0.000000
vt  0.998790 0.589486 0.000000
vt  0.998790 0.500000 0.000000
vt  0.998790 0.410514 0.000000
vt  0.998790 0.321027 0.000000
vt  0.998790 0.231541 0.000000
vt  0.998790 0.142055 0.000000
vt  0.998790 0.052568 0.000000
vt  0.997622 0.039426 0.000000
vt  0.994196 0.027180 0.000000
vt  0.988747 0.016663 0.000000
vt  0.981646 0.008594 0.000000
vt  0.973376 0.003521 0.000000
vt  0.964501 0.001791 0.000000
vt  0.871601 0.001791 0.000000
vt  0.778700 0.001791 0.000000
vt  0.685800 0.001791 0.000000
vt  0.592900 0.001791 0.000000
vt  0.500000 0.001791 0.000000
vt  0.407100 0.001791 0.000000
vt  0.314200 0.001791 0.000000
vt  0.221300 0.001791 0.000000
vt  0.128399 0.001791 0.000000
vt  0.035499 0.007043 0.000000
vt  0.027542 0.008594 0.000000
vt  0.020128 0.013142 0.000000
vt  0.013760 0.020377 0.000000
vt  0.008875 0.029805 0.000000
vt  0.005804 0.040785 0.000000
vt  0.004756 0.052568 0.000000
vt  0.004756 0.142055 0.000000
vt  0.004756 0.231541 0.000000
vt  0.004756 0.321027 0.000000
vt  0.004756 0.410514 0.000000
vt  0.004756 0.500000 0.000000
vt  0.004756 0.589486 0.000000
vt  0.004756 0.678973 0.000000
vt  0.004756 0.768459 0.000000
vt  0.004756 0.857945 0.000000
vt  0.004756 0.947432 0.000000
vt  0.005804 0.959215 0.000000
vt  0.008875 0.970195 0.000000
vt  0.013760 0.979623 0.000000
vt  0.020128 0.986858 0.000000
vt  0.027542 0.991406 0.000000
vt  0.035499 0.992957 0.000000
vt  0.128399 0.992957 0.000000
vt  0.221299 0.992957 0.000000
vt  0.314200 0.992957 0.000000
vt  0.407100 0.992957 0.000000
vt  0.500000 0.992957 0.000000
vt  0.592900 0.992957 0.000000
vt  0.685800 0.992957 0.000000
vt  0.778700 0.992957 0.000000
vt  0.871601 0.992957 0.000000
vt  0.964501 0.992957 0.000000
vt  0.972458 0.991406 0.000000
vt  0.979872 0.986858 0.000000
vt  0.986240 0.979623 0.000000
vt  0.991125 0.970195 0.000000
vt  0.994196 0.959215 0.000000
vt  0.995244 0.947432 0.000000
vt  0.995244 0.857945 0.000000
vt  0.995244 0.768459 0.000000
vt  0.995244 0.678973 0.000000
vt  0.995244 0.589486 0.000000
vt  0.995244 0.500000 0.000000
vt  0.995244 0.410514 0.000000
vt  0.995244 0.321027 0.000000
vt  0.995244 0.231541 0.000000
vt  0.995244 0.142055 0.000000
vt  0.995244 0.052568 0.000000
vt  0.994196 0.040785 0.000000
vt  0.991125 0.029805 0.000000
vt  0.986240 0.020377 0.000000
vt  0.979872 0.013142 0.000000
vt  0.972458 0.008594 0.000000
vt  0.964501 0.007043 0.000000
vt  0.871601 0.007043 0.000000
vt  0.778700 0.007043 0.000000
vt  0.685800 0.007043 0.000000
vt  0.592900 0.007043 0.000000
vt  0.500000 0.007043 0.000000
vt  0.407100 0.007043 0.000000
vt  0.314200 0.007043 0.000000
vt  0.221300 0.007043 0.000000
vt  0.128399 0.007043 0.000000
vt  0.035499 0.015397 0.000000
vt  0.029002 0.016663 0.000000
vt  0.022948 0.020377 0.000000
vt  0.017750 0.026284 0.000000
vt  0.013760 0.033983 0.000000
vt  0.011253 0.042948 0.000000
vt  0.010397 0.052568 0.000000
vt  0.010397 0.142055 0.000000
vt  0.010397 0.231541 0.000000
vt  0.010397 0.321027 0.000000
vt  0.010397 0.410514 0.000000
vt  0.010397 0.500000 0.000000
vt  0.010397 0.589486 0.000000
vt  0.010397 0.678973 0.000000
vt  0.010397 0.768459 0.000000
vt  0.010397 0.857945 0.000000
vt  0.010397 0.947432 0.000000
vt  0.011253 0.957052 0.000000
vt  0.013760 0.966017 0.000000
vt  0.017750 0.973716 0.000000
vt  0.022948 0.979623 0.000000
vt  0.029002 0.983337 0.000000
vt  0.035499 0.984603 0.000000
vt  0.128399 0.984603 0.000000
vt  0.221299 0.984603 0.000000
vt  0.314200 0.984603 0.000000
vt  0.407100 0.984603 0.000000
vt  0.500000 0.984603 0.000000
vt  0.592900 0.984603 0.000000
vt  0.685800 0.984603 0.000000
vt  0.778700 0.984603 0.000000
vt  0.871601 0.984603 0.000000
vt  0.964501 0.984603 0.000000
vt  0.970998 0.983337 0.000000
vt  0.977052 0.979623 0.000000
vt  0.982250 0.973716 0.000000
vt  0.986240 0.966017 0.000000
vt  0.988747 0.957052 0.000000
vt  0.989603 0.947432 0.000000
vt  0.989603 0.857945 0.000000
vt  0.989603 0.768459 0.000000
vt  0.989603 0.678973 0.000000
vt  0.989603 0.589486 0.000000
vt  0.989603 0.500000 0.000000
vt  0.989603 0.410514 0.000000
vt  0.989603 0.321027 0.000000
vt  0.989603 0.231541 0.000000
vt  0.989603 0.142055 0.000000
vt  0.989603 0.052568 0.000000
vt  0.988747 0.042948 0.000000
vt  0.986240 0.033983 0.000000
vt  0.982250 0.026284 0.000000
vt  0.977052 0.020377 0.000000
vt  0.970998 0.016663 0.000000
vt  0.964501 0.015397 0.000000
vt  0.871601 0.015397 0.000000
vt  0.778700 0.015397 0.000000
vt  0.685800 0.015397 0.000000
vt  0.592900 0.015397 0.000000
vt  0.500000 0.015397 0.000000
vt  0.407100 0.015397 0.000000
vt  0.314200 0.015397 0.000000
vt  0.221300 0.015397 0.000000
vt  0.128399 0.015397 0.000000
vt  0.035499 0.026284 0.000000
vt  0.030905 0.027180 0.000000
vt  0.026624 0.029805 0.000000
vt  0.022948 0.033983 0.000000
vt  0.020128 0.039426 0.000000
vt  0.018354 0.045765 0.000000
vt  0.017750 0.052568 0.000000
vt  0.017750 0.142055 0.000000
vt  0.017750 0.231541 0.000000
vt  0.017750 0.321027 0.000000
vt  0.017750 0.410514 0.000000
vt  0.017750 0.500000 0.000000
vt  0.017750 0.589486 0.000000
vt  0.017750 0.678973 0.000000
vt  0.017750 0.768459 0.000000
vt  0.017750 0.857945 0.000000
vt  0.017750 0.947432 0.000000
vt  0.018354 0.954235 0.000000
vt  0.020128 0.960574 0.000000
vt  0.022948 0.966017 0.000000
vt  0.026624 0.970195 0.000000
vt  0.030905 0.972820 0.000000
vt  0.035499 0.973716 0.000000
vt  0.128399 0.973716 0.000000
vt  0.221299 0.973716 0.000000
vt  0.314200 0.973716 0.000000
vt  0.407100 0.973716 0.000000
vt  0.500000 0.973716 0.000000
vt  0.592900 0.973716 0.000000
vt  0.685800 0.973716 0.000000
vt  0.778700 0.973716 0.000000
vt  0.871601 0.973716 0.000000
vt  0.964501 0.973716 0.000000
vt  0.969095 0.972820 0.000000
vt  0.973376 0.970195 0.000000
vt  0.977052 0.966017 0.000000
vt  0.979872 0.960574 0.000000
vt  0.981646 0.954235 0.000000
vt  0.982250 0.947432 0.000000
vt  0.982250 0.857945 0.000000
vt  0.982250 0.768459 0.000000
vt  0.982250 0.678973 0.000000
vt  0.982250 0.589486 0.000000
vt  0.982250 0.500000 0.000000
vt  0.982250 0.410514 0.000000
vt  0.982250 0.321027 0.000000
vt  0.982250 0.231541 0.000000
vt  0.982250 0.142055 0.000000
vt  0.982250 0.052568 0.000000
vt  0.981646 0.045765 0.000000
vt  0.979872 0.039426 0.000000
vt  0.977052 0.033983 0.000000
vt  0.973376 0.029805 0.000000
vt  0.969095 0.027180 0.000000
vt  0.964501 0.026284 0.000000
vt  0.871601 0.026284 0.000000
vt  0.778700 0.026284 0.000000
vt  0.685800 0.026284 0.000000
vt  0.592900 0.026284 0.000000
vt  0.500000 0.026284 0.000000
vt  0.407100 0.026284 0.000000
vt  0.314200 0.026284 0.000000
vt  0.221300 0.026284 0.000000
vt  0.128399 0.026284 0.000000
vt  0.035499 0.038963 0.000000
vt  0.033121 0.039426 0.000000
vt  0.030905 0.040785 0.000000
vt  0.029002 0.042948 0.000000
vt  0.027542 0.045765 0.000000
vt  0.026624 0.049047 0.000000
vt  0.026311 0.052568 0.000000
vt  0.026311 0.142055 0.000000
vt  0.026311 0.231541 0.000000
vt  0.026311 0.321027 0.000000
vt  0.026311 0.410514 0.000000
vt  0.026311 0.500000 0.000000
vt  0.026311 0.589486 0.000000
vt  0.026311 0.678973 0.000000
vt  0.026311 0.768459 0.000000
vt  0.026311 0.857945 0.000000
vt  0.026311 0.947432 0.000000
vt  0.026624 0.950953 0.000000
vt  0.027542 0.954235 0.000000
vt  0.029002 0.957052 0.000000
vt  0.030905 0.959215 0.000000
vt  0.033121 0.960574 0.000000
vt  0.035499 0.961037 0.000000
vt  0.128399 0.961037 0.000000
vt  0.221299 0.961037 0.000000
vt  0.314200 0.961037 0.000000
vt  0.407100 0.961037 0.000000
vt  0.500000 0.961037 0.000000
vt  0.592900 0.961037 0.000000
vt  0.685800 0.961037 0.000000
vt  0.778700 0.961037 0.000000
vt  0.871601 0.961037 0.000000
vt  0.964501 0.961037 0.000000
vt  0.966879 0.960574 0.000000
vt  0.969095 0.959215 0.000000
vt  0.970998 0.957052 0.000000
vt  0.972458 0.954235 0.000000
vt  0.973376 0.950953 0.000000
vt  0.973689 0.947432 0.000000
vt  0.973689 0.857945 0.000000
vt  0.973689 0.768459 0.000000
vt  0.973689 0.678973 0.000000
vt  0.973689 0.589486 0.000000
vt  0.973689 0.500000 0.000000
vt  0.973689 0.410514 0.000000
vt  0.973689 0.321027 0.000000
vt  0.973689 0.231541 0.000000
vt  0.973689 0.142055 0.000000
vt  0.973689 0.052568 0.000000
vt  0.973376 0.049047 0.000000
vt  0.972458 0.045765 0.000000
vt  0.970998 0.042948 0.000000
vt  0.969095 0.040785 0.000000
vt  0.966879 0.039426 0.000000
vt  0.964501 0.038963 0.000000
vt  0.871601 0.038963 0.000000
vt  0.778700 0.038963 0.000000
vt  0.685800 0.038963 0.000000
vt  0.592900 0.038963 0.000000
vt  0.500000 0.038963 0.000000
vt  0.407100 0.038963 0.000000
vt  0.314200 0.038963 0.000000
vt  0.221300 0.038963 0.000000
vt  0.128399 0.038963 0.000000
vt  0.964501 0.947432 0.000000
vt  0.871601 0.947432 0.000000
vt  0.778700 0.947432 0.000000
vt  0.685800 0.947432 0.000000
vt  0.592900 0.947432 0.000000
vt  0.500000 0.947432 0.000000
vt  0.407100 0.947432 0.000000
vt  0.314200 0.947432 0.000000
vt  0.221299 0.947432 0.000000
vt  0.128399 0.947432 0.000000
vt  0.035499 0.947432 0.000000
vt  0.964501 0.857945 0.000000
vt  0.871601 0.857945 0.000000
vt  0.778700 0.857945 0.000000
vt  0.685800 0.857945 0.000000
vt  0.592900 0.857945 0.000000
vt  0.500000 0.857945 0.000000
vt  0.407100 0.857945 0.000000
vt  0.314200 0.857945 0.000000
vt  0.221299 0.857945 0.000000
vt  0.128399 0.857945 0.000000
vt  0.035499 0.857945 0.000000
vt  0.964501 0.768459 0.000000
vt  0.871601 0.768459 0.000000
vt  0.778700 0.768459 0.000000
vt  0.685800 0.768459 0.000000
vt  0.592900 0.768459 0.000000
vt  0.500000 0.768459 0.000000
vt  0.407100 0.768459 0.000000
vt  0.314200 0.768459 0.000000
vt  0.221299 0.768459 0.000000
vt  0.128399 0.768459 0.000000
vt  0.035499 0.768459 0.000000
vt  0.964501 0.678973 0.000000
vt  0.871601 0.678973 0.000000
vt  0.778700 0.678973 0.000000
vt  0.685800 0.678973 0.000000
vt  0.592900 0.678973 0.000000
vt  0.500000 0.678973 0.000000
vt  0.407100 0.678973 0.000000
vt  0.314200 0.678973 0.000000
vt  0.221299 0.678973 0.000000
vt  0.128399 0.678973 0.000000
vt  0.035499 0.678973 0.000000
vt  0.964501 0.589486 0.000000
vt  0.871601 0.589486 0.000000
vt  0.778700 0.589486 0.000000
vt  0.685800 0.589486 0.000000
vt  0.592900 0.589486 0.000000
vt  0.500000 0.589486 0.000000
vt  0.407100 0.589486 0.000000
vt  0.314200 0.589486 0.000000
vt  0.221299 0.589486 0.000000
vt  0.128399 0.589486 0.000000
vt  0.035499 0.589486 0.000000
vt  0.964501 0.500000 0.000000
vt  0.871601 0.500000 0.000000
vt  0.778700 0.500000 0.000000
vt  0.685800 0.500000 0.000000
vt  0.592900 0.500000 0.000000
vt  0.500000 0.500000 0.000000
vt  0.407100 0.500000 0.000000
vt  0.314200 0.500000 0.000000
vt  0.221299 0.500000 0.000000
vt  0.128399 0.500000 0.000000
vt  0.035499 0.500000 0.000000
vt  0.964501 0.410514 0.000000
vt  0.871601 0.410514 0.000000
vt  0.778700 0.410514 0.000000
vt  0.685800 0.410514 0.000000
vt  0.592900 0.410514 0.000000
vt  0.500000 0.410514 0.000000
vt  0.407100 0.410514 0.000000
vt  0.314200 0.410514 0.000000
vt  0.221299 0.410514 0.000000
vt  0.128399 0.410514 0.000000
vt  0.035499 0.410514 0.000000
vt  0.964501 0.321027 0.000000
vt  0.871601 0.321027 0.000000
vt  0.778700 0.321027 0.000000
vt  0.685800 0.321027 0.000000
vt  0.592900 0.321027 0.000000
vt  0.500000 0.321027 0.000000
vt  0.407100 0.321027 0.000000
vt  0.314200 0.321027 0.000000
vt  0.221299 0.321027 0.000000
vt  0.128399 0.321027 0.000000
vt  0.035499 0.321027 0.000000
vt  0.964501 0.231541 0.000000
vt  0.871601 0.231541 0.000000
vt  0.778700 0.231541 0.000000
vt  0.685800 0.231541 0.000000
vt  0.592900 0.231541 0.000000
vt  0.500000 0.231541 0.000000
vt  0.407100 0.231541 0.000000
vt  0.314200 0.231541 0.000000
vt  0.221299 0.231541 0.000000
vt  0.128399 0.231541 0.000000
vt  0.035499 0.231541 0.000000
vt  0.964501 0.142055 0.000000
vt  0.871601 0.142055 0.000000
vt  0.778700 0.142055 0.000000
vt  0.685800 0.142055 0.000000
vt  0.592900 0.142055 0.000000
vt  0.500000 0.142055 0.000000
vt  0.407100 0.142055 0.000000
vt  0.314200 0.142055 0.000000
vt  0.221299 0.142055 0.000000
vt  0.128399 0.142055 0.000000
vt  0.035499 0.142055 0.000000
vt  0.964501 0.052568 0.000000
vt  0.871601 0.052568 0.000000
vt  0.778700 0.052568 0.000000
vt  0.685800 0.052568 0.000000
vt  0.592900 0.052568 0.000000
vt  0.500000 0.052568 0.000000
vt  0.407100 0.052568 0.000000
vt  0.314200 0.052568 0.000000
vt  0.221299 0.052568 0.000000
vt  0.128399 0.052568 0.000000
vt  0.035499 0.052568 0.000000
vt  1.000000 1.000000 0.000000
vt  1.000000 0.833333 0.000000
vt  1.000000 0.666667 0.000000
vt  1.000000 0.500000 0.000000
vt  1.000000 0.333333 0.000000
vt  1.000000 0.166667 0.000000
vt  1.000000 0.000000 0.000000
# 1420 texture vertices

vn  -0.053768 0.997105 -0.053768
vn  0.000000 0.997859 -0.065403
vn  0.000000 0.997859 -0.065403
vn  0.000000 0.996192 -0.087184
vn  0.000000 0.991445 -0.130526
vn  0.000000 0.991445 -0.130526
vn  0.000000 0.991445 -0.130526
vn  0.000000 0.996192 -0.087184
vn  0.000000 0.997859 -0.065403
vn  0.000000 0.997859 -0.065403
vn  0.053768 0.997105 -0.053768
vn  -0.065403 0.997859 0.000000
vn  0.000000 1.000000 0.000000
vn  0.000000 1.000000 0.000000
vn  0.000000 1.000000 0.000000
vn  0.000000 1.000000 0.000000
vn  0.000000 1.000000 0.000000
vn  0.000000 1.000000 0.000000
vn  0.065403 0.997859 0.000000
vn  -0.065403 0.997859 0.000000
vn  0.000000 1.000000 0.000000
vn  0.000000 1.000000 0.000000
vn  0.000000 1.000000 0.000000
vn  0.000000 1.000000 0.000000
vn  0.000000 1.000000 0.000000
vn  0.000000 1.000000 0.000000
vn  0.065403 0.997859 0.000000
vn  -0.087184 0.996192 0.000000
vn  0.000000 1.000000 0.000000
vn  0.000000 1.000000 0.000000
vn  0.000000 1.000000 0.000000
vn  0.000000 1.000000 0.000000
vn  0.000000 1.000000 0.000000
vn  0.000000 1.000000 0.000000
vn  0.087184 0.996192 0.000000
vn  -0.130526 0.991445 0.000000
vn  0.130526 0.991445 0.000000
vn  -0.130526 0.991445 0.000000
vn  0.130526 0.991445 0.000000
vn  -0.130526 0.991445 0.000000
vn  0.130526 0.991445 0.000000
vn  -0.087184 0.996192 0.000000
vn  0.000000 1.000000 0.000000
vn  0.000000 1.000000 0.000000
vn  0.000000 1.000000 0.000000
vn  0.000000 1.000000 0.000000
vn  0.000000 1.000000 0.000000
vn  0.000000 1.000000 0.000000
vn  0.087184 0.996192 0.000000
vn  -0.065403 0.997859 0.000000
vn  0.000000 1.000000 0.000000
vn  0.000000 1.000000 0.000000
vn  0.000000 1.000000 0.000000
vn  0.000000 1.000000 0.000000
vn  0.000000 1.000000 0.000000
vn  0.000000 1.000000 0.000000
vn  0.065403 0.997859 0.000000
vn  -0.065403 0.997859 0.000000
vn  0.000000 1.000000 0.000000
vn  0.000000 1.000000 0.000000
vn  0.000000 1.000000 0.000000
vn  0.000000 1.000000 0.000000
vn  0.000000 1.000000 0.000000
vn  0.000000 1.000000 0.000000
vn  0.065403 0.997859 0.000000
vn  -0.053768 0.997105 0.053768
vn  0.000000 0.997859 0.065403
vn  0.000000 0.997859 0.065403
vn  0.000000 0.996192 0.087183
vn  0.000000 0.991445 0.130526
vn  0.000000 0.991445 0.130526
vn  0.000000 0.991445 0.130526
vn  0.000000 0.996192 0.087183
vn  0.000000 0.997859 0.065403
vn  0.000000 0.997859 0.065403
vn  0.053768 0.997105 0.053768
vn  -0.017667 0.964411 -0.263817
vn  -0.069597 0.963166 -0.259746
vn  -0.134453 0.963166 -0.232882
vn  -0.190147 0.963166 -0.190147
vn  -0.232882 0.963166 -0.134453
vn  -0.259746 0.963166 -0.069597
vn  -0.263817 0.964411 -0.017667
vn  -0.258819 0.965926 0.000000
vn  -0.258819 0.965926 0.000000
vn  -0.258819 0.965926 0.000000
vn  -0.258819 0.965926 0.000000
vn  -0.258819 0.965926 0.000000
vn  -0.258819 0.965926 0.000000
vn  -0.258819 0.965926 0.000000
vn  -0.258819 0.965926 0.000000
vn  -0.258819 0.965926 0.000000
vn  -0.263817 0.964411 0.017667
vn  -0.259746 0.963166 0.069597
vn  -0.232882 0.963166 0.134453
vn  -0.190147 0.963166 0.190147
vn  -0.134453 0.963166 0.232882
vn  -0.069597 0.963166 0.259746
vn  -0.017667 0.964411 0.263817
vn  0.000000 0.965926 0.258819
vn  0.000000 0.965926 0.258819
vn  0.000000 0.965926 0.258819
vn  0.000000 0.965926 0.258819
vn  0.000000 0.965926 0.258819
vn  0.000000 0.965926 0.258819
vn  0.000000 0.965926 0.258819
vn  0.000000 0.965926 0.258819
vn  0.000000 0.965926 0.258819
vn  0.017667 0.964411 0.263817
vn  0.069597 0.963166 0.259746
vn  0.134453 0.963166 0.232882
vn  0.190147 0.963166 0.190147
vn  0.232882 0.963166 0.134453
vn  0.259746 0.963166 0.069597
vn  0.263817 0.964411 0.017667
vn  0.258819 0.965926 0.000000
vn  0.258819 0.965926 0.000000
vn  0.258819 0.965926 0.000000
vn  0.258819 0.965926 0.000000
vn  0.258819 0.965926 0.000000
vn  0.258819 0.965926 0.000000
vn  0.258819 0.965926 0.000000
vn  0.258819 0.965926 0.000000
vn  0.258819 0.965926 0.000000
vn  0.263817 0.964411 -0.017667
vn  0.259746 0.963166 -0.069597
vn  0.232882 0.963166 -0.134453
vn  0.190147 0.963166 -0.190147
vn  0.134453 0.963166 -0.232882
vn  0.069597 0.963166 -0.259746
vn  0.017667 0.964411 -0.263817
vn  0.000000 0.965926 -0.258819
vn  0.000000 0.965926 -0.258819
vn  0.000000 0.965926 -0.258819
vn  0.000000 0.965926 -0.258819
vn  0.000000 0.965926 -0.258819
vn  0.000000 0.965926 -0.258819
vn  0.000000 0.965926 -0.258819
vn  0.000000 0.965926 -0.258819
vn  0.000000 0.965926 -0.258819
vn  -0.033296 0.863212 -0.503743
vn  -0.131496 0.861319 -0.490753
vn  -0.254032 0.861319 -0.439998
vn  -0.359256 0.861318 -0.359257
vn  -0.439998 0.861319 -0.254031
vn  -0.490753 0.861319 -0.131496
vn  -0.503743 0.863212 -0.033296
vn  -0.500000 0.866025 0.000000
vn  -0.500000 0.866025 0.000000
vn  -0.500000 0.866025 0.000000
vn  -0.500000 0.866025 0.000000
vn  -0.500000 0.866025 0.000000
vn  -0.500000 0.866025 0.000000
vn  -0.500000 0.866025 0.000000
vn  -0.500000 0.866025 0.000000
vn  -0.500000 0.866025 0.000000
vn  -0.503743 0.863212 0.033296
vn  -0.490753 0.861319 0.131496
vn  -0.439998 0.861319 0.254032
vn  -0.359257 0.861318 0.359256
vn  -0.254031 0.861319 0.439998
vn  -0.131496 0.861319 0.490753
vn  -0.033296 0.863212 0.503743
vn  0.000000 0.866025 0.500000
vn  0.000000 0.866025 0.500000
vn  0.000000 0.866025 0.500000
vn  0.000000 0.866025 0.500000
vn  0.000000 0.866025 0.500000
vn  0.000000 0.866025 0.500000
vn  0.000000 0.866025 0.500000
vn  0.000000 0.866025 0.500000
vn  0.000000 0.866025 0.500000
vn  0.033296 0.863212 0.503743
vn  0.131496 0.861319 0.490753
vn  0.254032 0.861319 0.439998
vn  0.359256 0.861318 0.359257
vn  0.439998 0.861319 0.254031
vn  0.490753 0.861319 0.131496
vn  0.503743 0.863212 0.033296
vn  0.500000 0.866025 0.000000
vn  0.500000 0.866025 0.000000
vn  0.500000 0.866025 0.000000
vn  0.500000 0.866025 0.000000
vn  0.500000 0.866025 0.000000
vn  0.500000 0.866025 0.000000
vn  0.500000 0.866025 0.000000
vn  0.500000 0.866025 0.000000
vn  0.500000 0.866025 0.000000
vn  0.503743 0.863212 -0.033296
vn  0.490753 0.861319 -0.131496
vn  0.439998 0.861319 -0.254032
vn  0.359257 0.861318 -0.359256
vn  0.254031 0.861319 -0.439998
vn  0.131496 0.861319 -0.490753
vn  0.033296 0.863212 -0.503743
vn  0.000000 0.866025 -0.500000
vn  0.000000 0.866025 -0.500000
vn  0.000000 0.866025 -0.500000
vn  0.000000 0.866025 -0.500000
vn  0.000000 0.866025 -0.500000
vn  0.000000 0.866025 -0.500000
vn  0.000000 0.866025 -0.500000
vn  0.000000 0.866025 -0.500000
vn  0.000000 0.866025 -0.500000
vn  -0.046565 0.703669 -0.709000
vn  -0.184397 0.701717 -0.688180
vn  -0.356229 0.701716 -0.617005
vn  -0.503783 0.701716 -0.503783
vn  -0.617005 0.701716 -0.356229
vn  -0.688180 0.701717 -0.184397
vn  -0.709000 0.703669 -0.046564
vn  -0.707106 0.707107 0.000000
vn  -0.707106 0.707107 0.000000
vn  -0.707106 0.707107 0.000000
vn  -0.707106 0.707107 0.000000
vn  -0.707106 0.707107 0.000000
vn  -0.707106 0.707107 0.000000
vn  -0.707106 0.707107 0.000000
vn  -0.707106 0.707107 0.000000
vn  -0.707106 0.707107 0.000000
vn  -0.709000 0.703669 0.046565
vn  -0.688180 0.701717 0.184397
vn  -0.617005 0.701716 0.356229
vn  -0.503783 0.701716 0.503783
vn  -0.356229 0.701716 0.617005
vn  -0.184397 0.701717 0.688180
vn  -0.046564 0.703669 0.709000
vn  0.000000 0.707107 0.707106
vn  0.000000 0.707107 0.707106
vn  0.000000 0.707107 0.707106
vn  0.000000 0.707107 0.707106
vn  0.000000 0.707107 0.707106
vn  0.000000 0.707107 0.707106
vn  0.000000 0.707107 0.707106
vn  0.000000 0.707107 0.707106
vn  0.000000 0.707107 0.707106
vn  0.046565 0.703669 0.709000
vn  0.184397 0.701717 0.688180
vn  0.356229 0.701716 0.617005
vn  0.503783 0.701716 0.503783
vn  0.617005 0.701716 0.356229
vn  0.688180 0.701717 0.184397
vn  0.709000 0.703669 0.046564
vn  0.707106 0.707107 0.000000
vn  0.707106 0.707107 0.000000
vn  0.707106 0.707107 0.000000
vn  0.707106 0.707107 0.000000
vn  0.707106 0.707107 0.000000
vn  0.707106 0.707107 0.000000
vn  0.707106 0.707107 0.000000
vn  0.707106 0.707107 0.000000
vn  0.707106 0.707107 0.000000
vn  0.709000 0.703669 -0.046565
vn  0.688180 0.701717 -0.184397
vn  0.617005 0.701716 -0.356229
vn  0.503783 0.701716 -0.503783
vn  0.356229 0.701716 -0.617005
vn  0.184397 0.701717 -0.688180
vn  0.046564 0.703669 -0.709000
vn  0.000000 0.707107 -0.707106
vn  0.000000 0.707107 -0.707106
vn  0.000000 0.707107 -0.707106
vn  0.000000 0.707107 -0.707106
vn  0.000000 0.707107 -0.707106
vn  0.000000 0.707107 -0.707106
vn  0.000000 0.707107 -0.707106
vn  0.000000 0.707107 -0.707106
vn  0.000000 0.707107 -0.707106
vn  -0.056638 0.496900 -0.865957
vn  -0.224834 0.495357 -0.839089
vn  -0.434345 0.495357 -0.752307
vn  -0.614256 0.495357 -0.614256
vn  -0.752307 0.495357 -0.434345
vn  -0.839090 0.495357 -0.224835
vn  -0.865957 0.496900 -0.056638
vn  -0.866025 0.500001 0.000000
vn  -0.866025 0.500001 0.000000
vn  -0.866025 0.500001 0.000000
vn  -0.866025 0.500001 0.000000
vn  -0.866025 0.500001 0.000000
vn  -0.866025 0.500001 0.000000
vn  -0.866025 0.500001 0.000000
vn  -0.866025 0.500001 0.000000
vn  -0.866025 0.500001 0.000000
vn  -0.865957 0.496900 0.056638
vn  -0.839089 0.495357 0.224834
vn  -0.752307 0.495357 0.434345
vn  -0.614256 0.495357 0.614256
vn  -0.434345 0.495357 0.752307
vn  -0.224835 0.495357 0.839090
vn  -0.056638 0.496900 0.865957
vn  0.000000 0.500001 0.866025
vn  0.000000 0.500001 0.866025
vn  0.000000 0.500001 0.866025
vn  0.000000 0.500001 0.866025
vn  0.000000 0.500001 0.866025
vn  0.000000 0.500001 0.866025
vn  0.000000 0.500001 0.866025
vn  0.000000 0.500001 0.866025
vn  0.000000 0.500001 0.866025
vn  0.056638 0.496900 0.865957
vn  0.224834 0.495357 0.839089
vn  0.434345 0.495357 0.752307
vn  0.614256 0.495357 0.614256
vn  0.752307 0.495357 0.434345
vn  0.839090 0.495357 0.224835
vn  0.865957 0.496900 0.056638
vn  0.866025 0.500001 0.000000
vn  0.866025 0.500001 0.000000
vn  0.866025 0.500001 0.000000
vn  0.866025 0.500001 0.000000
vn  0.866025 0.500001 0.000000
vn  0.866025 0.500001 0.000000
vn  0.866025 0.500001 0.000000
vn  0.866025 0.500001 0.000000
vn  0.866025 0.500001 0.000000
vn  0.865957 0.496900 -0.056638
vn  0.839089 0.495357 -0.224834
vn  0.752307 0.495357 -0.434345
vn  0.614256 0.495357 -0.614256
vn  0.434345 0.495357 -0.752307
vn  0.224835 0.495357 -0.839090
vn  0.056638 0.496900 -0.865957
vn  0.000000 0.500001 -0.866025
vn  0.000000 0.500001 -0.866025
vn  0.000000 0.500001 -0.866025
vn  0.000000 0.500001 -0.866025
vn  0.000000 0.500001 -0.866025
vn  0.000000 0.500001 -0.866025
vn  0.000000 0.500001 -0.866025
vn  0.000000 0.500001 -0.866025
vn  0.000000 0.500001 -0.866025
vn  -0.062919 0.256986 -0.964365
vn  -0.250185 0.256147 -0.933700
vn  -0.483319 0.256147 -0.837133
vn  -0.683516 0.256147 -0.683516
vn  -0.837133 0.256148 -0.483318
vn  -0.933700 0.256147 -0.250185
vn  -0.964365 0.256985 -0.062919
vn  -0.965926 0.258819 0.000000
vn  -0.965926 0.258819 0.000000
vn  -0.965926 0.258819 0.000000
vn  -0.965926 0.258819 0.000000
vn  -0.965926 0.258819 0.000000
vn  -0.965926 0.258819 0.000000
vn  -0.965926 0.258819 0.000000
vn  -0.965926 0.258819 0.000000
vn  -0.965926 0.258819 0.000000
vn  -0.964365 0.256986 0.062919
vn  -0.933700 0.256147 0.250185
vn  -0.837133 0.256147 0.483319
vn  -0.683516 0.256147 0.683516
vn  -0.483318 0.256148 0.837133
vn  -0.250185 0.256147 0.933700
vn  -0.062919 0.256985 0.964365
vn  0.000000 0.258819 0.965926
vn  0.000000 0.258819 0.965926
vn  0.000000 0.258819 0.965926
vn  0.000000 0.258819 0.965926
vn  0.000000 0.258819 0.965926
vn  0.000000 0.258819 0.965926
vn  0.000000 0.258819 0.965926
vn  0.000000 0.258819 0.965926
vn  0.000000 0.258819 0.965926
vn  0.062919 0.256986 0.964365
vn  0.250185 0.256147 0.933700
vn  0.483319 0.256147 0.837133
vn  0.683516 0.256147 0.683516
vn  0.837133 0.256148 0.483318
vn  0.933700 0.256147 0.250185
vn  0.964365 0.256985 0.062919
vn  0.965926 0.258819 0.000000
vn  0.965926 0.258819 0.000000
vn  0.965926 0.258819 0.000000
vn  0.965926 0.258819 0.000000
vn  0.965926 0.258819 0.000000
vn  0.965926 0.258819 0.000000
vn  0.965926 0.258819 0.000000
vn  0.965926 0.258819 0.000000
vn  0.965926 0.258819 0.000000
vn  0.964365 0.256986 -0.062919
vn  0.933700 0.256147 -0.250185
vn  0.837133 0.256147 -0.483319
vn  0.683516 0.256147 -0.683516
vn  0.483318 0.256148 -0.837133
vn  0.250185 0.256147 -0.933700
vn  0.062919 0.256985 -0.964365
vn  0.000000 0.258819 -0.965926
vn  0.000000 0.258819 -0.965926
vn  0.000000 0.258819 -0.965926
vn  0.000000 0.258819 -0.965926
vn  0.000000 0.258819 -0.965926
vn  0.000000 0.258819 -0.965926
vn  0.000000 0.258819 -0.965926
vn  0.000000 0.258819 -0.965926
vn  0.000000 0.258819 -0.965926
vn  -0.065090 0.065090 -0.995754
vn  -0.258271 0.065052 -0.963880
vn  -0.498941 0.065052 -0.864191
vn  -0.705609 0.065051 -0.705609
vn  -0.864191 0.065051 -0.498941
vn  -0.963880 0.065052 -0.258271
vn  -0.995754 0.065090 -0.065090
vn  -0.997859 0.065403 0.000000
vn  -0.997859 0.065403 0.000000
vn  -0.997859 0.065403 0.000000
vn  -0.997859 0.065403 0.000000
vn  -0.997859 0.065403 0.000000
vn  -0.997859 0.065403 0.000000
vn  -0.997859 0.065403 0.000000
vn  -0.997859 0.065403 0.000000
vn  -0.997859 0.065403 0.000000
vn  -0.995754 0.065090 0.065090
vn  -0.963880 0.065052 0.258271
vn  -0.864191 0.065052 0.498941
vn  -0.705609 0.065051 0.705609
vn  -0.498941 0.065051 0.864191
vn  -0.258271 0.065052 0.963880
vn  -0.065090 0.065090 0.995754
vn  0.000000 0.065403 0.997859
vn  0.000000 0.065403 0.997859
vn  0.000000 0.065403 0.997859
vn  0.000000 0.065403 0.997859
vn  0.000000 0.065403 0.997859
vn  0.000000 0.065403 0.997859
vn  0.000000 0.065403 0.997859
vn  0.000000 0.065403 0.997859
vn  0.000000 0.065403 0.997859
vn  0.065090 0.065090 0.995754
vn  0.258271 0.065052 0.963880
vn  0.498941 0.065052 0.864191
vn  0.705609 0.065051 0.705609
vn  0.864191 0.065051 0.498941
vn  0.963880 0.065052 0.258271
vn  0.995754 0.065090 0.065090
vn  0.997859 0.065403 0.000000
vn  0.997859 0.065403 0.000000
vn  0.997859 0.065403 0.000000
vn  0.997859 0.065403 0.000000
vn  0.997859 0.065403 0.000000
vn  0.997859 0.065403 0.000000
vn  0.997859 0.065403 0.000000
vn  0.997859 0.065403 0.000000
vn  0.997859 0.065403 0.000000
vn  0.995754 0.065090 -0.065090
vn  0.963880 0.065052 -0.258271
vn  0.864191 0.065052 -0.498941
vn  0.705609 0.065051 -0.705609
vn  0.498941 0.065051 -0.864191
vn  0.258271 0.065052 -0.963880
vn  0.065090 0.065090 -0.995754
vn  0.000000 0.065403 -0.997859
vn  0.000000 0.065403 -0.997859
vn  0.000000 0.065403 -0.997859
vn  0.000000 0.065403 -0.997859
vn  0.000000 0.065403 -0.997859
vn  0.000000 0.065403 -0.997859
vn  0.000000 0.065403 -0.997859
vn  0.000000 0.065403 -0.997859
vn  0.000000 0.065403 -0.997859
vn  -0.065403 0.000000 -0.997859
vn  -0.258819 0.000000 -0.965926
vn  -0.500000 0.000000 -0.866025
vn  -0.707107 0.000000 -0.707107
vn  -0.866025 0.000000 -0.500000
vn  -0.965926 0.000000 -0.258819
vn  -0.997859 0.000000 -0.065403
vn  -1.000000 0.000000 0.000000
vn  -1.000000 0.000000 0.000000
vn  -1.000000 0.000000 0.000000
vn  -1.000000 0.000000 0.000000
vn  -1.000000 0.000000 0.000000
vn  -1.000000 0.000000 0.000000
vn  -1.000000 0.000000 0.000000
vn  -1.000000 0.000000 0.000000
vn  -1.000000 0.000000 0.000000
vn  -0.997859 0.000000 0.065403
vn  -0.965926 0.000000 0.258819
vn  -0.866025 0.000000 0.500000
vn  -0.707107 0.000000 0.707107
vn  -0.500000 0.000000 0.866025
vn  -0.258819 0.000000 0.965926
vn  -0.065403 0.000000 0.997859
vn  0.000000 0.000000 1.000000
vn  0.000000 0.000000 1.000000
vn  0.000000 0.000000 1.000000
vn  0.000000 0.000000 1.000000
vn  0.000000 0.000000 1.000000
vn  0.000000 0.000000 1.000000
vn  0.000000 0.000000 1.000000
vn  0.000000 0.000000 1.000000
vn  0.000000 0.000000 1.000000
vn  0.065403 0.000000 0.997859
vn  0.258819 0.000000 0.965926
vn  0.500000 0.000000 0.866025
vn  0.707107 0.000000 0.707107
vn  0.866025 0.000000 0.500000
vn  0.965926 0.000000 0.258819
vn  0.997859 0.000000 0.065403
vn  1.000000 0.000000 0.000000
vn  1.000000 0.000000 0.000000
vn  1.000000 0.000000 0.000000
vn  1.000000 0.000000 0.000000
vn  1.000000 0.000000 0.000000
vn  1.000000 0.000000 0.000000
vn  1.000000 0.000000 0.000000
vn  1.000000 0.000000 0.000000
vn  1.000000 0.000000 0.000000
vn  0.997859 0.000000 -0.065403
vn  0.965926 0.000000 -0.258819
vn  0.866025 0.000000 -0.500000
vn  0.707107 0.000000 -0.707107
vn  0.500000 0.000000 -0.866025
vn  0.258819 0.000000 -0.965926
vn  0.065403 0.000000 -0.997859
vn  0.000000 0.000000 -1.000000
vn  0.000000 0.000000 -1.000000
vn  0.000000 0.000000 -1.000000
vn  0.000000 0.000000 -1.000000
vn  0.000000 0.000000 -1.000000
vn  0.000000 0.000000 -1.000000
vn  0.000000 0.000000 -1.000000
vn  0.000000 0.000000 -1.000000
vn  0.000000 0.000000 -1.000000
vn  -0.065403 0.000000 -0.997859
vn  -0.258819 0.000000 -0.965926
vn  -0.500000 0.000000 -0.866025
vn  -0.707107 0.000000 -0.707107
vn  -0.866025 0.000000 -0.500000
vn  -0.965926 0.000000 -0.258819
vn  -0.997859 0.000000 -0.065403
vn  -1.000000 0.000000 0.000000
vn  -1.000000 0.000000 0.000000
vn  -1.000000 0.000000 0.000000
vn  -1.000000 0.000000 0.000000
vn  -1.000000 0.000000 0.000000
vn  -1.000000 0.000000 0.000000
vn  -1.000000 0.000000 0.000000
vn  -1.000000 0.000000 0.000000
vn  -1.000000 0.000000 0.000000
vn  -0.997859 0.000000 0.065403
vn  -0.965926 0.000000 0.258819
vn  -0.866025 0.000000 0.500000
vn  -0.707107 0.000000 0.707107
vn  -0.500000 0.000000 0.866025
vn  -0.258819 0.000000 0.965926
vn  -0.065403 0.000000 0.997859
vn  0.000000 0.000000 1.000000
vn  0.000000 0.000000 1.000000
vn  0.000000 0.000000 1.000000
vn  0.000000 0.000000 1.000000
vn  0.000000 0.000000 1.000000
vn  0.000000 0.000000 1.000000
vn  0.000000 0.000000 1.000000
vn  0.000000 0.000000 1.000000
vn  0.000000 0.000000 1.000000
vn  0.065403 0.000000 0.997859
vn  0.258819 0.000000 0.965926
vn  0.500000 0.000000 0.866025
vn  0.707107 0.000000 0.707107
vn  0.866025 0.000000 0.500000
vn  0.965926 0.000000 0.258819
vn  0.997859 0.000000 0.065403
vn  1.000000 0.000000 0.000000
vn  1.000000 0.000000 0.000000
vn  1.000000 0.000000 0.000000
vn  1.000000 0.000000 0.000000
vn  1.000000 0.000000 0.000000
vn  1.000000 0.000000 0.000000
vn  1.000000 0.000000 0.000000
vn  1.000000 0.000000 0.000000
vn  1.000000 0.000000 0.000000
vn  0.997859 0.000000 -0.065403
vn  0.965926 0.000000 -0.258819
vn  0.866025 0.000000 -0.500000
vn  0.707107 0.000000 -0.707107
vn  0.500000 0.000000 -0.866025
vn  0.258819 0.000000 -0.965926
vn  0.065403 0.000000 -0.997859
vn  0.000000 0.000000 -1.000000
vn  0.000000 0.000000 -1.000000
vn  0.000000 0.000000 -1.000000
vn  0.000000 0.000000 -1.000000
vn  0.000000 0.000000 -1.000000
vn  0.000000 0.000000 -1.000000
vn  0.000000 0.000000 -1.000000
vn  0.000000 0.000000 -1.000000
vn  0.000000 0.000000 -1.000000
vn  -0.065403 0.000000 -0.997859
vn  -0.258819 0.000000 -0.965926
vn  -0.500000 0.000000 -0.866025
vn  -0.707107 0.000000 -0.707107
vn  -0.866025 0.000000 -0.500000
vn  -0.965926 0.000000 -0.258819
vn  -0.997859 0.000000 -0.065403
vn  -1.000000 0.000000 0.000000
vn  -1.000000 0.000000 0.000000
vn  -1.000000 0.000000 0.000000
vn  -1.000000 0.000000 0.000000
vn  -1.000000 0.000000 0.000000
vn  -1.000000 0.000000 0.000000
vn  -1.000000 0.000000 0.000000
vn  -1.000000 0.000000 0.000000
vn  -1.000000 0.000000 0.000000
vn  -0.997859 0.000000 0.065403
vn  -0.965926 0.000000 0.258819
vn  -0.866025 0.000000 0.500000
vn  -0.707107 0.000000 0.707107
vn  -0.500000 0.000000 0.866025
vn  -0.258819 0.000000 0.965926
vn  -0.065403 0.000000 0.997859
vn  0.000000 0.000000 1.000000
vn  0.000000 0.000000 1.000000
vn  0.000000 0.000000 1.000000
vn  0.000000 0.000000 1.000000
vn  0.000000 0.000000 1.000000
vn  0.000000 0.000000 1.000000
vn  0.000000 0.000000 1.000000
vn  0.000000 0.000000 1.000000
vn  0.000000 0.000000 1.000000
vn  0.065403 0.000000 0.997859
vn  0.258819 0.000000 0.965926
vn  0.500000 0.000000 0.866025
vn  0.707107 0.000000 0.707107
vn  0.866025 0.000000 0.500000
vn  0.965926 0.000000 0.258819
vn  0.997859 0.000000 0.065403
vn  1.000000 0.000000 0.000000
vn  1.000000 0.000000 0.000000
vn  1.000000 0.000000 0.000000
vn  1.000000 0.000000 0.000000
vn  1.000000 0.000000 0.000000
vn  1.000000 0.000000 0.000000
vn  1.000000 0.000000 0.000000
vn  1.000000 0.000000 0.000000
vn  1.000000 0.000000 0.000000
vn  0.997859 0.000000 -0.065403
vn  0.965926 0.000000 -0.258819
vn  0.866025 0.000000 -0.500000
vn  0.707107 0.000000 -0.707107
vn  0.500000 0.000000 -0.866025
vn  0.258819 0.000000 -0.965926
vn  0.065403 0.000000 -0.997859
vn  0.000000 0.000000 -1.000000
vn  0.000000 0.000000 -1.000000
vn  0.000000 0.000000 -1.000000
vn  0.000000 0.000000 -1.000000
vn  0.000000 0.000000 -1.000000
vn  0.000000 0.000000 -1.000000
vn  0.000000 0.000000 -1.000000
vn  0.000000 0.000000 -1.000000
vn  0.000000 0.000000 -1.000000
vn  -0.065403 0.000000 -0.997859
vn  -0.258819 0.000000 -0.965926
vn  -0.500000 0.000000 -0.866025
vn  -0.707107 0.000000 -0.707107
vn  -0.866025 0.000000 -0.500000
vn  -0.965926 0.000000 -0.258819
vn  -0.997859 0.000000 -0.065403
vn  -1.000000 0.000000 0.000000
vn  -1.000000 0.000000 0.000000
vn  -1.000000 0.000000 0.000000
vn  -1.000000 0.000000 0.000000
vn  -1.000000 0.000000 0.000000
vn  -1.000000 0.000000 0.000000
vn  -1.000000 0.000000 0.000000
vn  -1.000000 0.000000 0.000000
vn  -1.000000 0.000000 0.000000
vn  -0.997859 0.000000 0.065403
vn  -0.965926 0.000000 0.258819
vn  -0.866025 0.000000 0.500000
vn  -0.707107 0.000000 0.707107
vn  -0.500000 0.000000 0.866025
vn  -0.258819 0.000000 0.965926
vn  -0.065403 0.000000 0.997859
vn  0.000000 0.000000 1.000000
vn  0.000000 0.000000 1.000000
vn  0.000000 0.000000 1.000000
vn  0.000000 0.000000 1.000000
vn  0.000000 0.000000 1.000000
vn  0.000000 0.000000 1.000000
vn  0.000000 0.000000 1.000000
vn  0.000000 0.000000 1.000000
vn  0.000000 0.000000 1.000000
vn  0.065403 0.000000 0.997859
vn  0.258819 0.000000 0.965926
vn  0.500000 0.000000 0.866025
vn  0.707107 0.000000 0.707107
vn  0.866025 0.000000 0.500000
vn  0.965926 0.000000 0.258819
vn  0.997859 0.000000 0.065403
vn  1.000000 0.000000 0.000000
vn  1.000000 0.000000 0.000000
vn  1.000000 0.000000 0.000000
vn  1.000000 0.000000 0.000000
vn  1.000000 0.000000 0.000000
vn  1.000000 0.000000 0.000000
vn  1.000000 0.000000 0.000000
vn  1.000000 0.000000 0.000000
vn  1.000000 0.000000 0.000000
vn  0.997859 0.000000 -0.065403
vn  0.965926 0.000000 -0.258819
vn  0.866025 0.000000 -0.500000
vn  0.707107 0.000000 -0.707107
vn  0.500000 0.000000 -0.866025
vn  0.258819 0.000000 -0.965926
vn  0.065403 0.000000 -0.997859
vn  0.000000 0.000000 -1.000000
vn  0.000000 0.000000 -1.000000
vn  0.000000 0.000000 -1.000000
vn  0.000000 0.000000 -1.000000
vn  0.000000 0.000000 -1.000000
vn  0.000000 0.000000 -1.000000
vn  0.000000 0.000000 -1.000000
vn  0.000000 0.000000 -1.000000
vn  0.000000 0.000000 -1.000000
vn  -0.065403 0.000000 -0.997859
vn  -0.258819 0.000000 -0.965926
vn  -0.500000 0.000000 -0.866025
vn  -0.707107 0.000000 -0.707107
vn  -0.866025 0.000000 -0.500000
vn  -0.965926 0.000000 -0.258819
vn  -0.997859 0.000000 -0.065403
vn  -1.000000 0.000000 0.000000
vn  -1.000000 0.000000 0.000000
vn  -1.000000 0.000000 0.000000
vn  -1.000000 0.000000 0.000000
vn  -1.000000 0.000000 0.000000
vn  -1.000000 0.000000 0.000000
vn  -1.000000 0.000000 0.000000
vn  -1.000000 0.000000 0.000000
vn  -1.000000 0.000000 0.000000
vn  -0.997859 0.000000 0.065403
vn  -0.965926 0.000000 0.258819
vn  -0.866025 0.000000 0.500000
vn  -0.707107 0.000000 0.707107
vn  -0.500000 0.000000 0.866025
vn  -0.258819 0.000000 0.965926
vn  -0.065403 0.000000 0.997859
vn  0.000000 0.000000 1.000000
vn  0.000000 0.000000 1.000000
vn  0.000000 0.000000 1.000000
vn  0.000000 0.000000 1.000000
vn  0.000000 0.000000 1.000000
vn  0.000000 0.000000 1.000000
vn  0.000000 0.000000 1.000000
vn  0.000000 0.000000 1.000000
vn  0.000000 0.000000 1.000000
vn  0.065403 0.000000 0.997859
vn  0.258819 0.000000 0.965926
vn  0.500000 0.000000 0.866025
vn  0.707107 0.000000 0.707107
vn  0.866025 0.000000 0.500000
vn  0.965926 0.000000 0.258819
vn  0.997859 0.000000 0.065403
vn  1.000000 0.000000 0.000000
vn  1.000000 0.000000 0.000000
vn  1.000000 0.000000 0.000000
vn  1.000000 0.000000 0.000000
vn  1.000000 0.000000 0.000000
vn  1.000000 0.000000 0.000000
vn  1.000000 0.000000 0.000000
vn  1.000000 0.000000 0.000000
vn  1.000000 0.000000 0.000000
vn  0.997859 0.000000 -0.065403
vn  0.965926 0.000000 -0.258819
vn  0.866025 0.000000 -0.500000
vn  0.707107 0.000000 -0.707107
vn  0.500000 0.000000 -0.866025
vn  0.258819 0.000000 -0.965926
vn  0.065403 0.000000 -0.997859
vn  0.000000 0.000000 -1.000000
vn  0.000000 0.000000 -1.000000
vn  0.000000 0.000000 -1.000000
vn  0.000000 0.000000 -1.000000
vn  0.000000 0.000000 -1.000000
vn  0.000000 0.000000 -1.000000
vn  0.000000 0.000000 -1.000000
vn  0.000000 0.000000 -1.000000
vn  0.000000 0.000000 -1.000000
vn  -0.065090 -0.065090 -0.995754
vn  -0.258271 -0.065052 -0.963880
vn  -0.498941 -0.065051 -0.864191
vn  -0.705609 -0.065051 -0.705609
vn  -0.864191 -0.065052 -0.498941
vn  -0.963880 -0.065052 -0.258271
vn  -0.995754 -0.065090 -0.065090
vn  -0.997859 -0.065403 0.000000
vn  -0.997859 -0.065403 0.000000
vn  -0.997859 -0.065403 0.000000
vn  -0.997859 -0.065403 0.000000
vn  -0.997859 -0.065403 0.000000
vn  -0.997859 -0.065403 0.000000
vn  -0.997859 -0.065403 0.000000
vn  -0.997859 -0.065403 0.000000
vn  -0.997859 -0.065403 0.000000
vn  -0.995754 -0.065090 0.065091
vn  -0.963880 -0.065052 0.258271
vn  -0.864191 -0.065051 0.498941
vn  -0.705609 -0.065051 0.705609
vn  -0.498941 -0.065052 0.864191
vn  -0.258271 -0.065052 0.963880
vn  -0.065090 -0.065090 0.995754
vn  0.000000 -0.065403 0.997859
vn  0.000000 -0.065403 0.997859
vn  0.000000 -0.065403 0.997859
vn  0.000000 -0.065403 0.997859
vn  0.000000 -0.065403 0.997859
vn  0.000000 -0.065403 0.997859
vn  0.000000 -0.065403 0.997859
vn  0.000000 -0.065403 0.997859
vn  0.000000 -0.065403 0.997859
vn  0.065090 -0.065090 0.995754
vn  0.258271 -0.065052 0.963880
vn  0.498941 -0.065051 0.864191
vn  0.705609 -0.065051 0.705609
vn  0.864191 -0.065052 0.498941
vn  0.963880 -0.065052 0.258271
vn  0.995754 -0.065090 0.065090
vn  0.997859 -0.065403 0.000000
vn  0.997859 -0.065403 0.000000
vn  0.997859 -0.065403 0.000000
vn  0.997859 -0.065403 0.000000
vn  0.997859 -0.065403 0.000000
vn  0.997859 -0.065403 0.000000
vn  0.997859 -0.065403 0.000000
vn  0.997859 -0.065403 0.000000
vn  0.997859 -0.065403 0.000000
vn  0.995754 -0.065090 -0.065091
vn  0.963880 -0.065052 -0.258271
vn  0.864191 -0.065051 -0.498941
vn  0.705609 -0.065051 -0.705609
vn  0.498941 -0.065052 -0.864191
vn  0.258271 -0.065052 -0.963880
vn  0.065090 -0.065090 -0.995754
vn  0.000000 -0.065403 -0.997859
vn  0.000000 -0.065403 -0.997859
vn  0.000000 -0.065403 -0.997859
vn  0.000000 -0.065403 -0.997859
vn  0.000000 -0.065403 -0.997859
vn  0.000000 -0.065403 -0.997859
vn  0.000000 -0.065403 -0.997859
vn  0.000000 -0.065403 -0.997859
vn  0.000000 -0.065403 -0.997859
vn  -0.062919 -0.256985 -0.964365
vn  -0.250185 -0.256147 -0.933700
vn  -0.483318 -0.256148 -0.837133
vn  -0.683516 -0.256147 -0.683516
vn  -0.837133 -0.256147 -0.483319
vn  -0.933700 -0.256147 -0.250185
vn  -0.964365 -0.256986 -0.062919
vn  -0.965926 -0.258819 0.000000
vn  -0.965926 -0.258819 0.000000
vn  -0.965926 -0.258819 0.000000
vn  -0.965926 -0.258819 0.000000
vn  -0.965926 -0.258819 0.000000
vn  -0.965926 -0.258819 0.000000
vn  -0.965926 -0.258819 0.000000
vn  -0.965926 -0.258819 0.000000
vn  -0.965926 -0.258819 0.000000
vn  -0.964365 -0.256985 0.062919
vn  -0.933700 -0.256147 0.250185
vn  -0.837133 -0.256148 0.483318
vn  -0.683516 -0.256147 0.683516
vn  -0.483319 -0.256147 0.837133
vn  -0.250185 -0.256147 0.933700
vn  -0.062919 -0.256986 0.964365
vn  0.000000 -0.258819 0.965926
vn  0.000000 -0.258819 0.965926
vn  0.000000 -0.258819 0.965926
vn  0.000000 -0.258819 0.965926
vn  0.000000 -0.258819 0.965926
vn  0.000000 -0.258819 0.965926
vn  0.000000 -0.258819 0.965926
vn  0.000000 -0.258819 0.965926
vn  0.000000 -0.258819 0.965926
vn  0.062919 -0.256985 0.964365
vn  0.250185 -0.256147 0.933700
vn  0.483318 -0.256148 0.837133
vn  0.683516 -0.256147 0.683516
vn  0.837133 -0.256147 0.483319
vn  0.933700 -0.256147 0.250185
vn  0.964365 -0.256986 0.062919
vn  0.965926 -0.258819 0.000000
vn  0.965926 -0.258819 0.000000
vn  0.965926 -0.258819 0.000000
vn  0.965926 -0.258819 0.000000
vn  0.965926 -0.258819 0.000000
vn  0.965926 -0.258819 0.000000
vn  0.965926 -0.258819 0.000000
vn  0.965926 -0.258819 0.000000
vn  0.965926 -0.258819 0.000000
vn  0.964365 -0.256985 -0.062919
vn  0.933700 -0.256147 -0.250185
vn  0.837133 -0.256148 -0.483318
vn  0.683516 -0.256147 -0.683516
vn  0.483319 -0.256147 -0.837133
vn  0.250185 -0.256147 -0.933700
vn  0.062919 -0.256986 -0.964365
vn  0.000000 -0.258819 -0.965926
vn  0.000000 -0.258819 -0.965926
vn  0.000000 -0.258819 -0.965926
vn  0.000000 -0.258819 -0.965926
vn  0.000000 -0.258819 -0.965926
vn  0.000000 -0.258819 -0.965926
vn  0.000000 -0.258819 -0.965926
vn  0.000000 -0.258819 -0.965926
vn  0.000000 -0.258819 -0.965926
vn  -0.056638 -0.496900 -0.865957
vn  -0.224835 -0.495357 -0.839090
vn  -0.434345 -0.495357 -0.752307
vn  -0.614256 -0.495357 -0.614256
vn  -0.752307 -0.495357 -0.434345
vn  -0.839089 -0.495357 -0.224834
vn  -0.865957 -0.496900 -0.056638
vn  -0.866025 -0.500001 0.000000
vn  -0.866025 -0.500001 0.000000
vn  -0.866025 -0.500001 0.000000
vn  -0.866025 -0.500001 0.000000
vn  -0.866025 -0.500001 0.000000
vn  -0.866025 -0.500001 0.000000
vn  -0.866025 -0.500001 0.000000
vn  -0.866025 -0.500001 0.000000
vn  -0.866025 -0.500001 0.000000
vn  -0.865957 -0.496900 0.056638
vn  -0.839090 -0.495357 0.224835
vn  -0.752307 -0.495357 0.434345
vn  -0.614256 -0.495357 0.614256
vn  -0.434345 -0.495357 0.752307
vn  -0.224834 -0.495357 0.839089
vn  -0.056638 -0.496900 0.865957
vn  0.000000 -0.500001 0.866025
vn  0.000000 -0.500001 0.866025
vn  0.000000 -0.500001 0.866025
vn  0.000000 -0.500001 0.866025
vn  0.000000 -0.500001 0.866025
vn  0.000000 -0.500001 0.866025
vn  0.000000 -0.500001 0.866025
vn  0.000000 -0.500001 0.866025
vn  0.000000 -0.500001 0.866025
vn  0.056638 -0.496900 0.865957
vn  0.224835 -0.495357 0.839090
vn  0.434345 -0.495357 0.752307
vn  0.614256 -0.495357 0.614256
vn  0.752307 -0.495357 0.434345
vn  0.839089 -0.495357 0.224834
vn  0.865957 -0.496900 0.056638
vn  0.866025 -0.500001 0.000000
vn  0.866025 -0.500001 0.000000
vn  0.866025 -0.500001 0.000000
vn  0.866025 -0.500001 0.000000
vn  0.866025 -0.500001 0.000000
vn  0.866025 -0.500001 0.000000
vn  0.866025 -0.500001 0.000000
vn  0.866025 -0.500001 0.000000
vn  0.866025 -0.500001 0.000000
vn  0.865957 -0.496900 -0.056638
vn  0.839090 -0.495357 -0.224835
vn  0.752307 -0.495357 -0.434345
vn  0.614256 -0.495357 -0.614256
vn  0.434345 -0.495357 -0.752307
vn  0.224834 -0.495357 -0.839089
vn  0.056638 -0.496900 -0.865957
vn  0.000000 -0.500001 -0.866025
vn  0.000000 -0.500001 -0.866025
vn  0.000000 -0.500001 -0.866025
vn  0.000000 -0.500001 -0.866025
vn  0.000000 -0.500001 -0.866025
vn  0.000000 -0.500001 -0.866025
vn  0.000000 -0.500001 -0.866025
vn  0.000000 -0.500001 -0.866025
vn  0.000000 -0.500001 -0.866025
vn  -0.046564 -0.703669 -0.709000
vn  -0.184397 -0.701717 -0.688180
vn  -0.356229 -0.701716 -0.617005
vn  -0.503783 -0.701716 -0.503783
vn  -0.617005 -0.701716 -0.356229
vn  -0.688180 -0.701717 -0.184397
vn  -0.709000 -0.703669 -0.046565
vn  -0.707106 -0.707107 0.000000
vn  -0.707106 -0.707107 0.000000
vn  -0.707106 -0.707107 0.000000
vn  -0.707106 -0.707107 0.000000
vn  -0.707106 -0.707107 0.000000
vn  -0.707106 -0.707107 0.000000
vn  -0.707106 -0.707107 0.000000
vn  -0.707106 -0.707107 0.000000
vn  -0.707106 -0.707107 0.000000
vn  -0.709000 -0.703669 0.046564
vn  -0.688180 -0.701717 0.184397
vn  -0.617005 -0.701716 0.356229
vn  -0.503783 -0.701716 0.503783
vn  -0.356229 -0.701716 0.617005
vn  -0.184397 -0.701717 0.688180
vn  -0.046565 -0.703669 0.709000
vn  0.000000 -0.707107 0.707106
vn  0.000000 -0.707107 0.707106
vn  0.000000 -0.707107 0.707106
vn  0.000000 -0.707107 0.707106
vn  0.000000 -0.707107 0.707106
vn  0.000000 -0.707107 0.707106
vn  0.000000 -0.707107 0.707106
vn  0.000000 -0.707107 0.707106
vn  0.000000 -0.707107 0.707106
vn  0.046564 -0.703669 0.709000
vn  0.184397 -0.701717 0.688180
vn  0.356229 -0.701716 0.617005
vn  0.503783 -0.701716 0.503783
vn  0.617005 -0.701716 0.356229
vn  0.688180 -0.701717 0.184397
vn  0.709000 -0.703669 0.046565
vn  0.707106 -0.707107 0.000000
vn  0.707106 -0.707107 0.000000
vn  0.707106 -0.707107 0.000000
vn  0.707106 -0.707107 0.000000
vn  0.707106 -0.707107 0.000000
vn  0.707106 -0.707107 0.000000
vn  0.707106 -0.707107 0.000000
vn  0.707106 -0.707107 0.000000
vn  0.707106 -0.707107 0.000000
vn  0.709000 -0.703669 -0.046564
vn  0.688180 -0.701717 -0.184397
vn  0.617005 -0.701716 -0.356229
vn  0.503783 -0.701716 -0.503783
vn  0.356229 -0.701716 -0.617005
vn  0.184397 -0.701717 -0.688180
vn  0.046565 -0.703669 -0.709000
vn  0.000000 -0.707107 -0.707106
vn  0.000000 -0.707107 -0.707106
vn  0.000000 -0.707107 -0.707106
vn  0.000000 -0.707107 -0.707106
vn  0.000000 -0.707107 -0.707106
vn  0.000000 -0.707107 -0.707106
vn  0.000000 -0.707107 -0.707106
vn  0.000000 -0.707107 -0.707106
vn  0.000000 -0.707107 -0.707106
vn  -0.033296 -0.863212 -0.503743
vn  -0.131496 -0.861319 -0.490753
vn  -0.254031 -0.861319 -0.439998
vn  -0.359257 -0.861318 -0.359256
vn  -0.439998 -0.861319 -0.254032
vn  -0.490753 -0.861319 -0.131496
vn  -0.503743 -0.863212 -0.033296
vn  -0.500000 -0.866026 0.000000
vn  -0.500000 -0.866026 0.000000
vn  -0.500000 -0.866026 0.000000
vn  -0.500000 -0.866026 0.000000
vn  -0.500000 -0.866026 0.000000
vn  -0.500000 -0.866026 0.000000
vn  -0.500000 -0.866026 0.000000
vn  -0.500000 -0.866026 0.000000
vn  -0.500000 -0.866026 0.000000
vn  -0.503743 -0.863212 0.033296
vn  -0.490753 -0.861319 0.131496
vn  -0.439998 -0.861319 0.254031
vn  -0.359256 -0.861318 0.359257
vn  -0.254032 -0.861319 0.439998
vn  -0.131496 -0.861319 0.490753
vn  -0.033296 -0.863212 0.503743
vn  0.000000 -0.866026 0.500000
vn  0.000000 -0.866026 0.500000
vn  0.000000 -0.866026 0.500000
vn  0.000000 -0.866026 0.500000
vn  0.000000 -0.866026 0.500000
vn  0.000000 -0.866026 0.500000
vn  0.000000 -0.866026 0.500000
vn  0.000000 -0.866026 0.500000
vn  0.000000 -0.866026 0.500000
vn  0.033296 -0.863212 0.503743
vn  0.131496 -0.861319 0.490753
vn  0.254031 -0.861319 0.439998
vn  0.359257 -0.861318 0.359256
vn  0.439998 -0.861319 0.254032
vn  0.490753 -0.861319 0.131496
vn  0.503743 -0.863212 0.033296
vn  0.500000 -0.866026 0.000000
vn  0.500000 -0.866026 0.000000
vn  0.500000 -0.866026 0.000000
vn  0.500000 -0.866026 0.000000
vn  0.500000 -0.866026 0.000000
vn  0.500000 -0.866026 0.000000
vn  0.500000 -0.866026 0.000000
vn  0.500000 -0.866026 0.000000
vn  0.500000 -0.866026 0.000000
vn  0.503743 -0.863212 -0.033296
vn  0.490753 -0.861319 -0.131496
vn  0.439998 -0.861319 -0.254031
vn  0.359256 -0.861318 -0.359257
vn  0.254032 -0.861319 -0.439998
vn  0.131496 -0.861319 -0.490753
vn  0.033296 -0.863212 -0.503743
vn  0.000000 -0.866026 -0.500000
vn  0.000000 -0.866026 -0.500000
vn  0.000000 -0.866026 -0.500000
vn  0.000000 -0.866026 -0.500000
vn  0.000000 -0.866026 -0.500000
vn  0.000000 -0.866026 -0.500000
vn  0.000000 -0.866026 -0.500000
vn  0.000000 -0.866026 -0.500000
vn  0.000000 -0.866026 -0.500000
vn  -0.017667 -0.964411 -0.263817
vn  -0.069597 -0.963166 -0.259746
vn  -0.134453 -0.963166 -0.232882
vn  -0.190147 -0.963166 -0.190147
vn  -0.232882 -0.963166 -0.134453
vn  -0.259746 -0.963166 -0.069597
vn  -0.263817 -0.964411 -0.017667
vn  -0.258819 -0.965926 0.000000
vn  -0.258819 -0.965926 0.000000
vn  -0.258819 -0.965926 0.000000
vn  -0.258819 -0.965926 0.000000
vn  -0.258819 -0.965926 0.000000
vn  -0.258819 -0.965926 0.000000
vn  -0.258819 -0.965926 0.000000
vn  -0.258819 -0.965926 0.000000
vn  -0.258819 -0.965926 0.000000
vn  -0.263817 -0.964411 0.017667
vn  -0.259746 -0.963166 0.069597
vn  -0.232882 -0.963166 0.134453
vn  -0.190147 -0.963166 0.190147
vn  -0.134453 -0.963166 0.232882
vn  -0.069597 -0.963166 0.259746
vn  -0.017667 -0.964411 0.263817
vn  0.000000 -0.965926 0.258819
vn  0.000000 -0.965926 0.258819
vn  0.000000 -0.965926 0.258819
vn  0.000000 -0.965926 0.258819
vn  0.000000 -0.965926 0.258819
vn  0.000000 -0.965926 0.258819
vn  0.000000 -0.965926 0.258819
vn  0.000000 -0.965926 0.258819
vn  0.000000 -0.965926 0.258819
vn  0.017667 -0.964411 0.263817
vn  0.069597 -0.963166 0.259746
vn  0.134453 -0.963166 0.232882
vn  0.190147 -0.963166 0.190147
vn  0.232882 -0.963166 0.134453
vn  0.259746 -0.963166 0.069597
vn  0.263817 -0.964411 0.017667
vn  0.258819 -0.965926 0.000000
vn  0.258819 -0.965926 0.000000
vn  0.258819 -0.965926 0.000000
vn  0.258819 -0.965926 0.000000
vn  0.258819 -0.965926 0.000000
vn  0.258819 -0.965926 0.000000
vn  0.258819 -0.965926 0.000000
vn  0.258819 -0.965926 0.000000
vn  0.258819 -0.965926 0.000000
vn  0.263817 -0.964411 -0.017667
vn  0.259746 -0.963166 -0.069597
vn  0.232882 -0.963166 -0.134453
vn  0.190147 -0.963166 -0.190147
vn  0.134453 -0.963166 -0.232882
vn  0.069597 -0.963166 -0.259746
vn  0.017667 -0.964411 -0.263817
vn  0.000000 -0.965926 -0.258819
vn  0.000000 -0.965926 -0.258819
vn  0.000000 -0.965926 -0.258819
vn  0.000000 -0.965926 -0.258819
vn  0.000000 -0.965926 -0.258819
vn  0.000000 -0.965926 -0.258819
vn  0.000000 -0.965926 -0.258819
vn  0.000000 -0.965926 -0.258819
vn  0.000000 -0.965926 -0.258819
vn  0.053768 -0.997105 0.053768
vn  0.000000 -0.997859 0.065403
vn  0.000000 -0.997859 0.065403
vn  0.000000 -0.997859 0.065403
vn  0.000000 -0.997859 0.065403
vn  0.000000 -0.997859 0.065403
vn  0.000000 -0.997859 0.065403
vn  0.000000 -0.997859 0.065403
vn  0.000000 -0.997859 0.065403
vn  0.000000 -0.997859 0.065403
vn  -0.053768 -0.997105 0.053768
vn  0.065403 -0.997859 0.000000
vn  0.000000 -1.000000 0.000000
vn  0.000000 -1.000000 0.000000
vn  0.000000 -1.000000 0.000000
vn  0.000000 -1.000000 0.000000
vn  0.000000 -1.000000 0.000000
vn  0.000000 -1.000000 0.000000
vn  0.000000 -1.000000 0.000000
vn  0.000000 -1.000000 0.000000
vn  0.000000 -1.000000 0.000000
vn  -0.065403 -0.997859 0.000000
vn  0.065403 -0.997859 0.000000
vn  0.000000 -1.000000 0.000000
vn  0.000000 -1.000000 0.000000
vn  0.000000 -1.000000 0.000000
vn  0.000000 -1.000000 0.000000
vn  0.000000 -1.000000 0.000000
vn  0.000000 -1.000000 0.000000
vn  0.000000 -1.000000 0.000000
vn  0.000000 -1.000000 0.000000
vn  0.000000 -1.000000 0.000000
vn  -0.065403 -0.997859 0.000000
vn  0.065403 -0.997859 0.000000
vn  0.000000 -1.000000 0.000000
vn  0.000000 -1.000000 0.000000
vn  0.000000 -1.000000 0.000000
vn  0.000000 -1.000000 0.000000
vn  0.000000 -1.000000 0.000000
vn  0.000000 -1.000000 0.000000
vn  0.000000 -1.000000 0.000000
vn  0.000000 -1.000000 0.000000
vn  0.000000 -1.000000 0.000000
vn  -0.065403 -0.997859 0.000000
vn  0.065403 -0.997859 0.000000
vn  0.000000 -1.000000 0.000000
vn  0.000000 -1.000000 0.000000
vn  0.000000 -1.000000 0.000000
vn  0.000000 -1.000000 0.000000
vn  0.000000 -1.000000 0.000000
vn  0.000000 -1.000000 0.000000
vn  0.000000 -1.000000 0.000000
vn  0.000000 -1.000000 0.000000
vn  0.000000 -1.000000 0.000000
vn  -0.065403 -0.997859 0.000000
vn  0.065403 -0.997859 0.000000
vn  0.000000 -1.000000 0.000000
vn  0.000000 -1.000000 0.000000
vn  0.000000 -1.000000 0.000000
vn  0.000000 -1.000000 0.000000
vn  0.000000 -1.000000 0.000000
vn  0.000000 -1.000000 0.000000
vn  0.000000 -1.000000 0.000000
vn  0.000000 -1.000000 0.000000
vn  0.000000 -1.000000 0.000000
vn  -0.065403 -0.997859 0.000000
vn  0.065403 -0.997859 0.000000
vn  0.000000 -1.000000 0.000000
vn  0.000000 -1.000000 0.000000
vn  0.000000 -1.000000 0.000000
vn  0.000000 -1.000000 0.000000
vn  0.000000 -1.000000 0.000000
vn  0.000000 -1.000000 0.000000
vn  0.000000 -1.000000 0.000000
vn  0.000000 -1.000000 0.000000
vn  0.000000 -1.000000 0.000000
vn  -0.065403 -0.997859 0.000000
vn  0.065403 -0.997859 0.000000
vn  0.000000 -1.000000 0.000000
vn  0.000000 -1.000000 0.000000
vn  0.000000 -1.000000 0.000000
vn  0.000000 -1.000000 0.000000
vn  0.000000 -1.000000 0.000000
vn  0.000000 -1.000000 0.000000
vn  0.000000 -1.000000 0.000000
vn  0.000000 -1.000000 0.000000
vn  0.000000 -1.000000 0.000000
vn  -0.065403 -0.997859 0.000000
vn  0.065403 -0.997859 0.000000
vn  0.000000 -1.000000 0.000000
vn  0.000000 -1.000000 0.000000
vn  0.000000 -1.000000 0.000000
vn  0.000000 -1.000000 0.000000
vn  0.000000 -1.000000 0.000000
vn  0.000000 -1.000000 0.000000
vn  0.000000 -1.000000 0.000000
vn  0.000000 -1.000000 0.000000
vn  0.000000 -1.000000 0.000000
vn  -0.065403 -0.997859 0.000000
vn  0.065403 -0.997859 0.000000
vn  0.000000 -1.000000 0.000000
vn  0.000000 -1.000000 0.000000
vn  0.000000 -1.000000 0.000000
vn  0.000000 -1.000000 0.000000
vn  0.000000 -1.000000 0.000000
vn  0.000000 -1.000000 0.000000
vn  0.000000 -1.000000 0.000000
vn  0.000000 -1.000000 0.000000
vn  0.000000 -1.000000 0.000000
vn  -0.065403 -0.997859 0.000000
vn  0.053768 -0.997105 -0.053768
vn  0.000000 -0.997859 -0.065403
vn  0.000000 -0.997859 -0.065403
vn  0.000000 -0.997859 -0.065403
vn  0.000000 -0.997859 -0.065403
vn  0.000000 -0.997859 -0.065403
vn  0.000000 -0.997859 -0.065403
vn  0.000000 -0.997859 -0.065403
vn  0.000000 -0.997859 -0.065403
vn  0.000000 -0.997859 -0.065403
vn  -0.053768 -0.997105 -0.053768
# 1285 vertex normals

g ChamferBox01
s 1
f 138/142/138 127/131/127 126/130/126
f 126/130/126 137/141/137 138/142/138
f 139/143/139 128/132/128 127/131/127
f 127/131/127 138/142/138 139/143/139
f 140/144/140 129/133/129 128/132/128
f 128/132/128 139/143/139 140/144/140
f 142/146/142 134/138/134 133/137/133
f 133/137/133 141/145/141 142/146/142
f 143/147/143 135/139/135 134/138/134
f 134/138/134 142/146/142 143/147/143
f 144/148/144 136/140/136 135/139/135
f 135/139/135 143/147/143 144/148/144
f 146/150/146 138/142/138 137/141/137
f 137/141/137 145/149/145 146/150/146
f 147/151/147 139/143/139 138/142/138
f 138/142/138 146/150/146 147/151/147
f 148/152/148 140/144/140 139/143/139
f 139/143/139 147/151/147 148/152/148
f 150/154/150 142/146/142 141/145/141
f 141/145/141 149/153/149 150/154/150
f 151/155/151 143/147/143 142/146/142
f 142/146/142 150/154/150 151/155/151
f 152/156/152 144/148/144 143/147/143
f 143/147/143 151/155/151 152/156/152
f 154/158/154 146/150/146 145/149/145
f 145/149/145 153/157/153 154/158/154
f 155/159/155 147/151/147 146/150/146
f 146/150/146 154/158/154 155/159/155
f 156/160/156 148/152/148 147/151/147
f 147/151/147 155/159/155 156/160/156
f 158/162/158 150/154/150 149/153/149
f 149/153/149 157/161/157 158/162/158
f 159/163/159 151/155/151 150/154/150
f 150/154/150 158/162/158 159/163/159
f 160/164/160 152/156/152 151/155/151
f 151/155/151 159/163/159 160/164/160
f 176/180/176 168/172/168 167/171/167
f 167/171/167 175/179/175 176/180/176
f 177/181/177 169/173/169 168/172/168
f 168/172/168 176/180/176 177/181/177
f 178/182/178 170/174/170 169/173/169
f 169/173/169 177/181/177 178/182/178
f 180/184/180 172/176/172 171/175/171
f 171/175/171 179/183/179 180/184/180
f 181/185/181 173/177/173 172/176/172
f 172/176/172 180/184/180 181/185/181
f 182/186/182 174/178/174 173/177/173
f 173/177/173 181/185/181 182/186/182
f 184/188/184 176/180/176 175/179/175
f 175/179/175 183/187/183 184/188/184
f 185/189/185 177/181/177 176/180/176
f 176/180/176 184/188/184 185/189/185
f 186/190/186 178/182/178 177/181/177
f 177/181/177 185/189/185 186/190/186
f 188/192/188 180/184/180 179/183/179
f 179/183/179 187/191/187 188/192/188
f 189/193/189 181/185/181 180/184/180
f 180/184/180 188/192/188 189/193/189
f 190/194/190 182/186/182 181/185/181
f 181/185/181 189/193/189 190/194/190
f 192/196/192 184/188/184 183/187/183
f 183/187/183 191/195/191 192/196/192
f 193/197/193 185/189/185 184/188/184
f 184/188/184 192/196/192 193/197/193
f 194/198/194 186/190/186 185/189/185
f 185/189/185 193/197/193 194/198/194
f 199/203/199 188/192/188 187/191/187
f 187/191/187 198/202/198 199/203/199
f 200/204/200 189/193/189 188/192/188
f 188/192/188 199/203/199 200/204/200
f 201/205/201 190/194/190 189/193/189
f 189/193/189 200/204/200 201/205/201
f 126/130/126 202/206/202 203/207/203
f 126/130/126 203/207/203 204/208/204
f 126/130/126 204/208/204 205/209/205
f 126/130/126 205/209/205 206/210/206
f 126/130/126 206/210/206 207/211/207
f 126/130/126 207/211/207 208/212/208
f 209/213/209 137/141/137 126/130/126
f 126/130/126 208/212/208 209/213/209
f 210/214/210 145/149/145 137/141/137
f 137/141/137 209/213/209 210/214/210
f 211/215/211 153/157/153 145/149/145
f 145/149/145 210/214/210 211/215/211
f 212/216/212 161/165/161 153/157/153
f 153/157/153 211/215/211 212/216/212
f 213/217/213 163/167/163 161/165/161
f 161/165/161 212/216/212 213/217/213
f 214/218/214 165/169/165 163/167/163
f 163/167/163 213/217/213 214/218/214
f 215/219/215 167/171/167 165/169/165
f 165/169/165 214/218/214 215/219/215
f 216/220/216 175/179/175 167/171/167
f 167/171/167 215/219/215 216/220/216
f 217/221/217 183/187/183 175/179/175
f 175/179/175 216/220/216 217/221/217
f 218/222/218 191/195/191 183/187/183
f 183/187/183 217/221/217 218/222/218
f 191/195/191 218/222/218 219/223/219
f 191/195/191 219/223/219 220/224/220
f 191/195/191 220/224/220 221/225/221
f 191/195/191 221/225/221 222/226/222
f 191/195/191 222/226/222 223/227/223
f 191/195/191 223/227/223 224/228/224
f 225/229/225 192/196/192 191/195/191
f 191/195/191 224/228/224 225/229/225
f 226/230/226 193/197/193 192/196/192
f 192/196/192 225/229/225 226/230/226
f 227/231/227 194/198/194 193/197/193
f 193/197/193 226/230/226 227/231/227
f 228/232/228 195/199/195 194/198/194
f 194/198/194 227/231/227 228/232/228
f 229/233/229 196/200/196 195/199/195
f 195/199/195 228/232/228 229/233/229
f 230/234/230 197/201/197 196/200/196
f 196/200/196 229/233/229 230/234/230
f 231/235/231 198/202/198 197/201/197
f 197/201/197 230/234/230 231/235/231
f 232/236/232 199/203/199 198/202/198
f 198/202/198 231/235/231 232/236/232
f 233/237/233 200/204/200 199/203/199
f 199/203/199 232/236/232 233/237/233
f 234/238/234 201/205/201 200/204/200
f 200/204/200 233/237/233 234/238/234
f 201/205/201 234/238/234 235/239/235
f 201/205/201 235/239/235 236/240/236
f 201/205/201 236/240/236 237/241/237
f 201/205/201 237/241/237 238/242/238
f 201/205/201 238/242/238 239/243/239
f 201/205/201 239/243/239 240/244/240
f 241/245/241 190/194/190 201/205/201
f 201/205/201 240/244/240 241/245/241
f 242/246/242 182/186/182 190/194/190
f 190/194/190 241/245/241 242/246/242
f 243/247/243 174/178/174 182/186/182
f 182/186/182 242/246/242 243/247/243
f 244/248/244 166/170/166 174/178/174
f 174/178/174 243/247/243 244/248/244
f 245/249/245 164/168/164 166/170/166
f 166/170/166 244/248/244 245/249/245
f 246/250/246 162/166/162 164/168/164
f 164/168/164 245/249/245 246/250/246
f 247/251/247 160/164/160 162/166/162
f 162/166/162 246/250/246 247/251/247
f 248/252/248 152/156/152 160/164/160
f 160/164/160 247/251/247 248/252/248
f 249/253/249 144/148/144 152/156/152
f 152/156/152 248/252/248 249/253/249
f 250/254/250 136/140/136 144/148/144
f 144/148/144 249/253/249 250/254/250
f 136/140/136 250/254/250 251/255/251
f 136/140/136 251/255/251 252/256/252
f 136/140/136 252/256/252 253/257/253
f 136/140/136 253/257/253 254/258/254
f 136/140/136 254/258/254 255/259/255
f 136/140/136 255/259/255 256/260/256
f 257/261/257 135/139/135 136/140/136
f 136/140/136 256/260/256 257/261/257
f 258/262/258 134/138/134 135/139/135
f 135/139/135 257/261/257 258/262/258
f 259/263/259 133/137/133 134/138/134
f 134/138/134 258/262/258 259/263/259
f 260/264/260 132/136/132 133/137/133
f 133/137/133 259/263/259 260/264/260
f 261/265/261 131/135/131 132/136/132
f 132/136/132 260/264/260 261/265/261
f 262/266/262 130/134/130 131/135/131
f 131/135/131 261/265/261 262/266/262
f 263/267/263 129/133/129 130/134/130
f 130/134/130 262/266/262 263/267/263
f 264/268/264 128/132/128 129/133/129
f 129/133/129 263/267/263 264/268/264
f 265/269/265 127/131/127 128/132/128
f 128/132/128 264/268/264 265/269/265
f 202/206/202 126/130/126 127/131/127
f 127/131/127 265/269/265 202/206/202
f 267/271/267 203/207/203 202/206/202
f 202/206/202 266/270/266 267/271/267
f 268/272/268 204/208/204 203/207/203
f 203/207/203 267/271/267 268/272/268
f 269/273/269 205/209/205 204/208/204
f 204/208/204 268/272/268 269/273/269
f 270/274/270 206/210/206 205/209/205
f 205/209/205 269/273/269 270/274/270
f 271/275/271 207/211/207 206/210/206
f 206/210/206 270/274/270 271/275/271
f 272/276/272 208/212/208 207/211/207
f 207/211/207 271/275/271 272/276/272
f 273/277/273 209/213/209 208/212/208
f 208/212/208 272/276/272 273/277/273
f 274/278/274 210/214/210 209/213/209
f 209/213/209 273/277/273 274/278/274
f 275/279/275 211/215/211 210/214/210
f 210/214/210 274/278/274 275/279/275
f 276/280/276 212/216/212 211/215/211
f 211/215/211 275/279/275 276/280/276
f 277/281/277 213/217/213 212/216/212
f 212/216/212 276/280/276 277/281/277
f 278/282/278 214/218/214 213/217/213
f 213/217/213 277/281/277 278/282/278
f 279/283/279 215/219/215 214/218/214
f 214/218/214 278/282/278 279/283/279
f 280/284/280 216/220/216 215/219/215
f 215/219/215 279/283/279 280/284/280
f 281/285/281 217/221/217 216/220/216
f 216/220/216 280/284/280 281/285/281
f 282/286/282 218/222/218 217/221/217
f 217/221/217 281/285/281 282/286/282
f 283/287/283 219/223/219 218/222/218
f 218/222/218 282/286/282 283/287/283
f 284/288/284 220/224/220 219/223/219
f 219/223/219 283/287/283 284/288/284
f 285/289/285 221/225/221 220/224/220
f 220/224/220 284/288/284 285/289/285
f 286/290/286 222/226/222 221/225/221
f 221/225/221 285/289/285 286/290/286
f 287/291/287 223/227/223 222/226/222
f 222/226/222 286/290/286 287/291/287
f 288/292/288 224/228/224 223/227/223
f 223/227/223 287/291/287 288/292/288
f 289/293/289 225/229/225 224/228/224
f 224/228/224 288/292/288 289/293/289
f 290/294/290 226/230/226 225/229/225
f 225/229/225 289/293/289 290/294/290
f 291/295/291 227/231/227 226/230/226
f 226/230/226 290/294/290 291/295/291
f 292/296/292 228/232/228 227/231/227
f 227/231/227 291/295/291 292/296/292
f 293/297/293 229/233/229 228/232/228
f 228/232/228 292/296/292 293/297/293
f 294/298/294 230/234/230 229/233/229
f 229/233/229 293/297/293 294/298/294
f 295/299/295 231/235/231 230/234/230
f 230/234/230 294/298/294 295/299/295
f 296/300/296 232/236/232 231/235/231
f 231/235/231 295/299/295 296/300/296
f 297/301/297 233/237/233 232/236/232
f 232/236/232 296/300/296 297/301/297
f 298/302/298 234/238/234 233/237/233
f 233/237/233 297/301/297 298/302/298
f 299/303/299 235/239/235 234/238/234
f 234/238/234 298/302/298 299/303/299
f 300/304/300 236/240/236 235/239/235
f 235/239/235 299/303/299 300/304/300
f 301/305/301 237/241/237 236/240/236
f 236/240/236 300/304/300 301/305/301
f 302/306/302 238/242/238 237/241/237
f 237/241/237 301/305/301 302/306/302
f 303/307/303 239/243/239 238/242/238
f 238/242/238 302/306/302 303/307/303
f 304/308/304 240/244/240 239/243/239
f 239/243/239 303/307/303 304/308/304
f 305/309/305 241/245/241 240/244/240
f 240/244/240 304/308/304 305/309/305
f 306/310/306 242/246/242 241/245/241
f 241/245/241 305/309/305 306/310/306
f 307/311/307 243/247/243 242/246/242
f 242/246/242 306/310/306 307/311/307
f 308/312/308 244/248/244 243/247/243
f 243/247/243 307/311/307 308/312/308
f 309/313/309 245/249/245 244/248/244
f 244/248/244 308/312/308 309/313/309
f 310/314/310 246/250/246 245/249/245
f 245/249/245 309/313/309 310/314/310
f 311/315/311 247/251/247 246/250/246
f 246/250/246 310/314/310 311/315/311
f 312/316/312 248/252/248 247/251/247
f 247/251/247 311/315/311 312/316/312
f 313/317/313 249/253/249 248/252/248
f 248/252/248 312/316/312 313/317/313
f 314/318/314 250/254/250 249/253/249
f 249/253/249 313/317/313 314/318/314
f 315/319/315 251/255/251 250/254/250
f 250/254/250 314/318/314 315/319/315
f 316/320/316 252/256/252 251/255/251
f 251/255/251 315/319/315 316/320/316
f 317/321/317 253/257/253 252/256/252
f 252/256/252 316/320/316 317/321/317
f 318/322/318 254/258/254 253/257/253
f 253/257/253 317/321/317 318/322/318
f 319/323/319 255/259/255 254/258/254
f 254/258/254 318/322/318 319/323/319
f 320/324/320 256/260/256 255/259/255
f 255/259/255 319/323/319 320/324/320
f 321/325/321 257/261/257 256/260/256
f 256/260/256 320/324/320 321/325/321
f 322/326/322 258/262/258 257/261/257
f 257/261/257 321/325/321 322/326/322
f 323/327/323 259/263/259 258/262/258
f 258/262/258 322/326/322 323/327/323
f 324/328/324 260/264/260 259/263/259
f 259/263/259 323/327/323 324/328/324
f 325/329/325 261/265/261 260/264/260
f 260/264/260 324/328/324 325/329/325
f 326/330/326 262/266/262 261/265/261
f 261/265/261 325/329/325 326/330/326
f 327/331/327 263/267/263 262/266/262
f 262/266/262 326/330/326 327/331/327
f 328/332/328 264/268/264 263/267/263
f 263/267/263 327/331/327 328/332/328
f 329/333/329 265/269/265 264/268/264
f 264/268/264 328/332/328 329/333/329
f 266/270/266 202/206/202 265/269/265
f 265/269/265 329/333/329 266/270/266
f 331/335/331 267/271/267 266/270/266
f 266/270/266 330/334/330 331/335/331
f 332/336/332 268/272/268 267/271/267
f 267/271/267 331/335/331 332/336/332
f 333/337/333 269/273/269 268/272/268
f 268/272/268 332/336/332 333/337/333
f 334/338/334 270/274/270 269/273/269
f 269/273/269 333/337/333 334/338/334
f 335/339/335 271/275/271 270/274/270
f 270/274/270 334/338/334 335/339/335
f 336/340/336 272/276/272 271/275/271
f 271/275/271 335/339/335 336/340/336
f 337/341/337 273/277/273 272/276/272
f 272/276/272 336/340/336 337/341/337
f 338/342/338 274/278/274 273/277/273
f 273/277/273 337/341/337 338/342/338
f 339/343/339 275/279/275 274/278/274
f 274/278/274 338/342/338 339/343/339
f 340/344/340 276/280/276 275/279/275
f 275/279/275 339/343/339 340/344/340
f 341/345/341 277/281/277 276/280/276
f 276/280/276 340/344/340 341/345/341
f 342/346/342 278/282/278 277/281/277
f 277/281/277 341/345/341 342/346/342
f 343/347/343 279/283/279 278/282/278
f 278/282/278 342/346/342 343/347/343
f 344/348/344 280/284/280 279/283/279
f 279/283/279 343/347/343 344/348/344
f 345/349/345 281/285/281 280/284/280
f 280/284/280 344/348/344 345/349/345
f 346/350/346 282/286/282 281/285/281
f 281/285/281 345/349/345 346/350/346
f 347/351/347 283/287/283 282/286/282
f 282/286/282 346/350/346 347/351/347
f 348/352/348 284/288/284 283/287/283
f 283/287/283 347/351/347 348/352/348
f 349/353/349 285/289/285 284/288/284
f 284/288/284 348/352/348 349/353/349
f 350/354/350 286/290/286 285/289/285
f 285/289/285 349/353/349 350/354/350
f 351/355/351 287/291/287 286/290/286
f 286/290/286 350/354/350 351/355/351
f 352/356/352 288/292/288 287/291/287
f 287/291/287 351/355/351 352/356/352
f 353/357/353 289/293/289 288/292/288
f 288/292/288 352/356/352 353/357/353
f 354/358/354 290/294/290 289/293/289
f 289/293/289 353/357/353 354/358/354
f 355/359/355 291/295/291 290/294/290
f 290/294/290 354/358/354 355/359/355
f 356/360/356 292/296/292 291/295/291
f 291/295/291 355/359/355 356/360/356
f 357/361/357 293/297/293 292/296/292
f 292/296/292 356/360/356 357/361/357
f 358/362/358 294/298/294 293/297/293
f 293/297/293 357/361/357 358/362/358
f 359/363/359 295/299/295 294/298/294
f 294/298/294 358/362/358 359/363/359
f 360/364/360 296/300/296 295/299/295
f 295/299/295 359/363/359 360/364/360
f 361/365/361 297/301/297 296/300/296
f 296/300/296 360/364/360 361/365/361
f 362/366/362 298/302/298 297/301/297
f 297/301/297 361/365/361 362/366/362
f 363/367/363 299/303/299 298/302/298
f 298/302/298 362/366/362 363/367/363
f 364/368/364 300/304/300 299/303/299
f 299/303/299 363/367/363 364/368/364
f 365/369/365 301/305/301 300/304/300
f 300/304/300 364/368/364 365/369/365
f 366/370/366 302/306/302 301/305/301
f 301/305/301 365/369/365 366/370/366
f 367/371/367 303/307/303 302/306/302
f 302/306/302 366/370/366 367/371/367
f 368/372/368 304/308/304 303/307/303
f 303/307/303 367/371/367 368/372/368
f 369/373/369 305/309/305 304/308/304
f 304/308/304 368/372/368 369/373/369
f 370/374/370 306/310/306 305/309/305
f 305/309/305 369/373/369 370/374/370
f 371/375/371 307/311/307 306/310/306
f 306/310/306 370/374/370 371/375/371
f 372/376/372 308/312/308 307/311/307
f 307/311/307 371/375/371 372/376/372
f 373/377/373 309/313/309 308/312/308
f 308/312/308 372/376/372 373/377/373
f 374/378/374 310/314/310 309/313/309
f 309/313/309 373/377/373 374/378/374
f 375/379/375 311/315/311 310/314/310
f 310/314/310 374/378/374 375/379/375
f 376/380/376 312/316/312 311/315/311
f 311/315/311 375/379/375 376/380/376
f 377/381/377 313/317/313 312/316/312
f 312/316/312 376/380/376 377/381/377
f 378/382/378 314/318/314 313/317/313
f 313/317/313 377/381/377 378/382/378
f 379/383/379 315/319/315 314/318/314
f 314/318/314 378/382/378 379/383/379
f 380/384/380 316/320/316 315/319/315
f 315/319/315 379/383/379 380/384/380
f 381/385/381 317/321/317 316/320/316
f 316/320/316 380/384/380 381/385/381
f 382/386/382 318/322/318 317/321/317
f 317/321/317 381/385/381 382/386/382
f 383/387/383 319/323/319 318/322/318
f 318/322/318 382/386/382 383/387/383
f 384/388/384 320/324/320 319/323/319
f 319/323/319 383/387/383 384/388/384
f 385/389/385 321/325/321 320/324/320
f 320/324/320 384/388/384 385/389/385
f 386/390/386 322/326/322 321/325/321
f 321/325/321 385/389/385 386/390/386
f 387/391/387 323/327/323 322/326/322
f 322/326/322 386/390/386 387/391/387
f 388/392/388 324/328/324 323/327/323
f 323/327/323 387/391/387 388/392/388
f 389/393/389 325/329/325 324/328/324
f 324/328/324 388/392/388 389/393/389
f 390/394/390 326/330/326 325/329/325
f 325/329/325 389/393/389 390/394/390
f 391/395/391 327/331/327 326/330/326
f 326/330/326 390/394/390 391/395/391
f 392/396/392 328/332/328 327/331/327
f 327/331/327 391/395/391 392/396/392
f 393/397/393 329/333/329 328/332/328
f 328/332/328 392/396/392 393/397/393
f 330/334/330 266/270/266 329/333/329
f 329/333/329 393/397/393 330/334/330
f 395/399/395 331/335/331 330/334/330
f 330/334/330 394/398/394 395/399/395
f 396/400/396 332/336/332 331/335/331
f 331/335/331 395/399/395 396/400/396
f 397/401/397 333/337/333 332/336/332
f 332/336/332 396/400/396 397/401/397
f 398/402/398 334/338/334 333/337/333
f 333/337/333 397/401/397 398/402/398
f 399/403/399 335/339/335 334/338/334
f 334/338/334 398/402/398 399/403/399
f 400/404/400 336/340/336 335/339/335
f 335/339/335 399/403/399 400/404/400
f 401/405/401 337/341/337 336/340/336
f 336/340/336 400/404/400 401/405/401
f 402/406/402 338/342/338 337/341/337
f 337/341/337 401/405/401 402/406/402
f 403/407/403 339/343/339 338/342/338
f 338/342/338 402/406/402 403/407/403
f 404/408/404 340/344/340 339/343/339
f 339/343/339 403/407/403 404/408/404
f 405/409/405 341/345/341 340/344/340
f 340/344/340 404/408/404 405/409/405
f 406/410/406 342/346/342 341/345/341
f 341/345/341 405/409/405 406/410/406
f 407/411/407 343/347/343 342/346/342
f 342/346/342 406/410/406 407/411/407
f 408/412/408 344/348/344 343/347/343
f 343/347/343 407/411/407 408/412/408
f 409/413/409 345/349/345 344/348/344
f 344/348/344 408/412/408 409/413/409
f 410/414/410 346/350/346 345/349/345
f 345/349/345 409/413/409 410/414/410
f 411/415/411 347/351/347 346/350/346
f 346/350/346 410/414/410 411/415/411
f 412/416/412 348/352/348 347/351/347
f 347/351/347 411/415/411 412/416/412
f 413/417/413 349/353/349 348/352/348
f 348/352/348 412/416/412 413/417/413
f 414/418/414 350/354/350 349/353/349
f 349/353/349 413/417/413 414/418/414
f 415/419/415 351/355/351 350/354/350
f 350/354/350 414/418/414 415/419/415
f 416/420/416 352/356/352 351/355/351
f 351/355/351 415/419/415 416/420/416
f 417/421/417 353/357/353 352/356/352
f 352/356/352 416/420/416 417/421/417
f 418/422/418 354/358/354 353/357/353
f 353/357/353 417/421/417 418/422/418
f 419/423/419 355/359/355 354/358/354
f 354/358/354 418/422/418 419/423/419
f 420/424/420 356/360/356 355/359/355
f 355/359/355 419/423/419 420/424/420
f 421/425/421 357/361/357 356/360/356
f 356/360/356 420/424/420 421/425/421
f 422/426/422 358/362/358 357/361/357
f 357/361/357 421/425/421 422/426/422
f 423/427/423 359/363/359 358/362/358
f 358/362/358 422/426/422 423/427/423
f 424/428/424 360/364/360 359/363/359
f 359/363/359 423/427/423 424/428/424
f 425/429/425 361/365/361 360/364/360
f 360/364/360 424/428/424 425/429/425
f 426/430/426 362/366/362 361/365/361
f 361/365/361 425/429/425 426/430/426
f 427/431/427 363/367/363 362/366/362
f 362/366/362 426/430/426 427/431/427
f 428/432/428 364/368/364 363/367/363
f 363/367/363 427/431/427 428/432/428
f 429/433/429 365/369/365 364/368/364
f 364/368/364 428/432/428 429/433/429
f 430/434/430 366/370/366 365/369/365
f 365/369/365 429/433/429 430/434/430
f 431/435/431 367/371/367 366/370/366
f 366/370/366 430/434/430 431/435/431
f 432/436/432 368/372/368 367/371/367
f 367/371/367 431/435/431 432/436/432
f 433/437/433 369/373/369 368/372/368
f 368/372/368 432/436/432 433/437/433
f 434/438/434 370/374/370 369/373/369
f 369/373/369 433/437/433 434/438/434
f 435/439/435 371/375/371 370/374/370
f 370/374/370 434/438/434 435/439/435
f 436/440/436 372/376/372 371/375/371
f 371/375/371 435/439/435 436/440/436
f 437/441/437 373/377/373 372/376/372
f 372/376/372 436/440/436 437/441/437
f 438/442/438 374/378/374 373/377/373
f 373/377/373 437/441/437 438/442/438
f 439/443/439 375/379/375 374/378/374
f 374/378/374 438/442/438 439/443/439
f 440/444/440 376/380/376 375/379/375
f 375/379/375 439/443/439 440/444/440
f 441/445/441 377/381/377 376/380/376
f 376/380/376 440/444/440 441/445/441
f 442/446/442 378/382/378 377/381/377
f 377/381/377 441/445/441 442/446/442
f 443/447/443 379/383/379 378/382/378
f 378/382/378 442/446/442 443/447/443
f 444/448/444 380/384/380 379/383/379
f 379/383/379 443/447/443 444/448/444
f 445/449/445 381/385/381 380/384/380
f 380/384/380 444/448/444 445/449/445
f 446/450/446 382/386/382 381/385/381
f 381/385/381 445/449/445 446/450/446
f 447/451/447 383/387/383 382/386/382
f 382/386/382 446/450/446 447/451/447
f 448/452/448 384/388/384 383/387/383
f 383/387/383 447/451/447 448/452/448
f 449/453/449 385/389/385 384/388/384
f 384/388/384 448/452/448 449/453/449
f 450/454/450 386/390/386 385/389/385
f 385/389/385 449/453/449 450/454/450
f 451/455/451 387/391/387 386/390/386
f 386/390/386 450/454/450 451/455/451
f 452/456/452 388/392/388 387/391/387
f 387/391/387 451/455/451 452/456/452
f 453/457/453 389/393/389 388/392/388
f 388/392/388 452/456/452 453/457/453
f 454/458/454 390/394/390 389/393/389
f 389/393/389 453/457/453 454/458/454
f 455/459/455 391/395/391 390/394/390
f 390/394/390 454/458/454 455/459/455
f 456/460/456 392/396/392 391/395/391
f 391/395/391 455/459/455 456/460/456
f 457/461/457 393/397/393 392/396/392
f 392/396/392 456/460/456 457/461/457
f 394/398/394 330/334/330 393/397/393
f 393/397/393 457/461/457 394/398/394
f 459/463/459 395/399/395 394/398/394
f 394/398/394 458/462/458 459/463/459
f 460/464/460 396/400/396 395/399/395
f 395/399/395 459/463/459 460/464/460
f 461/465/461 397/401/397 396/400/396
f 396/400/396 460/464/460 461/465/461
f 462/466/462 398/402/398 397/401/397
f 397/401/397 461/465/461 462/466/462
f 463/467/463 399/403/399 398/402/398
f 398/402/398 462/466/462 463/467/463
f 464/468/464 400/404/400 399/403/399
f 399/403/399 463/467/463 464/468/464
f 465/469/465 401/405/401 400/404/400
f 400/404/400 464/468/464 465/469/465
f 466/470/466 402/406/402 401/405/401
f 401/405/401 465/469/465 466/470/466
f 467/471/467 403/407/403 402/406/402
f 402/406/402 466/470/466 467/471/467
f 468/472/468 404/408/404 403/407/403
f 403/407/403 467/471/467 468/472/468
f 469/473/469 405/409/405 404/408/404
f 404/408/404 468/472/468 469/473/469
f 470/474/470 406/410/406 405/409/405
f 405/409/405 469/473/469 470/474/470
f 471/475/471 407/411/407 406/410/406
f 406/410/406 470/474/470 471/475/471
f 472/476/472 408/412/408 407/411/407
f 407/411/407 471/475/471 472/476/472
f 473/477/473 409/413/409 408/412/408
f 408/412/408 472/476/472 473/477/473
f 474/478/474 410/414/410 409/413/409
f 409/413/409 473/477/473 474/478/474
f 475/479/475 411/415/411 410/414/410
f 410/414/410 474/478/474 475/479/475
f 476/480/476 412/416/412 411/415/411
f 411/415/411 475/479/475 476/480/476
f 477/481/477 413/417/413 412/416/412
f 412/416/412 476/480/476 477/481/477
f 478/482/478 414/418/414 413/417/413
f 413/417/413 477/481/477 478/482/478
f 479/483/479 415/419/415 414/418/414
f 414/418/414 478/482/478 479/483/479
f 480/484/480 416/420/416 415/419/415
f 415/419/415 479/483/479 480/484/480
f 481/485/481 417/421/417 416/420/416
f 416/420/416 480/484/480 481/485/481
f 482/486/482 418/422/418 417/421/417
f 417/421/417 481/485/481 482/486/482
f 483/487/483 419/423/419 418/422/418
f 418/422/418 482/486/482 483/487/483
f 484/488/484 420/424/420 419/423/419
f 419/423/419 483/487/483 484/488/484
f 485/489/485 421/425/421 420/424/420
f 420/424/420 484/488/484 485/489/485
f 486/490/486 422/426/422 421/425/421
f 421/425/421 485/489/485 486/490/486
f 487/491/487 423/427/423 422/426/422
f 422/426/422 486/490/486 487/491/487
f 488/492/488 424/428/424 423/427/423
f 423/427/423 487/491/487 488/492/488
f 489/493/489 425/429/425 424/428/424
f 424/428/424 488/492/488 489/493/489
f 490/494/490 426/430/426 425/429/425
f 425/429/425 489/493/489 490/494/490
f 491/495/491 427/431/427 426/430/426
f 426/430/426 490/494/490 491/495/491
f 492/496/492 428/432/428 427/431/427
f 427/431/427 491/495/491 492/496/492
f 493/497/493 429/433/429 428/432/428
f 428/432/428 492/496/492 493/497/493
f 494/498/494 430/434/430 429/433/429
f 429/433/429 493/497/493 494/498/494
f 495/499/495 431/435/431 430/434/430
f 430/434/430 494/498/494 495/499/495
f 496/500/496 432/436/432 431/435/431
f 431/435/431 495/499/495 496/500/496
f 497/501/497 433/437/433 432/436/432
f 432/436/432 496/500/496 497/501/497
f 498/502/498 434/438/434 433/437/433
f 433/437/433 497/501/497 498/502/498
f 499/503/499 435/439/435 434/438/434
f 434/438/434 498/502/498 499/503/499
f 500/504/500 436/440/436 435/439/435
f 435/439/435 499/503/499 500/504/500
f 501/505/501 437/441/437 436/440/436
f 436/440/436 500/504/500 501/505/501
f 502/506/502 438/442/438 437/441/437
f 437/441/437 501/505/501 502/506/502
f 503/507/503 439/443/439 438/442/438
f 438/442/438 502/506/502 503/507/503
f 504/508/504 440/444/440 439/443/439
f 439/443/439 503/507/503 504/508/504
f 505/509/505 441/445/441 440/444/440
f 440/444/440 504/508/504 505/509/505
f 506/510/506 442/446/442 441/445/441
f 441/445/441 505/509/505 506/510/506
f 507/511/507 443/447/443 442/446/442
f 442/446/442 506/510/506 507/511/507
f 508/512/508 444/448/444 443/447/443
f 443/447/443 507/511/507 508/512/508
f 509/513/509 445/449/445 444/448/444
f 444/448/444 508/512/508 509/513/509
f 510/514/510 446/450/446 445/449/445
f 445/449/445 509/513/509 510/514/510
f 511/515/511 447/451/447 446/450/446
f 446/450/446 510/514/510 511/515/511
f 512/516/512 448/452/448 447/451/447
f 447/451/447 511/515/511 512/516/512
f 513/517/513 449/453/449 448/452/448
f 448/452/448 512/516/512 513/517/513
f 514/518/514 450/454/450 449/453/449
f 449/453/449 513/517/513 514/518/514
f 515/519/515 451/455/451 450/454/450
f 450/454/450 514/518/514 515/519/515
f 516/520/516 452/456/452 451/455/451
f 451/455/451 515/519/515 516/520/516
f 517/521/517 453/457/453 452/456/452
f 452/456/452 516/520/516 517/521/517
f 518/522/518 454/458/454 453/457/453
f 453/457/453 517/521/517 518/522/518
f 519/523/519 455/459/455 454/458/454
f 454/458/454 518/522/518 519/523/519
f 520/524/520 456/460/456 455/459/455
f 455/459/455 519/523/519 520/524/520
f 521/525/521 457/461/457 456/460/456
f 456/460/456 520/524/520 521/525/521
f 458/462/458 394/398/394 457/461/457
f 457/461/457 521/525/521 458/462/458
f 523/527/523 459/463/459 458/462/458
f 458/462/458 522/526/522 523/527/523
f 524/528/524 460/464/460 459/463/459
f 459/463/459 523/527/523 524/528/524
f 525/529/525 461/465/461 460/464/460
f 460/464/460 524/528/524 525/529/525
f 526/530/526 462/466/462 461/465/461
f 461/465/461 525/529/525 526/530/526
f 527/531/527 463/467/463 462/466/462
f 462/466/462 526/530/526 527/531/527
f 528/532/528 464/468/464 463/467/463
f 463/467/463 527/531/527 528/532/528
f 529/533/529 465/469/465 464/468/464
f 464/468/464 528/532/528 529/533/529
f 530/534/530 466/470/466 465/469/465
f 465/469/465 529/533/529 530/534/530
f 531/535/531 467/471/467 466/470/466
f 466/470/466 530/534/530 531/535/531
f 532/536/532 468/472/468 467/471/467
f 467/471/467 531/535/531 532/536/532
f 533/537/533 469/473/469 468/472/468
f 468/472/468 532/536/532 533/537/533
f 534/538/534 470/474/470 469/473/469
f 469/473/469 533/537/533 534/538/534
f 535/539/535 471/475/471 470/474/470
f 470/474/470 534/538/534 535/539/535
f 536/540/536 472/476/472 471/475/471
f 471/475/471 535/539/535 536/540/536
f 537/541/537 473/477/473 472/476/472
f 472/476/472 536/540/536 537/541/537
f 538/542/538 474/478/474 473/477/473
f 473/477/473 537/541/537 538/542/538
f 539/543/539 475/479/475 474/478/474
f 474/478/474 538/542/538 539/543/539
f 540/544/540 476/480/476 475/479/475
f 475/479/475 539/543/539 540/544/540
f 541/545/541 477/481/477 476/480/476
f 476/480/476 540/544/540 541/545/541
f 542/546/542 478/482/478 477/481/477
f 477/481/477 541/545/541 542/546/542
f 543/547/543 479/483/479 478/482/478
f 478/482/478 542/546/542 543/547/543
f 544/548/544 480/484/480 479/483/479
f 479/483/479 543/547/543 544/548/544
f 545/549/545 481/485/481 480/484/480
f 480/484/480 544/548/544 545/549/545
f 546/550/546 482/486/482 481/485/481
f 481/485/481 545/549/545 546/550/546
f 547/551/547 483/487/483 482/486/482
f 482/486/482 546/550/546 547/551/547
f 548/552/548 484/488/484 483/487/483
f 483/487/483 547/551/547 548/552/548
f 549/553/549 485/489/485 484/488/484
f 484/488/484 548/552/548 549/553/549
f 550/554/550 486/490/486 485/489/485
f 485/489/485 549/553/549 550/554/550
f 551/555/551 487/491/487 486/490/486
f 486/490/486 550/554/550 551/555/551
f 552/556/552 488/492/488 487/491/487
f 487/491/487 551/555/551 552/556/552
f 553/557/553 489/493/489 488/492/488
f 488/492/488 552/556/552 553/557/553
f 554/558/554 490/494/490 489/493/489
f 489/493/489 553/557/553 554/558/554
f 555/559/555 491/495/491 490/494/490
f 490/494/490 554/558/554 555/559/555
f 556/560/556 492/496/492 491/495/491
f 491/495/491 555/559/555 556/560/556
f 557/561/557 493/497/493 492/496/492
f 492/496/492 556/560/556 557/561/557
f 558/562/558 494/498/494 493/497/493
f 493/497/493 557/561/557 558/562/558
f 559/563/559 495/499/495 494/498/494
f 494/498/494 558/562/558 559/563/559
f 560/564/560 496/500/496 495/499/495
f 495/499/495 559/563/559 560/564/560
f 561/565/561 497/501/497 496/500/496
f 496/500/496 560/564/560 561/565/561
f 562/566/562 498/502/498 497/501/497
f 497/501/497 561/565/561 562/566/562
f 563/567/563 499/503/499 498/502/498
f 498/502/498 562/566/562 563/567/563
f 564/568/564 500/504/500 499/503/499
f 499/503/499 563/567/563 564/568/564
f 565/569/565 501/505/501 500/504/500
f 500/504/500 564/568/564 565/569/565
f 566/570/566 502/506/502 501/505/501
f 501/505/501 565/569/565 566/570/566
f 567/571/567 503/507/503 502/506/502
f 502/506/502 566/570/566 567/571/567
f 568/572/568 504/508/504 503/507/503
f 503/507/503 567/571/567 568/572/568
f 569/573/569 505/509/505 504/508/504
f 504/508/504 568/572/568 569/573/569
f 570/574/570 506/510/506 505/509/505
f 505/509/505 569/573/569 570/574/570
f 571/575/571 507/511/507 506/510/506
f 506/510/506 570/574/570 571/575/571
f 572/576/572 508/512/508 507/511/507
f 507/511/507 571/575/571 572/576/572
f 573/577/573 509/513/509 508/512/508
f 508/512/508 572/576/572 573/577/573
f 574/578/574 510/514/510 509/513/509
f 509/513/509 573/577/573 574/578/574
f 575/579/575 511/515/511 510/514/510
f 510/514/510 574/578/574 575/579/575
f 576/580/576 512/516/512 511/515/511
f 511/515/511 575/579/575 576/580/576
f 577/581/577 513/517/513 512/516/512
f 512/516/512 576/580/576 577/581/577
f 578/582/578 514/518/514 513/517/513
f 513/517/513 577/581/577 578/582/578
f 579/583/579 515/519/515 514/518/514
f 514/518/514 578/582/578 579/583/579
f 580/584/580 516/520/516 515/519/515
f 515/519/515 579/583/579 580/584/580
f 581/585/581 517/521/517 516/520/516
f 516/520/516 580/584/580 581/585/581
f 582/586/582 518/522/518 517/521/517
f 517/521/517 581/585/581 582/586/582
f 583/587/583 519/523/519 518/522/518
f 518/522/518 582/586/582 583/587/583
f 584/588/584 520/524/520 519/523/519
f 519/523/519 583/587/583 584/588/584
f 585/589/585 521/525/521 520/524/520
f 520/524/520 584/588/584 585/589/585
f 522/526/522 458/462/458 521/525/521
f 521/525/521 585/589/585 522/526/522
f 587/655/587 523/591/523 522/590/522
f 522/590/522 586/654/586 587/655/587
f 588/656/588 524/592/524 523/591/523
f 523/591/523 587/655/587 588/656/588
f 589/657/589 525/593/525 524/592/524
f 524/592/524 588/656/588 589/657/589
f 590/658/590 526/594/526 525/593/525
f 525/593/525 589/657/589 590/658/590
f 591/659/591 527/595/527 526/594/526
f 526/594/526 590/658/590 591/659/591
f 592/660/592 528/596/528 527/595/527
f 527/595/527 591/659/591 592/660/592
f 593/661/593 529/597/529 528/596/528
f 528/596/528 592/660/592 593/661/593
f 594/662/594 530/598/530 529/597/529
f 529/597/529 593/661/593 594/662/594
f 595/663/595 531/599/531 530/598/530
f 530/598/530 594/662/594 595/663/595
f 596/664/596 532/600/532 531/599/531
f 531/599/531 595/663/595 596/664/596
f 597/665/597 533/601/533 532/600/532
f 532/600/532 596/664/596 597/665/597
f 598/666/598 534/602/534 533/601/533
f 533/601/533 597/665/597 598/666/598
f 599/667/599 535/603/535 534/602/534
f 534/602/534 598/666/598 599/667/599
f 600/668/600 536/604/536 535/603/535
f 535/603/535 599/667/599 600/668/600
f 601/669/601 537/605/537 536/604/536
f 536/604/536 600/668/600 601/669/601
f 602/670/602 538/606/538 537/605/537
f 537/605/537 601/669/601 602/670/602
f 603/671/603 539/607/539 538/606/538
f 538/606/538 602/670/602 603/671/603
f 604/672/604 540/608/540 539/607/539
f 539/607/539 603/671/603 604/672/604
f 605/673/605 541/609/541 540/608/540
f 540/608/540 604/672/604 605/673/605
f 606/674/606 542/610/542 541/609/541
f 541/609/541 605/673/605 606/674/606
f 607/675/607 543/611/543 542/610/542
f 542/610/542 606/674/606 607/675/607
f 608/676/608 544/612/544 543/611/543
f 543/611/543 607/675/607 608/676/608
f 609/677/609 545/613/545 544/612/544
f 544/612/544 608/676/608 609/677/609
f 610/678/610 546/614/546 545/613/545
f 545/613/545 609/677/609 610/678/610
f 611/679/611 547/615/547 546/614/546
f 546/614/546 610/678/610 611/679/611
f 612/680/612 548/616/548 547/615/547
f 547/615/547 611/679/611 612/680/612
f 613/681/613 549/617/549 548/616/548
f 548/616/548 612/680/612 613/681/613
f 614/682/614 550/618/550 549/617/549
f 549/617/549 613/681/613 614/682/614
f 615/683/615 551/619/551 550/618/550
f 550/618/550 614/682/614 615/683/615
f 616/684/616 552/620/552 551/619/551
f 551/619/551 615/683/615 616/684/616
f 617/685/617 553/621/553 552/620/552
f 552/620/552 616/684/616 617/685/617
f 618/686/618 554/622/554 553/621/553
f 553/621/553 617/685/617 618/686/618
f 619/687/619 555/623/555 554/622/554
f 554/622/554 618/686/618 619/687/619
f 620/688/620 556/624/556 555/623/555
f 555/623/555 619/687/619 620/688/620
f 621/689/621 557/625/557 556/624/556
f 556/624/556 620/688/620 621/689/621
f 622/690/622 558/626/558 557/625/557
f 557/625/557 621/689/621 622/690/622
f 623/691/623 559/627/559 558/626/558
f 558/626/558 622/690/622 623/691/623
f 624/692/624 560/628/560 559/627/559
f 559/627/559 623/691/623 624/692/624
f 625/693/625 561/629/561 560/628/560
f 560/628/560 624/692/624 625/693/625
f 626/694/626 562/630/562 561/629/561
f 561/629/561 625/693/625 626/694/626
f 627/695/627 563/631/563 562/630/562
f 562/630/562 626/694/626 627/695/627
f 628/696/628 564/632/564 563/631/563
f 563/631/563 627/695/627 628/696/628
f 629/697/629 565/633/565 564/632/564
f 564/632/564 628/696/628 629/697/629
f 630/698/630 566/634/566 565/633/565
f 565/633/565 629/697/629 630/698/630
f 631/699/631 567/635/567 566/634/566
f 566/634/566 630/698/630 631/699/631
f 632/700/632 568/636/568 567/635/567
f 567/635/567 631/699/631 632/700/632
f 633/701/633 569/637/569 568/636/568
f 568/636/568 632/700/632 633/701/633
f 634/702/634 570/638/570 569/637/569
f 569/637/569 633/701/633 634/702/634
f 635/703/635 571/639/571 570/638/570
f 570/638/570 634/702/634 635/703/635
f 636/704/636 572/640/572 571/639/571
f 571/639/571 635/703/635 636/704/636
f 637/705/637 573/641/573 572/640/572
f 572/640/572 636/704/636 637/705/637
f 638/706/638 574/642/574 573/641/573
f 573/641/573 637/705/637 638/706/638
f 639/707/639 575/643/575 574/642/574
f 574/642/574 638/706/638 639/707/639
f 640/708/640 576/644/576 575/643/575
f 575/643/575 639/707/639 640/708/640
f 641/709/641 577/645/577 576/644/576
f 576/644/576 640/708/640 641/709/641
f 642/710/642 578/646/578 577/645/577
f 577/645/577 641/709/641 642/710/642
f 643/711/643 579/647/579 578/646/578
f 578/646/578 642/710/642 643/711/643
f 644/712/644 580/648/580 579/647/579
f 579/647/579 643/711/643 644/712/644
f 645/713/645 581/649/581 580/648/580
f 580/648/580 644/712/644 645/713/645
f 646/714/646 582/650/582 581/649/581
f 581/649/581 645/713/645 646/714/646
f 647/715/647 583/651/583 582/650/582
f 582/650/582 646/714/646 647/715/647
f 648/716/648 584/652/584 583/651/583
f 583/651/583 647/715/647 648/716/648
f 649/717/649 585/653/585 584/652/584
f 584/652/584 648/716/648 649/717/649
f 586/1544/586 522/1543/522 585/653/585
f 585/653/585 649/717/649 586/1544/586
f 651/719/651 587/655/587 586/654/586
f 586/654/586 650/718/650 651/719/651
f 652/720/652 588/656/588 587/655/587
f 587/655/587 651/719/651 652/720/652
f 653/721/653 589/657/589 588/656/588
f 588/656/588 652/720/652 653/721/653
f 654/722/654 590/658/590 589/657/589
f 589/657/589 653/721/653 654/722/654
f 655/723/655 591/659/591 590/658/590
f 590/658/590 654/722/654 655/723/655
f 656/724/656 592/660/592 591/659/591
f 591/659/591 655/723/655 656/724/656
f 657/725/657 593/661/593 592/660/592
f 592/660/592 656/724/656 657/725/657
f 658/726/658 594/662/594 593/661/593
f 593/661/593 657/725/657 658/726/658
f 659/727/659 595/663/595 594/662/594
f 594/662/594 658/726/658 659/727/659
f 660/728/660 596/664/596 595/663/595
f 595/663/595 659/727/659 660/728/660
f 661/729/661 597/665/597 596/664/596
f 596/664/596 660/728/660 661/729/661
f 662/730/662 598/666/598 597/665/597
f 597/665/597 661/729/661 662/730/662
f 663/731/663 599/667/599 598/666/598
f 598/666/598 662/730/662 663/731/663
f 664/732/664 600/668/600 599/667/599
f 599/667/599 663/731/663 664/732/664
f 665/733/665 601/669/601 600/668/600
f 600/668/600 664/732/664 665/733/665
f 666/734/666 602/670/602 601/669/601
f 601/669/601 665/733/665 666/734/666
f 667/735/667 603/671/603 602/670/602
f 602/670/602 666/734/666 667/735/667
f 668/736/668 604/672/604 603/671/603
f 603/671/603 667/735/667 668/736/668
f 669/737/669 605/673/605 604/672/604
f 604/672/604 668/736/668 669/737/669
f 670/738/670 606/674/606 605/673/605
f 605/673/605 669/737/669 670/738/670
f 671/739/671 607/675/607 606/674/606
f 606/674/606 670/738/670 671/739/671
f 672/740/672 608/676/608 607/675/607
f 607/675/607 671/739/671 672/740/672
f 673/741/673 609/677/609 608/676/608
f 608/676/608 672/740/672 673/741/673
f 674/742/674 610/678/610 609/677/609
f 609/677/609 673/741/673 674/742/674
f 675/743/675 611/679/611 610/678/610
f 610/678/610 674/742/674 675/743/675
f 676/744/676 612/680/612 611/679/611
f 611/679/611 675/743/675 676/744/676
f 677/745/677 613/681/613 612/680/612
f 612/680/612 676/744/676 677/745/677
f 678/746/678 614/682/614 613/681/613
f 613/681/613 677/745/677 678/746/678
f 679/747/679 615/683/615 614/682/614
f 614/682/614 678/746/678 679/747/679
f 680/748/680 616/684/616 615/683/615
f 615/683/615 679/747/679 680/748/680
f 681/749/681 617/685/617 616/684/616
f 616/684/616 680/748/680 681/749/681
f 682/750/682 618/686/618 617/685/617
f 617/685/617 681/749/681 682/750/682
f 683/751/683 619/687/619 618/686/618
f 618/686/618 682/750/682 683/751/683
f 684/752/684 620/688/620 619/687/619
f 619/687/619 683/751/683 684/752/684
f 685/753/685 621/689/621 620/688/620
f 620/688/620 684/752/684 685/753/685
f 686/754/686 622/690/622 621/689/621
f 621/689/621 685/753/685 686/754/686
f 687/755/687 623/691/623 622/690/622
f 622/690/622 686/754/686 687/755/687
f 688/756/688 624/692/624 623/691/623
f 623/691/623 687/755/687 688/756/688
f 689/757/689 625/693/625 624/692/624
f 624/692/624 688/756/688 689/757/689
f 690/758/690 626/694/626 625/693/625
f 625/693/625 689/757/689 690/758/690
f 691/759/691 627/695/627 626/694/626
f 626/694/626 690/758/690 691/759/691
f 692/760/692 628/696/628 627/695/627
f 627/695/627 691/759/691 692/760/692
f 693/761/693 629/697/629 628/696/628
f 628/696/628 692/760/692 693/761/693
f 694/762/694 630/698/630 629/697/629
f 629/697/629 693/761/693 694/762/694
f 695/763/695 631/699/631 630/698/630
f 630/698/630 694/762/694 695/763/695
f 696/764/696 632/700/632 631/699/631
f 631/699/631 695/763/695 696/764/696
f 697/765/697 633/701/633 632/700/632
f 632/700/632 696/764/696 697/765/697
f 698/766/698 634/702/634 633/701/633
f 633/701/633 697/765/697 698/766/698
f 699/767/699 635/703/635 634/702/634
f 634/702/634 698/766/698 699/767/699
f 700/768/700 636/704/636 635/703/635
f 635/703/635 699/767/699 700/768/700
f 701/769/701 637/705/637 636/704/636
f 636/704/636 700/768/700 701/769/701
f 702/770/702 638/706/638 637/705/637
f 637/705/637 701/769/701 702/770/702
f 703/771/703 639/707/639 638/706/638
f 638/706/638 702/770/702 703/771/703
f 704/772/704 640/708/640 639/707/639
f 639/707/639 703/771/703 704/772/704
f 705/773/705 641/709/641 640/708/640
f 640/708/640 704/772/704 705/773/705
f 706/774/706 642/710/642 641/709/641
f 641/709/641 705/773/705 706/774/706
f 707/775/707 643/711/643 642/710/642
f 642/710/642 706/774/706 707/775/707
f 708/776/708 644/712/644 643/711/643
f 643/711/643 707/775/707 708/776/708
f 709/777/709 645/713/645 644/712/644
f 644/712/644 708/776/708 709/777/709
f 710/778/710 646/714/646 645/713/645
f 645/713/645 709/777/709 710/778/710
f 711/779/711 647/715/647 646/714/646
f 646/714/646 710/778/710 711/779/711
f 712/780/712 648/716/648 647/715/647
f 647/715/647 711/779/711 712/780/712
f 713/781/713 649/717/649 648/716/648
f 648/716/648 712/780/712 713/781/713
f 650/1545/650 586/1544/586 649/717/649
f 649/717/649 713/781/713 650/1545/650
f 715/783/715 651/719/651 650/718/650
f 650/718/650 714/782/714 715/783/715
f 716/784/716 652/720/652 651/719/651
f 651/719/651 715/783/715 716/784/716
f 717/785/717 653/721/653 652/720/652
f 652/720/652 716/784/716 717/785/717
f 718/786/718 654/722/654 653/721/653
f 653/721/653 717/785/717 718/786/718
f 719/787/719 655/723/655 654/722/654
f 654/722/654 718/786/718 719/787/719
f 720/788/720 656/724/656 655/723/655
f 655/723/655 719/787/719 720/788/720
f 721/789/721 657/725/657 656/724/656
f 656/724/656 720/788/720 721/789/721
f 722/790/722 658/726/658 657/725/657
f 657/725/657 721/789/721 722/790/722
f 723/791/723 659/727/659 658/726/658
f 658/726/658 722/790/722 723/791/723
f 724/792/724 660/728/660 659/727/659
f 659/727/659 723/791/723 724/792/724
f 725/793/725 661/729/661 660/728/660
f 660/728/660 724/792/724 725/793/725
f 726/794/726 662/730/662 661/729/661
f 661/729/661 725/793/725 726/794/726
f 727/795/727 663/731/663 662/730/662
f 662/730/662 726/794/726 727/795/727
f 728/796/728 664/732/664 663/731/663
f 663/731/663 727/795/727 728/796/728
f 729/797/729 665/733/665 664/732/664
f 664/732/664 728/796/728 729/797/729
f 730/798/730 666/734/666 665/733/665
f 665/733/665 729/797/729 730/798/730
f 731/799/731 667/735/667 666/734/666
f 666/734/666 730/798/730 731/799/731
f 732/800/732 668/736/668 667/735/667
f 667/735/667 731/799/731 732/800/732
f 733/801/733 669/737/669 668/736/668
f 668/736/668 732/800/732 733/801/733
f 734/802/734 670/738/670 669/737/669
f 669/737/669 733/801/733 734/802/734
f 735/803/735 671/739/671 670/738/670
f 670/738/670 734/802/734 735/803/735
f 736/804/736 672/740/672 671/739/671
f 671/739/671 735/803/735 736/804/736
f 737/805/737 673/741/673 672/740/672
f 672/740/672 736/804/736 737/805/737
f 738/806/738 674/742/674 673/741/673
f 673/741/673 737/805/737 738/806/738
f 739/807/739 675/743/675 674/742/674
f 674/742/674 738/806/738 739/807/739
f 740/808/740 676/744/676 675/743/675
f 675/743/675 739/807/739 740/808/740
f 741/809/741 677/745/677 676/744/676
f 676/744/676 740/808/740 741/809/741
f 742/810/742 678/746/678 677/745/677
f 677/745/677 741/809/741 742/810/742
f 743/811/743 679/747/679 678/746/678
f 678/746/678 742/810/742 743/811/743
f 744/812/744 680/748/680 679/747/679
f 679/747/679 743/811/743 744/812/744
f 745/813/745 681/749/681 680/748/680
f 680/748/680 744/812/744 745/813/745
f 746/814/746 682/750/682 681/749/681
f 681/749/681 745/813/745 746/814/746
f 747/815/747 683/751/683 682/750/682
f 682/750/682 746/814/746 747/815/747
f 748/816/748 684/752/684 683/751/683
f 683/751/683 747/815/747 748/816/748
f 749/817/749 685/753/685 684/752/684
f 684/752/684 748/816/748 749/817/749
f 750/818/750 686/754/686 685/753/685
f 685/753/685 749/817/749 750/818/750
f 751/819/751 687/755/687 686/754/686
f 686/754/686 750/818/750 751/819/751
f 752/820/752 688/756/688 687/755/687
f 687/755/687 751/819/751 752/820/752
f 753/821/753 689/757/689 688/756/688
f 688/756/688 752/820/752 753/821/753
f 754/822/754 690/758/690 689/757/689
f 689/757/689 753/821/753 754/822/754
f 755/823/755 691/759/691 690/758/690
f 690/758/690 754/822/754 755/823/755
f 756/824/756 692/760/692 691/759/691
f 691/759/691 755/823/755 756/824/756
f 757/825/757 693/761/693 692/760/692
f 692/760/692 756/824/756 757/825/757
f 758/826/758 694/762/694 693/761/693
f 693/761/693 757/825/757 758/826/758
f 759/827/759 695/763/695 694/762/694
f 694/762/694 758/826/758 759/827/759
f 760/828/760 696/764/696 695/763/695
f 695/763/695 759/827/759 760/828/760
f 761/829/761 697/765/697 696/764/696
f 696/764/696 760/828/760 761/829/761
f 762/830/762 698/766/698 697/765/697
f 697/765/697 761/829/761 762/830/762
f 763/831/763 699/767/699 698/766/698
f 698/766/698 762/830/762 763/831/763
f 764/832/764 700/768/700 699/767/699
f 699/767/699 763/831/763 764/832/764
f 765/833/765 701/769/701 700/768/700
f 700/768/700 764/832/764 765/833/765
f 766/834/766 702/770/702 701/769/701
f 701/769/701 765/833/765 766/834/766
f 767/835/767 703/771/703 702/770/702
f 702/770/702 766/834/766 767/835/767
f 768/836/768 704/772/704 703/771/703
f 703/771/703 767/835/767 768/836/768
f 769/837/769 705/773/705 704/772/704
f 704/772/704 768/836/768 769/837/769
f 770/838/770 706/774/706 705/773/705
f 705/773/705 769/837/769 770/838/770
f 771/839/771 707/775/707 706/774/706
f 706/774/706 770/838/770 771/839/771
f 772/840/772 708/776/708 707/775/707
f 707/775/707 771/839/771 772/840/772
f 773/841/773 709/777/709 708/776/708
f 708/776/708 772/840/772 773/841/773
f 774/842/774 710/778/710 709/777/709
f 709/777/709 773/841/773 774/842/774
f 775/843/775 711/779/711 710/778/710
f 710/778/710 774/842/774 775/843/775
f 776/844/776 712/780/712 711/779/711
f 711/779/711 775/843/775 776/844/776
f 777/845/777 713/781/713 712/780/712
f 712/780/712 776/844/776 777/845/777
f 714/1546/714 650/1545/650 713/781/713
f 713/781/713 777/845/777 714/1546/714
f 779/847/779 715/783/715 714/782/714
f 714/782/714 778/846/778 779/847/779
f 780/848/780 716/784/716 715/783/715
f 715/783/715 779/847/779 780/848/780
f 781/849/781 717/785/717 716/784/716
f 716/784/716 780/848/780 781/849/781
f 782/850/782 718/786/718 717/785/717
f 717/785/717 781/849/781 782/850/782
f 783/851/783 719/787/719 718/786/718
f 718/786/718 782/850/782 783/851/783
f 784/852/784 720/788/720 719/787/719
f 719/787/719 783/851/783 784/852/784
f 785/853/785 721/789/721 720/788/720
f 720/788/720 784/852/784 785/853/785
f 786/854/786 722/790/722 721/789/721
f 721/789/721 785/853/785 786/854/786
f 787/855/787 723/791/723 722/790/722
f 722/790/722 786/854/786 787/855/787
f 788/856/788 724/792/724 723/791/723
f 723/791/723 787/855/787 788/856/788
f 789/857/789 725/793/725 724/792/724
f 724/792/724 788/856/788 789/857/789
f 790/858/790 726/794/726 725/793/725
f 725/793/725 789/857/789 790/858/790
f 791/859/791 727/795/727 726/794/726
f 726/794/726 790/858/790 791/859/791
f 792/860/792 728/796/728 727/795/727
f 727/795/727 791/859/791 792/860/792
f 793/861/793 729/797/729 728/796/728
f 728/796/728 792/860/792 793/861/793
f 794/862/794 730/798/730 729/797/729
f 729/797/729 793/861/793 794/862/794
f 795/863/795 731/799/731 730/798/730
f 730/798/730 794/862/794 795/863/795
f 796/864/796 732/800/732 731/799/731
f 731/799/731 795/863/795 796/864/796
f 797/865/797 733/801/733 732/800/732
f 732/800/732 796/864/796 797/865/797
f 798/866/798 734/802/734 733/801/733
f 733/801/733 797/865/797 798/866/798
f 799/867/799 735/803/735 734/802/734
f 734/802/734 798/866/798 799/867/799
f 800/868/800 736/804/736 735/803/735
f 735/803/735 799/867/799 800/868/800
f 801/869/801 737/805/737 736/804/736
f 736/804/736 800/868/800 801/869/801
f 802/870/802 738/806/738 737/805/737
f 737/805/737 801/869/801 802/870/802
f 803/871/803 739/807/739 738/806/738
f 738/806/738 802/870/802 803/871/803
f 804/872/804 740/808/740 739/807/739
f 739/807/739 803/871/803 804/872/804
f 805/873/805 741/809/741 740/808/740
f 740/808/740 804/872/804 805/873/805
f 806/874/806 742/810/742 741/809/741
f 741/809/741 805/873/805 806/874/806
f 807/875/807 743/811/743 742/810/742
f 742/810/742 806/874/806 807/875/807
f 808/876/808 744/812/744 743/811/743
f 743/811/743 807/875/807 808/876/808
f 809/877/809 745/813/745 744/812/744
f 744/812/744 808/876/808 809/877/809
f 810/878/810 746/814/746 745/813/745
f 745/813/745 809/877/809 810/878/810
f 811/879/811 747/815/747 746/814/746
f 746/814/746 810/878/810 811/879/811
f 812/880/812 748/816/748 747/815/747
f 747/815/747 811/879/811 812/880/812
f 813/881/813 749/817/749 748/816/748
f 748/816/748 812/880/812 813/881/813
f 814/882/814 750/818/750 749/817/749
f 749/817/749 813/881/813 814/882/814
f 815/883/815 751/819/751 750/818/750
f 750/818/750 814/882/814 815/883/815
f 816/884/816 752/820/752 751/819/751
f 751/819/751 815/883/815 816/884/816
f 817/885/817 753/821/753 752/820/752
f 752/820/752 816/884/816 817/885/817
f 818/886/818 754/822/754 753/821/753
f 753/821/753 817/885/817 818/886/818
f 819/887/819 755/823/755 754/822/754
f 754/822/754 818/886/818 819/887/819
f 820/888/820 756/824/756 755/823/755
f 755/823/755 819/887/819 820/888/820
f 821/889/821 757/825/757 756/824/756
f 756/824/756 820/888/820 821/889/821
f 822/890/822 758/826/758 757/825/757
f 757/825/757 821/889/821 822/890/822
f 823/891/823 759/827/759 758/826/758
f 758/826/758 822/890/822 823/891/823
f 824/892/824 760/828/760 759/827/759
f 759/827/759 823/891/823 824/892/824
f 825/893/825 761/829/761 760/828/760
f 760/828/760 824/892/824 825/893/825
f 826/894/826 762/830/762 761/829/761
f 761/829/761 825/893/825 826/894/826
f 827/895/827 763/831/763 762/830/762
f 762/830/762 826/894/826 827/895/827
f 828/896/828 764/832/764 763/831/763
f 763/831/763 827/895/827 828/896/828
f 829/897/829 765/833/765 764/832/764
f 764/832/764 828/896/828 829/897/829
f 830/898/830 766/834/766 765/833/765
f 765/833/765 829/897/829 830/898/830
f 831/899/831 767/835/767 766/834/766
f 766/834/766 830/898/830 831/899/831
f 832/900/832 768/836/768 767/835/767
f 767/835/767 831/899/831 832/900/832
f 833/901/833 769/837/769 768/836/768
f 768/836/768 832/900/832 833/901/833
f 834/902/834 770/838/770 769/837/769
f 769/837/769 833/901/833 834/902/834
f 835/903/835 771/839/771 770/838/770
f 770/838/770 834/902/834 835/903/835
f 836/904/836 772/840/772 771/839/771
f 771/839/771 835/903/835 836/904/836
f 837/905/837 773/841/773 772/840/772
f 772/840/772 836/904/836 837/905/837
f 838/906/838 774/842/774 773/841/773
f 773/841/773 837/905/837 838/906/838
f 839/907/839 775/843/775 774/842/774
f 774/842/774 838/906/838 839/907/839
f 840/908/840 776/844/776 775/843/775
f 775/843/775 839/907/839 840/908/840
f 841/909/841 777/845/777 776/844/776
f 776/844/776 840/908/840 841/909/841
f 778/1547/778 714/1546/714 777/845/777
f 777/845/777 841/909/841 778/1547/778
f 843/911/843 779/847/779 778/846/778
f 778/846/778 842/910/842 843/911/843
f 844/912/844 780/848/780 779/847/779
f 779/847/779 843/911/843 844/912/844
f 845/913/845 781/849/781 780/848/780
f 780/848/780 844/912/844 845/913/845
f 846/914/846 782/850/782 781/849/781
f 781/849/781 845/913/845 846/914/846
f 847/915/847 783/851/783 782/850/782
f 782/850/782 846/914/846 847/915/847
f 848/916/848 784/852/784 783/851/783
f 783/851/783 847/915/847 848/916/848
f 849/917/849 785/853/785 784/852/784
f 784/852/784 848/916/848 849/917/849
f 850/918/850 786/854/786 785/853/785
f 785/853/785 849/917/849 850/918/850
f 851/919/851 787/855/787 786/854/786
f 786/854/786 850/918/850 851/919/851
f 852/920/852 788/856/788 787/855/787
f 787/855/787 851/919/851 852/920/852
f 853/921/853 789/857/789 788/856/788
f 788/856/788 852/920/852 853/921/853
f 854/922/854 790/858/790 789/857/789
f 789/857/789 853/921/853 854/922/854
f 855/923/855 791/859/791 790/858/790
f 790/858/790 854/922/854 855/923/855
f 856/924/856 792/860/792 791/859/791
f 791/859/791 855/923/855 856/924/856
f 857/925/857 793/861/793 792/860/792
f 792/860/792 856/924/856 857/925/857
f 858/926/858 794/862/794 793/861/793
f 793/861/793 857/925/857 858/926/858
f 859/927/859 795/863/795 794/862/794
f 794/862/794 858/926/858 859/927/859
f 860/928/860 796/864/796 795/863/795
f 795/863/795 859/927/859 860/928/860
f 861/929/861 797/865/797 796/864/796
f 796/864/796 860/928/860 861/929/861
f 862/930/862 798/866/798 797/865/797
f 797/865/797 861/929/861 862/930/862
f 863/931/863 799/867/799 798/866/798
f 798/866/798 862/930/862 863/931/863
f 864/932/864 800/868/800 799/867/799
f 799/867/799 863/931/863 864/932/864
f 865/933/865 801/869/801 800/868/800
f 800/868/800 864/932/864 865/933/865
f 866/934/866 802/870/802 801/869/801
f 801/869/801 865/933/865 866/934/866
f 867/935/867 803/871/803 802/870/802
f 802/870/802 866/934/866 867/935/867
f 868/936/868 804/872/804 803/871/803
f 803/871/803 867/935/867 868/936/868
f 869/937/869 805/873/805 804/872/804
f 804/872/804 868/936/868 869/937/869
f 870/938/870 806/874/806 805/873/805
f 805/873/805 869/937/869 870/938/870
f 871/939/871 807/875/807 806/874/806
f 806/874/806 870/938/870 871/939/871
f 872/940/872 808/876/808 807/875/807
f 807/875/807 871/939/871 872/940/872
f 873/941/873 809/877/809 808/876/808
f 808/876/808 872/940/872 873/941/873
f 874/942/874 810/878/810 809/877/809
f 809/877/809 873/941/873 874/942/874
f 875/943/875 811/879/811 810/878/810
f 810/878/810 874/942/874 875/943/875
f 876/944/876 812/880/812 811/879/811
f 811/879/811 875/943/875 876/944/876
f 877/945/877 813/881/813 812/880/812
f 812/880/812 876/944/876 877/945/877
f 878/946/878 814/882/814 813/881/813
f 813/881/813 877/945/877 878/946/878
f 879/947/879 815/883/815 814/882/814
f 814/882/814 878/946/878 879/947/879
f 880/948/880 816/884/816 815/883/815
f 815/883/815 879/947/879 880/948/880
f 881/949/881 817/885/817 816/884/816
f 816/884/816 880/948/880 881/949/881
f 882/950/882 818/886/818 817/885/817
f 817/885/817 881/949/881 882/950/882
f 883/951/883 819/887/819 818/886/818
f 818/886/818 882/950/882 883/951/883
f 884/952/884 820/888/820 819/887/819
f 819/887/819 883/951/883 884/952/884
f 885/953/885 821/889/821 820/888/820
f 820/888/820 884/952/884 885/953/885
f 886/954/886 822/890/822 821/889/821
f 821/889/821 885/953/885 886/954/886
f 887/955/887 823/891/823 822/890/822
f 822/890/822 886/954/886 887/955/887
f 888/956/888 824/892/824 823/891/823
f 823/891/823 887/955/887 888/956/888
f 889/957/889 825/893/825 824/892/824
f 824/892/824 888/956/888 889/957/889
f 890/958/890 826/894/826 825/893/825
f 825/893/825 889/957/889 890/958/890
f 891/959/891 827/895/827 826/894/826
f 826/894/826 890/958/890 891/959/891
f 892/960/892 828/896/828 827/895/827
f 827/895/827 891/959/891 892/960/892
f 893/961/893 829/897/829 828/896/828
f 828/896/828 892/960/892 893/961/893
f 894/962/894 830/898/830 829/897/829
f 829/897/829 893/961/893 894/962/894
f 895/963/895 831/899/831 830/898/830
f 830/898/830 894/962/894 895/963/895
f 896/964/896 832/900/832 831/899/831
f 831/899/831 895/963/895 896/964/896
f 897/965/897 833/901/833 832/900/832
f 832/900/832 896/964/896 897/965/897
f 898/966/898 834/902/834 833/901/833
f 833/901/833 897/965/897 898/966/898
f 899/967/899 835/903/835 834/902/834
f 834/902/834 898/966/898 899/967/899
f 900/968/900 836/904/836 835/903/835
f 835/903/835 899/967/899 900/968/900
f 901/969/901 837/905/837 836/904/836
f 836/904/836 900/968/900 901/969/901
f 902/970/902 838/906/838 837/905/837
f 837/905/837 901/969/901 902/970/902
f 903/971/903 839/907/839 838/906/838
f 838/906/838 902/970/902 903/971/903
f 904/972/904 840/908/840 839/907/839
f 839/907/839 903/971/903 904/972/904
f 905/973/905 841/909/841 840/908/840
f 840/908/840 904/972/904 905/973/905
f 842/1548/842 778/1547/778 841/909/841
f 841/909/841 905/973/905 842/1548/842
f 907/975/907 843/911/843 842/910/842
f 842/910/842 906/974/906 907/975/907
f 908/976/908 844/912/844 843/911/843
f 843/911/843 907/975/907 908/976/908
f 909/977/909 845/913/845 844/912/844
f 844/912/844 908/976/908 909/977/909
f 910/978/910 846/914/846 845/913/845
f 845/913/845 909/977/909 910/978/910
f 911/979/911 847/915/847 846/914/846
f 846/914/846 910/978/910 911/979/911
f 912/980/912 848/916/848 847/915/847
f 847/915/847 911/979/911 912/980/912
f 913/981/913 849/917/849 848/916/848
f 848/916/848 912/980/912 913/981/913
f 914/982/914 850/918/850 849/917/849
f 849/917/849 913/981/913 914/982/914
f 915/983/915 851/919/851 850/918/850
f 850/918/850 914/982/914 915/983/915
f 916/984/916 852/920/852 851/919/851
f 851/919/851 915/983/915 916/984/916
f 917/985/917 853/921/853 852/920/852
f 852/920/852 916/984/916 917/985/917
f 918/986/918 854/922/854 853/921/853
f 853/921/853 917/985/917 918/986/918
f 919/987/919 855/923/855 854/922/854
f 854/922/854 918/986/918 919/987/919
f 920/988/920 856/924/856 855/923/855
f 855/923/855 919/987/919 920/988/920
f 921/989/921 857/925/857 856/924/856
f 856/924/856 920/988/920 921/989/921
f 922/990/922 858/926/858 857/925/857
f 857/925/857 921/989/921 922/990/922
f 923/991/923 859/927/859 858/926/858
f 858/926/858 922/990/922 923/991/923
f 924/992/924 860/928/860 859/927/859
f 859/927/859 923/991/923 924/992/924
f 925/993/925 861/929/861 860/928/860
f 860/928/860 924/992/924 925/993/925
f 926/994/926 862/930/862 861/929/861
f 861/929/861 925/993/925 926/994/926
f 927/995/927 863/931/863 862/930/862
f 862/930/862 926/994/926 927/995/927
f 928/996/928 864/932/864 863/931/863
f 863/931/863 927/995/927 928/996/928
f 929/997/929 865/933/865 864/932/864
f 864/932/864 928/996/928 929/997/929
f 930/998/930 866/934/866 865/933/865
f 865/933/865 929/997/929 930/998/930
f 931/999/931 867/935/867 866/934/866
f 866/934/866 930/998/930 931/999/931
f 932/1000/932 868/936/868 867/935/867
f 867/935/867 931/999/931 932/1000/932
f 933/1001/933 869/937/869 868/936/868
f 868/936/868 932/1000/932 933/1001/933
f 934/1002/934 870/938/870 869/937/869
f 869/937/869 933/1001/933 934/1002/934
f 935/1003/935 871/939/871 870/938/870
f 870/938/870 934/1002/934 935/1003/935
f 936/1004/936 872/940/872 871/939/871
f 871/939/871 935/1003/935 936/1004/936
f 937/1005/937 873/941/873 872/940/872
f 872/940/872 936/1004/936 937/1005/937
f 938/1006/938 874/942/874 873/941/873
f 873/941/873 937/1005/937 938/1006/938
f 939/1007/939 875/943/875 874/942/874
f 874/942/874 938/1006/938 939/1007/939
f 940/1008/940 876/944/876 875/943/875
f 875/943/875 939/1007/939 940/1008/940
f 941/1009/941 877/945/877 876/944/876
f 876/944/876 940/1008/940 941/1009/941
f 942/1010/942 878/946/878 877/945/877
f 877/945/877 941/1009/941 942/1010/942
f 943/1011/943 879/947/879 878/946/878
f 878/946/878 942/1010/942 943/1011/943
f 944/1012/944 880/948/880 879/947/879
f 879/947/879 943/1011/943 944/1012/944
f 945/1013/945 881/949/881 880/948/880
f 880/948/880 944/1012/944 945/1013/945
f 946/1014/946 882/950/882 881/949/881
f 881/949/881 945/1013/945 946/1014/946
f 947/1015/947 883/951/883 882/950/882
f 882/950/882 946/1014/946 947/1015/947
f 948/1016/948 884/952/884 883/951/883
f 883/951/883 947/1015/947 948/1016/948
f 949/1017/949 885/953/885 884/952/884
f 884/952/884 948/1016/948 949/1017/949
f 950/1018/950 886/954/886 885/953/885
f 885/953/885 949/1017/949 950/1018/950
f 951/1019/951 887/955/887 886/954/886
f 886/954/886 950/1018/950 951/1019/951
f 952/1020/952 888/956/888 887/955/887
f 887/955/887 951/1019/951 952/1020/952
f 953/1021/953 889/957/889 888/956/888
f 888/956/888 952/1020/952 953/1021/953
f 954/1022/954 890/958/890 889/957/889
f 889/957/889 953/1021/953 954/1022/954
f 955/1023/955 891/959/891 890/958/890
f 890/958/890 954/1022/954 955/1023/955
f 956/1024/956 892/960/892 891/959/891
f 891/959/891 955/1023/955 956/1024/956
f 957/1025/957 893/961/893 892/960/892
f 892/960/892 956/1024/956 957/1025/957
f 958/1026/958 894/962/894 893/961/893
f 893/961/893 957/1025/957 958/1026/958
f 959/1027/959 895/963/895 894/962/894
f 894/962/894 958/1026/958 959/1027/959
f 960/1028/960 896/964/896 895/963/895
f 895/963/895 959/1027/959 960/1028/960
f 961/1029/961 897/965/897 896/964/896
f 896/964/896 960/1028/960 961/1029/961
f 962/1030/962 898/966/898 897/965/897
f 897/965/897 961/1029/961 962/1030/962
f 963/1031/963 899/967/899 898/966/898
f 898/966/898 962/1030/962 963/1031/963
f 964/1032/964 900/968/900 899/967/899
f 899/967/899 963/1031/963 964/1032/964
f 965/1033/965 901/969/901 900/968/900
f 900/968/900 964/1032/964 965/1033/965
f 966/1034/966 902/970/902 901/969/901
f 901/969/901 965/1033/965 966/1034/966
f 967/1035/967 903/971/903 902/970/902
f 902/970/902 966/1034/966 967/1035/967
f 968/1036/968 904/972/904 903/971/903
f 903/971/903 967/1035/967 968/1036/968
f 969/1037/969 905/973/905 904/972/904
f 904/972/904 968/1036/968 969/1037/969
f 906/1549/906 842/1548/842 905/973/905
f 905/973/905 969/1037/969 906/1549/906
f 971/1103/971 907/1039/907 906/1038/906
f 906/1038/906 970/1102/970 971/1103/971
f 972/1104/972 908/1040/908 907/1039/907
f 907/1039/907 971/1103/971 972/1104/972
f 973/1105/973 909/1041/909 908/1040/908
f 908/1040/908 972/1104/972 973/1105/973
f 974/1106/974 910/1042/910 909/1041/909
f 909/1041/909 973/1105/973 974/1106/974
f 975/1107/975 911/1043/911 910/1042/910
f 910/1042/910 974/1106/974 975/1107/975
f 976/1108/976 912/1044/912 911/1043/911
f 911/1043/911 975/1107/975 976/1108/976
f 977/1109/977 913/1045/913 912/1044/912
f 912/1044/912 976/1108/976 977/1109/977
f 978/1110/978 914/1046/914 913/1045/913
f 913/1045/913 977/1109/977 978/1110/978
f 979/1111/979 915/1047/915 914/1046/914
f 914/1046/914 978/1110/978 979/1111/979
f 980/1112/980 916/1048/916 915/1047/915
f 915/1047/915 979/1111/979 980/1112/980
f 981/1113/981 917/1049/917 916/1048/916
f 916/1048/916 980/1112/980 981/1113/981
f 982/1114/982 918/1050/918 917/1049/917
f 917/1049/917 981/1113/981 982/1114/982
f 983/1115/983 919/1051/919 918/1050/918
f 918/1050/918 982/1114/982 983/1115/983
f 984/1116/984 920/1052/920 919/1051/919
f 919/1051/919 983/1115/983 984/1116/984
f 985/1117/985 921/1053/921 920/1052/920
f 920/1052/920 984/1116/984 985/1117/985
f 986/1118/986 922/1054/922 921/1053/921
f 921/1053/921 985/1117/985 986/1118/986
f 987/1119/987 923/1055/923 922/1054/922
f 922/1054/922 986/1118/986 987/1119/987
f 988/1120/988 924/1056/924 923/1055/923
f 923/1055/923 987/1119/987 988/1120/988
f 989/1121/989 925/1057/925 924/1056/924
f 924/1056/924 988/1120/988 989/1121/989
f 990/1122/990 926/1058/926 925/1057/925
f 925/1057/925 989/1121/989 990/1122/990
f 991/1123/991 927/1059/927 926/1058/926
f 926/1058/926 990/1122/990 991/1123/991
f 992/1124/992 928/1060/928 927/1059/927
f 927/1059/927 991/1123/991 992/1124/992
f 993/1125/993 929/1061/929 928/1060/928
f 928/1060/928 992/1124/992 993/1125/993
f 994/1126/994 930/1062/930 929/1061/929
f 929/1061/929 993/1125/993 994/1126/994
f 995/1127/995 931/1063/931 930/1062/930
f 930/1062/930 994/1126/994 995/1127/995
f 996/1128/996 932/1064/932 931/1063/931
f 931/1063/931 995/1127/995 996/1128/996
f 997/1129/997 933/1065/933 932/1064/932
f 932/1064/932 996/1128/996 997/1129/997
f 998/1130/998 934/1066/934 933/1065/933
f 933/1065/933 997/1129/997 998/1130/998
f 999/1131/999 935/1067/935 934/1066/934
f 934/1066/934 998/1130/998 999/1131/999
f 1000/1132/1000 936/1068/936 935/1067/935
f 935/1067/935 999/1131/999 1000/1132/1000
f 1001/1133/1001 937/1069/937 936/1068/936
f 936/1068/936 1000/1132/1000 1001/1133/1001
f 1002/1134/1002 938/1070/938 937/1069/937
f 937/1069/937 1001/1133/1001 1002/1134/1002
f 1003/1135/1003 939/1071/939 938/1070/938
f 938/1070/938 1002/1134/1002 1003/1135/1003
f 1004/1136/1004 940/1072/940 939/1071/939
f 939/1071/939 1003/1135/1003 1004/1136/1004
f 1005/1137/1005 941/1073/941 940/1072/940
f 940/1072/940 1004/1136/1004 1005/1137/1005
f 1006/1138/1006 942/1074/942 941/1073/941
f 941/1073/941 1005/1137/1005 1006/1138/1006
f 1007/1139/1007 943/1075/943 942/1074/942
f 942/1074/942 1006/1138/1006 1007/1139/1007
f 1008/1140/1008 944/1076/944 943/1075/943
f 943/1075/943 1007/1139/1007 1008/1140/1008
f 1009/1141/1009 945/1077/945 944/1076/944
f 944/1076/944 1008/1140/1008 1009/1141/1009
f 1010/1142/1010 946/1078/946 945/1077/945
f 945/1077/945 1009/1141/1009 1010/1142/1010
f 1011/1143/1011 947/1079/947 946/1078/946
f 946/1078/946 1010/1142/1010 1011/1143/1011
f 1012/1144/1012 948/1080/948 947/1079/947
f 947/1079/947 1011/1143/1011 1012/1144/1012
f 1013/1145/1013 949/1081/949 948/1080/948
f 948/1080/948 1012/1144/1012 1013/1145/1013
f 1014/1146/1014 950/1082/950 949/1081/949
f 949/1081/949 1013/1145/1013 1014/1146/1014
f 1015/1147/1015 951/1083/951 950/1082/950
f 950/1082/950 1014/1146/1014 1015/1147/1015
f 1016/1148/1016 952/1084/952 951/1083/951
f 951/1083/951 1015/1147/1015 1016/1148/1016
f 1017/1149/1017 953/1085/953 952/1084/952
f 952/1084/952 1016/1148/1016 1017/1149/1017
f 1018/1150/1018 954/1086/954 953/1085/953
f 953/1085/953 1017/1149/1017 1018/1150/1018
f 1019/1151/1019 955/1087/955 954/1086/954
f 954/1086/954 1018/1150/1018 1019/1151/1019
f 1020/1152/1020 956/1088/956 955/1087/955
f 955/1087/955 1019/1151/1019 1020/1152/1020
f 1021/1153/1021 957/1089/957 956/1088/956
f 956/1088/956 1020/1152/1020 1021/1153/1021
f 1022/1154/1022 958/1090/958 957/1089/957
f 957/1089/957 1021/1153/1021 1022/1154/1022
f 1023/1155/1023 959/1091/959 958/1090/958
f 958/1090/958 1022/1154/1022 1023/1155/1023
f 1024/1156/1024 960/1092/960 959/1091/959
f 959/1091/959 1023/1155/1023 1024/1156/1024
f 1025/1157/1025 961/1093/961 960/1092/960
f 960/1092/960 1024/1156/1024 1025/1157/1025
f 1026/1158/1026 962/1094/962 961/1093/961
f 961/1093/961 1025/1157/1025 1026/1158/1026
f 1027/1159/1027 963/1095/963 962/1094/962
f 962/1094/962 1026/1158/1026 1027/1159/1027
f 1028/1160/1028 964/1096/964 963/1095/963
f 963/1095/963 1027/1159/1027 1028/1160/1028
f 1029/1161/1029 965/1097/965 964/1096/964
f 964/1096/964 1028/1160/1028 1029/1161/1029
f 1030/1162/1030 966/1098/966 965/1097/965
f 965/1097/965 1029/1161/1029 1030/1162/1030
f 1031/1163/1031 967/1099/967 966/1098/966
f 966/1098/966 1030/1162/1030 1031/1163/1031
f 1032/1164/1032 968/1100/968 967/1099/967
f 967/1099/967 1031/1163/1031 1032/1164/1032
f 1033/1165/1033 969/1101/969 968/1100/968
f 968/1100/968 1032/1164/1032 1033/1165/1033
f 970/1102/970 906/1038/906 969/1101/969
f 969/1101/969 1033/1165/1033 970/1102/970
f 1035/1167/1035 971/1103/971 970/1102/970
f 970/1102/970 1034/1166/1034 1035/1167/1035
f 1036/1168/1036 972/1104/972 971/1103/971
f 971/1103/971 1035/1167/1035 1036/1168/1036
f 1037/1169/1037 973/1105/973 972/1104/972
f 972/1104/972 1036/1168/1036 1037/1169/1037
f 1038/1170/1038 974/1106/974 973/1105/973
f 973/1105/973 1037/1169/1037 1038/1170/1038
f 1039/1171/1039 975/1107/975 974/1106/974
f 974/1106/974 1038/1170/1038 1039/1171/1039
f 1040/1172/1040 976/1108/976 975/1107/975
f 975/1107/975 1039/1171/1039 1040/1172/1040
f 1041/1173/1041 977/1109/977 976/1108/976
f 976/1108/976 1040/1172/1040 1041/1173/1041
f 1042/1174/1042 978/1110/978 977/1109/977
f 977/1109/977 1041/1173/1041 1042/1174/1042
f 1043/1175/1043 979/1111/979 978/1110/978
f 978/1110/978 1042/1174/1042 1043/1175/1043
f 1044/1176/1044 980/1112/980 979/1111/979
f 979/1111/979 1043/1175/1043 1044/1176/1044
f 1045/1177/1045 981/1113/981 980/1112/980
f 980/1112/980 1044/1176/1044 1045/1177/1045
f 1046/1178/1046 982/1114/982 981/1113/981
f 981/1113/981 1045/1177/1045 1046/1178/1046
f 1047/1179/1047 983/1115/983 982/1114/982
f 982/1114/982 1046/1178/1046 1047/1179/1047
f 1048/1180/1048 984/1116/984 983/1115/983
f 983/1115/983 1047/1179/1047 1048/1180/1048
f 1049/1181/1049 985/1117/985 984/1116/984
f 984/1116/984 1048/1180/1048 1049/1181/1049
f 1050/1182/1050 986/1118/986 985/1117/985
f 985/1117/985 1049/1181/1049 1050/1182/1050
f 1051/1183/1051 987/1119/987 986/1118/986
f 986/1118/986 1050/1182/1050 1051/1183/1051
f 1052/1184/1052 988/1120/988 987/1119/987
f 987/1119/987 1051/1183/1051 1052/1184/1052
f 1053/1185/1053 989/1121/989 988/1120/988
f 988/1120/988 1052/1184/1052 1053/1185/1053
f 1054/1186/1054 990/1122/990 989/1121/989
f 989/1121/989 1053/1185/1053 1054/1186/1054
f 1055/1187/1055 991/1123/991 990/1122/990
f 990/1122/990 1054/1186/1054 1055/1187/1055
f 1056/1188/1056 992/1124/992 991/1123/991
f 991/1123/991 1055/1187/1055 1056/1188/1056
f 1057/1189/1057 993/1125/993 992/1124/992
f 992/1124/992 1056/1188/1056 1057/1189/1057
f 1058/1190/1058 994/1126/994 993/1125/993
f 993/1125/993 1057/1189/1057 1058/1190/1058
f 1059/1191/1059 995/1127/995 994/1126/994
f 994/1126/994 1058/1190/1058 1059/1191/1059
f 1060/1192/1060 996/1128/996 995/1127/995
f 995/1127/995 1059/1191/1059 1060/1192/1060
f 1061/1193/1061 997/1129/997 996/1128/996
f 996/1128/996 1060/1192/1060 1061/1193/1061
f 1062/1194/1062 998/1130/998 997/1129/997
f 997/1129/997 1061/1193/1061 1062/1194/1062
f 1063/1195/1063 999/1131/999 998/1130/998
f 998/1130/998 1062/1194/1062 1063/1195/1063
f 1064/1196/1064 1000/1132/1000 999/1131/999
f 999/1131/999 1063/1195/1063 1064/1196/1064
f 1065/1197/1065 1001/1133/1001 1000/1132/1000
f 1000/1132/1000 1064/1196/1064 1065/1197/1065
f 1066/1198/1066 1002/1134/1002 1001/1133/1001
f 1001/1133/1001 1065/1197/1065 1066/1198/1066
f 1067/1199/1067 1003/1135/1003 1002/1134/1002
f 1002/1134/1002 1066/1198/1066 1067/1199/1067
f 1068/1200/1068 1004/1136/1004 1003/1135/1003
f 1003/1135/1003 1067/1199/1067 1068/1200/1068
f 1069/1201/1069 1005/1137/1005 1004/1136/1004
f 1004/1136/1004 1068/1200/1068 1069/1201/1069
f 1070/1202/1070 1006/1138/1006 1005/1137/1005
f 1005/1137/1005 1069/1201/1069 1070/1202/1070
f 1071/1203/1071 1007/1139/1007 1006/1138/1006
f 1006/1138/1006 1070/1202/1070 1071/1203/1071
f 1072/1204/1072 1008/1140/1008 1007/1139/1007
f 1007/1139/1007 1071/1203/1071 1072/1204/1072
f 1073/1205/1073 1009/1141/1009 1008/1140/1008
f 1008/1140/1008 1072/1204/1072 1073/1205/1073
f 1074/1206/1074 1010/1142/1010 1009/1141/1009
f 1009/1141/1009 1073/1205/1073 1074/1206/1074
f 1075/1207/1075 1011/1143/1011 1010/1142/1010
f 1010/1142/1010 1074/1206/1074 1075/1207/1075
f 1076/1208/1076 1012/1144/1012 1011/1143/1011
f 1011/1143/1011 1075/1207/1075 1076/1208/1076
f 1077/1209/1077 1013/1145/1013 1012/1144/1012
f 1012/1144/1012 1076/1208/1076 1077/1209/1077
f 1078/1210/1078 1014/1146/1014 1013/1145/1013
f 1013/1145/1013 1077/1209/1077 1078/1210/1078
f 1079/1211/1079 1015/1147/1015 1014/1146/1014
f 1014/1146/1014 1078/1210/1078 1079/1211/1079
f 1080/1212/1080 1016/1148/1016 1015/1147/1015
f 1015/1147/1015 1079/1211/1079 1080/1212/1080
f 1081/1213/1081 1017/1149/1017 1016/1148/1016
f 1016/1148/1016 1080/1212/1080 1081/1213/1081
f 1082/1214/1082 1018/1150/1018 1017/1149/1017
f 1017/1149/1017 1081/1213/1081 1082/1214/1082
f 1083/1215/1083 1019/1151/1019 1018/1150/1018
f 1018/1150/1018 1082/1214/1082 1083/1215/1083
f 1084/1216/1084 1020/1152/1020 1019/1151/1019
f 1019/1151/1019 1083/1215/1083 1084/1216/1084
f 1085/1217/1085 1021/1153/1021 1020/1152/1020
f 1020/1152/1020 1084/1216/1084 1085/1217/1085
f 1086/1218/1086 1022/1154/1022 1021/1153/1021
f 1021/1153/1021 1085/1217/1085 1086/1218/1086
f 1087/1219/1087 1023/1155/1023 1022/1154/1022
f 1022/1154/1022 1086/1218/1086 1087/1219/1087
f 1088/1220/1088 1024/1156/1024 1023/1155/1023
f 1023/1155/1023 1087/1219/1087 1088/1220/1088
f 1089/1221/1089 1025/1157/1025 1024/1156/1024
f 1024/1156/1024 1088/1220/1088 1089/1221/1089
f 1090/1222/1090 1026/1158/1026 1025/1157/1025
f 1025/1157/1025 1089/1221/1089 1090/1222/1090
f 1091/1223/1091 1027/1159/1027 1026/1158/1026
f 1026/1158/1026 1090/1222/1090 1091/1223/1091
f 1092/1224/1092 1028/1160/1028 1027/1159/1027
f 1027/1159/1027 1091/1223/1091 1092/1224/1092
f 1093/1225/1093 1029/1161/1029 1028/1160/1028
f 1028/1160/1028 1092/1224/1092 1093/1225/1093
f 1094/1226/1094 1030/1162/1030 1029/1161/1029
f 1029/1161/1029 1093/1225/1093 1094/1226/1094
f 1095/1227/1095 1031/1163/1031 1030/1162/1030
f 1030/1162/1030 1094/1226/1094 1095/1227/1095
f 1096/1228/1096 1032/1164/1032 1031/1163/1031
f 1031/1163/1031 1095/1227/1095 1096/1228/1096
f 1097/1229/1097 1033/1165/1033 1032/1164/1032
f 1032/1164/1032 1096/1228/1096 1097/1229/1097
f 1034/1166/1034 970/1102/970 1033/1165/1033
f 1033/1165/1033 1097/1229/1097 1034/1166/1034
f 1099/1231/1099 1035/1167/1035 1034/1166/1034
f 1034/1166/1034 1098/1230/1098 1099/1231/1099
f 1100/1232/1100 1036/1168/1036 1035/1167/1035
f 1035/1167/1035 1099/1231/1099 1100/1232/1100
f 1101/1233/1101 1037/1169/1037 1036/1168/1036
f 1036/1168/1036 1100/1232/1100 1101/1233/1101
f 1102/1234/1102 1038/1170/1038 1037/1169/1037
f 1037/1169/1037 1101/1233/1101 1102/1234/1102
f 1103/1235/1103 1039/1171/1039 1038/1170/1038
f 1038/1170/1038 1102/1234/1102 1103/1235/1103
f 1104/1236/1104 1040/1172/1040 1039/1171/1039
f 1039/1171/1039 1103/1235/1103 1104/1236/1104
f 1105/1237/1105 1041/1173/1041 1040/1172/1040
f 1040/1172/1040 1104/1236/1104 1105/1237/1105
f 1106/1238/1106 1042/1174/1042 1041/1173/1041
f 1041/1173/1041 1105/1237/1105 1106/1238/1106
f 1107/1239/1107 1043/1175/1043 1042/1174/1042
f 1042/1174/1042 1106/1238/1106 1107/1239/1107
f 1108/1240/1108 1044/1176/1044 1043/1175/1043
f 1043/1175/1043 1107/1239/1107 1108/1240/1108
f 1109/1241/1109 1045/1177/1045 1044/1176/1044
f 1044/1176/1044 1108/1240/1108 1109/1241/1109
f 1110/1242/1110 1046/1178/1046 1045/1177/1045
f 1045/1177/1045 1109/1241/1109 1110/1242/1110
f 1111/1243/1111 1047/1179/1047 1046/1178/1046
f 1046/1178/1046 1110/1242/1110 1111/1243/1111
f 1112/1244/1112 1048/1180/1048 1047/1179/1047
f 1047/1179/1047 1111/1243/1111 1112/1244/1112
f 1113/1245/1113 1049/1181/1049 1048/1180/1048
f 1048/1180/1048 1112/1244/1112 1113/1245/1113
f 1114/1246/1114 1050/1182/1050 1049/1181/1049
f 1049/1181/1049 1113/1245/1113 1114/1246/1114
f 1115/1247/1115 1051/1183/1051 1050/1182/1050
f 1050/1182/1050 1114/1246/1114 1115/1247/1115
f 1116/1248/1116 1052/1184/1052 1051/1183/1051
f 1051/1183/1051 1115/1247/1115 1116/1248/1116
f 1117/1249/1117 1053/1185/1053 1052/1184/1052
f 1052/1184/1052 1116/1248/1116 1117/1249/1117
f 1118/1250/1118 1054/1186/1054 1053/1185/1053
f 1053/1185/1053 1117/1249/1117 1118/1250/1118
f 1119/1251/1119 1055/1187/1055 1054/1186/1054
f 1054/1186/1054 1118/1250/1118 1119/1251/1119
f 1120/1252/1120 1056/1188/1056 1055/1187/1055
f 1055/1187/1055 1119/1251/1119 1120/1252/1120
f 1121/1253/1121 1057/1189/1057 1056/1188/1056
f 1056/1188/1056 1120/1252/1120 1121/1253/1121
f 1122/1254/1122 1058/1190/1058 1057/1189/1057
f 1057/1189/1057 1121/1253/1121 1122/1254/1122
f 1123/1255/1123 1059/1191/1059 1058/1190/1058
f 1058/1190/1058 1122/1254/1122 1123/1255/1123
f 1124/1256/1124 1060/1192/1060 1059/1191/1059
f 1059/1191/1059 1123/1255/1123 1124/1256/1124
f 1125/1257/1125 1061/1193/1061 1060/1192/1060
f 1060/1192/1060 1124/1256/1124 1125/1257/1125
f 1126/1258/1126 1062/1194/1062 1061/1193/1061
f 1061/1193/1061 1125/1257/1125 1126/1258/1126
f 1127/1259/1127 1063/1195/1063 1062/1194/1062
f 1062/1194/1062 1126/1258/1126 1127/1259/1127
f 1128/1260/1128 1064/1196/1064 1063/1195/1063
f 1063/1195/1063 1127/1259/1127 1128/1260/1128
f 1129/1261/1129 1065/1197/1065 1064/1196/1064
f 1064/1196/1064 1128/1260/1128 1129/1261/1129
f 1130/1262/1130 1066/1198/1066 1065/1197/1065
f 1065/1197/1065 1129/1261/1129 1130/1262/1130
f 1131/1263/1131 1067/1199/1067 1066/1198/1066
f 1066/1198/1066 1130/1262/1130 1131/1263/1131
f 1132/1264/1132 1068/1200/1068 1067/1199/1067
f 1067/1199/1067 1131/1263/1131 1132/1264/1132
f 1133/1265/1133 1069/1201/1069 1068/1200/1068
f 1068/1200/1068 1132/1264/1132 1133/1265/1133
f 1134/1266/1134 1070/1202/1070 1069/1201/1069
f 1069/1201/1069 1133/1265/1133 1134/1266/1134
f 1135/1267/1135 1071/1203/1071 1070/1202/1070
f 1070/1202/1070 1134/1266/1134 1135/1267/1135
f 1136/1268/1136 1072/1204/1072 1071/1203/1071
f 1071/1203/1071 1135/1267/1135 1136/1268/1136
f 1137/1269/1137 1073/1205/1073 1072/1204/1072
f 1072/1204/1072 1136/1268/1136 1137/1269/1137
f 1138/1270/1138 1074/1206/1074 1073/1205/1073
f 1073/1205/1073 1137/1269/1137 1138/1270/1138
f 1139/1271/1139 1075/1207/1075 1074/1206/1074
f 1074/1206/1074 1138/1270/1138 1139/1271/1139
f 1140/1272/1140 1076/1208/1076 1075/1207/1075
f 1075/1207/1075 1139/1271/1139 1140/1272/1140
f 1141/1273/1141 1077/1209/1077 1076/1208/1076
f 1076/1208/1076 1140/1272/1140 1141/1273/1141
f 1142/1274/1142 1078/1210/1078 1077/1209/1077
f 1077/1209/1077 1141/1273/1141 1142/1274/1142
f 1143/1275/1143 1079/1211/1079 1078/1210/1078
f 1078/1210/1078 1142/1274/1142 1143/1275/1143
f 1144/1276/1144 1080/1212/1080 1079/1211/1079
f 1079/1211/1079 1143/1275/1143 1144/1276/1144
f 1145/1277/1145 1081/1213/1081 1080/1212/1080
f 1080/1212/1080 1144/1276/1144 1145/1277/1145
f 1146/1278/1146 1082/1214/1082 1081/1213/1081
f 1081/1213/1081 1145/1277/1145 1146/1278/1146
f 1147/1279/1147 1083/1215/1083 1082/1214/1082
f 1082/1214/1082 1146/1278/1146 1147/1279/1147
f 1148/1280/1148 1084/1216/1084 1083/1215/1083
f 1083/1215/1083 1147/1279/1147 1148/1280/1148
f 1149/1281/1149 1085/1217/1085 1084/1216/1084
f 1084/1216/1084 1148/1280/1148 1149/1281/1149
f 1150/1282/1150 1086/1218/1086 1085/1217/1085
f 1085/1217/1085 1149/1281/1149 1150/1282/1150
f 1151/1283/1151 1087/1219/1087 1086/1218/1086
f 1086/1218/1086 1150/1282/1150 1151/1283/1151
f 1152/1284/1152 1088/1220/1088 1087/1219/1087
f 1087/1219/1087 1151/1283/1151 1152/1284/1152
f 1153/1285/1153 1089/1221/1089 1088/1220/1088
f 1088/1220/1088 1152/1284/1152 1153/1285/1153
f 1154/1286/1154 1090/1222/1090 1089/1221/1089
f 1089/1221/1089 1153/1285/1153 1154/1286/1154
f 1155/1287/1155 1091/1223/1091 1090/1222/1090
f 1090/1222/1090 1154/1286/1154 1155/1287/1155
f 1156/1288/1156 1092/1224/1092 1091/1223/1091
f 1091/1223/1091 1155/1287/1155 1156/1288/1156
f 1157/1289/1157 1093/1225/1093 1092/1224/1092
f 1092/1224/1092 1156/1288/1156 1157/1289/1157
f 1158/1290/1158 1094/1226/1094 1093/1225/1093
f 1093/1225/1093 1157/1289/1157 1158/1290/1158
f 1159/1291/1159 1095/1227/1095 1094/1226/1094
f 1094/1226/1094 1158/1290/1158 1159/1291/1159
f 1160/1292/1160 1096/1228/1096 1095/1227/1095
f 1095/1227/1095 1159/1291/1159 1160/1292/1160
f 1161/1293/1161 1097/1229/1097 1096/1228/1096
f 1096/1228/1096 1160/1292/1160 1161/1293/1161
f 1098/1230/1098 1034/1166/1034 1097/1229/1097
f 1097/1229/1097 1161/1293/1161 1098/1230/1098
f 1163/1295/1163 1099/1231/1099 1098/1230/1098
f 1098/1230/1098 1162/1294/1162 1163/1295/1163
f 1164/1296/1164 1100/1232/1100 1099/1231/1099
f 1099/1231/1099 1163/1295/1163 1164/1296/1164
f 1165/1297/1165 1101/1233/1101 1100/1232/1100
f 1100/1232/1100 1164/1296/1164 1165/1297/1165
f 1166/1298/1166 1102/1234/1102 1101/1233/1101
f 1101/1233/1101 1165/1297/1165 1166/1298/1166
f 1167/1299/1167 1103/1235/1103 1102/1234/1102
f 1102/1234/1102 1166/1298/1166 1167/1299/1167
f 1168/1300/1168 1104/1236/1104 1103/1235/1103
f 1103/1235/1103 1167/1299/1167 1168/1300/1168
f 1169/1301/1169 1105/1237/1105 1104/1236/1104
f 1104/1236/1104 1168/1300/1168 1169/1301/1169
f 1170/1302/1170 1106/1238/1106 1105/1237/1105
f 1105/1237/1105 1169/1301/1169 1170/1302/1170
f 1171/1303/1171 1107/1239/1107 1106/1238/1106
f 1106/1238/1106 1170/1302/1170 1171/1303/1171
f 1172/1304/1172 1108/1240/1108 1107/1239/1107
f 1107/1239/1107 1171/1303/1171 1172/1304/1172
f 1173/1305/1173 1109/1241/1109 1108/1240/1108
f 1108/1240/1108 1172/1304/1172 1173/1305/1173
f 1174/1306/1174 1110/1242/1110 1109/1241/1109
f 1109/1241/1109 1173/1305/1173 1174/1306/1174
f 1175/1307/1175 1111/1243/1111 1110/1242/1110
f 1110/1242/1110 1174/1306/1174 1175/1307/1175
f 1176/1308/1176 1112/1244/1112 1111/1243/1111
f 1111/1243/1111 1175/1307/1175 1176/1308/1176
f 1177/1309/1177 1113/1245/1113 1112/1244/1112
f 1112/1244/1112 1176/1308/1176 1177/1309/1177
f 1178/1310/1178 1114/1246/1114 1113/1245/1113
f 1113/1245/1113 1177/1309/1177 1178/1310/1178
f 1179/1311/1179 1115/1247/1115 1114/1246/1114
f 1114/1246/1114 1178/1310/1178 1179/1311/1179
f 1180/1312/1180 1116/1248/1116 1115/1247/1115
f 1115/1247/1115 1179/1311/1179 1180/1312/1180
f 1181/1313/1181 1117/1249/1117 1116/1248/1116
f 1116/1248/1116 1180/1312/1180 1181/1313/1181
f 1182/1314/1182 1118/1250/1118 1117/1249/1117
f 1117/1249/1117 1181/1313/1181 1182/1314/1182
f 1183/1315/1183 1119/1251/1119 1118/1250/1118
f 1118/1250/1118 1182/1314/1182 1183/1315/1183
f 1184/1316/1184 1120/1252/1120 1119/1251/1119
f 1119/1251/1119 1183/1315/1183 1184/1316/1184
f 1185/1317/1185 1121/1253/1121 1120/1252/1120
f 1120/1252/1120 1184/1316/1184 1185/1317/1185
f 1186/1318/1186 1122/1254/1122 1121/1253/1121
f 1121/1253/1121 1185/1317/1185 1186/1318/1186
f 1187/1319/1187 1123/1255/1123 1122/1254/1122
f 1122/1254/1122 1186/1318/1186 1187/1319/1187
f 1188/1320/1188 1124/1256/1124 1123/1255/1123
f 1123/1255/1123 1187/1319/1187 1188/1320/1188
f 1189/1321/1189 1125/1257/1125 1124/1256/1124
f 1124/1256/1124 1188/1320/1188 1189/1321/1189
f 1190/1322/1190 1126/1258/1126 1125/1257/1125
f 1125/1257/1125 1189/1321/1189 1190/1322/1190
f 1191/1323/1191 1127/1259/1127 1126/1258/1126
f 1126/1258/1126 1190/1322/1190 1191/1323/1191
f 1192/1324/1192 1128/1260/1128 1127/1259/1127
f 1127/1259/1127 1191/1323/1191 1192/1324/1192
f 1193/1325/1193 1129/1261/1129 1128/1260/1128
f 1128/1260/1128 1192/1324/1192 1193/1325/1193
f 1194/1326/1194 1130/1262/1130 1129/1261/1129
f 1129/1261/1129 1193/1325/1193 1194/1326/1194
f 1195/1327/1195 1131/1263/1131 1130/1262/1130
f 1130/1262/1130 1194/1326/1194 1195/1327/1195
f 1196/1328/1196 1132/1264/1132 1131/1263/1131
f 1131/1263/1131 1195/1327/1195 1196/1328/1196
f 1197/1329/1197 1133/1265/1133 1132/1264/1132
f 1132/1264/1132 1196/1328/1196 1197/1329/1197
f 1198/1330/1198 1134/1266/1134 1133/1265/1133
f 1133/1265/1133 1197/1329/1197 1198/1330/1198
f 1199/1331/1199 1135/1267/1135 1134/1266/1134
f 1134/1266/1134 1198/1330/1198 1199/1331/1199
f 1200/1332/1200 1136/1268/1136 1135/1267/1135
f 1135/1267/1135 1199/1331/1199 1200/1332/1200
f 1201/1333/1201 1137/1269/1137 1136/1268/1136
f 1136/1268/1136 1200/1332/1200 1201/1333/1201
f 1202/1334/1202 1138/1270/1138 1137/1269/1137
f 1137/1269/1137 1201/1333/1201 1202/1334/1202
f 1203/1335/1203 1139/1271/1139 1138/1270/1138
f 1138/1270/1138 1202/1334/1202 1203/1335/1203
f 1204/1336/1204 1140/1272/1140 1139/1271/1139
f 1139/1271/1139 1203/1335/1203 1204/1336/1204
f 1205/1337/1205 1141/1273/1141 1140/1272/1140
f 1140/1272/1140 1204/1336/1204 1205/1337/1205
f 1206/1338/1206 1142/1274/1142 1141/1273/1141
f 1141/1273/1141 1205/1337/1205 1206/1338/1206
f 1207/1339/1207 1143/1275/1143 1142/1274/1142
f 1142/1274/1142 1206/1338/1206 1207/1339/1207
f 1208/1340/1208 1144/1276/1144 1143/1275/1143
f 1143/1275/1143 1207/1339/1207 1208/1340/1208
f 1209/1341/1209 1145/1277/1145 1144/1276/1144
f 1144/1276/1144 1208/1340/1208 1209/1341/1209
f 1210/1342/1210 1146/1278/1146 1145/1277/1145
f 1145/1277/1145 1209/1341/1209 1210/1342/1210
f 1211/1343/1211 1147/1279/1147 1146/1278/1146
f 1146/1278/1146 1210/1342/1210 1211/1343/1211
f 1212/1344/1212 1148/1280/1148 1147/1279/1147
f 1147/1279/1147 1211/1343/1211 1212/1344/1212
f 1213/1345/1213 1149/1281/1149 1148/1280/1148
f 1148/1280/1148 1212/1344/1212 1213/1345/1213
f 1214/1346/1214 1150/1282/1150 1149/1281/1149
f 1149/1281/1149 1213/1345/1213 1214/1346/1214
f 1215/1347/1215 1151/1283/1151 1150/1282/1150
f 1150/1282/1150 1214/1346/1214 1215/1347/1215
f 1216/1348/1216 1152/1284/1152 1151/1283/1151
f 1151/1283/1151 1215/1347/1215 1216/1348/1216
f 1217/1349/1217 1153/1285/1153 1152/1284/1152
f 1152/1284/1152 1216/1348/1216 1217/1349/1217
f 1218/1350/1218 1154/1286/1154 1153/1285/1153
f 1153/1285/1153 1217/1349/1217 1218/1350/1218
f 1219/1351/1219 1155/1287/1155 1154/1286/1154
f 1154/1286/1154 1218/1350/1218 1219/1351/1219
f 1220/1352/1220 1156/1288/1156 1155/1287/1155
f 1155/1287/1155 1219/1351/1219 1220/1352/1220
f 1221/1353/1221 1157/1289/1157 1156/1288/1156
f 1156/1288/1156 1220/1352/1220 1221/1353/1221
f 1222/1354/1222 1158/1290/1158 1157/1289/1157
f 1157/1289/1157 1221/1353/1221 1222/1354/1222
f 1223/1355/1223 1159/1291/1159 1158/1290/1158
f 1158/1290/1158 1222/1354/1222 1223/1355/1223
f 1224/1356/1224 1160/1292/1160 1159/1291/1159
f 1159/1291/1159 1223/1355/1223 1224/1356/1224
f 1225/1357/1225 1161/1293/1161 1160/1292/1160
f 1160/1292/1160 1224/1356/1224 1225/1357/1225
f 1162/1294/1162 1098/1230/1098 1161/1293/1161
f 1161/1293/1161 1225/1357/1225 1162/1294/1162
f 1227/1359/1227 1163/1295/1163 1162/1294/1162
f 1162/1294/1162 1226/1358/1226 1227/1359/1227
f 1228/1360/1228 1164/1296/1164 1163/1295/1163
f 1163/1295/1163 1227/1359/1227 1228/1360/1228
f 1229/1361/1229 1165/1297/1165 1164/1296/1164
f 1164/1296/1164 1228/1360/1228 1229/1361/1229
f 1230/1362/1230 1166/1298/1166 1165/1297/1165
f 1165/1297/1165 1229/1361/1229 1230/1362/1230
f 1231/1363/1231 1167/1299/1167 1166/1298/1166
f 1166/1298/1166 1230/1362/1230 1231/1363/1231
f 1232/1364/1232 1168/1300/1168 1167/1299/1167
f 1167/1299/1167 1231/1363/1231 1232/1364/1232
f 1233/1365/1233 1169/1301/1169 1168/1300/1168
f 1168/1300/1168 1232/1364/1232 1233/1365/1233
f 1234/1366/1234 1170/1302/1170 1169/1301/1169
f 1169/1301/1169 1233/1365/1233 1234/1366/1234
f 1235/1367/1235 1171/1303/1171 1170/1302/1170
f 1170/1302/1170 1234/1366/1234 1235/1367/1235
f 1236/1368/1236 1172/1304/1172 1171/1303/1171
f 1171/1303/1171 1235/1367/1235 1236/1368/1236
f 1237/1369/1237 1173/1305/1173 1172/1304/1172
f 1172/1304/1172 1236/1368/1236 1237/1369/1237
f 1238/1370/1238 1174/1306/1174 1173/1305/1173
f 1173/1305/1173 1237/1369/1237 1238/1370/1238
f 1239/1371/1239 1175/1307/1175 1174/1306/1174
f 1174/1306/1174 1238/1370/1238 1239/1371/1239
f 1240/1372/1240 1176/1308/1176 1175/1307/1175
f 1175/1307/1175 1239/1371/1239 1240/1372/1240
f 1241/1373/1241 1177/1309/1177 1176/1308/1176
f 1176/1308/1176 1240/1372/1240 1241/1373/1241
f 1242/1374/1242 1178/1310/1178 1177/1309/1177
f 1177/1309/1177 1241/1373/1241 1242/1374/1242
f 1243/1375/1243 1179/1311/1179 1178/1310/1178
f 1178/1310/1178 1242/1374/1242 1243/1375/1243
f 1244/1376/1244 1180/1312/1180 1179/1311/1179
f 1179/1311/1179 1243/1375/1243 1244/1376/1244
f 1245/1377/1245 1181/1313/1181 1180/1312/1180
f 1180/1312/1180 1244/1376/1244 1245/1377/1245
f 1246/1378/1246 1182/1314/1182 1181/1313/1181
f 1181/1313/1181 1245/1377/1245 1246/1378/1246
f 1247/1379/1247 1183/1315/1183 1182/1314/1182
f 1182/1314/1182 1246/1378/1246 1247/1379/1247
f 1248/1380/1248 1184/1316/1184 1183/1315/1183
f 1183/1315/1183 1247/1379/1247 1248/1380/1248
f 1249/1381/1249 1185/1317/1185 1184/1316/1184
f 1184/1316/1184 1248/1380/1248 1249/1381/1249
f 1250/1382/1250 1186/1318/1186 1185/1317/1185
f 1185/1317/1185 1249/1381/1249 1250/1382/1250
f 1251/1383/1251 1187/1319/1187 1186/1318/1186
f 1186/1318/1186 1250/1382/1250 1251/1383/1251
f 1252/1384/1252 1188/1320/1188 1187/1319/1187
f 1187/1319/1187 1251/1383/1251 1252/1384/1252
f 1253/1385/1253 1189/1321/1189 1188/1320/1188
f 1188/1320/1188 1252/1384/1252 1253/1385/1253
f 1254/1386/1254 1190/1322/1190 1189/1321/1189
f 1189/1321/1189 1253/1385/1253 1254/1386/1254
f 1255/1387/1255 1191/1323/1191 1190/1322/1190
f 1190/1322/1190 1254/1386/1254 1255/1387/1255
f 1256/1388/1256 1192/1324/1192 1191/1323/1191
f 1191/1323/1191 1255/1387/1255 1256/1388/1256
f 1257/1389/1257 1193/1325/1193 1192/1324/1192
f 1192/1324/1192 1256/1388/1256 1257/1389/1257
f 1258/1390/1258 1194/1326/1194 1193/1325/1193
f 1193/1325/1193 1257/1389/1257 1258/1390/1258
f 1259/1391/1259 1195/1327/1195 1194/1326/1194
f 1194/1326/1194 1258/1390/1258 1259/1391/1259
f 1260/1392/1260 1196/1328/1196 1195/1327/1195
f 1195/1327/1195 1259/1391/1259 1260/1392/1260
f 1261/1393/1261 1197/1329/1197 1196/1328/1196
f 1196/1328/1196 1260/1392/1260 1261/1393/1261
f 1262/1394/1262 1198/1330/1198 1197/1329/1197
f 1197/1329/1197 1261/1393/1261 1262/1394/1262
f 1263/1395/1263 1199/1331/1199 1198/1330/1198
f 1198/1330/1198 1262/1394/1262 1263/1395/1263
f 1264/1396/1264 1200/1332/1200 1199/1331/1199
f 1199/1331/1199 1263/1395/1263 1264/1396/1264
f 1265/1397/1265 1201/1333/1201 1200/1332/1200
f 1200/1332/1200 1264/1396/1264 1265/1397/1265
f 1266/1398/1266 1202/1334/1202 1201/1333/1201
f 1201/1333/1201 1265/1397/1265 1266/1398/1266
f 1267/1399/1267 1203/1335/1203 1202/1334/1202
f 1202/1334/1202 1266/1398/1266 1267/1399/1267
f 1268/1400/1268 1204/1336/1204 1203/1335/1203
f 1203/1335/1203 1267/1399/1267 1268/1400/1268
f 1269/1401/1269 1205/1337/1205 1204/1336/1204
f 1204/1336/1204 1268/1400/1268 1269/1401/1269
f 1270/1402/1270 1206/1338/1206 1205/1337/1205
f 1205/1337/1205 1269/1401/1269 1270/1402/1270
f 1271/1403/1271 1207/1339/1207 1206/1338/1206
f 1206/1338/1206 1270/1402/1270 1271/1403/1271
f 1272/1404/1272 1208/1340/1208 1207/1339/1207
f 1207/1339/1207 1271/1403/1271 1272/1404/1272
f 1273/1405/1273 1209/1341/1209 1208/1340/1208
f 1208/1340/1208 1272/1404/1272 1273/1405/1273
f 1274/1406/1274 1210/1342/1210 1209/1341/1209
f 1209/1341/1209 1273/1405/1273 1274/1406/1274
f 1275/1407/1275 1211/1343/1211 1210/1342/1210
f 1210/1342/1210 1274/1406/1274 1275/1407/1275
f 1276/1408/1276 1212/1344/1212 1211/1343/1211
f 1211/1343/1211 1275/1407/1275 1276/1408/1276
f 1277/1409/1277 1213/1345/1213 1212/1344/1212
f 1212/1344/1212 1276/1408/1276 1277/1409/1277
f 1278/1410/1278 1214/1346/1214 1213/1345/1213
f 1213/1345/1213 1277/1409/1277 1278/1410/1278
f 1279/1411/1279 1215/1347/1215 1214/1346/1214
f 1214/1346/1214 1278/1410/1278 1279/1411/1279
f 1280/1412/1280 1216/1348/1216 1215/1347/1215
f 1215/1347/1215 1279/1411/1279 1280/1412/1280
f 1281/1413/1281 1217/1349/1217 1216/1348/1216
f 1216/1348/1216 1280/1412/1280 1281/1413/1281
f 1282/1414/1282 1218/1350/1218 1217/1349/1217
f 1217/1349/1217 1281/1413/1281 1282/1414/1282
f 1283/1415/1283 1219/1351/1219 1218/1350/1218
f 1218/1350/1218 1282/1414/1282 1283/1415/1283
f 1284/1416/1284 1220/1352/1220 1219/1351/1219
f 1219/1351/1219 1283/1415/1283 1284/1416/1284
f 1285/1417/1285 1221/1353/1221 1220/1352/1220
f 1220/1352/1220 1284/1416/1284 1285/1417/1285
f 1286/1418/1286 1222/1354/1222 1221/1353/1221
f 1221/1353/1221 1285/1417/1285 1286/1418/1286
f 1287/1419/1287 1223/1355/1223 1222/1354/1222
f 1222/1354/1222 1286/1418/1286 1287/1419/1287
f 1288/1420/1288 1224/1356/1224 1223/1355/1223
f 1223/1355/1223 1287/1419/1287 1288/1420/1288
f 1289/1421/1289 1225/1357/1225 1224/1356/1224
f 1224/1356/1224 1288/1420/1288 1289/1421/1289
f 1226/1358/1226 1162/1294/1162 1225/1357/1225
f 1225/1357/1225 1289/1421/1289 1226/1358/1226
f 1226/1358/1226 1410/1542/1410 1227/1359/1227
f 1227/1359/1227 1410/1542/1410 1228/1360/1228
f 1228/1360/1228 1410/1542/1410 1229/1361/1229
f 1229/1361/1229 1410/1542/1410 1230/1362/1230
f 1230/1362/1230 1410/1542/1410 1231/1363/1231
f 1231/1363/1231 1410/1542/1410 1232/1364/1232
f 1399/1531/1399 1233/1365/1233 1232/1364/1232
f 1232/1364/1232 1410/1542/1410 1399/1531/1399
f 1388/1520/1388 1234/1366/1234 1233/1365/1233
f 1233/1365/1233 1399/1531/1399 1388/1520/1388
f 1377/1509/1377 1235/1367/1235 1234/1366/1234
f 1234/1366/1234 1388/1520/1388 1377/1509/1377
f 1366/1498/1366 1236/1368/1236 1235/1367/1235
f 1235/1367/1235 1377/1509/1377 1366/1498/1366
f 1355/1487/1355 1237/1369/1237 1236/1368/1236
f 1236/1368/1236 1366/1498/1366 1355/1487/1355
f 1344/1476/1344 1238/1370/1238 1237/1369/1237
f 1237/1369/1237 1355/1487/1355 1344/1476/1344
f 1333/1465/1333 1239/1371/1239 1238/1370/1238
f 1238/1370/1238 1344/1476/1344 1333/1465/1333
f 1322/1454/1322 1240/1372/1240 1239/1371/1239
f 1239/1371/1239 1333/1465/1333 1322/1454/1322
f 1311/1443/1311 1241/1373/1241 1240/1372/1240
f 1240/1372/1240 1322/1454/1322 1311/1443/1311
f 1300/1432/1300 1242/1374/1242 1241/1373/1241
f 1241/1373/1241 1311/1443/1311 1300/1432/1300
f 1242/1374/1242 1300/1432/1300 1243/1375/1243
f 1243/1375/1243 1300/1432/1300 1244/1376/1244
f 1244/1376/1244 1300/1432/1300 1245/1377/1245
f 1245/1377/1245 1300/1432/1300 1246/1378/1246
f 1246/1378/1246 1300/1432/1300 1247/1379/1247
f 1247/1379/1247 1300/1432/1300 1248/1380/1248
f 1299/1431/1299 1249/1381/1249 1248/1380/1248
f 1248/1380/1248 1300/1432/1300 1299/1431/1299
f 1298/1430/1298 1250/1382/1250 1249/1381/1249
f 1249/1381/1249 1299/1431/1299 1298/1430/1298
f 1297/1429/1297 1251/1383/1251 1250/1382/1250
f 1250/1382/1250 1298/1430/1298 1297/1429/1297
f 1296/1428/1296 1252/1384/1252 1251/1383/1251
f 1251/1383/1251 1297/1429/1297 1296/1428/1296
f 1295/1427/1295 1253/1385/1253 1252/1384/1252
f 1252/1384/1252 1296/1428/1296 1295/1427/1295
f 1294/1426/1294 1254/1386/1254 1253/1385/1253
f 1253/1385/1253 1295/1427/1295 1294/1426/1294
f 1293/1425/1293 1255/1387/1255 1254/1386/1254
f 1254/1386/1254 1294/1426/1294 1293/1425/1293
f 1292/1424/1292 1256/1388/1256 1255/1387/1255
f 1255/1387/1255 1293/1425/1293 1292/1424/1292
f 1291/1423/1291 1257/1389/1257 1256/1388/1256
f 1256/1388/1256 1292/1424/1292 1291/1423/1291
f 1290/1422/1290 1258/1390/1258 1257/1389/1257
f 1257/1389/1257 1291/1423/1291 1290/1422/1290
f 1258/1390/1258 1290/1422/1290 1259/1391/1259
f 1259/1391/1259 1290/1422/1290 1260/1392/1260
f 1260/1392/1260 1290/1422/1290 1261/1393/1261
f 1261/1393/1261 1290/1422/1290 1262/1394/1262
f 1262/1394/1262 1290/1422/1290 1263/1395/1263
f 1263/1395/1263 1290/1422/1290 1264/1396/1264
f 1301/1433/1301 1265/1397/1265 1264/1396/1264
f 1264/1396/1264 1290/1422/1290 1301/1433/1301
f 1312/1444/1312 1266/1398/1266 1265/1397/1265
f 1265/1397/1265 1301/1433/1301 1312/1444/1312
f 1323/1455/1323 1267/1399/1267 1266/1398/1266
f 1266/1398/1266 1312/1444/1312 1323/1455/1323
f 1334/1466/1334 1268/1400/1268 1267/1399/1267
f 1267/1399/1267 1323/1455/1323 1334/1466/1334
f 1345/1477/1345 1269/1401/1269 1268/1400/1268
f 1268/1400/1268 1334/1466/1334 1345/1477/1345
f 1356/1488/1356 1270/1402/1270 1269/1401/1269
f 1269/1401/1269 1345/1477/1345 1356/1488/1356
f 1367/1499/1367 1271/1403/1271 1270/1402/1270
f 1270/1402/1270 1356/1488/1356 1367/1499/1367
f 1378/1510/1378 1272/1404/1272 1271/1403/1271
f 1271/1403/1271 1367/1499/1367 1378/1510/1378
f 1389/1521/1389 1273/1405/1273 1272/1404/1272
f 1272/1404/1272 1378/1510/1378 1389/1521/1389
f 1400/1532/1400 1274/1406/1274 1273/1405/1273
f 1273/1405/1273 1389/1521/1389 1400/1532/1400
f 1274/1406/1274 1400/1532/1400 1275/1407/1275
f 1275/1407/1275 1400/1532/1400 1276/1408/1276
f 1276/1408/1276 1400/1532/1400 1277/1409/1277
f 1277/1409/1277 1400/1532/1400 1278/1410/1278
f 1278/1410/1278 1400/1532/1400 1279/1411/1279
f 1279/1411/1279 1400/1532/1400 1280/1412/1280
f 1401/1533/1401 1281/1413/1281 1280/1412/1280
f 1280/1412/1280 1400/1532/1400 1401/1533/1401
f 1402/1534/1402 1282/1414/1282 1281/1413/1281
f 1281/1413/1281 1401/1533/1401 1402/1534/1402
f 1403/1535/1403 1283/1415/1283 1282/1414/1282
f 1282/1414/1282 1402/1534/1402 1403/1535/1403
f 1404/1536/1404 1284/1416/1284 1283/1415/1283
f 1283/1415/1283 1403/1535/1403 1404/1536/1404
f 1405/1537/1405 1285/1417/1285 1284/1416/1284
f 1284/1416/1284 1404/1536/1404 1405/1537/1405
f 1406/1538/1406 1286/1418/1286 1285/1417/1285
f 1285/1417/1285 1405/1537/1405 1406/1538/1406
f 1407/1539/1407 1287/1419/1287 1286/1418/1286
f 1286/1418/1286 1406/1538/1406 1407/1539/1407
f 1408/1540/1408 1288/1420/1288 1287/1419/1287
f 1287/1419/1287 1407/1539/1407 1408/1540/1408
f 1409/1541/1409 1289/1421/1289 1288/1420/1288
f 1288/1420/1288 1408/1540/1408 1409/1541/1409
f 1410/1542/1410 1226/1358/1226 1289/1421/1289
f 1289/1421/1289 1409/1541/1409 1410/1542/1410
f 1291/1423/1291 1302/1434/1302 1301/1433/1301
f 1301/1433/1301 1290/1422/1290 1291/1423/1291
f 1292/1424/1292 1303/1435/1303 1302/1434/1302
f 1302/1434/1302 1291/1423/1291 1292/1424/1292
f 1293/1425/1293 1304/1436/1304 1303/1435/1303
f 1303/1435/1303 1292/1424/1292 1293/1425/1293
f 1294/1426/1294 1305/1437/1305 1304/1436/1304
f 1304/1436/1304 1293/1425/1293 1294/1426/1294
f 1295/1427/1295 1306/1438/1306 1305/1437/1305
f 1305/1437/1305 1294/1426/1294 1295/1427/1295
f 1296/1428/1296 1307/1439/1307 1306/1438/1306
f 1306/1438/1306 1295/1427/1295 1296/1428/1296
f 1297/1429/1297 1308/1440/1308 1307/1439/1307
f 1307/1439/1307 1296/1428/1296 1297/1429/1297
f 1298/1430/1298 1309/1441/1309 1308/1440/1308
f 1308/1440/1308 1297/1429/1297 1298/1430/1298
f 1299/1431/1299 1310/1442/1310 1309/1441/1309
f 1309/1441/1309 1298/1430/1298 1299/1431/1299
f 1300/1432/1300 1311/1443/1311 1310/1442/1310
f 1310/1442/1310 1299/1431/1299 1300/1432/1300
f 1302/1434/1302 1313/1445/1313 1312/1444/1312
f 1312/1444/1312 1301/1433/1301 1302/1434/1302
f 1303/1435/1303 1314/1446/1314 1313/1445/1313
f 1313/1445/1313 1302/1434/1302 1303/1435/1303
f 1304/1436/1304 1315/1447/1315 1314/1446/1314
f 1314/1446/1314 1303/1435/1303 1304/1436/1304
f 1305/1437/1305 1316/1448/1316 1315/1447/1315
f 1315/1447/1315 1304/1436/1304 1305/1437/1305
f 1306/1438/1306 1317/1449/1317 1316/1448/1316
f 1316/1448/1316 1305/1437/1305 1306/1438/1306
f 1307/1439/1307 1318/1450/1318 1317/1449/1317
f 1317/1449/1317 1306/1438/1306 1307/1439/1307
f 1308/1440/1308 1319/1451/1319 1318/1450/1318
f 1318/1450/1318 1307/1439/1307 1308/1440/1308
f 1309/1441/1309 1320/1452/1320 1319/1451/1319
f 1319/1451/1319 1308/1440/1308 1309/1441/1309
f 1310/1442/1310 1321/1453/1321 1320/1452/1320
f 1320/1452/1320 1309/1441/1309 1310/1442/1310
f 1311/1443/1311 1322/1454/1322 1321/1453/1321
f 1321/1453/1321 1310/1442/1310 1311/1443/1311
f 1313/1445/1313 1324/1456/1324 1323/1455/1323
f 1323/1455/1323 1312/1444/1312 1313/1445/1313
f 1314/1446/1314 1325/1457/1325 1324/1456/1324
f 1324/1456/1324 1313/1445/1313 1314/1446/1314
f 1315/1447/1315 1326/1458/1326 1325/1457/1325
f 1325/1457/1325 1314/1446/1314 1315/1447/1315
f 1316/1448/1316 1327/1459/1327 1326/1458/1326
f 1326/1458/1326 1315/1447/1315 1316/1448/1316
f 1317/1449/1317 1328/1460/1328 1327/1459/1327
f 1327/1459/1327 1316/1448/1316 1317/1449/1317
f 1318/1450/1318 1329/1461/1329 1328/1460/1328
f 1328/1460/1328 1317/1449/1317 1318/1450/1318
f 1319/1451/1319 1330/1462/1330 1329/1461/1329
f 1329/1461/1329 1318/1450/1318 1319/1451/1319
f 1320/1452/1320 1331/1463/1331 1330/1462/1330
f 1330/1462/1330 1319/1451/1319 1320/1452/1320
f 1321/1453/1321 1332/1464/1332 1331/1463/1331
f 1331/1463/1331 1320/1452/1320 1321/1453/1321
f 1322/1454/1322 1333/1465/1333 1332/1464/1332
f 1332/1464/1332 1321/1453/1321 1322/1454/1322
f 1324/1456/1324 1335/1467/1335 1334/1466/1334
f 1334/1466/1334 1323/1455/1323 1324/1456/1324
f 1325/1457/1325 1336/1468/1336 1335/1467/1335
f 1335/1467/1335 1324/1456/1324 1325/1457/1325
f 1326/1458/1326 1337/1469/1337 1336/1468/1336
f 1336/1468/1336 1325/1457/1325 1326/1458/1326
f 1327/1459/1327 1338/1470/1338 1337/1469/1337
f 1337/1469/1337 1326/1458/1326 1327/1459/1327
f 1328/1460/1328 1339/1471/1339 1338/1470/1338
f 1338/1470/1338 1327/1459/1327 1328/1460/1328
f 1329/1461/1329 1340/1472/1340 1339/1471/1339
f 1339/1471/1339 1328/1460/1328 1329/1461/1329
f 1330/1462/1330 1341/1473/1341 1340/1472/1340
f 1340/1472/1340 1329/1461/1329 1330/1462/1330
f 1331/1463/1331 1342/1474/1342 1341/1473/1341
f 1341/1473/1341 1330/1462/1330 1331/1463/1331
f 1332/1464/1332 1343/1475/1343 1342/1474/1342
f 1342/1474/1342 1331/1463/1331 1332/1464/1332
f 1333/1465/1333 1344/1476/1344 1343/1475/1343
f 1343/1475/1343 1332/1464/1332 1333/1465/1333
f 1335/1467/1335 1346/1478/1346 1345/1477/1345
f 1345/1477/1345 1334/1466/1334 1335/1467/1335
f 1336/1468/1336 1347/1479/1347 1346/1478/1346
f 1346/1478/1346 1335/1467/1335 1336/1468/1336
f 1337/1469/1337 1348/1480/1348 1347/1479/1347
f 1347/1479/1347 1336/1468/1336 1337/1469/1337
f 1338/1470/1338 1349/1481/1349 1348/1480/1348
f 1348/1480/1348 1337/1469/1337 1338/1470/1338
f 1339/1471/1339 1350/1482/1350 1349/1481/1349
f 1349/1481/1349 1338/1470/1338 1339/1471/1339
f 1340/1472/1340 1351/1483/1351 1350/1482/1350
f 1350/1482/1350 1339/1471/1339 1340/1472/1340
f 1341/1473/1341 1352/1484/1352 1351/1483/1351
f 1351/1483/1351 1340/1472/1340 1341/1473/1341
f 1342/1474/1342 1353/1485/1353 1352/1484/1352
f 1352/1484/1352 1341/1473/1341 1342/1474/1342
f 1343/1475/1343 1354/1486/1354 1353/1485/1353
f 1353/1485/1353 1342/1474/1342 1343/1475/1343
f 1344/1476/1344 1355/1487/1355 1354/1486/1354
f 1354/1486/1354 1343/1475/1343 1344/1476/1344
f 1346/1478/1346 1357/1489/1357 1356/1488/1356
f 1356/1488/1356 1345/1477/1345 1346/1478/1346
f 1347/1479/1347 1358/1490/1358 1357/1489/1357
f 1357/1489/1357 1346/1478/1346 1347/1479/1347
f 1348/1480/1348 1359/1491/1359 1358/1490/1358
f 1358/1490/1358 1347/1479/1347 1348/1480/1348
f 1349/1481/1349 1360/1492/1360 1359/1491/1359
f 1359/1491/1359 1348/1480/1348 1349/1481/1349
f 1350/1482/1350 1361/1493/1361 1360/1492/1360
f 1360/1492/1360 1349/1481/1349 1350/1482/1350
f 1351/1483/1351 1362/1494/1362 1361/1493/1361
f 1361/1493/1361 1350/1482/1350 1351/1483/1351
f 1352/1484/1352 1363/1495/1363 1362/1494/1362
f 1362/1494/1362 1351/1483/1351 1352/1484/1352
f 1353/1485/1353 1364/1496/1364 1363/1495/1363
f 1363/1495/1363 1352/1484/1352 1353/1485/1353
f 1354/1486/1354 1365/1497/1365 1364/1496/1364
f 1364/1496/1364 1353/1485/1353 1354/1486/1354
f 1355/1487/1355 1366/1498/1366 1365/1497/1365
f 1365/1497/1365 1354/1486/1354 1355/1487/1355
f 1357/1489/1357 1368/1500/1368 1367/1499/1367
f 1367/1499/1367 1356/1488/1356 1357/1489/1357
f 1358/1490/1358 1369/1501/1369 1368/1500/1368
f 1368/1500/1368 1357/1489/1357 1358/1490/1358
f 1359/1491/1359 1370/1502/1370 1369/1501/1369
f 1369/1501/1369 1358/1490/1358 1359/1491/1359
f 1360/1492/1360 1371/1503/1371 1370/1502/1370
f 1370/1502/1370 1359/1491/1359 1360/1492/1360
f 1361/1493/1361 1372/1504/1372 1371/1503/1371
f 1371/1503/1371 1360/1492/1360 1361/1493/1361
f 1362/1494/1362 1373/1505/1373 1372/1504/1372
f 1372/1504/1372 1361/1493/1361 1362/1494/1362
f 1363/1495/1363 1374/1506/1374 1373/1505/1373
f 1373/1505/1373 1362/1494/1362 1363/1495/1363
f 1364/1496/1364 1375/1507/1375 1374/1506/1374
f 1374/1506/1374 1363/1495/1363 1364/1496/1364
f 1365/1497/1365 1376/1508/1376 1375/1507/1375
f 1375/1507/1375 1364/1496/1364 1365/1497/1365
f 1366/1498/1366 1377/1509/1377 1376/1508/1376
f 1376/1508/1376 1365/1497/1365 1366/1498/1366
f 1368/1500/1368 1379/1511/1379 1378/1510/1378
f 1378/1510/1378 1367/1499/1367 1368/1500/1368
f 1369/1501/1369 1380/1512/1380 1379/1511/1379
f 1379/1511/1379 1368/1500/1368 1369/1501/1369
f 1370/1502/1370 1381/1513/1381 1380/1512/1380
f 1380/1512/1380 1369/1501/1369 1370/1502/1370
f 1371/1503/1371 1382/1514/1382 1381/1513/1381
f 1381/1513/1381 1370/1502/1370 1371/1503/1371
f 1372/1504/1372 1383/1515/1383 1382/1514/1382
f 1382/1514/1382 1371/1503/1371 1372/1504/1372
f 1373/1505/1373 1384/1516/1384 1383/1515/1383
f 1383/1515/1383 1372/1504/1372 1373/1505/1373
f 1374/1506/1374 1385/1517/1385 1384/1516/1384
f 1384/1516/1384 1373/1505/1373 1374/1506/1374
f 1375/1507/1375 1386/1518/1386 1385/1517/1385
f 1385/1517/1385 1374/1506/1374 1375/1507/1375
f 1376/1508/1376 1387/1519/1387 1386/1518/1386
f 1386/1518/1386 1375/1507/1375 1376/1508/1376
f 1377/1509/1377 1388/1520/1388 1387/1519/1387
f 1387/1519/1387 1376/1508/1376 1377/1509/1377
f 1379/1511/1379 1390/1522/1390 1389/1521/1389
f 1389/1521/1389 1378/1510/1378 1379/1511/1379
f 1380/1512/1380 1391/1523/1391 1390/1522/1390
f 1390/1522/1390 1379/1511/1379 1380/1512/1380
f 1381/1513/1381 1392/1524/1392 1391/1523/1391
f 1391/1523/1391 1380/1512/1380 1381/1513/1381
f 1382/1514/1382 1393/1525/1393 1392/1524/1392
f 1392/1524/1392 1381/1513/1381 1382/1514/1382
f 1383/1515/1383 1394/1526/1394 1393/1525/1393
f 1393/1525/1393 1382/1514/1382 1383/1515/1383
f 1384/1516/1384 1395/1527/1395 1394/1526/1394
f 1394/1526/1394 1383/1515/1383 1384/1516/1384
f 1385/1517/1385 1396/1528/1396 1395/1527/1395
f 1395/1527/1395 1384/1516/1384 1385/1517/1385
f 1386/1518/1386 1397/1529/1397 1396/1528/1396
f 1396/1528/1396 1385/1517/1385 1386/1518/1386
f 1387/1519/1387 1398/1530/1398 1397/1529/1397
f 1397/1529/1397 1386/1518/1386 1387/1519/1387
f 1388/1520/1388 1399/1531/1399 1398/1530/1398
f 1398/1530/1398 1387/1519/1387 1388/1520/1388
f 1390/1522/1390 1401/1533/1401 1400/1532/1400
f 1400/1532/1400 1389/1521/1389 1390/1522/1390
f 1391/1523/1391 1402/1534/1402 1401/1533/1401
f 1401/1533/1401 1390/1522/1390 1391/1523/1391
f 1392/1524/1392 1403/1535/1403 1402/1534/1402
f 1402/1534/1402 1391/1523/1391 1392/1524/1392
f 1393/1525/1393 1404/1536/1404 1403/1535/1403
f 1403/1535/1403 1392/1524/1392 1393/1525/1393
f 1394/1526/1394 1405/1537/1405 1404/1536/1404
f 1404/1536/1404 1393/1525/1393 1394/1526/1394
f 1395/1527/1395 1406/1538/1406 1405/1537/1405
f 1405/1537/1405 1394/1526/1394 1395/1527/1395
f 1396/1528/1396 1407/1539/1407 1406/1538/1406
f 1406/1538/1406 1395/1527/1395 1396/1528/1396
f 1397/1529/1397 1408/1540/1408 1407/1539/1407
f 1407/1539/1407 1396/1528/1396 1397/1529/1397
f 1398/1530/1398 1409/1541/1409 1408/1540/1408
f 1408/1540/1408 1397/1529/1397 1398/1530/1398
f 1399/1531/1399 1410/1542/1410 1409/1541/1409
f 1409/1541/1409 1398/1530/1398 1399/1531/1399
# 2528 faces

g
