# Max2Obj Version 4.0 Mar 10th, 2001
#
# object Object13 to come ...
#
v  114.301437 20.071842 27.009348
v  114.153542 20.071842 26.170580
v  113.727684 20.071842 25.432980
v  113.075241 20.071842 24.885513
v  112.274895 20.071842 24.594212
v  111.423187 20.071842 24.594212
v  110.622849 20.071842 24.885513
v  109.970398 20.071842 25.432980
v  109.544548 20.071842 26.170580
v  109.396652 20.071842 27.009348
v  109.544548 20.071842 27.848116
v  109.970406 20.071842 28.585716
v  110.622849 20.071842 29.133184
v  111.423195 20.071842 29.424484
v  112.274902 20.071842 29.424484
v  113.075241 20.071842 29.133183
v  113.727692 20.071842 28.585716
v  114.153542 20.071842 27.848116
v  114.301437 21.079243 27.009348
v  114.153542 21.079243 26.170580
v  113.727684 21.079243 25.432980
v  113.075241 21.079243 24.885513
v  112.274895 21.079243 24.594212
v  111.423187 21.079243 24.594212
v  110.622849 21.079243 24.885513
v  109.970398 21.079243 25.432980
v  109.544548 21.079243 26.170580
v  109.396652 21.079243 27.009348
v  109.544548 21.079243 27.848116
v  109.970406 21.079243 28.585716
v  110.622849 21.079243 29.133184
v  111.423195 21.079243 29.424484
v  112.274902 21.079243 29.424484
v  113.075241 21.079243 29.133183
v  113.727692 21.079243 28.585716
v  114.153542 21.079243 27.848116
v  114.301437 22.086645 27.009348
v  114.153542 22.086645 26.170580
v  113.727684 22.086645 25.432980
v  113.075241 22.086645 24.885513
v  112.274895 22.086645 24.594212
v  111.423187 22.086645 24.594212
v  110.622849 22.086645 24.885513
v  109.970398 22.086645 25.432980
v  109.544548 22.086645 26.170580
v  109.396652 22.086645 27.009348
v  109.544548 22.086645 27.848116
v  109.970406 22.086645 28.585716
v  110.622849 22.086645 29.133184
v  111.423195 22.086645 29.424484
v  112.274902 22.086645 29.424484
v  113.075241 22.086645 29.133183
v  113.727692 22.086645 28.585716
v  114.153542 22.086645 27.848116
v  114.301437 23.094046 27.009348
v  114.153542 23.094046 26.170580
v  113.727684 23.094046 25.432980
v  113.075241 23.094046 24.885513
v  112.274895 23.094046 24.594212
v  111.423187 23.094046 24.594212
v  110.622849 23.094046 24.885513
v  109.970398 23.094046 25.432980
v  109.544548 23.094046 26.170580
v  109.396652 23.094046 27.009348
v  109.544548 23.094046 27.848116
v  109.970406 23.094046 28.585716
v  110.622849 23.094046 29.133184
v  111.423195 23.094046 29.424484
v  112.274902 23.094046 29.424484
v  113.075241 23.094046 29.133183
v  113.727692 23.094046 28.585716
v  114.153542 23.094046 27.848116
v  114.301437 24.101448 27.009348
v  114.153542 24.101448 26.170580
v  113.727684 24.101448 25.432980
v  113.075241 24.101448 24.885513
v  112.274895 24.101448 24.594212
v  111.423187 24.101448 24.594212
v  110.622849 24.101448 24.885513
v  109.970398 24.101448 25.432980
v  109.544548 24.101448 26.170580
v  109.396652 24.101448 27.009348
v  109.544548 24.101448 27.848116
v  109.970406 24.101448 28.585716
v  110.622849 24.101448 29.133184
v  111.423195 24.101448 29.424484
v  112.274902 24.101448 29.424484
v  113.075241 24.101448 29.133183
v  113.727692 24.101448 28.585716
v  114.153542 24.101448 27.848116
v  114.301437 25.108849 27.009348
v  114.153542 25.108849 26.170580
v  113.727684 25.108849 25.432980
v  113.075241 25.108849 24.885513
v  112.274895 25.108849 24.594212
v  111.423187 25.108849 24.594212
v  110.622849 25.108849 24.885513
v  109.970398 25.108849 25.432980
v  109.544548 25.108849 26.170580
v  109.396652 25.108849 27.009348
v  109.544548 25.108849 27.848116
v  109.970406 25.108849 28.585716
v  110.622849 25.108849 29.133184
v  111.423195 25.108849 29.424484
v  112.274902 25.108849 29.424484
v  113.075241 25.108849 29.133183
v  113.727692 25.108849 28.585716
v  114.153542 25.108849 27.848116
# 108 vertices

vt  0.750000 0.000000 1.000000
vt  0.805556 0.000000 1.000000
vt  0.861111 0.000000 1.000000
vt  0.916667 0.000000 1.000000
vt  0.972222 0.000000 1.000000
vt  0.027778 0.000000 1.000000
vt  0.083333 0.000000 1.000000
vt  0.138889 0.000000 1.000000
vt  0.194444 0.000000 1.000000
vt  0.250000 0.000000 1.000000
vt  0.305556 0.000000 1.000000
vt  0.361111 0.000000 1.000000
vt  0.416667 0.000000 1.000000
vt  0.472222 0.000000 1.000000
vt  0.527778 0.000000 1.000000
vt  0.583333 0.000000 1.000000
vt  0.638889 0.000000 1.000000
vt  0.694444 0.000000 1.000000
vt  0.750000 0.200000 1.000000
vt  0.805556 0.200000 1.000000
vt  0.861111 0.200000 1.000000
vt  0.916667 0.200000 1.000000
vt  0.972222 0.200000 1.000000
vt  0.027778 0.200000 1.000000
vt  0.083333 0.200000 1.000000
vt  0.138889 0.200000 1.000000
vt  0.194444 0.200000 1.000000
vt  0.250000 0.200000 1.000000
vt  0.305556 0.200000 1.000000
vt  0.361111 0.200000 1.000000
vt  0.416667 0.200000 1.000000
vt  0.472222 0.200000 1.000000
vt  0.527778 0.200000 1.000000
vt  0.583333 0.200000 1.000000
vt  0.638889 0.200000 1.000000
vt  0.694444 0.200000 1.000000
vt  0.750000 0.400000 1.000000
vt  0.805556 0.400000 1.000000
vt  0.861111 0.400000 1.000000
vt  0.916667 0.400000 1.000000
vt  0.972222 0.400000 1.000000
vt  0.027778 0.400000 1.000000
vt  0.083333 0.400000 1.000000
vt  0.138889 0.400000 1.000000
vt  0.194444 0.400000 1.000000
vt  0.250000 0.400000 1.000000
vt  0.305556 0.400000 1.000000
vt  0.361111 0.400000 1.000000
vt  0.416667 0.400000 1.000000
vt  0.472222 0.400000 1.000000
vt  0.527778 0.400000 1.000000
vt  0.583333 0.400000 1.000000
vt  0.638889 0.400000 1.000000
vt  0.694444 0.400000 1.000000
vt  0.750000 0.600000 1.000000
vt  0.805556 0.600000 1.000000
vt  0.861111 0.600000 1.000000
vt  0.916667 0.600000 1.000000
vt  0.972222 0.600000 1.000000
vt  0.027778 0.600000 1.000000
vt  0.083333 0.600000 1.000000
vt  0.138889 0.600000 1.000000
vt  0.194444 0.600000 1.000000
vt  0.250000 0.600000 1.000000
vt  0.305556 0.600000 1.000000
vt  0.361111 0.600000 1.000000
vt  0.416667 0.600000 1.000000
vt  0.472222 0.600000 1.000000
vt  0.527778 0.600000 1.000000
vt  0.583333 0.600000 1.000000
vt  0.638889 0.600000 1.000000
vt  0.694444 0.600000 1.000000
vt  0.750000 0.800000 1.000000
vt  0.805556 0.800000 1.000000
vt  0.861111 0.800000 1.000000
vt  0.916667 0.800000 1.000000
vt  0.972222 0.800000 1.000000
vt  0.027778 0.800000 1.000000
vt  0.083333 0.800000 1.000000
vt  0.138889 0.800000 1.000000
vt  0.194444 0.800000 1.000000
vt  0.250000 0.800000 1.000000
vt  0.305556 0.800000 1.000000
vt  0.361111 0.800000 1.000000
vt  0.416667 0.800000 1.000000
vt  0.472222 0.800000 1.000000
vt  0.527778 0.800000 1.000000
vt  0.583333 0.800000 1.000000
vt  0.638889 0.800000 1.000000
vt  0.694444 0.800000 1.000000
vt  0.750000 1.000000 1.000000
vt  0.805556 1.000000 1.000000
vt  0.861111 1.000000 1.000000
vt  0.916667 1.000000 1.000000
vt  0.972222 1.000000 1.000000
vt  0.027778 1.000000 1.000000
vt  0.083333 1.000000 1.000000
vt  0.138889 1.000000 1.000000
vt  0.194444 1.000000 1.000000
vt  0.250000 1.000000 1.000000
vt  0.305556 1.000000 1.000000
vt  0.361111 1.000000 1.000000
vt  0.416667 1.000000 1.000000
vt  0.472222 1.000000 1.000000
vt  0.527778 1.000000 1.000000
vt  0.583333 1.000000 1.000000
vt  0.638889 1.000000 1.000000
vt  0.694444 1.000000 1.000000
vt  1.027778 0.000000 1.000000
vt  1.027778 0.200000 1.000000
vt  1.027778 0.400000 1.000000
vt  1.027778 0.600000 1.000000
vt  1.027778 0.800000 1.000000
vt  1.027778 1.000000 1.000000
vt  0.671010 0.969846 -0.250000
vt  0.821394 0.883022 -0.250000
vt  0.933013 0.750000 -0.250000
vt  0.992404 0.586824 -0.250000
vt  0.992404 0.413176 -0.250000
vt  0.933013 0.250000 -0.250000
vt  0.821394 0.116978 -0.250000
vt  0.671010 0.030154 -0.250000
vt  0.500000 0.000000 -0.250000
vt  0.328990 0.030154 -0.250000
vt  0.178606 0.116978 -0.250000
vt  0.066987 0.250000 -0.250000
vt  0.007596 0.413176 -0.250000
vt  0.007596 0.586824 -0.250000
vt  0.066987 0.750000 -0.250000
vt  0.178606 0.883022 -0.250000
vt  0.328990 0.969846 -0.250000
vt  0.500000 1.000000 -0.250000
vt  0.500000 1.000000 0.250000
vt  0.328990 0.969846 0.250000
vt  0.178606 0.883022 0.250000
vt  0.066987 0.750000 0.250000
vt  0.007596 0.586824 0.250000
vt  0.007596 0.413176 0.250000
vt  0.066987 0.250000 0.250000
vt  0.178606 0.116978 0.250000
vt  0.328990 0.030154 0.250000
vt  0.500000 0.000000 0.250000
vt  0.671010 0.030154 0.250000
vt  0.821394 0.116978 0.250000
vt  0.933013 0.250000 0.250000
vt  0.992404 0.413176 0.250000
vt  0.992404 0.586824 0.250000
vt  0.933013 0.750000 0.250000
vt  0.821394 0.883022 0.250000
vt  0.671010 0.969846 0.250000
# 150 texture vertices

vn  3.093865 0.000000 -0.000000
vn  2.907282 0.000000 -1.058164
vn  2.370038 0.000000 -1.988698
vn  1.546932 0.000000 -2.679366
vn  0.537244 0.000000 -3.046862
vn  -0.537244 0.000000 -3.046862
vn  -1.546933 0.000000 -2.679365
vn  -2.370038 0.000000 -1.988698
vn  -2.907282 0.000000 -1.058164
vn  -3.093865 0.000000 0.000001
vn  -2.907282 0.000000 1.058165
vn  -2.370038 0.000000 1.988698
vn  -1.546932 0.000000 2.679366
vn  -0.537243 0.000000 3.046862
vn  0.537245 0.000000 3.046862
vn  1.546933 0.000000 2.679365
vn  2.370039 0.000000 1.988697
vn  2.907282 0.000000 1.058164
vn  1.000000 0.000000 -0.000000
vn  0.939693 0.000000 -0.342020
vn  0.766044 0.000000 -0.642788
vn  0.500000 0.000000 -0.866025
vn  0.173648 0.000000 -0.984808
vn  -0.173648 0.000000 -0.984808
vn  -0.500000 0.000000 -0.866025
vn  -0.766045 0.000000 -0.642788
vn  -0.939693 0.000000 -0.342020
vn  -1.000000 0.000000 0.000000
vn  -0.939693 0.000000 0.342020
vn  -0.766044 0.000000 0.642788
vn  -0.500000 0.000000 0.866026
vn  -0.173648 0.000000 0.984808
vn  0.173649 0.000000 0.984808
vn  0.500000 0.000000 0.866025
vn  0.766045 0.000000 0.642787
vn  0.939693 0.000000 0.342020
vn  1.000000 0.000000 -0.000000
vn  0.939693 0.000000 -0.342020
vn  0.766044 0.000000 -0.642788
vn  0.500000 0.000000 -0.866025
vn  0.173648 0.000000 -0.984808
vn  -0.173648 0.000000 -0.984808
vn  -0.500000 0.000000 -0.866025
vn  -0.766045 0.000000 -0.642788
vn  -0.939693 0.000000 -0.342020
vn  -1.000000 0.000000 0.000000
vn  -0.939693 0.000000 0.342020
vn  -0.766044 0.000000 0.642788
vn  -0.500000 0.000000 0.866026
vn  -0.173648 0.000000 0.984808
vn  0.173649 0.000000 0.984808
vn  0.500000 0.000000 0.866025
vn  0.766045 0.000000 0.642787
vn  0.939693 0.000000 0.342020
vn  1.000000 0.000000 -0.000000
vn  0.939693 0.000000 -0.342020
vn  0.766044 0.000000 -0.642788
vn  0.500000 0.000000 -0.866025
vn  0.173648 0.000000 -0.984808
vn  -0.173648 0.000000 -0.984808
vn  -0.500000 0.000000 -0.866025
vn  -0.766045 0.000000 -0.642788
vn  -0.939693 0.000000 -0.342020
vn  -1.000000 0.000000 0.000000
vn  -0.939693 0.000000 0.342020
vn  -0.766044 0.000000 0.642788
vn  -0.500000 0.000000 0.866026
vn  -0.173648 0.000000 0.984808
vn  0.173649 0.000000 0.984808
vn  0.500000 0.000000 0.866025
vn  0.766045 0.000000 0.642787
vn  0.939693 0.000000 0.342020
vn  1.000000 0.000000 -0.000000
vn  0.939693 0.000000 -0.342020
vn  0.766044 0.000000 -0.642788
vn  0.500000 0.000000 -0.866025
vn  0.173648 0.000000 -0.984808
vn  -0.173648 0.000000 -0.984808
vn  -0.500000 0.000000 -0.866025
vn  -0.766045 0.000000 -0.642788
vn  -0.939693 0.000000 -0.342020
vn  -1.000000 0.000000 0.000000
vn  -0.939693 0.000000 0.342020
vn  -0.766044 0.000000 0.642788
vn  -0.500000 0.000000 0.866026
vn  -0.173648 0.000000 0.984808
vn  0.173649 0.000000 0.984808
vn  0.500000 0.000000 0.866025
vn  0.766045 0.000000 0.642787
vn  0.939693 0.000000 0.342020
vn  3.093865 0.000000 -0.000000
vn  2.907282 0.000000 -1.058164
vn  2.370038 0.000000 -1.988698
vn  1.546932 0.000000 -2.679366
vn  0.537244 0.000000 -3.046862
vn  -0.537244 0.000000 -3.046862
vn  -1.546933 0.000000 -2.679365
vn  -2.370038 0.000000 -1.988698
vn  -2.907282 0.000000 -1.058164
vn  -3.093865 0.000000 0.000001
vn  -2.907282 0.000000 1.058165
vn  -2.370038 0.000000 1.988698
vn  -1.546932 0.000000 2.679366
vn  -0.537243 0.000000 3.046862
vn  0.537245 0.000000 3.046862
vn  1.546933 0.000000 2.679365
vn  2.370039 0.000000 1.988697
vn  2.907282 0.000000 1.058164
# 108 vertex normals

g Object13
s 8
f 1/1/1 2/2/2 20/20/20
f 20/20/20 19/19/19 1/1/1
f 2/2/2 3/3/3 21/21/21
f 21/21/21 20/20/20 2/2/2
f 3/3/3 4/4/4 22/22/22
f 22/22/22 21/21/21 3/3/3
f 4/4/4 5/5/5 23/23/23
f 23/23/23 22/22/22 4/4/4
f 5/5/5 6/109/6 24/110/24
f 24/110/24 23/23/23 5/5/5
f 6/6/6 7/7/7 25/25/25
f 25/25/25 24/24/24 6/6/6
f 7/7/7 8/8/8 26/26/26
f 26/26/26 25/25/25 7/7/7
f 8/8/8 9/9/9 27/27/27
f 27/27/27 26/26/26 8/8/8
f 9/9/9 10/10/10 28/28/28
f 28/28/28 27/27/27 9/9/9
f 10/10/10 11/11/11 29/29/29
f 29/29/29 28/28/28 10/10/10
f 11/11/11 12/12/12 30/30/30
f 30/30/30 29/29/29 11/11/11
f 12/12/12 13/13/13 31/31/31
f 31/31/31 30/30/30 12/12/12
f 13/13/13 14/14/14 32/32/32
f 32/32/32 31/31/31 13/13/13
f 14/14/14 15/15/15 33/33/33
f 33/33/33 32/32/32 14/14/14
f 15/15/15 16/16/16 34/34/34
f 34/34/34 33/33/33 15/15/15
f 16/16/16 17/17/17 35/35/35
f 35/35/35 34/34/34 16/16/16
f 17/17/17 18/18/18 36/36/36
f 36/36/36 35/35/35 17/17/17
f 18/18/18 1/1/1 19/19/19
f 19/19/19 36/36/36 18/18/18
f 19/19/19 20/20/20 38/38/38
f 38/38/38 37/37/37 19/19/19
f 20/20/20 21/21/21 39/39/39
f 39/39/39 38/38/38 20/20/20
f 21/21/21 22/22/22 40/40/40
f 40/40/40 39/39/39 21/21/21
f 22/22/22 23/23/23 41/41/41
f 41/41/41 40/40/40 22/22/22
f 23/23/23 24/110/24 42/111/42
f 42/111/42 41/41/41 23/23/23
f 24/24/24 25/25/25 43/43/43
f 43/43/43 42/42/42 24/24/24
f 25/25/25 26/26/26 44/44/44
f 44/44/44 43/43/43 25/25/25
f 26/26/26 27/27/27 45/45/45
f 45/45/45 44/44/44 26/26/26
f 27/27/27 28/28/28 46/46/46
f 46/46/46 45/45/45 27/27/27
f 28/28/28 29/29/29 47/47/47
f 47/47/47 46/46/46 28/28/28
f 29/29/29 30/30/30 48/48/48
f 48/48/48 47/47/47 29/29/29
f 30/30/30 31/31/31 49/49/49
f 49/49/49 48/48/48 30/30/30
f 31/31/31 32/32/32 50/50/50
f 50/50/50 49/49/49 31/31/31
f 32/32/32 33/33/33 51/51/51
f 51/51/51 50/50/50 32/32/32
f 33/33/33 34/34/34 52/52/52
f 52/52/52 51/51/51 33/33/33
f 34/34/34 35/35/35 53/53/53
f 53/53/53 52/52/52 34/34/34
f 35/35/35 36/36/36 54/54/54
f 54/54/54 53/53/53 35/35/35
f 36/36/36 19/19/19 37/37/37
f 37/37/37 54/54/54 36/36/36
f 37/37/37 38/38/38 56/56/56
f 56/56/56 55/55/55 37/37/37
f 38/38/38 39/39/39 57/57/57
f 57/57/57 56/56/56 38/38/38
f 39/39/39 40/40/40 58/58/58
f 58/58/58 57/57/57 39/39/39
f 40/40/40 41/41/41 59/59/59
f 59/59/59 58/58/58 40/40/40
f 41/41/41 42/111/42 60/112/60
f 60/112/60 59/59/59 41/41/41
f 42/42/42 43/43/43 61/61/61
f 61/61/61 60/60/60 42/42/42
f 43/43/43 44/44/44 62/62/62
f 62/62/62 61/61/61 43/43/43
f 44/44/44 45/45/45 63/63/63
f 63/63/63 62/62/62 44/44/44
f 45/45/45 46/46/46 64/64/64
f 64/64/64 63/63/63 45/45/45
f 46/46/46 47/47/47 65/65/65
f 65/65/65 64/64/64 46/46/46
f 47/47/47 48/48/48 66/66/66
f 66/66/66 65/65/65 47/47/47
f 48/48/48 49/49/49 67/67/67
f 67/67/67 66/66/66 48/48/48
f 49/49/49 50/50/50 68/68/68
f 68/68/68 67/67/67 49/49/49
f 50/50/50 51/51/51 69/69/69
f 69/69/69 68/68/68 50/50/50
f 51/51/51 52/52/52 70/70/70
f 70/70/70 69/69/69 51/51/51
f 52/52/52 53/53/53 71/71/71
f 71/71/71 70/70/70 52/52/52
f 53/53/53 54/54/54 72/72/72
f 72/72/72 71/71/71 53/53/53
f 54/54/54 37/37/37 55/55/55
f 55/55/55 72/72/72 54/54/54
f 55/55/55 56/56/56 74/74/74
f 74/74/74 73/73/73 55/55/55
f 56/56/56 57/57/57 75/75/75
f 75/75/75 74/74/74 56/56/56
f 57/57/57 58/58/58 76/76/76
f 76/76/76 75/75/75 57/57/57
f 58/58/58 59/59/59 77/77/77
f 77/77/77 76/76/76 58/58/58
f 59/59/59 60/112/60 78/113/78
f 78/113/78 77/77/77 59/59/59
f 60/60/60 61/61/61 79/79/79
f 79/79/79 78/78/78 60/60/60
f 61/61/61 62/62/62 80/80/80
f 80/80/80 79/79/79 61/61/61
f 62/62/62 63/63/63 81/81/81
f 81/81/81 80/80/80 62/62/62
f 63/63/63 64/64/64 82/82/82
f 82/82/82 81/81/81 63/63/63
f 64/64/64 65/65/65 83/83/83
f 83/83/83 82/82/82 64/64/64
f 65/65/65 66/66/66 84/84/84
f 84/84/84 83/83/83 65/65/65
f 66/66/66 67/67/67 85/85/85
f 85/85/85 84/84/84 66/66/66
f 67/67/67 68/68/68 86/86/86
f 86/86/86 85/85/85 67/67/67
f 68/68/68 69/69/69 87/87/87
f 87/87/87 86/86/86 68/68/68
f 69/69/69 70/70/70 88/88/88
f 88/88/88 87/87/87 69/69/69
f 70/70/70 71/71/71 89/89/89
f 89/89/89 88/88/88 70/70/70
f 71/71/71 72/72/72 90/90/90
f 90/90/90 89/89/89 71/71/71
f 72/72/72 55/55/55 73/73/73
f 73/73/73 90/90/90 72/72/72
f 73/73/73 74/74/74 92/92/92
f 92/92/92 91/91/91 73/73/73
f 74/74/74 75/75/75 93/93/93
f 93/93/93 92/92/92 74/74/74
f 75/75/75 76/76/76 94/94/94
f 94/94/94 93/93/93 75/75/75
f 76/76/76 77/77/77 95/95/95
f 95/95/95 94/94/94 76/76/76
f 77/77/77 78/113/78 96/114/96
f 96/114/96 95/95/95 77/77/77
f 78/78/78 79/79/79 97/97/97
f 97/97/97 96/96/96 78/78/78
f 79/79/79 80/80/80 98/98/98
f 98/98/98 97/97/97 79/79/79
f 80/80/80 81/81/81 99/99/99
f 99/99/99 98/98/98 80/80/80
f 81/81/81 82/82/82 100/100/100
f 100/100/100 99/99/99 81/81/81
f 82/82/82 83/83/83 101/101/101
f 101/101/101 100/100/100 82/82/82
f 83/83/83 84/84/84 102/102/102
f 102/102/102 101/101/101 83/83/83
f 84/84/84 85/85/85 103/103/103
f 103/103/103 102/102/102 84/84/84
f 85/85/85 86/86/86 104/104/104
f 104/104/104 103/103/103 85/85/85
f 86/86/86 87/87/87 105/105/105
f 105/105/105 104/104/104 86/86/86
f 87/87/87 88/88/88 106/106/106
f 106/106/106 105/105/105 87/87/87
f 88/88/88 89/89/89 107/107/107
f 107/107/107 106/106/106 88/88/88
f 89/89/89 90/90/90 108/108/108
f 108/108/108 107/107/107 89/89/89
f 90/90/90 73/73/73 91/91/91
f 91/91/91 108/108/108 90/90/90
s 1
f 17/116/17 16/117/16 15/118/15
f 15/118/15 14/119/14 13/120/13
f 13/120/13 12/121/12 11/122/11
f 15/118/15 13/120/13 11/122/11
f 11/122/11 10/123/10 9/124/9
f 9/124/9 8/125/8 7/126/7
f 11/122/11 9/124/9 7/126/7
f 7/126/7 6/127/6 5/128/5
f 5/128/5 4/129/4 3/130/3
f 7/126/7 5/128/5 3/130/3
f 11/122/11 7/126/7 3/130/3
f 15/118/15 11/122/11 3/130/3
f 3/130/3 2/131/2 1/132/1
f 15/118/15 3/130/3 1/132/1
f 17/116/17 15/118/15 1/132/1
f 18/115/18 17/116/17 1/132/1
f 92/134/92 93/135/93 94/136/94
f 94/136/94 95/137/95 96/138/96
f 96/138/96 97/139/97 98/140/98
f 94/136/94 96/138/96 98/140/98
f 98/140/98 99/141/99 100/142/100
f 100/142/100 101/143/101 102/144/102
f 98/140/98 100/142/100 102/144/102
f 102/144/102 103/145/103 104/146/104
f 104/146/104 105/147/105 106/148/106
f 102/144/102 104/146/104 106/148/106
f 98/140/98 102/144/102 106/148/106
f 94/136/94 98/140/98 106/148/106
f 106/148/106 107/149/107 108/150/108
f 94/136/94 106/148/106 108/150/108
f 92/134/92 94/136/94 108/150/108
f 91/133/91 92/134/92 108/150/108
# 212 faces

g
# object Cylinder06 to come ...
#
v  115.066078 13.140110 27.009348
v  114.872063 13.140110 25.909058
v  114.313431 13.140110 24.941481
v  113.457558 13.140110 24.223316
v  112.407677 13.140110 23.841190
v  111.290413 13.140110 23.841190
v  110.240532 13.140110 24.223316
v  109.384659 13.140110 24.941481
v  108.826027 13.140110 25.909060
v  108.632011 13.140110 27.009348
v  108.826027 13.140110 28.109638
v  109.384659 13.140110 29.077217
v  110.240532 13.140110 29.795380
v  111.290413 13.140110 30.177505
v  112.407677 13.140110 30.177505
v  113.457558 13.140110 29.795378
v  114.313431 13.140110 29.077215
v  114.872063 13.140110 28.109636
v  115.066078 15.206573 27.009348
v  114.872063 15.206573 25.909058
v  114.313431 15.206573 24.941481
v  113.457558 15.206573 24.223316
v  112.407677 15.206573 23.841190
v  111.290413 15.206573 23.841190
v  110.240532 15.206573 24.223316
v  109.384659 15.206573 24.941481
v  108.826027 15.206573 25.909060
v  108.632011 15.206573 27.009348
v  108.826027 15.206573 28.109638
v  109.384659 15.206573 29.077217
v  110.240532 15.206573 29.795380
v  111.290413 15.206573 30.177505
v  112.407677 15.206573 30.177505
v  113.457558 15.206573 29.795378
v  114.313431 15.206573 29.077215
v  114.872063 15.206573 28.109636
v  115.066078 17.273037 27.009348
v  114.872063 17.273037 25.909058
v  114.313431 17.273037 24.941481
v  113.457558 17.273037 24.223316
v  112.407677 17.273037 23.841190
v  111.290413 17.273037 23.841190
v  110.240532 17.273037 24.223316
v  109.384659 17.273037 24.941481
v  108.826027 17.273037 25.909060
v  108.632011 17.273037 27.009348
v  108.826027 17.273037 28.109638
v  109.384659 17.273037 29.077217
v  110.240532 17.273037 29.795380
v  111.290413 17.273037 30.177505
v  112.407677 17.273037 30.177505
v  113.457558 17.273037 29.795378
v  114.313431 17.273037 29.077215
v  114.872063 17.273037 28.109636
v  115.066078 19.339502 27.009348
v  114.872063 19.339502 25.909058
v  114.313431 19.339502 24.941481
v  113.457558 19.339502 24.223316
v  112.407677 19.339502 23.841190
v  111.290413 19.339502 23.841190
v  110.240532 19.339502 24.223316
v  109.384659 19.339502 24.941481
v  108.826027 19.339502 25.909060
v  108.632011 19.339502 27.009348
v  108.826027 19.339502 28.109638
v  109.384659 19.339502 29.077217
v  110.240532 19.339502 29.795380
v  111.290413 19.339502 30.177505
v  112.407677 19.339502 30.177505
v  113.457558 19.339502 29.795378
v  114.313431 19.339502 29.077215
v  114.872063 19.339502 28.109636
v  115.066078 21.405966 27.009348
v  114.872063 21.405966 25.909058
v  114.313431 21.405966 24.941481
v  113.457558 21.405966 24.223316
v  112.407677 21.405966 23.841190
v  111.290413 21.405966 23.841190
v  110.240532 21.405966 24.223316
v  109.384659 21.405966 24.941481
v  108.826027 21.405966 25.909060
v  108.632011 21.405966 27.009348
v  108.826027 21.405966 28.109638
v  109.384659 21.405966 29.077217
v  110.240532 21.405966 29.795380
v  111.290413 21.405966 30.177505
v  112.407677 21.405966 30.177505
v  113.457558 21.405966 29.795378
v  114.313431 21.405966 29.077215
v  114.872063 21.405966 28.109636
v  115.066078 23.472431 27.009348
v  114.872063 23.472431 25.909058
v  114.313431 23.472431 24.941481
v  113.457558 23.472431 24.223316
v  112.407677 23.472431 23.841190
v  111.290413 23.472431 23.841190
v  110.240532 23.472431 24.223316
v  109.384659 23.472431 24.941481
v  108.826027 23.472431 25.909060
v  108.632011 23.472431 27.009348
v  108.826027 23.472431 28.109638
v  109.384659 23.472431 29.077217
v  110.240532 23.472431 29.795380
v  111.290413 23.472431 30.177505
v  112.407677 23.472431 30.177505
v  113.457558 23.472431 29.795378
v  114.313431 23.472431 29.077215
v  114.872063 23.472431 28.109636
v  111.849045 14.260613 27.009348
v  111.849045 13.986600 24.227240
v  111.306282 13.986600 24.280697
v  110.784378 13.986600 24.439014
v  110.303391 13.986600 24.696110
v  109.881798 13.986600 25.042101
v  109.535805 13.986600 25.463692
v  109.278709 13.986600 25.944681
v  109.120392 13.986600 26.466585
v  109.066940 13.986600 27.009348
v  109.120392 13.986600 27.552111
v  109.278709 13.986600 28.074015
v  109.535805 13.986600 28.555004
v  109.881798 13.986600 28.976595
v  110.303391 13.986600 29.322586
v  110.784378 13.986600 29.579681
v  111.306282 13.986600 29.737999
v  111.849045 13.986600 29.791456
v  112.391808 13.986600 29.737999
v  112.913712 13.986600 29.579679
v  113.394699 13.986600 29.322586
v  113.816292 13.986600 28.976595
v  114.162285 13.986600 28.555004
v  114.419380 13.986600 28.074015
v  114.577698 13.986600 27.552111
v  114.631149 13.986600 27.009348
v  114.577698 13.986600 26.466585
v  114.419380 13.986600 25.944681
v  114.162285 13.986600 25.463692
v  113.816292 13.986600 25.042101
v  113.394699 13.986600 24.696110
v  112.913712 13.986600 24.439014
v  112.391808 13.986600 24.280697
v  111.849045 13.175089 21.552048
v  110.784378 13.175089 21.656908
v  109.760628 13.175089 21.967461
v  108.817131 13.175089 22.471767
v  107.990150 13.175089 23.150454
v  107.311462 13.175089 23.977434
v  106.807159 13.175089 24.920929
v  106.496605 13.175089 25.944681
v  106.391747 13.175089 27.009348
v  106.496605 13.175089 28.074015
v  106.807159 13.175089 29.097767
v  107.311462 13.175089 30.041262
v  107.990150 13.175089 30.868242
v  108.817131 13.175089 31.546928
v  109.760628 13.175089 32.051235
v  110.784378 13.175089 32.361790
v  111.849045 13.175089 32.466648
v  112.913712 13.175089 32.361786
v  113.937462 13.175089 32.051235
v  114.880959 13.175089 31.546926
v  115.707939 13.175089 30.868242
v  116.386627 13.175089 30.041262
v  116.890930 13.175089 29.097765
v  117.201485 13.175089 28.074013
v  117.306343 13.175089 27.009346
v  117.201485 13.175089 25.944681
v  116.890930 13.175089 24.920929
v  116.386627 13.175089 23.977432
v  115.707939 13.175089 23.150454
v  114.880959 13.175089 22.471767
v  113.937462 13.175089 21.967459
v  112.913712 13.175089 21.656908
v  111.849045 11.857266 19.086575
v  110.303391 11.857266 19.238810
v  108.817131 11.857266 19.689661
v  107.447388 11.857266 20.421803
v  106.246796 11.857266 21.407103
v  105.261497 11.857266 22.607693
v  104.529358 11.857266 23.977434
v  104.078506 11.857266 25.463692
v  103.926270 11.857266 27.009348
v  104.078506 11.857266 28.555004
v  104.529358 11.857266 30.041262
v  105.261497 11.857266 31.411005
v  106.246796 11.857266 32.611595
v  107.447388 11.857266 33.596893
v  108.817131 11.857266 34.329037
v  110.303391 11.857266 34.779888
v  111.849045 11.857266 34.932121
v  113.394699 11.857266 34.779884
v  114.880959 11.857266 34.329033
v  116.250702 11.857266 33.596893
v  117.451294 11.857266 32.611595
v  118.436592 11.857266 31.411003
v  119.168732 11.857266 30.041260
v  119.619583 11.857266 28.555002
v  119.771820 11.857266 27.009346
v  119.619583 11.857266 25.463690
v  119.168732 11.857266 23.977432
v  118.436584 11.857266 22.607691
v  117.451286 11.857266 21.407101
v  116.250702 11.857266 20.421803
v  114.880959 11.857266 19.689659
v  113.394699 11.857266 19.238810
v  111.849045 10.083776 16.925571
v  109.881798 10.083776 17.119328
v  107.990150 10.083776 17.693153
v  106.246796 10.083776 18.624994
v  104.718735 10.083776 19.879042
v  103.464691 10.083776 21.407103
v  102.532852 10.083776 23.150455
v  101.959023 10.083776 25.042101
v  101.765266 10.083776 27.009348
v  101.959023 10.083776 28.976597
v  102.532852 10.083776 30.868242
v  103.464691 10.083776 32.611595
v  104.718742 10.083776 34.139656
v  106.246803 10.083776 35.393703
v  107.990150 10.083776 36.325542
v  109.881798 10.083776 36.899368
v  111.849045 10.083776 37.093124
v  113.816292 10.083776 36.899368
v  115.707939 10.083776 36.325542
v  117.451294 10.083776 35.393700
v  118.979355 10.083776 34.139652
v  120.233398 10.083776 32.611591
v  121.165237 10.083776 30.868240
v  121.739067 10.083776 28.976593
v  121.932823 10.083776 27.009346
v  121.739067 10.083776 25.042099
v  121.165237 10.083776 23.150452
v  120.233398 10.083776 21.407101
v  118.979347 10.083776 19.879040
v  117.451286 10.083776 18.624992
v  115.707939 10.083776 17.693153
v  113.816292 10.083776 17.119328
v  111.849045 7.922772 15.152081
v  109.535805 7.922772 15.379914
v  107.311462 7.922772 16.054661
v  105.261497 7.922772 17.150391
v  103.464691 7.922772 18.624994
v  101.990089 7.922772 20.421804
v  100.894356 7.922772 22.471769
v  100.219612 7.922772 24.696110
v  99.991776 7.922772 27.009350
v  100.219612 7.922772 29.322586
v  100.894356 7.922772 31.546928
v  101.990089 7.922772 33.596893
v  103.464691 7.922772 35.393703
v  105.261505 7.922772 36.868305
v  107.311462 7.922772 37.964035
v  109.535805 7.922772 38.638783
v  111.849045 7.922772 38.866615
v  114.162285 7.922772 38.638779
v  116.386627 7.922772 37.964035
v  118.436592 7.922772 36.868305
v  120.233398 7.922772 35.393700
v  121.708000 7.922772 33.596889
v  122.803734 7.922772 31.546926
v  123.478477 7.922772 29.322584
v  123.706314 7.922772 27.009346
v  123.478477 7.922772 24.696108
v  122.803734 7.922772 22.471766
v  121.708000 7.922772 20.421801
v  120.233398 7.922772 18.624992
v  118.436584 7.922772 17.150389
v  116.386620 7.922772 16.054661
v  114.162277 7.922772 15.379914
v  111.849045 5.457300 13.834259
v  109.278709 5.457300 14.087415
v  106.807159 5.457300 14.837153
v  104.529358 5.457300 16.054663
v  102.532852 5.457300 17.693153
v  100.894356 5.457300 19.689661
v  99.676849 5.457300 21.967461
v  98.927109 5.457300 24.439016
v  98.673958 5.457300 27.009350
v  98.927109 5.457300 29.579681
v  99.676849 5.457300 32.051239
v  100.894363 5.457300 34.329037
v  102.532852 5.457300 36.325542
v  104.529358 5.457300 37.964035
v  106.807159 5.457300 39.181541
v  109.278717 5.457300 39.931282
v  111.849045 5.457300 40.184437
v  114.419380 5.457300 39.931282
v  116.890938 5.457300 39.181541
v  119.168732 5.457300 37.964035
v  121.165237 5.457300 36.325542
v  122.803734 5.457300 34.329033
v  124.021240 5.457300 32.051235
v  124.770981 5.457300 29.579678
v  125.024132 5.457300 27.009346
v  124.770981 5.457300 24.439013
v  124.021240 5.457300 21.967457
v  122.803726 5.457300 19.689659
v  121.165237 5.457300 17.693151
v  119.168732 5.457300 16.054661
v  116.890930 5.457300 14.837152
v  114.419373 5.457300 14.087414
v  111.849045 2.782107 13.022748
v  109.120392 2.782107 13.291496
v  106.496605 2.782107 14.087415
v  104.078506 2.782107 15.379915
v  101.959023 2.782107 17.119328
v  100.219612 2.782107 19.238810
v  98.927109 2.782107 21.656910
v  98.131195 2.782107 24.280699
v  97.862442 2.782107 27.009350
v  98.131195 2.782107 29.737999
v  98.927109 2.782107 32.361790
v  100.219612 2.782107 34.779888
v  101.959030 2.782107 36.899368
v  104.078506 2.782107 38.638783
v  106.496605 2.782107 39.931282
v  109.120399 2.782107 40.727200
v  111.849045 2.782107 40.995949
v  114.577698 2.782107 40.727200
v  117.201485 2.782107 39.931282
v  119.619583 2.782107 38.638779
v  121.739067 2.782107 36.899368
v  123.478477 2.782107 34.779884
v  124.770981 2.782107 32.361786
v  125.566895 2.782107 29.737995
v  125.835648 2.782107 27.009346
v  125.566895 2.782107 24.280695
v  124.770981 2.782107 21.656906
v  123.478477 2.782107 19.238808
v  121.739059 2.782107 17.119328
v  119.619583 2.782107 15.379913
v  117.201485 2.782107 14.087414
v  114.577690 2.782107 13.291496
v  111.849045 -0.000001 12.748734
v  109.066940 -0.000001 13.022748
v  106.391747 -0.000001 13.834259
v  103.926270 -0.000001 15.152081
v  101.765266 -0.000001 16.925571
v  99.991776 -0.000001 19.086576
v  98.673958 -0.000001 21.552048
v  97.862442 -0.000001 24.227242
v  97.588432 -0.000001 27.009350
v  97.862442 -0.000001 29.791456
v  98.673958 -0.000001 32.466648
v  99.991776 -0.000001 34.932121
v  101.765266 -0.000001 37.093124
v  103.926277 -0.000001 38.866615
v  106.391747 -0.000001 40.184437
v  109.066940 -0.000001 40.995949
v  111.849045 -0.000001 41.269962
v  114.631157 -0.000001 40.995949
v  117.306351 -0.000001 40.184437
v  119.771820 -0.000001 38.866615
v  121.932823 -0.000001 37.093124
v  123.706314 -0.000001 34.932117
v  125.024132 -0.000001 32.466644
v  125.835648 -0.000001 29.791452
v  126.109657 -0.000001 27.009346
v  125.835648 -0.000001 24.227238
v  125.024132 -0.000001 21.552044
v  123.706314 -0.000001 19.086573
v  121.932816 -0.000001 16.925570
v  119.771812 -0.000001 15.152080
v  117.306343 -0.000001 13.834258
v  114.631149 -0.000001 13.022748
v  111.849045 -2.782108 13.022748
v  109.120392 -2.782108 13.291496
v  106.496605 -2.782108 14.087415
v  104.078506 -2.782108 15.379915
v  101.959023 -2.782108 17.119328
v  100.219612 -2.782108 19.238810
v  98.927109 -2.782108 21.656910
v  98.131195 -2.782108 24.280699
v  97.862442 -2.782108 27.009350
v  98.131195 -2.782108 29.737999
v  98.927109 -2.782108 32.361790
v  100.219612 -2.782108 34.779888
v  101.959030 -2.782108 36.899368
v  104.078506 -2.782108 38.638783
v  106.496605 -2.782108 39.931282
v  109.120399 -2.782108 40.727200
v  111.849045 -2.782108 40.995949
v  114.577698 -2.782108 40.727200
v  117.201485 -2.782108 39.931282
v  119.619583 -2.782108 38.638779
v  121.739067 -2.782108 36.899368
v  123.478477 -2.782108 34.779884
v  124.770981 -2.782108 32.361786
v  125.566895 -2.782108 29.737995
v  125.835648 -2.782108 27.009346
v  125.566895 -2.782108 24.280695
v  124.770981 -2.782108 21.656906
v  123.478477 -2.782108 19.238808
v  121.739059 -2.782108 17.119328
v  119.619583 -2.782108 15.379913
v  117.201485 -2.782108 14.087414
v  114.577690 -2.782108 13.291496
v  111.849045 -5.457302 13.834259
v  109.278709 -5.457302 14.087415
v  106.807159 -5.457302 14.837153
v  104.529358 -5.457302 16.054663
v  102.532852 -5.457302 17.693153
v  100.894356 -5.457302 19.689661
v  99.676849 -5.457302 21.967461
v  98.927109 -5.457302 24.439016
v  98.673958 -5.457302 27.009350
v  98.927109 -5.457302 29.579681
v  99.676849 -5.457302 32.051239
v  100.894363 -5.457302 34.329037
v  102.532852 -5.457302 36.325542
v  104.529358 -5.457302 37.964035
v  106.807159 -5.457302 39.181541
v  109.278717 -5.457302 39.931282
v  111.849045 -5.457302 40.184437
v  114.419380 -5.457302 39.931282
v  116.890938 -5.457302 39.181541
v  119.168732 -5.457302 37.964035
v  121.165237 -5.457302 36.325542
v  122.803734 -5.457302 34.329033
v  124.021240 -5.457302 32.051235
v  124.770981 -5.457302 29.579678
v  125.024132 -5.457302 27.009346
v  124.770981 -5.457302 24.439013
v  124.021240 -5.457302 21.967457
v  122.803726 -5.457302 19.689659
v  121.165237 -5.457302 17.693151
v  119.168732 -5.457302 16.054661
v  116.890930 -5.457302 14.837152
v  114.419373 -5.457302 14.087414
v  111.849045 -7.922773 15.152081
v  109.535805 -7.922773 15.379915
v  107.311462 -7.922773 16.054663
v  105.261497 -7.922773 17.150391
v  103.464691 -7.922773 18.624996
v  101.990089 -7.922773 20.421804
v  100.894356 -7.922773 22.471769
v  100.219612 -7.922773 24.696112
v  99.991776 -7.922773 27.009350
v  100.219612 -7.922773 29.322586
v  100.894363 -7.922773 31.546928
v  101.990089 -7.922773 33.596893
v  103.464691 -7.922773 35.393703
v  105.261505 -7.922773 36.868305
v  107.311470 -7.922773 37.964035
v  109.535805 -7.922773 38.638779
v  111.849045 -7.922773 38.866615
v  114.162285 -7.922773 38.638779
v  116.386627 -7.922773 37.964035
v  118.436592 -7.922773 36.868301
v  120.233398 -7.922773 35.393700
v  121.708000 -7.922773 33.596889
v  122.803734 -7.922773 31.546925
v  123.478477 -7.922773 29.322584
v  123.706314 -7.922773 27.009346
v  123.478477 -7.922773 24.696108
v  122.803726 -7.922773 22.471767
v  121.708000 -7.922773 20.421803
v  120.233398 -7.922773 18.624992
v  118.436584 -7.922773 17.150391
v  116.386620 -7.922773 16.054661
v  114.162277 -7.922773 15.379915
v  111.849045 -10.083778 16.925571
v  109.881798 -10.083778 17.119329
v  107.990150 -10.083778 17.693153
v  106.246796 -10.083778 18.624996
v  104.718735 -10.083778 19.879042
v  103.464691 -10.083778 21.407103
v  102.532852 -10.083778 23.150455
v  101.959030 -10.083778 25.042101
v  101.765266 -10.083778 27.009348
v  101.959030 -10.083778 28.976597
v  102.532852 -10.083778 30.868242
v  103.464691 -10.083778 32.611595
v  104.718742 -10.083778 34.139656
v  106.246803 -10.083778 35.393700
v  107.990150 -10.083778 36.325542
v  109.881798 -10.083778 36.899368
v  111.849045 -10.083778 37.093124
v  113.816292 -10.083778 36.899368
v  115.707939 -10.083778 36.325542
v  117.451294 -10.083778 35.393700
v  118.979355 -10.083778 34.139652
v  120.233398 -10.083778 32.611591
v  121.165237 -10.083778 30.868240
v  121.739059 -10.083778 28.976593
v  121.932823 -10.083778 27.009346
v  121.739059 -10.083778 25.042099
v  121.165237 -10.083778 23.150452
v  120.233398 -10.083778 21.407101
v  118.979347 -10.083778 19.879040
v  117.451286 -10.083778 18.624994
v  115.707939 -10.083778 17.693153
v  113.816292 -10.083778 17.119328
v  111.849045 -11.857267 19.086576
v  110.303391 -11.857267 19.238811
v  108.817131 -11.857267 19.689661
v  107.447388 -11.857267 20.421804
v  106.246796 -11.857267 21.407103
v  105.261497 -11.857267 22.607693
v  104.529358 -11.857267 23.977436
v  104.078506 -11.857267 25.463692
v  103.926270 -11.857267 27.009348
v  104.078506 -11.857267 28.555004
v  104.529358 -11.857267 30.041262
v  105.261505 -11.857267 31.411005
v  106.246803 -11.857267 32.611595
v  107.447388 -11.857267 33.596893
v  108.817131 -11.857267 34.329033
v  110.303391 -11.857267 34.779884
v  111.849045 -11.857267 34.932121
v  113.394699 -11.857267 34.779884
v  114.880959 -11.857267 34.329033
v  116.250702 -11.857267 33.596889
v  117.451294 -11.857267 32.611591
v  118.436592 -11.857267 31.411003
v  119.168732 -11.857267 30.041260
v  119.619583 -11.857267 28.555002
v  119.771820 -11.857267 27.009346
v  119.619583 -11.857267 25.463690
v  119.168732 -11.857267 23.977432
v  118.436584 -11.857267 22.607691
v  117.451286 -11.857267 21.407101
v  116.250702 -11.857267 20.421803
v  114.880959 -11.857267 19.689661
v  113.394699 -11.857267 19.238810
v  111.849045 -13.175089 21.552048
v  110.784378 -13.175089 21.656908
v  109.760628 -13.175089 21.967461
v  108.817131 -13.175089 22.471769
v  107.990150 -13.175089 23.150455
v  107.311462 -13.175089 23.977434
v  106.807159 -13.175089 24.920931
v  106.496605 -13.175089 25.944681
v  106.391747 -13.175089 27.009348
v  106.496605 -13.175089 28.074015
v  106.807159 -13.175089 29.097767
v  107.311462 -13.175089 30.041262
v  107.990150 -13.175089 30.868242
v  108.817131 -13.175089 31.546926
v  109.760628 -13.175089 32.051235
v  110.784378 -13.175089 32.361786
v  111.849045 -13.175089 32.466648
v  112.913712 -13.175089 32.361786
v  113.937462 -13.175089 32.051235
v  114.880959 -13.175089 31.546926
v  115.707939 -13.175089 30.868240
v  116.386627 -13.175089 30.041260
v  116.890930 -13.175089 29.097765
v  117.201485 -13.175089 28.074013
v  117.306343 -13.175089 27.009346
v  117.201485 -13.175089 25.944681
v  116.890930 -13.175089 24.920929
v  116.386620 -13.175089 23.977434
v  115.707939 -13.175089 23.150454
v  114.880959 -13.175089 22.471767
v  113.937462 -13.175089 21.967461
v  112.913712 -13.175089 21.656908
v  111.849045 -13.986599 24.227242
v  111.306282 -13.986599 24.280699
v  110.784378 -13.986599 24.439016
v  110.303391 -13.986599 24.696112
v  109.881798 -13.986599 25.042101
v  109.535805 -13.986599 25.463692
v  109.278717 -13.986599 25.944681
v  109.120392 -13.986599 26.466585
v  109.066940 -13.986599 27.009348
v  109.120392 -13.986599 27.552111
v  109.278717 -13.986599 28.074015
v  109.535805 -13.986599 28.555004
v  109.881798 -13.986599 28.976595
v  110.303391 -13.986599 29.322586
v  110.784378 -13.986599 29.579679
v  111.306282 -13.986599 29.737997
v  111.849045 -13.986599 29.791454
v  112.391808 -13.986599 29.737997
v  112.913712 -13.986599 29.579679
v  113.394699 -13.986599 29.322584
v  113.816292 -13.986599 28.976595
v  114.162285 -13.986599 28.555004
v  114.419373 -13.986599 28.074013
v  114.577698 -13.986599 27.552109
v  114.631149 -13.986599 27.009348
v  114.577698 -13.986599 26.466585
v  114.419373 -13.986599 25.944681
v  114.162285 -13.986599 25.463692
v  113.816292 -13.986599 25.042101
v  113.394699 -13.986599 24.696110
v  112.913712 -13.986599 24.439016
v  112.391808 -13.986599 24.280699
v  111.849045 -14.260612 27.009348
# 590 vertices

vt  0.750000 0.000000 1.000000
vt  0.805556 0.000000 1.000000
vt  0.861111 0.000000 1.000000
vt  0.916667 0.000000 1.000000
vt  0.972222 0.000000 1.000000
vt  0.027778 0.000000 1.000000
vt  0.083333 0.000000 1.000000
vt  0.138889 0.000000 1.000000
vt  0.194444 0.000000 1.000000
vt  0.250000 0.000000 1.000000
vt  0.305556 0.000000 1.000000
vt  0.361111 0.000000 1.000000
vt  0.416667 0.000000 1.000000
vt  0.472222 0.000000 1.000000
vt  0.527778 0.000000 1.000000
vt  0.583333 0.000000 1.000000
vt  0.638889 0.000000 1.000000
vt  0.694444 0.000000 1.000000
vt  0.750000 0.200000 1.000000
vt  0.805556 0.200000 1.000000
vt  0.861111 0.200000 1.000000
vt  0.916667 0.200000 1.000000
vt  0.972222 0.200000 1.000000
vt  0.027778 0.200000 1.000000
vt  0.083333 0.200000 1.000000
vt  0.138889 0.200000 1.000000
vt  0.194444 0.200000 1.000000
vt  0.250000 0.200000 1.000000
vt  0.305556 0.200000 1.000000
vt  0.361111 0.200000 1.000000
vt  0.416667 0.200000 1.000000
vt  0.472222 0.200000 1.000000
vt  0.527778 0.200000 1.000000
vt  0.583333 0.200000 1.000000
vt  0.638889 0.200000 1.000000
vt  0.694444 0.200000 1.000000
vt  0.750000 0.400000 1.000000
vt  0.805556 0.400000 1.000000
vt  0.861111 0.400000 1.000000
vt  0.916667 0.400000 1.000000
vt  0.972222 0.400000 1.000000
vt  0.027778 0.400000 1.000000
vt  0.083333 0.400000 1.000000
vt  0.138889 0.400000 1.000000
vt  0.194444 0.400000 1.000000
vt  0.250000 0.400000 1.000000
vt  0.305556 0.400000 1.000000
vt  0.361111 0.400000 1.000000
vt  0.416667 0.400000 1.000000
vt  0.472222 0.400000 1.000000
vt  0.527778 0.400000 1.000000
vt  0.583333 0.400000 1.000000
vt  0.638889 0.400000 1.000000
vt  0.694444 0.400000 1.000000
vt  0.750000 0.600000 1.000000
vt  0.805556 0.600000 1.000000
vt  0.861111 0.600000 1.000000
vt  0.916667 0.600000 1.000000
vt  0.972222 0.600000 1.000000
vt  0.027778 0.600000 1.000000
vt  0.083333 0.600000 1.000000
vt  0.138889 0.600000 1.000000
vt  0.194444 0.600000 1.000000
vt  0.250000 0.600000 1.000000
vt  0.305556 0.600000 1.000000
vt  0.361111 0.600000 1.000000
vt  0.416667 0.600000 1.000000
vt  0.472222 0.600000 1.000000
vt  0.527778 0.600000 1.000000
vt  0.583333 0.600000 1.000000
vt  0.638889 0.600000 1.000000
vt  0.694444 0.600000 1.000000
vt  0.750000 0.800000 1.000000
vt  0.805556 0.800000 1.000000
vt  0.861111 0.800000 1.000000
vt  0.916667 0.800000 1.000000
vt  0.972222 0.800000 1.000000
vt  0.027778 0.800000 1.000000
vt  0.083333 0.800000 1.000000
vt  0.138889 0.800000 1.000000
vt  0.194444 0.800000 1.000000
vt  0.250000 0.800000 1.000000
vt  0.305556 0.800000 1.000000
vt  0.361111 0.800000 1.000000
vt  0.416667 0.800000 1.000000
vt  0.472222 0.800000 1.000000
vt  0.527778 0.800000 1.000000
vt  0.583333 0.800000 1.000000
vt  0.638889 0.800000 1.000000
vt  0.694444 0.800000 1.000000
vt  0.750000 1.000000 1.000000
vt  0.805556 1.000000 1.000000
vt  0.861111 1.000000 1.000000
vt  0.916667 1.000000 1.000000
vt  0.972222 1.000000 1.000000
vt  0.027778 1.000000 1.000000
vt  0.083333 1.000000 1.000000
vt  0.138889 1.000000 1.000000
vt  0.194444 1.000000 1.000000
vt  0.250000 1.000000 1.000000
vt  0.305556 1.000000 1.000000
vt  0.361111 1.000000 1.000000
vt  0.416667 1.000000 1.000000
vt  0.472222 1.000000 1.000000
vt  0.527778 1.000000 1.000000
vt  0.583333 1.000000 1.000000
vt  0.638889 1.000000 1.000000
vt  0.694444 1.000000 1.000000
vt  1.027778 0.000000 1.000000
vt  1.027778 0.200000 1.000000
vt  1.027778 0.400000 1.000000
vt  1.027778 0.600000 1.000000
vt  1.027778 0.800000 1.000000
vt  1.027778 1.000000 1.000000
vt  0.671010 0.969846 -0.250000
vt  0.821394 0.883022 -0.250000
vt  0.933013 0.750000 -0.250000
vt  0.992404 0.586824 -0.250000
vt  0.992404 0.413176 -0.250000
vt  0.933013 0.250000 -0.250000
vt  0.821394 0.116978 -0.250000
vt  0.671010 0.030154 -0.250000
vt  0.500000 0.000000 -0.250000
vt  0.328990 0.030154 -0.250000
vt  0.178606 0.116978 -0.250000
vt  0.066987 0.250000 -0.250000
vt  0.007596 0.413176 -0.250000
vt  0.007596 0.586824 -0.250000
vt  0.066987 0.750000 -0.250000
vt  0.178606 0.883022 -0.250000
vt  0.328990 0.969846 -0.250000
vt  0.500000 1.000000 -0.250000
vt  0.500000 1.000000 0.250000
vt  0.328990 0.969846 0.250000
vt  0.178606 0.883022 0.250000
vt  0.066987 0.750000 0.250000
vt  0.007596 0.586824 0.250000
vt  0.007596 0.413176 0.250000
vt  0.066987 0.250000 0.250000
vt  0.178606 0.116978 0.250000
vt  0.328990 0.030154 0.250000
vt  0.500000 0.000000 0.250000
vt  0.671010 0.030154 0.250000
vt  0.821394 0.116978 0.250000
vt  0.933013 0.250000 0.250000
vt  0.992404 0.413176 0.250000
vt  0.992404 0.586824 0.250000
vt  0.933013 0.750000 0.250000
vt  0.821394 0.883022 0.250000
vt  0.671010 0.969846 0.250000
vt  0.000000 1.000000 0.000000
vt  0.031250 1.000000 0.000000
vt  0.062500 1.000000 0.000000
vt  0.093750 1.000000 0.000000
vt  0.125000 1.000000 0.000000
vt  0.156250 1.000000 0.000000
vt  0.187500 1.000000 0.000000
vt  0.218750 1.000000 0.000000
vt  0.250000 1.000000 0.000000
vt  0.281250 1.000000 0.000000
vt  0.312500 1.000000 0.000000
vt  0.343750 1.000000 0.000000
vt  0.375000 1.000000 0.000000
vt  0.406250 1.000000 0.000000
vt  0.437500 1.000000 0.000000
vt  0.468750 1.000000 0.000000
vt  0.500000 1.000000 0.000000
vt  0.531250 1.000000 0.000000
vt  0.562500 1.000000 0.000000
vt  0.593750 1.000000 0.000000
vt  0.625000 1.000000 0.000000
vt  0.656250 1.000000 0.000000
vt  0.687500 1.000000 0.000000
vt  0.718750 1.000000 0.000000
vt  0.750000 1.000000 0.000000
vt  0.781250 1.000000 0.000000
vt  0.812500 1.000000 0.000000
vt  0.843750 1.000000 0.000000
vt  0.875000 1.000000 0.000000
vt  0.906250 1.000000 0.000000
vt  0.937500 1.000000 0.000000
vt  0.968750 1.000000 0.000000
vt  0.000000 0.937500 0.000000
vt  0.031250 0.937500 0.000000
vt  0.062500 0.937500 0.000000
vt  0.093750 0.937500 0.000000
vt  0.125000 0.937500 0.000000
vt  0.156250 0.937500 0.000000
vt  0.187500 0.937500 0.000000
vt  0.218750 0.937500 0.000000
vt  0.250000 0.937500 0.000000
vt  0.281250 0.937500 0.000000
vt  0.312500 0.937500 0.000000
vt  0.343750 0.937500 0.000000
vt  0.375000 0.937500 0.000000
vt  0.406250 0.937500 0.000000
vt  0.437500 0.937500 0.000000
vt  0.468750 0.937500 0.000000
vt  0.500000 0.937500 0.000000
vt  0.531250 0.937500 0.000000
vt  0.562500 0.937500 0.000000
vt  0.593750 0.937500 0.000000
vt  0.625000 0.937500 0.000000
vt  0.656250 0.937500 0.000000
vt  0.687500 0.937500 0.000000
vt  0.718750 0.937500 0.000000
vt  0.750000 0.937500 0.000000
vt  0.781250 0.937500 0.000000
vt  0.812500 0.937500 0.000000
vt  0.843750 0.937500 0.000000
vt  0.875000 0.937500 0.000000
vt  0.906250 0.937500 0.000000
vt  0.937500 0.937500 0.000000
vt  0.968750 0.937500 0.000000
vt  1.000000 0.937500 0.000000
vt  0.000000 0.875000 0.000000
vt  0.031250 0.875000 0.000000
vt  0.062500 0.875000 0.000000
vt  0.093750 0.875000 0.000000
vt  0.125000 0.875000 0.000000
vt  0.156250 0.875000 0.000000
vt  0.187500 0.875000 0.000000
vt  0.218750 0.875000 0.000000
vt  0.250000 0.875000 0.000000
vt  0.281250 0.875000 0.000000
vt  0.312500 0.875000 0.000000
vt  0.343750 0.875000 0.000000
vt  0.375000 0.875000 0.000000
vt  0.406250 0.875000 0.000000
vt  0.437500 0.875000 0.000000
vt  0.468750 0.875000 0.000000
vt  0.500000 0.875000 0.000000
vt  0.531250 0.875000 0.000000
vt  0.562500 0.875000 0.000000
vt  0.593750 0.875000 0.000000
vt  0.625000 0.875000 0.000000
vt  0.656250 0.875000 0.000000
vt  0.687500 0.875000 0.000000
vt  0.718750 0.875000 0.000000
vt  0.750000 0.875000 0.000000
vt  0.781250 0.875000 0.000000
vt  0.812500 0.875000 0.000000
vt  0.843750 0.875000 0.000000
vt  0.875000 0.875000 0.000000
vt  0.906250 0.875000 0.000000
vt  0.937500 0.875000 0.000000
vt  0.968750 0.875000 0.000000
vt  1.000000 0.875000 0.000000
vt  0.000000 0.812500 0.000000
vt  0.031250 0.812500 0.000000
vt  0.062500 0.812500 0.000000
vt  0.093750 0.812500 0.000000
vt  0.125000 0.812500 0.000000
vt  0.156250 0.812500 0.000000
vt  0.187500 0.812500 0.000000
vt  0.218750 0.812500 0.000000
vt  0.250000 0.812500 0.000000
vt  0.281250 0.812500 0.000000
vt  0.312500 0.812500 0.000000
vt  0.343750 0.812500 0.000000
vt  0.375000 0.812500 0.000000
vt  0.406250 0.812500 0.000000
vt  0.437500 0.812500 0.000000
vt  0.468750 0.812500 0.000000
vt  0.500000 0.812500 0.000000
vt  0.531250 0.812500 0.000000
vt  0.562500 0.812500 0.000000
vt  0.593750 0.812500 0.000000
vt  0.625000 0.812500 0.000000
vt  0.656250 0.812500 0.000000
vt  0.687500 0.812500 0.000000
vt  0.718750 0.812500 0.000000
vt  0.750000 0.812500 0.000000
vt  0.781250 0.812500 0.000000
vt  0.812500 0.812500 0.000000
vt  0.843750 0.812500 0.000000
vt  0.875000 0.812500 0.000000
vt  0.906250 0.812500 0.000000
vt  0.937500 0.812500 0.000000
vt  0.968750 0.812500 0.000000
vt  1.000000 0.812500 0.000000
vt  0.000000 0.750000 0.000000
vt  0.031250 0.750000 0.000000
vt  0.062500 0.750000 0.000000
vt  0.093750 0.750000 0.000000
vt  0.125000 0.750000 0.000000
vt  0.156250 0.750000 0.000000
vt  0.187500 0.750000 0.000000
vt  0.218750 0.750000 0.000000
vt  0.250000 0.750000 0.000000
vt  0.281250 0.750000 0.000000
vt  0.312500 0.750000 0.000000
vt  0.343750 0.750000 0.000000
vt  0.375000 0.750000 0.000000
vt  0.406250 0.750000 0.000000
vt  0.437500 0.750000 0.000000
vt  0.468750 0.750000 0.000000
vt  0.500000 0.750000 0.000000
vt  0.531250 0.750000 0.000000
vt  0.562500 0.750000 0.000000
vt  0.593750 0.750000 0.000000
vt  0.625000 0.750000 0.000000
vt  0.656250 0.750000 0.000000
vt  0.687500 0.750000 0.000000
vt  0.718750 0.750000 0.000000
vt  0.750000 0.750000 0.000000
vt  0.781250 0.750000 0.000000
vt  0.812500 0.750000 0.000000
vt  0.843750 0.750000 0.000000
vt  0.875000 0.750000 0.000000
vt  0.906250 0.750000 0.000000
vt  0.937500 0.750000 0.000000
vt  0.968750 0.750000 0.000000
vt  1.000000 0.750000 0.000000
vt  0.000000 0.687500 0.000000
vt  0.031250 0.687500 0.000000
vt  0.062500 0.687500 0.000000
vt  0.093750 0.687500 0.000000
vt  0.125000 0.687500 0.000000
vt  0.156250 0.687500 0.000000
vt  0.187500 0.687500 0.000000
vt  0.218750 0.687500 0.000000
vt  0.250000 0.687500 0.000000
vt  0.281250 0.687500 0.000000
vt  0.312500 0.687500 0.000000
vt  0.343750 0.687500 0.000000
vt  0.375000 0.687500 0.000000
vt  0.406250 0.687500 0.000000
vt  0.437500 0.687500 0.000000
vt  0.468750 0.687500 0.000000
vt  0.500000 0.687500 0.000000
vt  0.531250 0.687500 0.000000
vt  0.562500 0.687500 0.000000
vt  0.593750 0.687500 0.000000
vt  0.625000 0.687500 0.000000
vt  0.656250 0.687500 0.000000
vt  0.687500 0.687500 0.000000
vt  0.718750 0.687500 0.000000
vt  0.750000 0.687500 0.000000
vt  0.781250 0.687500 0.000000
vt  0.812500 0.687500 0.000000
vt  0.843750 0.687500 0.000000
vt  0.875000 0.687500 0.000000
vt  0.906250 0.687500 0.000000
vt  0.937500 0.687500 0.000000
vt  0.968750 0.687500 0.000000
vt  1.000000 0.687500 0.000000
vt  0.000000 0.625000 0.000000
vt  0.031250 0.625000 0.000000
vt  0.062500 0.625000 0.000000
vt  0.093750 0.625000 0.000000
vt  0.125000 0.625000 0.000000
vt  0.156250 0.625000 0.000000
vt  0.187500 0.625000 0.000000
vt  0.218750 0.625000 0.000000
vt  0.250000 0.625000 0.000000
vt  0.281250 0.625000 0.000000
vt  0.312500 0.625000 0.000000
vt  0.343750 0.625000 0.000000
vt  0.375000 0.625000 0.000000
vt  0.406250 0.625000 0.000000
vt  0.437500 0.625000 0.000000
vt  0.468750 0.625000 0.000000
vt  0.500000 0.625000 0.000000
vt  0.531250 0.625000 0.000000
vt  0.562500 0.625000 0.000000
vt  0.593750 0.625000 0.000000
vt  0.625000 0.625000 0.000000
vt  0.656250 0.625000 0.000000
vt  0.687500 0.625000 0.000000
vt  0.718750 0.625000 0.000000
vt  0.750000 0.625000 0.000000
vt  0.781250 0.625000 0.000000
vt  0.812500 0.625000 0.000000
vt  0.843750 0.625000 0.000000
vt  0.875000 0.625000 0.000000
vt  0.906250 0.625000 0.000000
vt  0.937500 0.625000 0.000000
vt  0.968750 0.625000 0.000000
vt  1.000000 0.625000 0.000000
vt  0.000000 0.562500 0.000000
vt  0.031250 0.562500 0.000000
vt  0.062500 0.562500 0.000000
vt  0.093750 0.562500 0.000000
vt  0.125000 0.562500 0.000000
vt  0.156250 0.562500 0.000000
vt  0.187500 0.562500 0.000000
vt  0.218750 0.562500 0.000000
vt  0.250000 0.562500 0.000000
vt  0.281250 0.562500 0.000000
vt  0.312500 0.562500 0.000000
vt  0.343750 0.562500 0.000000
vt  0.375000 0.562500 0.000000
vt  0.406250 0.562500 0.000000
vt  0.437500 0.562500 0.000000
vt  0.468750 0.562500 0.000000
vt  0.500000 0.562500 0.000000
vt  0.531250 0.562500 0.000000
vt  0.562500 0.562500 0.000000
vt  0.593750 0.562500 0.000000
vt  0.625000 0.562500 0.000000
vt  0.656250 0.562500 0.000000
vt  0.687500 0.562500 0.000000
vt  0.718750 0.562500 0.000000
vt  0.750000 0.562500 0.000000
vt  0.781250 0.562500 0.000000
vt  0.812500 0.562500 0.000000
vt  0.843750 0.562500 0.000000
vt  0.875000 0.562500 0.000000
vt  0.906250 0.562500 0.000000
vt  0.937500 0.562500 0.000000
vt  0.968750 0.562500 0.000000
vt  1.000000 0.562500 0.000000
vt  0.000000 0.500000 0.000000
vt  0.031250 0.500000 0.000000
vt  0.062500 0.500000 0.000000
vt  0.093750 0.500000 0.000000
vt  0.125000 0.500000 0.000000
vt  0.156250 0.500000 0.000000
vt  0.187500 0.500000 0.000000
vt  0.218750 0.500000 0.000000
vt  0.250000 0.500000 0.000000
vt  0.281250 0.500000 0.000000
vt  0.312500 0.500000 0.000000
vt  0.343750 0.500000 0.000000
vt  0.375000 0.500000 0.000000
vt  0.406250 0.500000 0.000000
vt  0.437500 0.500000 0.000000
vt  0.468750 0.500000 0.000000
vt  0.500000 0.500000 0.000000
vt  0.531250 0.500000 0.000000
vt  0.562500 0.500000 0.000000
vt  0.593750 0.500000 0.000000
vt  0.625000 0.500000 0.000000
vt  0.656250 0.500000 0.000000
vt  0.687500 0.500000 0.000000
vt  0.718750 0.500000 0.000000
vt  0.750000 0.500000 0.000000
vt  0.781250 0.500000 0.000000
vt  0.812500 0.500000 0.000000
vt  0.843750 0.500000 0.000000
vt  0.875000 0.500000 0.000000
vt  0.906250 0.500000 0.000000
vt  0.937500 0.500000 0.000000
vt  0.968750 0.500000 0.000000
vt  1.000000 0.500000 0.000000
vt  0.000000 0.437500 0.000000
vt  0.031250 0.437500 0.000000
vt  0.062500 0.437500 0.000000
vt  0.093750 0.437500 0.000000
vt  0.125000 0.437500 0.000000
vt  0.156250 0.437500 0.000000
vt  0.187500 0.437500 0.000000
vt  0.218750 0.437500 0.000000
vt  0.250000 0.437500 0.000000
vt  0.281250 0.437500 0.000000
vt  0.312500 0.437500 0.000000
vt  0.343750 0.437500 0.000000
vt  0.375000 0.437500 0.000000
vt  0.406250 0.437500 0.000000
vt  0.437500 0.437500 0.000000
vt  0.468750 0.437500 0.000000
vt  0.500000 0.437500 0.000000
vt  0.531250 0.437500 0.000000
vt  0.562500 0.437500 0.000000
vt  0.593750 0.437500 0.000000
vt  0.625000 0.437500 0.000000
vt  0.656250 0.437500 0.000000
vt  0.687500 0.437500 0.000000
vt  0.718750 0.437500 0.000000
vt  0.750000 0.437500 0.000000
vt  0.781250 0.437500 0.000000
vt  0.812500 0.437500 0.000000
vt  0.843750 0.437500 0.000000
vt  0.875000 0.437500 0.000000
vt  0.906250 0.437500 0.000000
vt  0.937500 0.437500 0.000000
vt  0.968750 0.437500 0.000000
vt  1.000000 0.437500 0.000000
vt  0.000000 0.375000 0.000000
vt  0.031250 0.375000 0.000000
vt  0.062500 0.375000 0.000000
vt  0.093750 0.375000 0.000000
vt  0.125000 0.375000 0.000000
vt  0.156250 0.375000 0.000000
vt  0.187500 0.375000 0.000000
vt  0.218750 0.375000 0.000000
vt  0.250000 0.375000 0.000000
vt  0.281250 0.375000 0.000000
vt  0.312500 0.375000 0.000000
vt  0.343750 0.375000 0.000000
vt  0.375000 0.375000 0.000000
vt  0.406250 0.375000 0.000000
vt  0.437500 0.375000 0.000000
vt  0.468750 0.375000 0.000000
vt  0.500000 0.375000 0.000000
vt  0.531250 0.375000 0.000000
vt  0.562500 0.375000 0.000000
vt  0.593750 0.375000 0.000000
vt  0.625000 0.375000 0.000000
vt  0.656250 0.375000 0.000000
vt  0.687500 0.375000 0.000000
vt  0.718750 0.375000 0.000000
vt  0.750000 0.375000 0.000000
vt  0.781250 0.375000 0.000000
vt  0.812500 0.375000 0.000000
vt  0.843750 0.375000 0.000000
vt  0.875000 0.375000 0.000000
vt  0.906250 0.375000 0.000000
vt  0.937500 0.375000 0.000000
vt  0.968750 0.375000 0.000000
vt  1.000000 0.375000 0.000000
vt  0.000000 0.312500 0.000000
vt  0.031250 0.312500 0.000000
vt  0.062500 0.312500 0.000000
vt  0.093750 0.312500 0.000000
vt  0.125000 0.312500 0.000000
vt  0.156250 0.312500 0.000000
vt  0.187500 0.312500 0.000000
vt  0.218750 0.312500 0.000000
vt  0.250000 0.312500 0.000000
vt  0.281250 0.312500 0.000000
vt  0.312500 0.312500 0.000000
vt  0.343750 0.312500 0.000000
vt  0.375000 0.312500 0.000000
vt  0.406250 0.312500 0.000000
vt  0.437500 0.312500 0.000000
vt  0.468750 0.312500 0.000000
vt  0.500000 0.312500 0.000000
vt  0.531250 0.312500 0.000000
vt  0.562500 0.312500 0.000000
vt  0.593750 0.312500 0.000000
vt  0.625000 0.312500 0.000000
vt  0.656250 0.312500 0.000000
vt  0.687500 0.312500 0.000000
vt  0.718750 0.312500 0.000000
vt  0.750000 0.312500 0.000000
vt  0.781250 0.312500 0.000000
vt  0.812500 0.312500 0.000000
vt  0.843750 0.312500 0.000000
vt  0.875000 0.312500 0.000000
vt  0.906250 0.312500 0.000000
vt  0.937500 0.312500 0.000000
vt  0.968750 0.312500 0.000000
vt  1.000000 0.312500 0.000000
vt  0.000000 0.250000 0.000000
vt  0.031250 0.250000 0.000000
vt  0.062500 0.250000 0.000000
vt  0.093750 0.250000 0.000000
vt  0.125000 0.250000 0.000000
vt  0.156250 0.250000 0.000000
vt  0.187500 0.250000 0.000000
vt  0.218750 0.250000 0.000000
vt  0.250000 0.250000 0.000000
vt  0.281250 0.250000 0.000000
vt  0.312500 0.250000 0.000000
vt  0.343750 0.250000 0.000000
vt  0.375000 0.250000 0.000000
vt  0.406250 0.250000 0.000000
vt  0.437500 0.250000 0.000000
vt  0.468750 0.250000 0.000000
vt  0.500000 0.250000 0.000000
vt  0.531250 0.250000 0.000000
vt  0.562500 0.250000 0.000000
vt  0.593750 0.250000 0.000000
vt  0.625000 0.250000 0.000000
vt  0.656250 0.250000 0.000000
vt  0.687500 0.250000 0.000000
vt  0.718750 0.250000 0.000000
vt  0.750000 0.250000 0.000000
vt  0.781250 0.250000 0.000000
vt  0.812500 0.250000 0.000000
vt  0.843750 0.250000 0.000000
vt  0.875000 0.250000 0.000000
vt  0.906250 0.250000 0.000000
vt  0.937500 0.250000 0.000000
vt  0.968750 0.250000 0.000000
vt  1.000000 0.250000 0.000000
vt  0.000000 0.187500 0.000000
vt  0.031250 0.187500 0.000000
vt  0.062500 0.187500 0.000000
vt  0.093750 0.187500 0.000000
vt  0.125000 0.187500 0.000000
vt  0.156250 0.187500 0.000000
vt  0.187500 0.187500 0.000000
vt  0.218750 0.187500 0.000000
vt  0.250000 0.187500 0.000000
vt  0.281250 0.187500 0.000000
vt  0.312500 0.187500 0.000000
vt  0.343750 0.187500 0.000000
vt  0.375000 0.187500 0.000000
vt  0.406250 0.187500 0.000000
vt  0.437500 0.187500 0.000000
vt  0.468750 0.187500 0.000000
vt  0.500000 0.187500 0.000000
vt  0.531250 0.187500 0.000000
vt  0.562500 0.187500 0.000000
vt  0.593750 0.187500 0.000000
vt  0.625000 0.187500 0.000000
vt  0.656250 0.187500 0.000000
vt  0.687500 0.187500 0.000000
vt  0.718750 0.187500 0.000000
vt  0.750000 0.187500 0.000000
vt  0.781250 0.187500 0.000000
vt  0.812500 0.187500 0.000000
vt  0.843750 0.187500 0.000000
vt  0.875000 0.187500 0.000000
vt  0.906250 0.187500 0.000000
vt  0.937500 0.187500 0.000000
vt  0.968750 0.187500 0.000000
vt  1.000000 0.187500 0.000000
vt  0.000000 0.125000 0.000000
vt  0.031250 0.125000 0.000000
vt  0.062500 0.125000 0.000000
vt  0.093750 0.125000 0.000000
vt  0.125000 0.125000 0.000000
vt  0.156250 0.125000 0.000000
vt  0.187500 0.125000 0.000000
vt  0.218750 0.125000 0.000000
vt  0.250000 0.125000 0.000000
vt  0.281250 0.125000 0.000000
vt  0.312500 0.125000 0.000000
vt  0.343750 0.125000 0.000000
vt  0.375000 0.125000 0.000000
vt  0.406250 0.125000 0.000000
vt  0.437500 0.125000 0.000000
vt  0.468750 0.125000 0.000000
vt  0.500000 0.125000 0.000000
vt  0.531250 0.125000 0.000000
vt  0.562500 0.125000 0.000000
vt  0.593750 0.125000 0.000000
vt  0.625000 0.125000 0.000000
vt  0.656250 0.125000 0.000000
vt  0.687500 0.125000 0.000000
vt  0.718750 0.125000 0.000000
vt  0.750000 0.125000 0.000000
vt  0.781250 0.125000 0.000000
vt  0.812500 0.125000 0.000000
vt  0.843750 0.125000 0.000000
vt  0.875000 0.125000 0.000000
vt  0.906250 0.125000 0.000000
vt  0.937500 0.125000 0.000000
vt  0.968750 0.125000 0.000000
vt  1.000000 0.125000 0.000000
vt  0.000000 0.062500 0.000000
vt  0.031250 0.062500 0.000000
vt  0.062500 0.062500 0.000000
vt  0.093750 0.062500 0.000000
vt  0.125000 0.062500 0.000000
vt  0.156250 0.062500 0.000000
vt  0.187500 0.062500 0.000000
vt  0.218750 0.062500 0.000000
vt  0.250000 0.062500 0.000000
vt  0.281250 0.062500 0.000000
vt  0.312500 0.062500 0.000000
vt  0.343750 0.062500 0.000000
vt  0.375000 0.062500 0.000000
vt  0.406250 0.062500 0.000000
vt  0.437500 0.062500 0.000000
vt  0.468750 0.062500 0.000000
vt  0.500000 0.062500 0.000000
vt  0.531250 0.062500 0.000000
vt  0.562500 0.062500 0.000000
vt  0.593750 0.062500 0.000000
vt  0.625000 0.062500 0.000000
vt  0.656250 0.062500 0.000000
vt  0.687500 0.062500 0.000000
vt  0.718750 0.062500 0.000000
vt  0.750000 0.062500 0.000000
vt  0.781250 0.062500 0.000000
vt  0.812500 0.062500 0.000000
vt  0.843750 0.062500 0.000000
vt  0.875000 0.062500 0.000000
vt  0.906250 0.062500 0.000000
vt  0.937500 0.062500 0.000000
vt  0.968750 0.062500 0.000000
vt  1.000000 0.062500 0.000000
vt  0.000000 0.000000 0.000000
vt  0.031250 0.000000 0.000000
vt  0.062500 0.000000 0.000000
vt  0.093750 0.000000 0.000000
vt  0.125000 0.000000 0.000000
vt  0.156250 0.000000 0.000000
vt  0.187500 0.000000 0.000000
vt  0.218750 0.000000 0.000000
vt  0.250000 0.000000 0.000000
vt  0.281250 0.000000 0.000000
vt  0.312500 0.000000 0.000000
vt  0.343750 0.000000 0.000000
vt  0.375000 0.000000 0.000000
vt  0.406250 0.000000 0.000000
vt  0.437500 0.000000 0.000000
vt  0.468750 0.000000 0.000000
vt  0.500000 0.000000 0.000000
vt  0.531250 0.000000 0.000000
vt  0.562500 0.000000 0.000000
vt  0.593750 0.000000 0.000000
vt  0.625000 0.000000 0.000000
vt  0.656250 0.000000 0.000000
vt  0.687500 0.000000 0.000000
vt  0.718750 0.000000 0.000000
vt  0.750000 0.000000 0.000000
vt  0.781250 0.000000 0.000000
vt  0.812500 0.000000 0.000000
vt  0.843750 0.000000 0.000000
vt  0.875000 0.000000 0.000000
vt  0.906250 0.000000 0.000000
vt  0.937500 0.000000 0.000000
vt  0.968750 0.000000 0.000000
# 709 texture vertices

vn  3.093865 0.000000 -0.000000
vn  2.907282 0.000000 -1.058164
vn  2.370038 0.000000 -1.988698
vn  1.546932 0.000000 -2.679365
vn  0.537244 0.000000 -3.046862
vn  -0.537244 0.000000 -3.046862
vn  -1.546933 0.000000 -2.679365
vn  -2.370038 0.000000 -1.988698
vn  -2.907282 0.000000 -1.058164
vn  -3.093865 0.000000 0.000001
vn  -2.907282 0.000000 1.058165
vn  -2.370037 0.000000 1.988698
vn  -1.546932 0.000000 2.679366
vn  -0.537243 0.000000 3.046862
vn  0.537245 0.000000 3.046862
vn  1.546933 0.000000 2.679365
vn  2.370039 0.000000 1.988697
vn  2.907282 0.000000 1.058163
vn  1.000000 0.000000 -0.000000
vn  0.939693 0.000000 -0.342020
vn  0.766044 0.000000 -0.642788
vn  0.500000 0.000000 -0.866025
vn  0.173648 0.000000 -0.984808
vn  -0.173648 0.000000 -0.984808
vn  -0.500000 0.000000 -0.866025
vn  -0.766044 0.000000 -0.642788
vn  -0.939693 0.000000 -0.342020
vn  -1.000000 0.000000 0.000000
vn  -0.939693 0.000000 0.342020
vn  -0.766044 0.000000 0.642788
vn  -0.500000 0.000000 0.866026
vn  -0.173648 0.000000 0.984808
vn  0.173648 0.000000 0.984808
vn  0.500000 0.000000 0.866025
vn  0.766045 0.000000 0.642787
vn  0.939693 0.000000 0.342020
vn  1.000000 0.000000 -0.000000
vn  0.939693 0.000000 -0.342020
vn  0.766044 0.000000 -0.642788
vn  0.500000 0.000000 -0.866025
vn  0.173648 0.000000 -0.984808
vn  -0.173648 0.000000 -0.984808
vn  -0.500000 0.000000 -0.866025
vn  -0.766044 0.000000 -0.642788
vn  -0.939693 0.000000 -0.342020
vn  -1.000000 0.000000 0.000000
vn  -0.939693 0.000000 0.342020
vn  -0.766044 0.000000 0.642788
vn  -0.500000 0.000000 0.866026
vn  -0.173648 0.000000 0.984808
vn  0.173648 0.000000 0.984808
vn  0.500000 0.000000 0.866025
vn  0.766045 0.000000 0.642787
vn  0.939693 0.000000 0.342020
vn  1.000000 0.000000 -0.000000
vn  0.939693 0.000000 -0.342020
vn  0.766044 0.000000 -0.642788
vn  0.500000 0.000000 -0.866025
vn  0.173648 0.000000 -0.984808
vn  -0.173648 0.000000 -0.984808
vn  -0.500000 0.000000 -0.866025
vn  -0.766045 0.000000 -0.642787
vn  -0.939693 0.000000 -0.342020
vn  -1.000000 0.000000 0.000000
vn  -0.939693 0.000000 0.342020
vn  -0.766044 0.000000 0.642788
vn  -0.500000 0.000000 0.866026
vn  -0.173648 0.000000 0.984808
vn  0.173648 0.000000 0.984808
vn  0.500000 0.000000 0.866025
vn  0.766045 0.000000 0.642787
vn  0.939693 0.000000 0.342020
vn  1.000000 0.000000 -0.000000
vn  0.939693 0.000000 -0.342020
vn  0.766044 0.000000 -0.642788
vn  0.500000 0.000000 -0.866025
vn  0.173648 0.000000 -0.984808
vn  -0.173648 0.000000 -0.984808
vn  -0.500000 0.000000 -0.866025
vn  -0.766044 0.000000 -0.642788
vn  -0.939693 0.000000 -0.342020
vn  -1.000000 0.000000 0.000000
vn  -0.939693 0.000000 0.342020
vn  -0.766044 0.000000 0.642788
vn  -0.500000 0.000000 0.866026
vn  -0.173648 0.000000 0.984808
vn  0.173648 0.000000 0.984808
vn  0.500000 0.000000 0.866025
vn  0.766045 0.000000 0.642787
vn  0.939693 0.000000 0.342020
vn  3.093865 0.000000 -0.000000
vn  2.907282 0.000000 -1.058164
vn  2.370038 0.000000 -1.988698
vn  1.546932 0.000000 -2.679366
vn  0.537244 0.000000 -3.046862
vn  -0.537244 0.000000 -3.046862
vn  -1.546933 0.000000 -2.679365
vn  -2.370038 0.000000 -1.988698
vn  -2.907282 0.000000 -1.058164
vn  -3.093865 0.000000 0.000001
vn  -2.907282 0.000000 1.058165
vn  -2.370037 0.000000 1.988698
vn  -1.546932 0.000000 2.679366
vn  -0.537243 0.000000 3.046862
vn  0.537245 0.000000 3.046862
vn  1.546933 0.000000 2.679365
vn  2.370039 0.000000 1.988697
vn  2.907282 0.000000 1.058163
vn  -0.000000 1.000000 0.000000
vn  -0.000000 0.979598 -0.200969
vn  -0.039207 0.979598 -0.197107
vn  -0.076907 0.979598 -0.185671
vn  -0.111652 0.979598 -0.167099
vn  -0.142106 0.979598 -0.142106
vn  -0.167099 0.979598 -0.111652
vn  -0.185671 0.979598 -0.076907
vn  -0.197107 0.979598 -0.039207
vn  -0.200969 0.979598 0.000000
vn  -0.197107 0.979598 0.039207
vn  -0.185671 0.979598 0.076907
vn  -0.167099 0.979598 0.111652
vn  -0.142106 0.979598 0.142106
vn  -0.111652 0.979598 0.167099
vn  -0.076907 0.979598 0.185671
vn  -0.039207 0.979598 0.197107
vn  0.000000 0.979598 0.200969
vn  0.039207 0.979598 0.197107
vn  0.076907 0.979598 0.185671
vn  0.111652 0.979598 0.167099
vn  0.142106 0.979598 0.142106
vn  0.167099 0.979598 0.111652
vn  0.185671 0.979598 0.076907
vn  0.197107 0.979598 0.039207
vn  0.200969 0.979598 -0.000000
vn  0.197107 0.979598 -0.039207
vn  0.185671 0.979598 -0.076907
vn  0.167099 0.979598 -0.111652
vn  0.142106 0.979598 -0.142106
vn  0.111652 0.979598 -0.167100
vn  0.076907 0.979598 -0.185671
vn  0.039207 0.979598 -0.197107
vn  -0.000000 0.921707 -0.387887
vn  -0.075673 0.921707 -0.380434
vn  -0.148438 0.921707 -0.358361
vn  -0.215498 0.921707 -0.322516
vn  -0.274278 0.921707 -0.274278
vn  -0.322516 0.921707 -0.215498
vn  -0.358361 0.921707 -0.148438
vn  -0.380434 0.921707 -0.075673
vn  -0.387887 0.921707 0.000000
vn  -0.380434 0.921707 0.075673
vn  -0.358361 0.921707 0.148438
vn  -0.322516 0.921707 0.215498
vn  -0.274278 0.921707 0.274278
vn  -0.215498 0.921707 0.322516
vn  -0.148438 0.921707 0.358361
vn  -0.075673 0.921707 0.380434
vn  0.000000 0.921707 0.387887
vn  0.075673 0.921707 0.380434
vn  0.148438 0.921707 0.358361
vn  0.215499 0.921707 0.322516
vn  0.274278 0.921707 0.274277
vn  0.322516 0.921707 0.215498
vn  0.358361 0.921707 0.148438
vn  0.380434 0.921707 0.075673
vn  0.387887 0.921707 -0.000000
vn  0.380434 0.921707 -0.075673
vn  0.358361 0.921707 -0.148438
vn  0.322516 0.921707 -0.215499
vn  0.274278 0.921707 -0.274278
vn  0.215498 0.921707 -0.322516
vn  0.148438 0.921707 -0.358361
vn  0.075673 0.921707 -0.380434
vn  -0.000000 0.828645 -0.559775
vn  -0.109207 0.828645 -0.549019
vn  -0.214217 0.828645 -0.517165
vn  -0.310994 0.828645 -0.465436
vn  -0.395821 0.828645 -0.395821
vn  -0.465436 0.828645 -0.310994
vn  -0.517165 0.828645 -0.214217
vn  -0.549019 0.828645 -0.109207
vn  -0.559775 0.828645 0.000000
vn  -0.549019 0.828645 0.109207
vn  -0.517165 0.828645 0.214217
vn  -0.465436 0.828645 0.310994
vn  -0.395821 0.828645 0.395821
vn  -0.310994 0.828645 0.465436
vn  -0.214217 0.828645 0.517165
vn  -0.109207 0.828645 0.549019
vn  0.000000 0.828645 0.559775
vn  0.109207 0.828645 0.549019
vn  0.214217 0.828645 0.517165
vn  0.310994 0.828645 0.465436
vn  0.395821 0.828645 0.395821
vn  0.465436 0.828645 0.310994
vn  0.517165 0.828645 0.214217
vn  0.549019 0.828645 0.109207
vn  0.559775 0.828645 -0.000000
vn  0.549019 0.828645 -0.109207
vn  0.517165 0.828645 -0.214217
vn  0.465436 0.828645 -0.310995
vn  0.395821 0.828645 -0.395821
vn  0.310994 0.828645 -0.465436
vn  0.214217 0.828645 -0.517165
vn  0.109207 0.828645 -0.549019
vn  -0.000000 0.704059 -0.710141
vn  -0.138542 0.704059 -0.696496
vn  -0.271759 0.704059 -0.656085
vn  -0.394533 0.704059 -0.590461
vn  -0.502146 0.704059 -0.502146
vn  -0.590461 0.704059 -0.394533
vn  -0.656085 0.704059 -0.271759
vn  -0.696496 0.704059 -0.138542
vn  -0.710141 0.704059 0.000000
vn  -0.696496 0.704059 0.138542
vn  -0.656085 0.704059 0.271759
vn  -0.590461 0.704059 0.394533
vn  -0.502146 0.704059 0.502146
vn  -0.394533 0.704059 0.590461
vn  -0.271759 0.704059 0.656085
vn  -0.138542 0.704059 0.696496
vn  0.000000 0.704059 0.710141
vn  0.138542 0.704059 0.696496
vn  0.271759 0.704059 0.656085
vn  0.394534 0.704059 0.590461
vn  0.502146 0.704059 0.502146
vn  0.590461 0.704059 0.394533
vn  0.656085 0.704059 0.271759
vn  0.696496 0.704059 0.138542
vn  0.710141 0.704059 -0.000000
vn  0.696496 0.704059 -0.138542
vn  0.656085 0.704059 -0.271760
vn  0.590461 0.704059 -0.394533
vn  0.502146 0.704059 -0.502146
vn  0.394533 0.704059 -0.590461
vn  0.271759 0.704059 -0.656085
vn  0.138542 0.704059 -0.696496
vn  0.000000 0.552761 -0.833340
vn  -0.162577 0.552761 -0.817327
vn  -0.318905 0.552761 -0.769905
vn  -0.462979 0.552761 -0.692897
vn  -0.589260 0.552761 -0.589260
vn  -0.692897 0.552761 -0.462979
vn  -0.769905 0.552761 -0.318905
vn  -0.817327 0.552761 -0.162576
vn  -0.833340 0.552761 0.000000
vn  -0.817327 0.552761 0.162577
vn  -0.769906 0.552761 0.318905
vn  -0.692897 0.552761 0.462979
vn  -0.589260 0.552761 0.589260
vn  -0.462978 0.552761 0.692897
vn  -0.318905 0.552761 0.769906
vn  -0.162576 0.552761 0.817327
vn  0.000000 0.552761 0.833340
vn  0.162577 0.552761 0.817327
vn  0.318905 0.552761 0.769905
vn  0.462979 0.552761 0.692896
vn  0.589260 0.552761 0.589260
vn  0.692897 0.552761 0.462979
vn  0.769905 0.552761 0.318905
vn  0.817327 0.552761 0.162576
vn  0.833340 0.552761 -0.000000
vn  0.817327 0.552761 -0.162577
vn  0.769905 0.552761 -0.318905
vn  0.692897 0.552761 -0.462979
vn  0.589260 0.552761 -0.589260
vn  0.462979 0.552761 -0.692897
vn  0.318905 0.552761 -0.769905
vn  0.162576 0.552761 -0.817327
vn  -0.000000 0.380537 -0.924766
vn  -0.180413 0.380537 -0.906996
vn  -0.353893 0.380537 -0.854372
vn  -0.513772 0.380537 -0.768915
vn  -0.653908 0.380537 -0.653908
vn  -0.768915 0.380537 -0.513772
vn  -0.854372 0.380537 -0.353892
vn  -0.906996 0.380537 -0.180413
vn  -0.924766 0.380537 0.000000
vn  -0.906996 0.380537 0.180413
vn  -0.854372 0.380537 0.353893
vn  -0.768914 0.380537 0.513772
vn  -0.653908 0.380537 0.653908
vn  -0.513772 0.380537 0.768915
vn  -0.353892 0.380537 0.854372
vn  -0.180413 0.380537 0.906996
vn  0.000000 0.380537 0.924766
vn  0.180413 0.380537 0.906996
vn  0.353893 0.380537 0.854372
vn  0.513772 0.380537 0.768914
vn  0.653908 0.380537 0.653908
vn  0.768915 0.380537 0.513772
vn  0.854372 0.380537 0.353892
vn  0.906997 0.380537 0.180413
vn  0.924766 0.380537 -0.000000
vn  0.906996 0.380537 -0.180413
vn  0.854372 0.380537 -0.353893
vn  0.768914 0.380537 -0.513772
vn  0.653908 0.380537 -0.653908
vn  0.513772 0.380537 -0.768915
vn  0.353892 0.380537 -0.854372
vn  0.180413 0.380537 -0.906996
vn  -0.000000 0.193930 -0.981015
vn  -0.191387 0.193930 -0.962165
vn  -0.375418 0.193930 -0.906340
vn  -0.545023 0.193930 -0.815684
vn  -0.693683 0.193930 -0.693683
vn  -0.815685 0.193930 -0.545023
vn  -0.906340 0.193930 -0.375418
vn  -0.962165 0.193930 -0.191386
vn  -0.981015 0.193930 0.000000
vn  -0.962165 0.193930 0.191387
vn  -0.906340 0.193930 0.375418
vn  -0.815684 0.193930 0.545023
vn  -0.693683 0.193930 0.693683
vn  -0.545023 0.193930 0.815684
vn  -0.375418 0.193930 0.906340
vn  -0.191386 0.193930 0.962165
vn  0.000000 0.193930 0.981015
vn  0.191387 0.193930 0.962165
vn  0.375418 0.193930 0.906340
vn  0.545023 0.193930 0.815684
vn  0.693683 0.193930 0.693682
vn  0.815685 0.193930 0.545023
vn  0.906340 0.193930 0.375418
vn  0.962165 0.193930 0.191386
vn  0.981015 0.193930 -0.000000
vn  0.962165 0.193930 -0.191387
vn  0.906340 0.193930 -0.375418
vn  0.815684 0.193930 -0.545023
vn  0.693682 0.193930 -0.693683
vn  0.545023 0.193930 -0.815685
vn  0.375418 0.193930 -0.906340
vn  0.191387 0.193930 -0.962165
vn  0.000000 -0.000000 -1.000000
vn  -0.195090 -0.000000 -0.980785
vn  -0.382683 -0.000000 -0.923880
vn  -0.555570 0.000000 -0.831470
vn  -0.707107 -0.000000 -0.707107
vn  -0.831470 -0.000000 -0.555570
vn  -0.923880 -0.000000 -0.382683
vn  -0.980785 -0.000000 -0.195090
vn  -1.000000 -0.000000 0.000000
vn  -0.980785 0.000000 0.195090
vn  -0.923879 0.000000 0.382684
vn  -0.831470 -0.000000 0.555570
vn  -0.707107 -0.000000 0.707107
vn  -0.555570 -0.000000 0.831470
vn  -0.382683 -0.000000 0.923880
vn  -0.195090 -0.000000 0.980785
vn  0.000000 -0.000000 1.000000
vn  0.195091 -0.000000 0.980785
vn  0.382684 -0.000000 0.923880
vn  0.555570 0.000000 0.831470
vn  0.707107 -0.000000 0.707107
vn  0.831470 -0.000000 0.555570
vn  0.923880 0.000000 0.382683
vn  0.980785 -0.000000 0.195090
vn  1.000000 -0.000000 -0.000000
vn  0.980785 -0.000000 -0.195091
vn  0.923880 -0.000000 -0.382684
vn  0.831469 -0.000000 -0.555570
vn  0.707107 -0.000000 -0.707107
vn  0.555570 -0.000000 -0.831470
vn  0.382683 -0.000000 -0.923880
vn  0.195090 -0.000000 -0.980785
vn  0.000000 -0.193930 -0.981015
vn  -0.191387 -0.193930 -0.962165
vn  -0.375418 -0.193930 -0.906340
vn  -0.545023 -0.193930 -0.815684
vn  -0.693683 -0.193930 -0.693683
vn  -0.815684 -0.193930 -0.545023
vn  -0.906340 -0.193930 -0.375418
vn  -0.962165 -0.193930 -0.191387
vn  -0.981015 -0.193930 0.000000
vn  -0.962165 -0.193930 0.191387
vn  -0.906340 -0.193930 0.375418
vn  -0.815684 -0.193930 0.545023
vn  -0.693683 -0.193930 0.693683
vn  -0.545023 -0.193930 0.815684
vn  -0.375418 -0.193930 0.906340
vn  -0.191386 -0.193930 0.962165
vn  0.000000 -0.193930 0.981015
vn  0.191387 -0.193930 0.962165
vn  0.375418 -0.193930 0.906340
vn  0.545023 -0.193930 0.815684
vn  0.693683 -0.193930 0.693682
vn  0.815685 -0.193930 0.545023
vn  0.906340 -0.193930 0.375418
vn  0.962165 -0.193930 0.191386
vn  0.981015 -0.193930 -0.000000
vn  0.962165 -0.193930 -0.191387
vn  0.906340 -0.193930 -0.375418
vn  0.815684 -0.193930 -0.545023
vn  0.693682 -0.193930 -0.693683
vn  0.545023 -0.193930 -0.815684
vn  0.375418 -0.193930 -0.906340
vn  0.191386 -0.193930 -0.962165
vn  -0.000000 -0.380537 -0.924766
vn  -0.180413 -0.380537 -0.906996
vn  -0.353893 -0.380537 -0.854372
vn  -0.513772 -0.380537 -0.768914
vn  -0.653908 -0.380537 -0.653908
vn  -0.768915 -0.380537 -0.513772
vn  -0.854372 -0.380537 -0.353892
vn  -0.906996 -0.380537 -0.180413
vn  -0.924766 -0.380537 0.000000
vn  -0.906996 -0.380537 0.180413
vn  -0.854372 -0.380537 0.353893
vn  -0.768914 -0.380537 0.513772
vn  -0.653908 -0.380537 0.653908
vn  -0.513772 -0.380537 0.768915
vn  -0.353892 -0.380537 0.854372
vn  -0.180413 -0.380537 0.906996
vn  0.000000 -0.380537 0.924766
vn  0.180413 -0.380537 0.906996
vn  0.353893 -0.380537 0.854372
vn  0.513772 -0.380537 0.768914
vn  0.653908 -0.380537 0.653908
vn  0.768915 -0.380537 0.513772
vn  0.854372 -0.380537 0.353892
vn  0.906996 -0.380537 0.180413
vn  0.924766 -0.380537 -0.000000
vn  0.906996 -0.380537 -0.180413
vn  0.854372 -0.380537 -0.353893
vn  0.768914 -0.380537 -0.513772
vn  0.653908 -0.380537 -0.653908
vn  0.513772 -0.380537 -0.768915
vn  0.353892 -0.380537 -0.854372
vn  0.180413 -0.380537 -0.906996
vn  -0.000000 -0.552761 -0.833340
vn  -0.162577 -0.552761 -0.817327
vn  -0.318905 -0.552761 -0.769905
vn  -0.462979 -0.552761 -0.692897
vn  -0.589260 -0.552761 -0.589260
vn  -0.692897 -0.552761 -0.462979
vn  -0.769905 -0.552761 -0.318905
vn  -0.817327 -0.552761 -0.162576
vn  -0.833340 -0.552761 0.000000
vn  -0.817327 -0.552761 0.162577
vn  -0.769905 -0.552761 0.318905
vn  -0.692897 -0.552761 0.462979
vn  -0.589260 -0.552761 0.589260
vn  -0.462979 -0.552761 0.692897
vn  -0.318905 -0.552761 0.769905
vn  -0.162576 -0.552761 0.817327
vn  0.000000 -0.552761 0.833340
vn  0.162577 -0.552761 0.817327
vn  0.318905 -0.552761 0.769905
vn  0.462979 -0.552761 0.692896
vn  0.589260 -0.552761 0.589260
vn  0.692897 -0.552761 0.462978
vn  0.769905 -0.552761 0.318905
vn  0.817327 -0.552761 0.162576
vn  0.833340 -0.552761 -0.000000
vn  0.817327 -0.552761 -0.162577
vn  0.769905 -0.552761 -0.318905
vn  0.692896 -0.552761 -0.462979
vn  0.589260 -0.552761 -0.589260
vn  0.462979 -0.552761 -0.692897
vn  0.318905 -0.552761 -0.769905
vn  0.162576 -0.552761 -0.817327
vn  -0.000000 -0.704059 -0.710141
vn  -0.138542 -0.704059 -0.696496
vn  -0.271759 -0.704059 -0.656085
vn  -0.394533 -0.704059 -0.590461
vn  -0.502146 -0.704059 -0.502146
vn  -0.590461 -0.704059 -0.394533
vn  -0.656085 -0.704059 -0.271759
vn  -0.696496 -0.704059 -0.138542
vn  -0.710141 -0.704059 0.000000
vn  -0.696496 -0.704059 0.138542
vn  -0.656085 -0.704059 0.271759
vn  -0.590461 -0.704059 0.394533
vn  -0.502146 -0.704059 0.502146
vn  -0.394533 -0.704059 0.590461
vn  -0.271759 -0.704059 0.656085
vn  -0.138542 -0.704059 0.696496
vn  0.000000 -0.704059 0.710141
vn  0.138542 -0.704059 0.696496
vn  0.271759 -0.704059 0.656085
vn  0.394534 -0.704059 0.590461
vn  0.502146 -0.704059 0.502146
vn  0.590461 -0.704059 0.394533
vn  0.656085 -0.704059 0.271759
vn  0.696496 -0.704059 0.138542
vn  0.710141 -0.704059 -0.000000
vn  0.696496 -0.704059 -0.138542
vn  0.656085 -0.704059 -0.271759
vn  0.590461 -0.704059 -0.394533
vn  0.502146 -0.704059 -0.502146
vn  0.394533 -0.704059 -0.590461
vn  0.271759 -0.704059 -0.656085
vn  0.138542 -0.704059 -0.696496
vn  -0.000000 -0.828645 -0.559775
vn  -0.109207 -0.828645 -0.549019
vn  -0.214217 -0.828645 -0.517164
vn  -0.310994 -0.828645 -0.465436
vn  -0.395821 -0.828645 -0.395821
vn  -0.465436 -0.828645 -0.310994
vn  -0.517164 -0.828645 -0.214217
vn  -0.549019 -0.828645 -0.109207
vn  -0.559775 -0.828645 0.000000
vn  -0.549019 -0.828645 0.109207
vn  -0.517164 -0.828645 0.214217
vn  -0.465436 -0.828645 0.310994
vn  -0.395821 -0.828645 0.395821
vn  -0.310994 -0.828645 0.465436
vn  -0.214216 -0.828645 0.517165
vn  -0.109207 -0.828645 0.549019
vn  0.000000 -0.828645 0.559775
vn  0.109207 -0.828645 0.549019
vn  0.214217 -0.828645 0.517165
vn  0.310994 -0.828645 0.465436
vn  0.395821 -0.828645 0.395820
vn  0.465436 -0.828645 0.310994
vn  0.517165 -0.828645 0.214216
vn  0.549019 -0.828645 0.109207
vn  0.559775 -0.828645 -0.000000
vn  0.549019 -0.828645 -0.109207
vn  0.517164 -0.828645 -0.214217
vn  0.465436 -0.828645 -0.310994
vn  0.395820 -0.828645 -0.395821
vn  0.310994 -0.828645 -0.465436
vn  0.214216 -0.828645 -0.517165
vn  0.109207 -0.828645 -0.549019
vn  0.000000 -0.921707 -0.387887
vn  -0.075673 -0.921707 -0.380434
vn  -0.148438 -0.921707 -0.358361
vn  -0.215498 -0.921707 -0.322516
vn  -0.274277 -0.921707 -0.274277
vn  -0.322516 -0.921707 -0.215498
vn  -0.358361 -0.921707 -0.148438
vn  -0.380434 -0.921707 -0.075673
vn  -0.387887 -0.921707 0.000000
vn  -0.380434 -0.921707 0.075673
vn  -0.358361 -0.921707 0.148438
vn  -0.322516 -0.921707 0.215498
vn  -0.274277 -0.921707 0.274277
vn  -0.215498 -0.921707 0.322516
vn  -0.148438 -0.921707 0.358361
vn  -0.075673 -0.921707 0.380434
vn  0.000000 -0.921707 0.387887
vn  0.075673 -0.921707 0.380434
vn  0.148438 -0.921707 0.358361
vn  0.215498 -0.921707 0.322516
vn  0.274277 -0.921707 0.274277
vn  0.322516 -0.921707 0.215498
vn  0.358361 -0.921707 0.148438
vn  0.380434 -0.921707 0.075673
vn  0.387887 -0.921707 -0.000000
vn  0.380434 -0.921707 -0.075673
vn  0.358361 -0.921707 -0.148438
vn  0.322516 -0.921707 -0.215498
vn  0.274277 -0.921707 -0.274277
vn  0.215498 -0.921707 -0.322516
vn  0.148438 -0.921707 -0.358361
vn  0.075673 -0.921707 -0.380434
vn  -0.000000 -0.979598 -0.200969
vn  -0.039207 -0.979598 -0.197107
vn  -0.076907 -0.979598 -0.185671
vn  -0.111652 -0.979598 -0.167099
vn  -0.142106 -0.979598 -0.142106
vn  -0.167099 -0.979598 -0.111652
vn  -0.185671 -0.979598 -0.076907
vn  -0.197107 -0.979598 -0.039207
vn  -0.200969 -0.979598 0.000000
vn  -0.197107 -0.979598 0.039207
vn  -0.185671 -0.979598 0.076907
vn  -0.167099 -0.979598 0.111652
vn  -0.142106 -0.979598 0.142106
vn  -0.111652 -0.979598 0.167099
vn  -0.076907 -0.979598 0.185671
vn  -0.039207 -0.979598 0.197107
vn  0.000000 -0.979598 0.200969
vn  0.039207 -0.979598 0.197107
vn  0.076907 -0.979598 0.185671
vn  0.111652 -0.979598 0.167099
vn  0.142106 -0.979598 0.142106
vn  0.167099 -0.979598 0.111652
vn  0.185671 -0.979598 0.076907
vn  0.197107 -0.979598 0.039207
vn  0.200969 -0.979598 -0.000000
vn  0.197107 -0.979598 -0.039207
vn  0.185671 -0.979598 -0.076907
vn  0.167099 -0.979598 -0.111652
vn  0.142106 -0.979598 -0.142106
vn  0.111652 -0.979598 -0.167099
vn  0.076907 -0.979598 -0.185671
vn  0.039207 -0.979598 -0.197107
vn  0.000000 -1.000000 0.000000
# 590 vertex normals

g Cylinder06
s 8
f 109/151/109 110/152/110 128/170/128
f 128/170/128 127/169/127 109/151/109
f 110/152/110 111/153/111 129/171/129
f 129/171/129 128/170/128 110/152/110
f 111/153/111 112/154/112 130/172/130
f 130/172/130 129/171/129 111/153/111
f 112/154/112 113/155/113 131/173/131
f 131/173/131 130/172/130 112/154/112
f 113/155/113 114/259/114 132/260/132
f 132/260/132 131/173/131 113/155/113
f 114/156/114 115/157/115 133/175/133
f 133/175/133 132/174/132 114/156/114
f 115/157/115 116/158/116 134/176/134
f 134/176/134 133/175/133 115/157/115
f 116/158/116 117/159/117 135/177/135
f 135/177/135 134/176/134 116/158/116
f 117/159/117 118/160/118 136/178/136
f 136/178/136 135/177/135 117/159/117
f 118/160/118 119/161/119 137/179/137
f 137/179/137 136/178/136 118/160/118
f 119/161/119 120/162/120 138/180/138
f 138/180/138 137/179/137 119/161/119
f 120/162/120 121/163/121 139/181/139
f 139/181/139 138/180/138 120/162/120
f 121/163/121 122/164/122 140/182/140
f 140/182/140 139/181/139 121/163/121
f 122/164/122 123/165/123 141/183/141
f 141/183/141 140/182/140 122/164/122
f 123/165/123 124/166/124 142/184/142
f 142/184/142 141/183/141 123/165/123
f 124/166/124 125/167/125 143/185/143
f 143/185/143 142/184/142 124/166/124
f 125/167/125 126/168/126 144/186/144
f 144/186/144 143/185/143 125/167/125
f 126/168/126 109/151/109 127/169/127
f 127/169/127 144/186/144 126/168/126
f 127/169/127 128/170/128 146/188/146
f 146/188/146 145/187/145 127/169/127
f 128/170/128 129/171/129 147/189/147
f 147/189/147 146/188/146 128/170/128
f 129/171/129 130/172/130 148/190/148
f 148/190/148 147/189/147 129/171/129
f 130/172/130 131/173/131 149/191/149
f 149/191/149 148/190/148 130/172/130
f 131/173/131 132/260/132 150/261/150
f 150/261/150 149/191/149 131/173/131
f 132/174/132 133/175/133 151/193/151
f 151/193/151 150/192/150 132/174/132
f 133/175/133 134/176/134 152/194/152
f 152/194/152 151/193/151 133/175/133
f 134/176/134 135/177/135 153/195/153
f 153/195/153 152/194/152 134/176/134
f 135/177/135 136/178/136 154/196/154
f 154/196/154 153/195/153 135/177/135
f 136/178/136 137/179/137 155/197/155
f 155/197/155 154/196/154 136/178/136
f 137/179/137 138/180/138 156/198/156
f 156/198/156 155/197/155 137/179/137
f 138/180/138 139/181/139 157/199/157
f 157/199/157 156/198/156 138/180/138
f 139/181/139 140/182/140 158/200/158
f 158/200/158 157/199/157 139/181/139
f 140/182/140 141/183/141 159/201/159
f 159/201/159 158/200/158 140/182/140
f 141/183/141 142/184/142 160/202/160
f 160/202/160 159/201/159 141/183/141
f 142/184/142 143/185/143 161/203/161
f 161/203/161 160/202/160 142/184/142
f 143/185/143 144/186/144 162/204/162
f 162/204/162 161/203/161 143/185/143
f 144/186/144 127/169/127 145/187/145
f 145/187/145 162/204/162 144/186/144
f 145/187/145 146/188/146 164/206/164
f 164/206/164 163/205/163 145/187/145
f 146/188/146 147/189/147 165/207/165
f 165/207/165 164/206/164 146/188/146
f 147/189/147 148/190/148 166/208/166
f 166/208/166 165/207/165 147/189/147
f 148/190/148 149/191/149 167/209/167
f 167/209/167 166/208/166 148/190/148
f 149/191/149 150/261/150 168/262/168
f 168/262/168 167/209/167 149/191/149
f 150/192/150 151/193/151 169/211/169
f 169/211/169 168/210/168 150/192/150
f 151/193/151 152/194/152 170/212/170
f 170/212/170 169/211/169 151/193/151
f 152/194/152 153/195/153 171/213/171
f 171/213/171 170/212/170 152/194/152
f 153/195/153 154/196/154 172/214/172
f 172/214/172 171/213/171 153/195/153
f 154/196/154 155/197/155 173/215/173
f 173/215/173 172/214/172 154/196/154
f 155/197/155 156/198/156 174/216/174
f 174/216/174 173/215/173 155/197/155
f 156/198/156 157/199/157 175/217/175
f 175/217/175 174/216/174 156/198/156
f 157/199/157 158/200/158 176/218/176
f 176/218/176 175/217/175 157/199/157
f 158/200/158 159/201/159 177/219/177
f 177/219/177 176/218/176 158/200/158
f 159/201/159 160/202/160 178/220/178
f 178/220/178 177/219/177 159/201/159
f 160/202/160 161/203/161 179/221/179
f 179/221/179 178/220/178 160/202/160
f 161/203/161 162/204/162 180/222/180
f 180/222/180 179/221/179 161/203/161
f 162/204/162 145/187/145 163/205/163
f 163/205/163 180/222/180 162/204/162
f 163/205/163 164/206/164 182/224/182
f 182/224/182 181/223/181 163/205/163
f 164/206/164 165/207/165 183/225/183
f 183/225/183 182/224/182 164/206/164
f 165/207/165 166/208/166 184/226/184
f 184/226/184 183/225/183 165/207/165
f 166/208/166 167/209/167 185/227/185
f 185/227/185 184/226/184 166/208/166
f 167/209/167 168/262/168 186/263/186
f 186/263/186 185/227/185 167/209/167
f 168/210/168 169/211/169 187/229/187
f 187/229/187 186/228/186 168/210/168
f 169/211/169 170/212/170 188/230/188
f 188/230/188 187/229/187 169/211/169
f 170/212/170 171/213/171 189/231/189
f 189/231/189 188/230/188 170/212/170
f 171/213/171 172/214/172 190/232/190
f 190/232/190 189/231/189 171/213/171
f 172/214/172 173/215/173 191/233/191
f 191/233/191 190/232/190 172/214/172
f 173/215/173 174/216/174 192/234/192
f 192/234/192 191/233/191 173/215/173
f 174/216/174 175/217/175 193/235/193
f 193/235/193 192/234/192 174/216/174
f 175/217/175 176/218/176 194/236/194
f 194/236/194 193/235/193 175/217/175
f 176/218/176 177/219/177 195/237/195
f 195/237/195 194/236/194 176/218/176
f 177/219/177 178/220/178 196/238/196
f 196/238/196 195/237/195 177/219/177
f 178/220/178 179/221/179 197/239/197
f 197/239/197 196/238/196 178/220/178
f 179/221/179 180/222/180 198/240/198
f 198/240/198 197/239/197 179/221/179
f 180/222/180 163/205/163 181/223/181
f 181/223/181 198/240/198 180/222/180
f 181/223/181 182/224/182 200/242/200
f 200/242/200 199/241/199 181/223/181
f 182/224/182 183/225/183 201/243/201
f 201/243/201 200/242/200 182/224/182
f 183/225/183 184/226/184 202/244/202
f 202/244/202 201/243/201 183/225/183
f 184/226/184 185/227/185 203/245/203
f 203/245/203 202/244/202 184/226/184
f 185/227/185 186/263/186 204/264/204
f 204/264/204 203/245/203 185/227/185
f 186/228/186 187/229/187 205/247/205
f 205/247/205 204/246/204 186/228/186
f 187/229/187 188/230/188 206/248/206
f 206/248/206 205/247/205 187/229/187
f 188/230/188 189/231/189 207/249/207
f 207/249/207 206/248/206 188/230/188
f 189/231/189 190/232/190 208/250/208
f 208/250/208 207/249/207 189/231/189
f 190/232/190 191/233/191 209/251/209
f 209/251/209 208/250/208 190/232/190
f 191/233/191 192/234/192 210/252/210
f 210/252/210 209/251/209 191/233/191
f 192/234/192 193/235/193 211/253/211
f 211/253/211 210/252/210 192/234/192
f 193/235/193 194/236/194 212/254/212
f 212/254/212 211/253/211 193/235/193
f 194/236/194 195/237/195 213/255/213
f 213/255/213 212/254/212 194/236/194
f 195/237/195 196/238/196 214/256/214
f 214/256/214 213/255/213 195/237/195
f 196/238/196 197/239/197 215/257/215
f 215/257/215 214/256/214 196/238/196
f 197/239/197 198/240/198 216/258/216
f 216/258/216 215/257/215 197/239/197
f 198/240/198 181/223/181 199/241/199
f 199/241/199 216/258/216 198/240/198
s 1
f 125/266/125 124/267/124 123/268/123
f 123/268/123 122/269/122 121/270/121
f 121/270/121 120/271/120 119/272/119
f 123/268/123 121/270/121 119/272/119
f 119/272/119 118/273/118 117/274/117
f 117/274/117 116/275/116 115/276/115
f 119/272/119 117/274/117 115/276/115
f 115/276/115 114/277/114 113/278/113
f 113/278/113 112/279/112 111/280/111
f 115/276/115 113/278/113 111/280/111
f 119/272/119 115/276/115 111/280/111
f 123/268/123 119/272/119 111/280/111
f 111/280/111 110/281/110 109/282/109
f 123/268/123 111/280/111 109/282/109
f 125/266/125 123/268/123 109/282/109
f 126/265/126 125/266/125 109/282/109
f 200/284/200 201/285/201 202/286/202
f 202/286/202 203/287/203 204/288/204
f 204/288/204 205/289/205 206/290/206
f 202/286/202 204/288/204 206/290/206
f 206/290/206 207/291/207 208/292/208
f 208/292/208 209/293/209 210/294/210
f 206/290/206 208/292/208 210/294/210
f 210/294/210 211/295/211 212/296/212
f 212/296/212 213/297/213 214/298/214
f 210/294/210 212/296/212 214/298/214
f 206/290/206 210/294/210 214/298/214
f 202/286/202 206/290/206 214/298/214
f 214/298/214 215/299/215 216/300/216
f 202/286/202 214/298/214 216/300/216
f 200/284/200 202/286/202 216/300/216
f 199/283/199 200/284/200 216/300/216
f 217/301/217 218/333/218 219/334/219
f 217/302/217 219/334/219 220/335/220
f 217/303/217 220/335/220 221/336/221
f 217/304/217 221/336/221 222/337/222
f 217/305/217 222/337/222 223/338/223
f 217/306/217 223/338/223 224/339/224
f 217/307/217 224/339/224 225/340/225
f 217/308/217 225/340/225 226/341/226
f 217/309/217 226/341/226 227/342/227
f 217/310/217 227/342/227 228/343/228
f 217/311/217 228/343/228 229/344/229
f 217/312/217 229/344/229 230/345/230
f 217/313/217 230/345/230 231/346/231
f 217/314/217 231/346/231 232/347/232
f 217/315/217 232/347/232 233/348/233
f 217/316/217 233/348/233 234/349/234
f 217/317/217 234/349/234 235/350/235
f 217/318/217 235/350/235 236/351/236
f 217/319/217 236/351/236 237/352/237
f 217/320/217 237/352/237 238/353/238
f 217/321/217 238/353/238 239/354/239
f 217/322/217 239/354/239 240/355/240
f 217/323/217 240/355/240 241/356/241
f 217/324/217 241/356/241 242/357/242
f 217/325/217 242/357/242 243/358/243
f 217/326/217 243/358/243 244/359/244
f 217/327/217 244/359/244 245/360/245
f 217/328/217 245/360/245 246/361/246
f 217/329/217 246/361/246 247/362/247
f 217/330/217 247/362/247 248/363/248
f 217/331/217 248/363/248 249/364/249
f 217/332/217 249/364/249 218/365/218
f 251/367/251 219/334/219 218/333/218
f 218/333/218 250/366/250 251/367/251
f 252/368/252 220/335/220 219/334/219
f 219/334/219 251/367/251 252/368/252
f 253/369/253 221/336/221 220/335/220
f 220/335/220 252/368/252 253/369/253
f 254/370/254 222/337/222 221/336/221
f 221/336/221 253/369/253 254/370/254
f 255/371/255 223/338/223 222/337/222
f 222/337/222 254/370/254 255/371/255
f 256/372/256 224/339/224 223/338/223
f 223/338/223 255/371/255 256/372/256
f 257/373/257 225/340/225 224/339/224
f 224/339/224 256/372/256 257/373/257
f 258/374/258 226/341/226 225/340/225
f 225/340/225 257/373/257 258/374/258
f 259/375/259 227/342/227 226/341/226
f 226/341/226 258/374/258 259/375/259
f 260/376/260 228/343/228 227/342/227
f 227/342/227 259/375/259 260/376/260
f 261/377/261 229/344/229 228/343/228
f 228/343/228 260/376/260 261/377/261
f 262/378/262 230/345/230 229/344/229
f 229/344/229 261/377/261 262/378/262
f 263/379/263 231/346/231 230/345/230
f 230/345/230 262/378/262 263/379/263
f 264/380/264 232/347/232 231/346/231
f 231/346/231 263/379/263 264/380/264
f 265/381/265 233/348/233 232/347/232
f 232/347/232 264/380/264 265/381/265
f 266/382/266 234/349/234 233/348/233
f 233/348/233 265/381/265 266/382/266
f 267/383/267 235/350/235 234/349/234
f 234/349/234 266/382/266 267/383/267
f 268/384/268 236/351/236 235/350/235
f 235/350/235 267/383/267 268/384/268
f 269/385/269 237/352/237 236/351/236
f 236/351/236 268/384/268 269/385/269
f 270/386/270 238/353/238 237/352/237
f 237/352/237 269/385/269 270/386/270
f 271/387/271 239/354/239 238/353/238
f 238/353/238 270/386/270 271/387/271
f 272/388/272 240/355/240 239/354/239
f 239/354/239 271/387/271 272/388/272
f 273/389/273 241/356/241 240/355/240
f 240/355/240 272/388/272 273/389/273
f 274/390/274 242/357/242 241/356/241
f 241/356/241 273/389/273 274/390/274
f 275/391/275 243/358/243 242/357/242
f 242/357/242 274/390/274 275/391/275
f 276/392/276 244/359/244 243/358/243
f 243/358/243 275/391/275 276/392/276
f 277/393/277 245/360/245 244/359/244
f 244/359/244 276/392/276 277/393/277
f 278/394/278 246/361/246 245/360/245
f 245/360/245 277/393/277 278/394/278
f 279/395/279 247/362/247 246/361/246
f 246/361/246 278/394/278 279/395/279
f 280/396/280 248/363/248 247/362/247
f 247/362/247 279/395/279 280/396/280
f 281/397/281 249/364/249 248/363/248
f 248/363/248 280/396/280 281/397/281
f 250/398/250 218/365/218 249/364/249
f 249/364/249 281/397/281 250/398/250
f 283/400/283 251/367/251 250/366/250
f 250/366/250 282/399/282 283/400/283
f 284/401/284 252/368/252 251/367/251
f 251/367/251 283/400/283 284/401/284
f 285/402/285 253/369/253 252/368/252
f 252/368/252 284/401/284 285/402/285
f 286/403/286 254/370/254 253/369/253
f 253/369/253 285/402/285 286/403/286
f 287/404/287 255/371/255 254/370/254
f 254/370/254 286/403/286 287/404/287
f 288/405/288 256/372/256 255/371/255
f 255/371/255 287/404/287 288/405/288
f 289/406/289 257/373/257 256/372/256
f 256/372/256 288/405/288 289/406/289
f 290/407/290 258/374/258 257/373/257
f 257/373/257 289/406/289 290/407/290
f 291/408/291 259/375/259 258/374/258
f 258/374/258 290/407/290 291/408/291
f 292/409/292 260/376/260 259/375/259
f 259/375/259 291/408/291 292/409/292
f 293/410/293 261/377/261 260/376/260
f 260/376/260 292/409/292 293/410/293
f 294/411/294 262/378/262 261/377/261
f 261/377/261 293/410/293 294/411/294
f 295/412/295 263/379/263 262/378/262
f 262/378/262 294/411/294 295/412/295
f 296/413/296 264/380/264 263/379/263
f 263/379/263 295/412/295 296/413/296
f 297/414/297 265/381/265 264/380/264
f 264/380/264 296/413/296 297/414/297
f 298/415/298 266/382/266 265/381/265
f 265/381/265 297/414/297 298/415/298
f 299/416/299 267/383/267 266/382/266
f 266/382/266 298/415/298 299/416/299
f 300/417/300 268/384/268 267/383/267
f 267/383/267 299/416/299 300/417/300
f 301/418/301 269/385/269 268/384/268
f 268/384/268 300/417/300 301/418/301
f 302/419/302 270/386/270 269/385/269
f 269/385/269 301/418/301 302/419/302
f 303/420/303 271/387/271 270/386/270
f 270/386/270 302/419/302 303/420/303
f 304/421/304 272/388/272 271/387/271
f 271/387/271 303/420/303 304/421/304
f 305/422/305 273/389/273 272/388/272
f 272/388/272 304/421/304 305/422/305
f 306/423/306 274/390/274 273/389/273
f 273/389/273 305/422/305 306/423/306
f 307/424/307 275/391/275 274/390/274
f 274/390/274 306/423/306 307/424/307
f 308/425/308 276/392/276 275/391/275
f 275/391/275 307/424/307 308/425/308
f 309/426/309 277/393/277 276/392/276
f 276/392/276 308/425/308 309/426/309
f 310/427/310 278/394/278 277/393/277
f 277/393/277 309/426/309 310/427/310
f 311/428/311 279/395/279 278/394/278
f 278/394/278 310/427/310 311/428/311
f 312/429/312 280/396/280 279/395/279
f 279/395/279 311/428/311 312/429/312
f 313/430/313 281/397/281 280/396/280
f 280/396/280 312/429/312 313/430/313
f 282/431/282 250/398/250 281/397/281
f 281/397/281 313/430/313 282/431/282
f 315/433/315 283/400/283 282/399/282
f 282/399/282 314/432/314 315/433/315
f 316/434/316 284/401/284 283/400/283
f 283/400/283 315/433/315 316/434/316
f 317/435/317 285/402/285 284/401/284
f 284/401/284 316/434/316 317/435/317
f 318/436/318 286/403/286 285/402/285
f 285/402/285 317/435/317 318/436/318
f 319/437/319 287/404/287 286/403/286
f 286/403/286 318/436/318 319/437/319
f 320/438/320 288/405/288 287/404/287
f 287/404/287 319/437/319 320/438/320
f 321/439/321 289/406/289 288/405/288
f 288/405/288 320/438/320 321/439/321
f 322/440/322 290/407/290 289/406/289
f 289/406/289 321/439/321 322/440/322
f 323/441/323 291/408/291 290/407/290
f 290/407/290 322/440/322 323/441/323
f 324/442/324 292/409/292 291/408/291
f 291/408/291 323/441/323 324/442/324
f 325/443/325 293/410/293 292/409/292
f 292/409/292 324/442/324 325/443/325
f 326/444/326 294/411/294 293/410/293
f 293/410/293 325/443/325 326/444/326
f 327/445/327 295/412/295 294/411/294
f 294/411/294 326/444/326 327/445/327
f 328/446/328 296/413/296 295/412/295
f 295/412/295 327/445/327 328/446/328
f 329/447/329 297/414/297 296/413/296
f 296/413/296 328/446/328 329/447/329
f 330/448/330 298/415/298 297/414/297
f 297/414/297 329/447/329 330/448/330
f 331/449/331 299/416/299 298/415/298
f 298/415/298 330/448/330 331/449/331
f 332/450/332 300/417/300 299/416/299
f 299/416/299 331/449/331 332/450/332
f 333/451/333 301/418/301 300/417/300
f 300/417/300 332/450/332 333/451/333
f 334/452/334 302/419/302 301/418/301
f 301/418/301 333/451/333 334/452/334
f 335/453/335 303/420/303 302/419/302
f 302/419/302 334/452/334 335/453/335
f 336/454/336 304/421/304 303/420/303
f 303/420/303 335/453/335 336/454/336
f 337/455/337 305/422/305 304/421/304
f 304/421/304 336/454/336 337/455/337
f 338/456/338 306/423/306 305/422/305
f 305/422/305 337/455/337 338/456/338
f 339/457/339 307/424/307 306/423/306
f 306/423/306 338/456/338 339/457/339
f 340/458/340 308/425/308 307/424/307
f 307/424/307 339/457/339 340/458/340
f 341/459/341 309/426/309 308/425/308
f 308/425/308 340/458/340 341/459/341
f 342/460/342 310/427/310 309/426/309
f 309/426/309 341/459/341 342/460/342
f 343/461/343 311/428/311 310/427/310
f 310/427/310 342/460/342 343/461/343
f 344/462/344 312/429/312 311/428/311
f 311/428/311 343/461/343 344/462/344
f 345/463/345 313/430/313 312/429/312
f 312/429/312 344/462/344 345/463/345
f 314/464/314 282/431/282 313/430/313
f 313/430/313 345/463/345 314/464/314
f 347/466/347 315/433/315 314/432/314
f 314/432/314 346/465/346 347/466/347
f 348/467/348 316/434/316 315/433/315
f 315/433/315 347/466/347 348/467/348
f 349/468/349 317/435/317 316/434/316
f 316/434/316 348/467/348 349/468/349
f 350/469/350 318/436/318 317/435/317
f 317/435/317 349/468/349 350/469/350
f 351/470/351 319/437/319 318/436/318
f 318/436/318 350/469/350 351/470/351
f 352/471/352 320/438/320 319/437/319
f 319/437/319 351/470/351 352/471/352
f 353/472/353 321/439/321 320/438/320
f 320/438/320 352/471/352 353/472/353
f 354/473/354 322/440/322 321/439/321
f 321/439/321 353/472/353 354/473/354
f 355/474/355 323/441/323 322/440/322
f 322/440/322 354/473/354 355/474/355
f 356/475/356 324/442/324 323/441/323
f 323/441/323 355/474/355 356/475/356
f 357/476/357 325/443/325 324/442/324
f 324/442/324 356/475/356 357/476/357
f 358/477/358 326/444/326 325/443/325
f 325/443/325 357/476/357 358/477/358
f 359/478/359 327/445/327 326/444/326
f 326/444/326 358/477/358 359/478/359
f 360/479/360 328/446/328 327/445/327
f 327/445/327 359/478/359 360/479/360
f 361/480/361 329/447/329 328/446/328
f 328/446/328 360/479/360 361/480/361
f 362/481/362 330/448/330 329/447/329
f 329/447/329 361/480/361 362/481/362
f 363/482/363 331/449/331 330/448/330
f 330/448/330 362/481/362 363/482/363
f 364/483/364 332/450/332 331/449/331
f 331/449/331 363/482/363 364/483/364
f 365/484/365 333/451/333 332/450/332
f 332/450/332 364/483/364 365/484/365
f 366/485/366 334/452/334 333/451/333
f 333/451/333 365/484/365 366/485/366
f 367/486/367 335/453/335 334/452/334
f 334/452/334 366/485/366 367/486/367
f 368/487/368 336/454/336 335/453/335
f 335/453/335 367/486/367 368/487/368
f 369/488/369 337/455/337 336/454/336
f 336/454/336 368/487/368 369/488/369
f 370/489/370 338/456/338 337/455/337
f 337/455/337 369/488/369 370/489/370
f 371/490/371 339/457/339 338/456/338
f 338/456/338 370/489/370 371/490/371
f 372/491/372 340/458/340 339/457/339
f 339/457/339 371/490/371 372/491/372
f 373/492/373 341/459/341 340/458/340
f 340/458/340 372/491/372 373/492/373
f 374/493/374 342/460/342 341/459/341
f 341/459/341 373/492/373 374/493/374
f 375/494/375 343/461/343 342/460/342
f 342/460/342 374/493/374 375/494/375
f 376/495/376 344/462/344 343/461/343
f 343/461/343 375/494/375 376/495/376
f 377/496/377 345/463/345 344/462/344
f 344/462/344 376/495/376 377/496/377
f 346/497/346 314/464/314 345/463/345
f 345/463/345 377/496/377 346/497/346
f 379/499/379 347/466/347 346/465/346
f 346/465/346 378/498/378 379/499/379
f 380/500/380 348/467/348 347/466/347
f 347/466/347 379/499/379 380/500/380
f 381/501/381 349/468/349 348/467/348
f 348/467/348 380/500/380 381/501/381
f 382/502/382 350/469/350 349/468/349
f 349/468/349 381/501/381 382/502/382
f 383/503/383 351/470/351 350/469/350
f 350/469/350 382/502/382 383/503/383
f 384/504/384 352/471/352 351/470/351
f 351/470/351 383/503/383 384/504/384
f 385/505/385 353/472/353 352/471/352
f 352/471/352 384/504/384 385/505/385
f 386/506/386 354/473/354 353/472/353
f 353/472/353 385/505/385 386/506/386
f 387/507/387 355/474/355 354/473/354
f 354/473/354 386/506/386 387/507/387
f 388/508/388 356/475/356 355/474/355
f 355/474/355 387/507/387 388/508/388
f 389/509/389 357/476/357 356/475/356
f 356/475/356 388/508/388 389/509/389
f 390/510/390 358/477/358 357/476/357
f 357/476/357 389/509/389 390/510/390
f 391/511/391 359/478/359 358/477/358
f 358/477/358 390/510/390 391/511/391
f 392/512/392 360/479/360 359/478/359
f 359/478/359 391/511/391 392/512/392
f 393/513/393 361/480/361 360/479/360
f 360/479/360 392/512/392 393/513/393
f 394/514/394 362/481/362 361/480/361
f 361/480/361 393/513/393 394/514/394
f 395/515/395 363/482/363 362/481/362
f 362/481/362 394/514/394 395/515/395
f 396/516/396 364/483/364 363/482/363
f 363/482/363 395/515/395 396/516/396
f 397/517/397 365/484/365 364/483/364
f 364/483/364 396/516/396 397/517/397
f 398/518/398 366/485/366 365/484/365
f 365/484/365 397/517/397 398/518/398
f 399/519/399 367/486/367 366/485/366
f 366/485/366 398/518/398 399/519/399
f 400/520/400 368/487/368 367/486/367
f 367/486/367 399/519/399 400/520/400
f 401/521/401 369/488/369 368/487/368
f 368/487/368 400/520/400 401/521/401
f 402/522/402 370/489/370 369/488/369
f 369/488/369 401/521/401 402/522/402
f 403/523/403 371/490/371 370/489/370
f 370/489/370 402/522/402 403/523/403
f 404/524/404 372/491/372 371/490/371
f 371/490/371 403/523/403 404/524/404
f 405/525/405 373/492/373 372/491/372
f 372/491/372 404/524/404 405/525/405
f 406/526/406 374/493/374 373/492/373
f 373/492/373 405/525/405 406/526/406
f 407/527/407 375/494/375 374/493/374
f 374/493/374 406/526/406 407/527/407
f 408/528/408 376/495/376 375/494/375
f 375/494/375 407/527/407 408/528/408
f 409/529/409 377/496/377 376/495/376
f 376/495/376 408/528/408 409/529/409
f 378/530/378 346/497/346 377/496/377
f 377/496/377 409/529/409 378/530/378
f 411/532/411 379/499/379 378/498/378
f 378/498/378 410/531/410 411/532/411
f 412/533/412 380/500/380 379/499/379
f 379/499/379 411/532/411 412/533/412
f 413/534/413 381/501/381 380/500/380
f 380/500/380 412/533/412 413/534/413
f 414/535/414 382/502/382 381/501/381
f 381/501/381 413/534/413 414/535/414
f 415/536/415 383/503/383 382/502/382
f 382/502/382 414/535/414 415/536/415
f 416/537/416 384/504/384 383/503/383
f 383/503/383 415/536/415 416/537/416
f 417/538/417 385/505/385 384/504/384
f 384/504/384 416/537/416 417/538/417
f 418/539/418 386/506/386 385/505/385
f 385/505/385 417/538/417 418/539/418
f 419/540/419 387/507/387 386/506/386
f 386/506/386 418/539/418 419/540/419
f 420/541/420 388/508/388 387/507/387
f 387/507/387 419/540/419 420/541/420
f 421/542/421 389/509/389 388/508/388
f 388/508/388 420/541/420 421/542/421
f 422/543/422 390/510/390 389/509/389
f 389/509/389 421/542/421 422/543/422
f 423/544/423 391/511/391 390/510/390
f 390/510/390 422/543/422 423/544/423
f 424/545/424 392/512/392 391/511/391
f 391/511/391 423/544/423 424/545/424
f 425/546/425 393/513/393 392/512/392
f 392/512/392 424/545/424 425/546/425
f 426/547/426 394/514/394 393/513/393
f 393/513/393 425/546/425 426/547/426
f 427/548/427 395/515/395 394/514/394
f 394/514/394 426/547/426 427/548/427
f 428/549/428 396/516/396 395/515/395
f 395/515/395 427/548/427 428/549/428
f 429/550/429 397/517/397 396/516/396
f 396/516/396 428/549/428 429/550/429
f 430/551/430 398/518/398 397/517/397
f 397/517/397 429/550/429 430/551/430
f 431/552/431 399/519/399 398/518/398
f 398/518/398 430/551/430 431/552/431
f 432/553/432 400/520/400 399/519/399
f 399/519/399 431/552/431 432/553/432
f 433/554/433 401/521/401 400/520/400
f 400/520/400 432/553/432 433/554/433
f 434/555/434 402/522/402 401/521/401
f 401/521/401 433/554/433 434/555/434
f 435/556/435 403/523/403 402/522/402
f 402/522/402 434/555/434 435/556/435
f 436/557/436 404/524/404 403/523/403
f 403/523/403 435/556/435 436/557/436
f 437/558/437 405/525/405 404/524/404
f 404/524/404 436/557/436 437/558/437
f 438/559/438 406/526/406 405/525/405
f 405/525/405 437/558/437 438/559/438
f 439/560/439 407/527/407 406/526/406
f 406/526/406 438/559/438 439/560/439
f 440/561/440 408/528/408 407/527/407
f 407/527/407 439/560/439 440/561/440
f 441/562/441 409/529/409 408/528/408
f 408/528/408 440/561/440 441/562/441
f 410/563/410 378/530/378 409/529/409
f 409/529/409 441/562/441 410/563/410
f 443/565/443 411/532/411 410/531/410
f 410/531/410 442/564/442 443/565/443
f 444/566/444 412/533/412 411/532/411
f 411/532/411 443/565/443 444/566/444
f 445/567/445 413/534/413 412/533/412
f 412/533/412 444/566/444 445/567/445
f 446/568/446 414/535/414 413/534/413
f 413/534/413 445/567/445 446/568/446
f 447/569/447 415/536/415 414/535/414
f 414/535/414 446/568/446 447/569/447
f 448/570/448 416/537/416 415/536/415
f 415/536/415 447/569/447 448/570/448
f 449/571/449 417/538/417 416/537/416
f 416/537/416 448/570/448 449/571/449
f 450/572/450 418/539/418 417/538/417
f 417/538/417 449/571/449 450/572/450
f 451/573/451 419/540/419 418/539/418
f 418/539/418 450/572/450 451/573/451
f 452/574/452 420/541/420 419/540/419
f 419/540/419 451/573/451 452/574/452
f 453/575/453 421/542/421 420/541/420
f 420/541/420 452/574/452 453/575/453
f 454/576/454 422/543/422 421/542/421
f 421/542/421 453/575/453 454/576/454
f 455/577/455 423/544/423 422/543/422
f 422/543/422 454/576/454 455/577/455
f 456/578/456 424/545/424 423/544/423
f 423/544/423 455/577/455 456/578/456
f 457/579/457 425/546/425 424/545/424
f 424/545/424 456/578/456 457/579/457
f 458/580/458 426/547/426 425/546/425
f 425/546/425 457/579/457 458/580/458
f 459/581/459 427/548/427 426/547/426
f 426/547/426 458/580/458 459/581/459
f 460/582/460 428/549/428 427/548/427
f 427/548/427 459/581/459 460/582/460
f 461/583/461 429/550/429 428/549/428
f 428/549/428 460/582/460 461/583/461
f 462/584/462 430/551/430 429/550/429
f 429/550/429 461/583/461 462/584/462
f 463/585/463 431/552/431 430/551/430
f 430/551/430 462/584/462 463/585/463
f 464/586/464 432/553/432 431/552/431
f 431/552/431 463/585/463 464/586/464
f 465/587/465 433/554/433 432/553/432
f 432/553/432 464/586/464 465/587/465
f 466/588/466 434/555/434 433/554/433
f 433/554/433 465/587/465 466/588/466
f 467/589/467 435/556/435 434/555/434
f 434/555/434 466/588/466 467/589/467
f 468/590/468 436/557/436 435/556/435
f 435/556/435 467/589/467 468/590/468
f 469/591/469 437/558/437 436/557/436
f 436/557/436 468/590/468 469/591/469
f 470/592/470 438/559/438 437/558/437
f 437/558/437 469/591/469 470/592/470
f 471/593/471 439/560/439 438/559/438
f 438/559/438 470/592/470 471/593/471
f 472/594/472 440/561/440 439/560/439
f 439/560/439 471/593/471 472/594/472
f 473/595/473 441/562/441 440/561/440
f 440/561/440 472/594/472 473/595/473
f 442/596/442 410/563/410 441/562/441
f 441/562/441 473/595/473 442/596/442
f 475/598/475 443/565/443 442/564/442
f 442/564/442 474/597/474 475/598/475
f 476/599/476 444/566/444 443/565/443
f 443/565/443 475/598/475 476/599/476
f 477/600/477 445/567/445 444/566/444
f 444/566/444 476/599/476 477/600/477
f 478/601/478 446/568/446 445/567/445
f 445/567/445 477/600/477 478/601/478
f 479/602/479 447/569/447 446/568/446
f 446/568/446 478/601/478 479/602/479
f 480/603/480 448/570/448 447/569/447
f 447/569/447 479/602/479 480/603/480
f 481/604/481 449/571/449 448/570/448
f 448/570/448 480/603/480 481/604/481
f 482/605/482 450/572/450 449/571/449
f 449/571/449 481/604/481 482/605/482
f 483/606/483 451/573/451 450/572/450
f 450/572/450 482/605/482 483/606/483
f 484/607/484 452/574/452 451/573/451
f 451/573/451 483/606/483 484/607/484
f 485/608/485 453/575/453 452/574/452
f 452/574/452 484/607/484 485/608/485
f 486/609/486 454/576/454 453/575/453
f 453/575/453 485/608/485 486/609/486
f 487/610/487 455/577/455 454/576/454
f 454/576/454 486/609/486 487/610/487
f 488/611/488 456/578/456 455/577/455
f 455/577/455 487/610/487 488/611/488
f 489/612/489 457/579/457 456/578/456
f 456/578/456 488/611/488 489/612/489
f 490/613/490 458/580/458 457/579/457
f 457/579/457 489/612/489 490/613/490
f 491/614/491 459/581/459 458/580/458
f 458/580/458 490/613/490 491/614/491
f 492/615/492 460/582/460 459/581/459
f 459/581/459 491/614/491 492/615/492
f 493/616/493 461/583/461 460/582/460
f 460/582/460 492/615/492 493/616/493
f 494/617/494 462/584/462 461/583/461
f 461/583/461 493/616/493 494/617/494
f 495/618/495 463/585/463 462/584/462
f 462/584/462 494/617/494 495/618/495
f 496/619/496 464/586/464 463/585/463
f 463/585/463 495/618/495 496/619/496
f 497/620/497 465/587/465 464/586/464
f 464/586/464 496/619/496 497/620/497
f 498/621/498 466/588/466 465/587/465
f 465/587/465 497/620/497 498/621/498
f 499/622/499 467/589/467 466/588/466
f 466/588/466 498/621/498 499/622/499
f 500/623/500 468/590/468 467/589/467
f 467/589/467 499/622/499 500/623/500
f 501/624/501 469/591/469 468/590/468
f 468/590/468 500/623/500 501/624/501
f 502/625/502 470/592/470 469/591/469
f 469/591/469 501/624/501 502/625/502
f 503/626/503 471/593/471 470/592/470
f 470/592/470 502/625/502 503/626/503
f 504/627/504 472/594/472 471/593/471
f 471/593/471 503/626/503 504/627/504
f 505/628/505 473/595/473 472/594/472
f 472/594/472 504/627/504 505/628/505
f 474/629/474 442/596/442 473/595/473
f 473/595/473 505/628/505 474/629/474
f 507/631/507 475/598/475 474/597/474
f 474/597/474 506/630/506 507/631/507
f 508/632/508 476/599/476 475/598/475
f 475/598/475 507/631/507 508/632/508
f 509/633/509 477/600/477 476/599/476
f 476/599/476 508/632/508 509/633/509
f 510/634/510 478/601/478 477/600/477
f 477/600/477 509/633/509 510/634/510
f 511/635/511 479/602/479 478/601/478
f 478/601/478 510/634/510 511/635/511
f 512/636/512 480/603/480 479/602/479
f 479/602/479 511/635/511 512/636/512
f 513/637/513 481/604/481 480/603/480
f 480/603/480 512/636/512 513/637/513
f 514/638/514 482/605/482 481/604/481
f 481/604/481 513/637/513 514/638/514
f 515/639/515 483/606/483 482/605/482
f 482/605/482 514/638/514 515/639/515
f 516/640/516 484/607/484 483/606/483
f 483/606/483 515/639/515 516/640/516
f 517/641/517 485/608/485 484/607/484
f 484/607/484 516/640/516 517/641/517
f 518/642/518 486/609/486 485/608/485
f 485/608/485 517/641/517 518/642/518
f 519/643/519 487/610/487 486/609/486
f 486/609/486 518/642/518 519/643/519
f 520/644/520 488/611/488 487/610/487
f 487/610/487 519/643/519 520/644/520
f 521/645/521 489/612/489 488/611/488
f 488/611/488 520/644/520 521/645/521
f 522/646/522 490/613/490 489/612/489
f 489/612/489 521/645/521 522/646/522
f 523/647/523 491/614/491 490/613/490
f 490/613/490 522/646/522 523/647/523
f 524/648/524 492/615/492 491/614/491
f 491/614/491 523/647/523 524/648/524
f 525/649/525 493/616/493 492/615/492
f 492/615/492 524/648/524 525/649/525
f 526/650/526 494/617/494 493/616/493
f 493/616/493 525/649/525 526/650/526
f 527/651/527 495/618/495 494/617/494
f 494/617/494 526/650/526 527/651/527
f 528/652/528 496/619/496 495/618/495
f 495/618/495 527/651/527 528/652/528
f 529/653/529 497/620/497 496/619/496
f 496/619/496 528/652/528 529/653/529
f 530/654/530 498/621/498 497/620/497
f 497/620/497 529/653/529 530/654/530
f 531/655/531 499/622/499 498/621/498
f 498/621/498 530/654/530 531/655/531
f 532/656/532 500/623/500 499/622/499
f 499/622/499 531/655/531 532/656/532
f 533/657/533 501/624/501 500/623/500
f 500/623/500 532/656/532 533/657/533
f 534/658/534 502/625/502 501/624/501
f 501/624/501 533/657/533 534/658/534
f 535/659/535 503/626/503 502/625/502
f 502/625/502 534/658/534 535/659/535
f 536/660/536 504/627/504 503/626/503
f 503/626/503 535/659/535 536/660/536
f 537/661/537 505/628/505 504/627/504
f 504/627/504 536/660/536 537/661/537
f 506/662/506 474/629/474 505/628/505
f 505/628/505 537/661/537 506/662/506
f 539/664/539 507/631/507 506/630/506
f 506/630/506 538/663/538 539/664/539
f 540/665/540 508/632/508 507/631/507
f 507/631/507 539/664/539 540/665/540
f 541/666/541 509/633/509 508/632/508
f 508/632/508 540/665/540 541/666/541
f 542/667/542 510/634/510 509/633/509
f 509/633/509 541/666/541 542/667/542
f 543/668/543 511/635/511 510/634/510
f 510/634/510 542/667/542 543/668/543
f 544/669/544 512/636/512 511/635/511
f 511/635/511 543/668/543 544/669/544
f 545/670/545 513/637/513 512/636/512
f 512/636/512 544/669/544 545/670/545
f 546/671/546 514/638/514 513/637/513
f 513/637/513 545/670/545 546/671/546
f 547/672/547 515/639/515 514/638/514
f 514/638/514 546/671/546 547/672/547
f 548/673/548 516/640/516 515/639/515
f 515/639/515 547/672/547 548/673/548
f 549/674/549 517/641/517 516/640/516
f 516/640/516 548/673/548 549/674/549
f 550/675/550 518/642/518 517/641/517
f 517/641/517 549/674/549 550/675/550
f 551/676/551 519/643/519 518/642/518
f 518/642/518 550/675/550 551/676/551
f 552/677/552 520/644/520 519/643/519
f 519/643/519 551/676/551 552/677/552
f 553/678/553 521/645/521 520/644/520
f 520/644/520 552/677/552 553/678/553
f 554/679/554 522/646/522 521/645/521
f 521/645/521 553/678/553 554/679/554
f 555/680/555 523/647/523 522/646/522
f 522/646/522 554/679/554 555/680/555
f 556/681/556 524/648/524 523/647/523
f 523/647/523 555/680/555 556/681/556
f 557/682/557 525/649/525 524/648/524
f 524/648/524 556/681/556 557/682/557
f 558/683/558 526/650/526 525/649/525
f 525/649/525 557/682/557 558/683/558
f 559/684/559 527/651/527 526/650/526
f 526/650/526 558/683/558 559/684/559
f 560/685/560 528/652/528 527/651/527
f 527/651/527 559/684/559 560/685/560
f 561/686/561 529/653/529 528/652/528
f 528/652/528 560/685/560 561/686/561
f 562/687/562 530/654/530 529/653/529
f 529/653/529 561/686/561 562/687/562
f 563/688/563 531/655/531 530/654/530
f 530/654/530 562/687/562 563/688/563
f 564/689/564 532/656/532 531/655/531
f 531/655/531 563/688/563 564/689/564
f 565/690/565 533/657/533 532/656/532
f 532/656/532 564/689/564 565/690/565
f 566/691/566 534/658/534 533/657/533
f 533/657/533 565/690/565 566/691/566
f 567/692/567 535/659/535 534/658/534
f 534/658/534 566/691/566 567/692/567
f 568/693/568 536/660/536 535/659/535
f 535/659/535 567/692/567 568/693/568
f 569/694/569 537/661/537 536/660/536
f 536/660/536 568/693/568 569/694/569
f 538/695/538 506/662/506 537/661/537
f 537/661/537 569/694/569 538/695/538
f 571/697/571 539/664/539 538/663/538
f 538/663/538 570/696/570 571/697/571
f 572/698/572 540/665/540 539/664/539
f 539/664/539 571/697/571 572/698/572
f 573/699/573 541/666/541 540/665/540
f 540/665/540 572/698/572 573/699/573
f 574/700/574 542/667/542 541/666/541
f 541/666/541 573/699/573 574/700/574
f 575/701/575 543/668/543 542/667/542
f 542/667/542 574/700/574 575/701/575
f 576/702/576 544/669/544 543/668/543
f 543/668/543 575/701/575 576/702/576
f 577/703/577 545/670/545 544/669/544
f 544/669/544 576/702/576 577/703/577
f 578/704/578 546/671/546 545/670/545
f 545/670/545 577/703/577 578/704/578
f 579/705/579 547/672/547 546/671/546
f 546/671/546 578/704/578 579/705/579
f 580/706/580 548/673/548 547/672/547
f 547/672/547 579/705/579 580/706/580
f 581/707/581 549/674/549 548/673/548
f 548/673/548 580/706/580 581/707/581
f 582/708/582 550/675/550 549/674/549
f 549/674/549 581/707/581 582/708/582
f 583/709/583 551/676/551 550/675/550
f 550/675/550 582/708/582 583/709/583
f 584/710/584 552/677/552 551/676/551
f 551/676/551 583/709/583 584/710/584
f 585/711/585 553/678/553 552/677/552
f 552/677/552 584/710/584 585/711/585
f 586/712/586 554/679/554 553/678/553
f 553/678/553 585/711/585 586/712/586
f 587/713/587 555/680/555 554/679/554
f 554/679/554 586/712/586 587/713/587
f 588/714/588 556/681/556 555/680/555
f 555/680/555 587/713/587 588/714/588
f 589/715/589 557/682/557 556/681/556
f 556/681/556 588/714/588 589/715/589
f 590/716/590 558/683/558 557/682/557
f 557/682/557 589/715/589 590/716/590
f 591/717/591 559/684/559 558/683/558
f 558/683/558 590/716/590 591/717/591
f 592/718/592 560/685/560 559/684/559
f 559/684/559 591/717/591 592/718/592
f 593/719/593 561/686/561 560/685/560
f 560/685/560 592/718/592 593/719/593
f 594/720/594 562/687/562 561/686/561
f 561/686/561 593/719/593 594/720/594
f 595/721/595 563/688/563 562/687/562
f 562/687/562 594/720/594 595/721/595
f 596/722/596 564/689/564 563/688/563
f 563/688/563 595/721/595 596/722/596
f 597/723/597 565/690/565 564/689/564
f 564/689/564 596/722/596 597/723/597
f 598/724/598 566/691/566 565/690/565
f 565/690/565 597/723/597 598/724/598
f 599/725/599 567/692/567 566/691/566
f 566/691/566 598/724/598 599/725/599
f 600/726/600 568/693/568 567/692/567
f 567/692/567 599/725/599 600/726/600
f 601/727/601 569/694/569 568/693/568
f 568/693/568 600/726/600 601/727/601
f 570/728/570 538/695/538 569/694/569
f 569/694/569 601/727/601 570/728/570
f 603/730/603 571/697/571 570/696/570
f 570/696/570 602/729/602 603/730/603
f 604/731/604 572/698/572 571/697/571
f 571/697/571 603/730/603 604/731/604
f 605/732/605 573/699/573 572/698/572
f 572/698/572 604/731/604 605/732/605
f 606/733/606 574/700/574 573/699/573
f 573/699/573 605/732/605 606/733/606
f 607/734/607 575/701/575 574/700/574
f 574/700/574 606/733/606 607/734/607
f 608/735/608 576/702/576 575/701/575
f 575/701/575 607/734/607 608/735/608
f 609/736/609 577/703/577 576/702/576
f 576/702/576 608/735/608 609/736/609
f 610/737/610 578/704/578 577/703/577
f 577/703/577 609/736/609 610/737/610
f 611/738/611 579/705/579 578/704/578
f 578/704/578 610/737/610 611/738/611
f 612/739/612 580/706/580 579/705/579
f 579/705/579 611/738/611 612/739/612
f 613/740/613 581/707/581 580/706/580
f 580/706/580 612/739/612 613/740/613
f 614/741/614 582/708/582 581/707/581
f 581/707/581 613/740/613 614/741/614
f 615/742/615 583/709/583 582/708/582
f 582/708/582 614/741/614 615/742/615
f 616/743/616 584/710/584 583/709/583
f 583/709/583 615/742/615 616/743/616
f 617/744/617 585/711/585 584/710/584
f 584/710/584 616/743/616 617/744/617
f 618/745/618 586/712/586 585/711/585
f 585/711/585 617/744/617 618/745/618
f 619/746/619 587/713/587 586/712/586
f 586/712/586 618/745/618 619/746/619
f 620/747/620 588/714/588 587/713/587
f 587/713/587 619/746/619 620/747/620
f 621/748/621 589/715/589 588/714/588
f 588/714/588 620/747/620 621/748/621
f 622/749/622 590/716/590 589/715/589
f 589/715/589 621/748/621 622/749/622
f 623/750/623 591/717/591 590/716/590
f 590/716/590 622/749/622 623/750/623
f 624/751/624 592/718/592 591/717/591
f 591/717/591 623/750/623 624/751/624
f 625/752/625 593/719/593 592/718/592
f 592/718/592 624/751/624 625/752/625
f 626/753/626 594/720/594 593/719/593
f 593/719/593 625/752/625 626/753/626
f 627/754/627 595/721/595 594/720/594
f 594/720/594 626/753/626 627/754/627
f 628/755/628 596/722/596 595/721/595
f 595/721/595 627/754/627 628/755/628
f 629/756/629 597/723/597 596/722/596
f 596/722/596 628/755/628 629/756/629
f 630/757/630 598/724/598 597/723/597
f 597/723/597 629/756/629 630/757/630
f 631/758/631 599/725/599 598/724/598
f 598/724/598 630/757/630 631/758/631
f 632/759/632 600/726/600 599/725/599
f 599/725/599 631/758/631 632/759/632
f 633/760/633 601/727/601 600/726/600
f 600/726/600 632/759/632 633/760/633
f 602/761/602 570/728/570 601/727/601
f 601/727/601 633/760/633 602/761/602
f 635/763/635 603/730/603 602/729/602
f 602/729/602 634/762/634 635/763/635
f 636/764/636 604/731/604 603/730/603
f 603/730/603 635/763/635 636/764/636
f 637/765/637 605/732/605 604/731/604
f 604/731/604 636/764/636 637/765/637
f 638/766/638 606/733/606 605/732/605
f 605/732/605 637/765/637 638/766/638
f 639/767/639 607/734/607 606/733/606
f 606/733/606 638/766/638 639/767/639
f 640/768/640 608/735/608 607/734/607
f 607/734/607 639/767/639 640/768/640
f 641/769/641 609/736/609 608/735/608
f 608/735/608 640/768/640 641/769/641
f 642/770/642 610/737/610 609/736/609
f 609/736/609 641/769/641 642/770/642
f 643/771/643 611/738/611 610/737/610
f 610/737/610 642/770/642 643/771/643
f 644/772/644 612/739/612 611/738/611
f 611/738/611 643/771/643 644/772/644
f 645/773/645 613/740/613 612/739/612
f 612/739/612 644/772/644 645/773/645
f 646/774/646 614/741/614 613/740/613
f 613/740/613 645/773/645 646/774/646
f 647/775/647 615/742/615 614/741/614
f 614/741/614 646/774/646 647/775/647
f 648/776/648 616/743/616 615/742/615
f 615/742/615 647/775/647 648/776/648
f 649/777/649 617/744/617 616/743/616
f 616/743/616 648/776/648 649/777/649
f 650/778/650 618/745/618 617/744/617
f 617/744/617 649/777/649 650/778/650
f 651/779/651 619/746/619 618/745/618
f 618/745/618 650/778/650 651/779/651
f 652/780/652 620/747/620 619/746/619
f 619/746/619 651/779/651 652/780/652
f 653/781/653 621/748/621 620/747/620
f 620/747/620 652/780/652 653/781/653
f 654/782/654 622/749/622 621/748/621
f 621/748/621 653/781/653 654/782/654
f 655/783/655 623/750/623 622/749/622
f 622/749/622 654/782/654 655/783/655
f 656/784/656 624/751/624 623/750/623
f 623/750/623 655/783/655 656/784/656
f 657/785/657 625/752/625 624/751/624
f 624/751/624 656/784/656 657/785/657
f 658/786/658 626/753/626 625/752/625
f 625/752/625 657/785/657 658/786/658
f 659/787/659 627/754/627 626/753/626
f 626/753/626 658/786/658 659/787/659
f 660/788/660 628/755/628 627/754/627
f 627/754/627 659/787/659 660/788/660
f 661/789/661 629/756/629 628/755/628
f 628/755/628 660/788/660 661/789/661
f 662/790/662 630/757/630 629/756/629
f 629/756/629 661/789/661 662/790/662
f 663/791/663 631/758/631 630/757/630
f 630/757/630 662/790/662 663/791/663
f 664/792/664 632/759/632 631/758/631
f 631/758/631 663/791/663 664/792/664
f 665/793/665 633/760/633 632/759/632
f 632/759/632 664/792/664 665/793/665
f 634/794/634 602/761/602 633/760/633
f 633/760/633 665/793/665 634/794/634
f 667/796/667 635/763/635 634/762/634
f 634/762/634 666/795/666 667/796/667
f 668/797/668 636/764/636 635/763/635
f 635/763/635 667/796/667 668/797/668
f 669/798/669 637/765/637 636/764/636
f 636/764/636 668/797/668 669/798/669
f 670/799/670 638/766/638 637/765/637
f 637/765/637 669/798/669 670/799/670
f 671/800/671 639/767/639 638/766/638
f 638/766/638 670/799/670 671/800/671
f 672/801/672 640/768/640 639/767/639
f 639/767/639 671/800/671 672/801/672
f 673/802/673 641/769/641 640/768/640
f 640/768/640 672/801/672 673/802/673
f 674/803/674 642/770/642 641/769/641
f 641/769/641 673/802/673 674/803/674
f 675/804/675 643/771/643 642/770/642
f 642/770/642 674/803/674 675/804/675
f 676/805/676 644/772/644 643/771/643
f 643/771/643 675/804/675 676/805/676
f 677/806/677 645/773/645 644/772/644
f 644/772/644 676/805/676 677/806/677
f 678/807/678 646/774/646 645/773/645
f 645/773/645 677/806/677 678/807/678
f 679/808/679 647/775/647 646/774/646
f 646/774/646 678/807/678 679/808/679
f 680/809/680 648/776/648 647/775/647
f 647/775/647 679/808/679 680/809/680
f 681/810/681 649/777/649 648/776/648
f 648/776/648 680/809/680 681/810/681
f 682/811/682 650/778/650 649/777/649
f 649/777/649 681/810/681 682/811/682
f 683/812/683 651/779/651 650/778/650
f 650/778/650 682/811/682 683/812/683
f 684/813/684 652/780/652 651/779/651
f 651/779/651 683/812/683 684/813/684
f 685/814/685 653/781/653 652/780/652
f 652/780/652 684/813/684 685/814/685
f 686/815/686 654/782/654 653/781/653
f 653/781/653 685/814/685 686/815/686
f 687/816/687 655/783/655 654/782/654
f 654/782/654 686/815/686 687/816/687
f 688/817/688 656/784/656 655/783/655
f 655/783/655 687/816/687 688/817/688
f 689/818/689 657/785/657 656/784/656
f 656/784/656 688/817/688 689/818/689
f 690/819/690 658/786/658 657/785/657
f 657/785/657 689/818/689 690/819/690
f 691/820/691 659/787/659 658/786/658
f 658/786/658 690/819/690 691/820/691
f 692/821/692 660/788/660 659/787/659
f 659/787/659 691/820/691 692/821/692
f 693/822/693 661/789/661 660/788/660
f 660/788/660 692/821/692 693/822/693
f 694/823/694 662/790/662 661/789/661
f 661/789/661 693/822/693 694/823/694
f 695/824/695 663/791/663 662/790/662
f 662/790/662 694/823/694 695/824/695
f 696/825/696 664/792/664 663/791/663
f 663/791/663 695/824/695 696/825/696
f 697/826/697 665/793/665 664/792/664
f 664/792/664 696/825/696 697/826/697
f 666/827/666 634/794/634 665/793/665
f 665/793/665 697/826/697 666/827/666
f 698/828/698 667/796/667 666/795/666
f 698/829/698 668/797/668 667/796/667
f 698/830/698 669/798/669 668/797/668
f 698/831/698 670/799/670 669/798/669
f 698/832/698 671/800/671 670/799/670
f 698/833/698 672/801/672 671/800/671
f 698/834/698 673/802/673 672/801/672
f 698/835/698 674/803/674 673/802/673
f 698/836/698 675/804/675 674/803/674
f 698/837/698 676/805/676 675/804/675
f 698/838/698 677/806/677 676/805/676
f 698/839/698 678/807/678 677/806/677
f 698/840/698 679/808/679 678/807/678
f 698/841/698 680/809/680 679/808/679
f 698/842/698 681/810/681 680/809/680
f 698/843/698 682/811/682 681/810/681
f 698/844/698 683/812/683 682/811/682
f 698/845/698 684/813/684 683/812/683
f 698/846/698 685/814/685 684/813/684
f 698/847/698 686/815/686 685/814/685
f 698/848/698 687/816/687 686/815/686
f 698/849/698 688/817/688 687/816/687
f 698/850/698 689/818/689 688/817/688
f 698/851/698 690/819/690 689/818/689
f 698/852/698 691/820/691 690/819/690
f 698/853/698 692/821/692 691/820/691
f 698/854/698 693/822/693 692/821/692
f 698/855/698 694/823/694 693/822/693
f 698/856/698 695/824/695 694/823/694
f 698/857/698 696/825/696 695/824/695
f 698/858/698 697/826/697 696/825/696
f 698/859/698 666/827/666 697/826/697
# 1172 faces

g
