# Max2Obj Version 4.0 Mar 10th, 2001
#
# object Yelmo_Samurai to come ...
#
v  172.468979 65.028099 -13.839189
v  175.224792 68.346321 -11.781521
v  175.933578 69.340736 -10.935139
v  176.372681 70.209984 -10.395297
v  176.558594 71.289284 -10.167685
v  176.749084 72.813835 -9.895889
v  177.195328 74.280869 -9.360596
v  177.950409 75.712318 -8.538324
v  179.058777 77.107254 -7.214701
v  181.689941 78.322571 -4.408996
v  182.237610 78.350746 -3.867937
v  179.694489 77.141541 -6.611244
v  178.593948 75.695511 -7.947578
v  177.843079 74.186852 -8.770071
v  177.415497 72.638138 -9.282598
v  177.253647 71.045082 -9.514011
v  177.102020 69.930939 -9.692792
v  176.953094 69.129120 -9.837147
v  176.303558 68.122429 -10.619719
v  173.641541 65.053070 -13.476289
v  176.596161 65.177635 -15.784667
v  178.261261 68.465836 -13.262484
v  178.803284 69.453682 -12.334765
v  179.195450 70.335434 -11.632196
v  179.382401 71.405197 -11.385808
v  179.580261 72.911545 -11.101183
v  179.960388 74.354706 -10.527579
v  180.565552 75.757675 -9.638600
v  181.404083 77.124443 -8.214885
v  183.382111 78.300667 -5.150878
v  183.797134 78.322113 -4.555189
v  181.897949 77.143906 -7.539371
v  180.100998 72.730492 -10.397153
v  179.916046 71.158958 -10.639785
v  179.747055 70.054749 -10.834964
v  179.542221 69.231033 -11.099932
v  179.043137 68.230255 -11.955892
v  177.077271 65.174973 -15.061902
v  180.655945 65.173996 -16.690823
v  181.698730 68.464523 -14.073336
v  182.051956 69.452438 -13.101085
v  182.319504 70.346321 -12.274582
v  182.496857 71.409149 -12.012881
v  182.692947 72.902008 -11.717343
v  182.992859 74.329071 -11.117112
v  183.426910 75.713890 -10.176195
v  183.978088 77.065231 -8.713465
v  185.244965 78.221199 -5.518481
v  185.513840 78.239159 -4.894404
v  184.309418 77.075249 -7.996309
v  183.039017 72.721146 -10.953447
v  182.841492 71.166595 -11.207884
v  182.666656 70.070442 -11.418892
v  182.490509 69.256554 -11.675277
v  182.144531 68.229088 -12.687463
v  180.956879 66.673592 -15.466314
v  184.993393 65.043343 -16.799307
v  185.363815 68.260475 -14.170909
v  185.516708 69.337090 -13.195660
v  185.605743 70.245735 -12.299936
v  185.766037 71.304268 -12.028476
v  185.954391 72.787918 -11.725719
v  185.901825 71.071594 -11.202490
v  185.729767 69.981384 -11.426209
v  185.599274 69.125839 -11.876657
v  185.454086 68.048866 -12.775551
v  185.102783 66.550041 -15.569145
v  182.768967 63.275860 15.815106
v  183.321426 64.341026 13.787207
v  183.623093 65.290298 13.200632
v  183.613266 64.530769 12.452452
v  183.023773 63.441521 14.649727
v  178.396423 63.485504 14.273150
v  179.560455 64.638779 12.478466
v  180.249512 65.611107 11.971419
v  180.547012 66.614876 11.727881
v  182.561508 74.055923 10.798778
v  184.173782 75.994942 8.629144
v  182.976303 74.251205 10.236237
v  182.299484 72.539726 10.942221
v  181.790771 70.913094 11.233418
v  181.459473 69.349503 11.201401
v  181.270584 67.823418 10.888915
v  181.096664 66.734268 10.690465
v  180.908157 65.893562 10.621156
v  180.219772 64.797142 11.271245
v  178.972076 63.623772 13.219120
v  175.248550 61.393208 11.429657
v  176.125641 64.901825 10.528940
v  177.178619 66.012978 10.156544
v  177.606567 67.020226 9.942810
v  180.073654 74.429237 9.630565
v  182.892899 76.475929 7.369031
v  180.657181 74.612923 9.166434
v  179.670883 72.891960 9.761210
v  178.997604 71.233238 9.973586
v  178.600906 69.633682 9.881847
v  178.434540 68.075241 9.532550
v  178.274796 66.976387 9.295053
v  178.069031 66.131691 9.192057
v  177.119385 65.020866 9.509790
v  175.199570 63.081821 10.972416
v  171.422485 61.803040 8.228209
v  173.212479 65.341827 8.078352
v  174.564392 66.475731 7.847010
v  174.909286 67.374542 7.868212
v  177.831482 74.869263 7.986136
v  181.452484 76.822113 6.274838
v  178.558273 75.039162 7.648681
v  177.269333 73.318863 8.070425
v  176.442383 71.630074 8.175986
v  175.997711 69.992943 8.017198
v  175.874054 68.399162 7.642714
v  175.749817 67.289291 7.376822
v  175.710403 66.549187 7.108328
v  174.490799 65.415588 7.298375
v  172.066727 61.917332 7.854487
v  168.876556 62.367207 5.015629
v  171.636185 65.841400 5.247707
v  172.537933 66.976158 5.158626
v  172.739120 67.798691 5.309290
v  176.005585 75.346909 5.907917
v  176.839294 75.501350 5.717495
v  175.285965 73.797005 5.897608
v  174.328888 72.088463 5.869673
v  173.854431 70.419212 5.645264
v  173.783768 68.791611 5.270005
v  173.706757 67.670097 4.998127
v  173.537827 66.834511 4.825802
v  172.456131 65.867630 4.730370
v  169.645767 62.455193 4.798920
v  167.198303 62.943203 1.514745
v  170.221390 66.384224 2.144864
v  171.077072 67.446304 2.243828
v  171.289230 68.276222 2.405067
v  174.773712 75.821457 3.503032
v  175.670670 75.958824 3.468812
v  173.937256 74.287376 3.348505
v  172.890884 72.578354 3.166638
v  172.400009 70.891830 2.884759
v  172.370758 69.238548 2.537603
v  172.332397 68.106239 2.285681
v  172.183746 67.270370 2.108033
v  171.781967 66.357124 1.944745
v  168.050018 63.006691 1.467132
v  166.471085 63.502258 -2.096625
v  169.606979 66.913147 -1.060615
v  170.482239 67.948349 -0.815008
v  170.694275 68.776344 -0.642574
v  174.266312 76.250618 0.947864
v  178.329025 77.759941 1.560073
v  175.181931 76.368820 1.067707
v  173.390091 74.743347 0.623140
v  172.309570 73.057053 0.280191
v  171.809143 71.374680 -0.051215
v  171.789047 69.710144 -0.353315
v  171.761475 68.570618 -0.570190
v  171.618271 67.733948 -0.742772
v  171.227631 66.834358 -0.947329
v  167.350800 65.043648 -1.512288
v  166.728790 64.016312 -5.635965
v  169.823746 67.401665 -4.207994
v  170.825027 68.450745 -3.777747
v  170.985962 69.258797 -3.611041
v  171.229111 71.955940 -3.140207
v  172.820831 75.077347 -2.282429
v  174.517075 76.604408 -1.551156
v  178.473404 78.018883 -0.240612
v  175.411163 76.701271 -1.287000
v  172.122513 71.824837 -2.908808
v  172.029846 69.024742 -3.355140
v  171.874847 68.188461 -3.524598
v  171.423203 67.275085 -3.786989
v  167.600143 65.540169 -4.889838
v  167.955093 64.459946 -8.926002
v  170.860840 67.825256 -7.139447
v  171.864288 68.866089 -6.515442
v  172.099182 69.684662 -6.309005
v  172.249939 70.787216 -6.107892
v  172.398972 72.355446 -5.846327
v  172.929535 73.886070 -5.411862
v  173.913223 75.396255 -4.793924
v  175.464706 76.870956 -3.814859
v  179.113617 78.202934 -1.892827
v  176.302216 76.945305 -3.419881
v  173.249542 72.206841 -5.476462
v  173.076462 69.429703 -5.883471
v  172.901260 68.596092 -6.059918
v  172.358902 67.657265 -6.431831
v  168.785583 64.471352 -8.496155
v  170.085938 64.811722 -11.803789
v  172.666260 68.162689 -9.707985
v  173.674866 69.213234 -8.833925
v  173.915207 70.024811 -8.599889
v  174.089127 71.116440 -8.387087
v  174.264908 72.662216 -8.121410
v  174.763672 74.157845 -7.630751
v  175.647659 75.623215 -6.897306
v  176.996643 77.050903 -5.720649
v  180.186630 78.313789 -3.298854
v  177.746124 77.103592 -5.210920
v  175.039642 72.499458 -7.621527
v  174.785431 69.755623 -8.023887
v  174.593231 68.926628 -8.217660
v  173.987808 67.961700 -8.749238
v  170.830658 64.814552 -11.250504
v  175.221634 67.543098 -13.920926
v  177.121231 68.986595 -11.986522
v  177.514099 69.832886 -11.418083
v  177.837662 70.771873 -10.962601
v  178.008255 72.093353 -10.733088
v  178.296234 73.615204 -10.328701
v  178.849731 75.039879 -9.629850
v  179.629532 76.449768 -8.569135
v  181.059830 77.759506 -6.646945
v  185.013519 78.630661 -1.664621
v  180.206253 76.454285 -7.927773
v  178.885818 73.475357 -9.681298
v  178.468628 70.505531 -10.233780
v  178.284225 69.577934 -10.443514
v  178.020477 68.764526 -10.793537
v  176.293549 67.304955 -12.568050
v  174.560303 64.991241 -15.294175
v  178.958679 67.604858 -15.171800
v  180.250107 69.043732 -13.094167
v  180.538132 69.888115 -12.488609
v  180.822220 70.836586 -11.896286
v  181.000259 72.146034 -11.653869
v  181.258163 73.649643 -11.229640
v  181.695923 75.052628 -10.487536
v  182.269852 76.439865 -9.367689
v  183.279694 77.724602 -7.326766
v  182.694611 76.431877 -8.662229
v  181.268951 70.571617 -11.090861
v  181.087143 69.649918 -11.320397
v  180.909393 68.877556 -11.559623
v  179.665192 67.360672 -13.696629
v  178.484375 65.056099 -16.607662
v  183.058060 67.541389 -15.666103
v  183.683304 68.984093 -13.534423
v  183.856277 69.830460 -12.914111
v  184.034805 70.788925 -12.225128
v  184.212250 72.089745 -11.972320
v  184.731842 74.968544 -10.733046
v  185.086060 76.347382 -9.587281
v  185.654526 77.622162 -7.547169
v  185.344849 76.333435 -8.891727
v  184.996506 74.898102 -10.029266
v  184.684494 73.437500 -10.771542
v  184.274033 70.531586 -11.380269
v  184.105164 69.613991 -11.625244
v  183.940979 68.762276 -12.190095
v  183.363785 67.303413 -14.142599
v  182.788956 64.989449 -17.126703
v  180.932861 63.898991 14.295917
v  181.794891 64.949028 12.786351
v  182.028610 65.932304 12.524508
v  182.307022 67.121735 12.043028
v  182.717545 69.923561 12.390571
v  183.543228 73.049538 11.684145
v  183.879059 73.234444 11.066569
v  183.429092 71.578217 11.543568
v  183.064651 70.009254 11.702032
v  182.830170 68.448662 11.522995
v  182.655106 67.134880 11.251574
v  182.448975 66.104012 11.336304
v  182.229828 65.126671 11.556943
v  181.453873 64.089668 12.903535
v  180.621475 63.368916 14.928015
v  176.962189 63.924145 12.458549
v  178.499237 65.318604 11.229630
v  178.843399 66.289513 11.019959
v  180.804001 73.381744 10.698638
v  182.514603 75.328552 9.054532
v  181.319504 73.555237 10.172031
v  180.647064 71.873848 10.581779
v  180.164383 70.271782 10.679952
v  179.905807 68.677353 10.456428
v  179.748169 67.343994 10.147239
v  179.561340 66.409805 10.007165
v  179.256393 65.460121 10.152427
v  177.867661 64.076103 11.239042
v  176.415665 63.042973 12.932927
v  173.455917 64.027214 9.995728
v  175.591904 65.760757 9.120443
v  176.033508 66.716827 8.981453
v  178.240875 73.794769 9.197678
v  184.435318 77.539330 5.230176
v  180.550629 75.706581 7.889961
v  178.911499 73.954842 8.792999
v  178.016281 72.250977 9.095852
v  177.427185 70.613014 9.114676
v  177.162674 68.980232 8.844705
v  177.044571 67.624321 8.504604
v  177.040024 66.811829 8.139653
v  176.633331 65.859039 8.249457
v  174.700455 64.132828 9.010245
v  172.706207 61.299385 9.819556
v  170.626251 64.555374 7.096699
v  173.218704 66.253311 6.564551
v  173.739822 67.192902 6.511211
v  176.023438 74.268234 7.198742
v  183.654678 77.774376 4.451270
v  178.858643 76.127281 6.343341
v  176.813278 74.413719 6.938386
v  175.710098 72.696663 7.089171
v  175.032639 71.026077 7.014319
v  174.779724 69.354942 6.706790
v  174.718750 67.975189 6.356031
v  174.569382 67.035378 6.150038
v  174.392914 66.245483 6.000034
v  172.147446 64.609344 6.394657
v  169.734894 61.853981 6.775427
v  168.576752 65.111206 3.837611
v  171.598709 66.812691 3.664059
v  171.810104 67.599022 3.806911
v  174.351547 74.767662 4.776699
v  183.074982 78.006989 3.535984
v  183.551880 78.035675 3.437421
v  177.579361 76.556862 4.473923
v  175.217468 74.897545 4.670749
v  173.949081 73.183983 4.624352
v  173.207047 71.493317 4.447788
v  172.973129 69.791435 4.121215
v  172.969025 68.389603 3.789856
v  172.852356 67.445747 3.578410
v  172.695419 66.657707 3.414541
v  170.298340 65.110825 3.454214
v  167.582825 62.437645 3.353216
v  167.410217 65.666862 0.381892
v  170.573288 67.308632 0.640156
v  170.780304 68.092827 0.797668
v  173.407730 75.248726 2.089001
v  182.737991 78.220528 2.534351
v  183.249176 78.230881 2.529875
v  174.307083 75.361061 2.135379
v  172.948944 73.671295 1.862110
v  172.170258 71.981720 1.582214
v  171.946228 70.265091 1.254921
v  171.973663 68.847321 0.968718
v  171.876434 67.899414 0.770114
v  172.055389 67.238396 0.599308
v  169.245850 65.612160 0.336365
v  166.357895 63.021103 -0.275472
v  167.185120 66.194450 -3.097179
v  170.325699 67.781326 -2.429088
v  170.943771 68.669678 -2.181042
v  173.285538 75.670860 -0.644207
v  175.817169 77.186249 0.078044
v  182.669678 78.400764 1.507147
v  183.188080 78.396057 1.599535
v  174.181717 75.762596 -0.454277
v  171.807129 70.736946 -1.656274
v  171.827026 69.313354 -1.890842
v  171.725510 68.363304 -2.071580
v  171.881989 67.682037 -2.170866
v  169.042770 66.088165 -2.802554
v  166.121536 63.575100 -3.928679
v  167.912766 66.667526 -6.425145
v  170.931702 68.222137 -5.367019
v  171.336548 69.051498 -5.101981
v  171.529205 69.979813 -4.906202
v  171.621506 71.347130 -4.687557
v  171.929169 72.949028 -4.354445
v  172.708466 74.481293 -3.885193
v  173.958435 76.009987 -3.205508
v  176.343994 77.460289 -2.077600
v  182.875809 78.537987 0.519000
v  183.373886 78.522301 0.703788
v  174.819855 76.078430 -2.882048
v  172.781250 72.854080 -4.056298
v  172.510071 69.746666 -4.575619
v  172.385452 68.798050 -4.747216
v  172.428741 68.079773 -4.821549
v  169.699265 66.514999 -5.805140
v  166.885605 64.071854 -7.423217
v  169.556656 67.062370 -9.435126
v  172.579651 68.668488 -7.833138
v  172.811432 69.440926 -7.621501
v  173.020889 70.361565 -7.408232
v  173.147507 71.714653 -7.193956
v  173.461990 73.287895 -6.837127
v  174.190948 74.778557 -6.276185
v  175.317017 76.259064 -5.434533
v  177.450348 77.650475 -3.968891
v  183.794174 78.605087 -0.103210
v  176.113037 76.303589 -4.988379
v  174.260147 73.175415 -6.409204
v  173.920746 70.112259 -6.923371
v  173.767914 69.168625 -7.099755
v  173.668228 68.411613 -7.219830
v  171.182434 66.871239 -8.520835
v  168.611786 64.486458 -10.583855
v  172.034363 67.359192 -11.976192
v  173.913635 69.046608 -10.286539
v  174.532532 69.869385 -9.657873
v  174.771729 70.718689 -9.406527
v  174.944183 71.961182 -9.173204
v  175.264618 73.400948 -8.794572
v  175.922287 74.763741 -8.180579
v  176.893494 76.132942 -7.255392
v  178.754547 77.456520 -5.577908
v  184.084244 78.449982 -1.144125
v  184.407379 78.427223 -0.802558
v  179.412216 77.530373 -5.029022
v  177.603821 76.184120 -6.704825
v  176.638245 74.750298 -7.641593
v  175.998627 73.311974 -8.245642
v  175.710464 71.798775 -8.600399
v  175.576065 70.498032 -8.794976
v  175.587936 69.675529 -8.782814
v  175.118210 68.873817 -9.261651
v  173.417892 67.139030 -10.813459
v  171.213501 64.798126 -13.252107
v  173.548294 67.466019 -13.030219
v  176.683014 68.420906 -12.601625
v  177.032425 67.589638 -14.638165
v  174.733887 65.131310 -15.045772
v  175.720535 68.914970 -11.198769
v  177.311707 69.411209 -11.710201
v  178.637222 69.029755 -12.621310
v  176.160355 69.763649 -10.656730
v  177.738129 70.286972 -11.085881
v  178.979279 69.874603 -12.031600
v  176.472824 70.696999 -10.277556
v  177.926071 71.361206 -10.848670
v  179.292831 70.818489 -11.503733
v  176.635742 72.025673 -10.054587
v  178.121552 72.876129 -10.570414
v  179.468353 72.133522 -11.267578
v  176.934341 73.559029 -9.662441
v  178.536682 74.330238 -10.014380
v  179.742630 73.645432 -10.852359
v  177.539032 74.998138 -8.992758
v  179.219360 75.746140 -9.155420
v  180.240295 75.058022 -10.129227
v  178.414551 76.423485 -7.974572
v  180.195847 77.125496 -7.775850
v  180.919327 76.455170 -9.034546
v  180.040894 77.750984 -6.139053
v  182.509125 78.319061 -4.825731
v  182.143661 77.750587 -7.043785
v  184.552704 78.639404 -1.413396
v  184.900467 78.612457 -1.052907
v  180.653915 77.794365 -5.546980
v  182.614990 77.781532 -6.386651
v  179.057526 76.436447 -7.374967
v  179.798523 75.721222 -8.520904
v  181.423111 76.452682 -8.357661
v  178.183334 74.944557 -8.405298
v  180.749725 74.991699 -9.457075
v  177.589828 73.423706 -9.062969
v  178.719162 72.697098 -9.908300
v  178.544266 71.115334 -10.145010
v  177.184906 70.432167 -9.599441
v  178.382370 70.006302 -10.331798
v  179.835068 70.552063 -10.732234
v  177.161835 69.555771 -9.578159
v  178.196472 69.192726 -10.536433
v  179.705154 69.655899 -10.818610
v  176.756744 68.699890 -10.082804
v  177.619202 68.189728 -11.359641
v  179.388245 68.803482 -11.366262
v  174.783798 67.235413 -11.764431
v  175.291641 65.129066 -14.354625
v  177.927292 67.346947 -13.215166
v  172.803207 64.910301 -14.358888
v  176.461716 65.040108 -16.047316
v  179.940399 68.480377 -13.754762
v  180.975510 67.588768 -15.516294
v  178.578476 65.191750 -16.335062
v  180.390182 69.467422 -12.800004
v  181.939087 69.028511 -13.400175
v  180.728409 70.355072 -12.029326
v  182.170502 69.873390 -12.784362
v  180.911682 71.421021 -11.774680
v  182.408569 70.826622 -12.137712
v  181.109604 72.920044 -11.484213
v  182.587128 72.131340 -11.889676
v  181.451385 74.354340 -10.896617
v  182.826431 73.628220 -11.458522
v  181.974564 75.747116 -9.984657
v  183.198074 75.023033 -10.692821
v  182.669861 77.104271 -8.528811
v  183.663437 76.403946 -9.556099
v  184.297943 78.267921 -5.381994
v  184.454361 77.681717 -7.494970
v  182.403748 75.710533 -9.281949
v  181.883667 74.247047 -10.185744
v  183.547470 74.950920 -9.974491
v  181.546188 72.738350 -10.746042
v  181.353821 71.175873 -10.994689
v  181.180649 70.075974 -11.198056
v  182.753967 70.564651 -11.307652
v  180.994522 69.260704 -11.445806
v  182.577530 69.645279 -11.545601
v  180.558105 68.243378 -12.400035
v  182.409760 68.873810 -11.792874
v  178.968048 66.689445 -15.126607
v  181.484848 67.346161 -14.007438
v  180.602158 65.039200 -16.969397
v  183.414825 68.332024 -14.212734
v  185.179810 67.463486 -15.620571
v  182.803284 65.124283 -16.845919
v  183.768082 69.408752 -13.233168
v  185.460571 68.911270 -13.496300
v  183.951462 70.309540 -12.364954
v  185.573975 69.760071 -12.877265
v  184.121002 71.369911 -12.097630
v  185.682617 70.724518 -12.158050
v  184.313797 72.857704 -11.797983
v  185.857681 72.022110 -11.901352
v  184.569000 74.278793 -11.184331
v  184.908508 75.657478 -10.195884
v  185.314774 77.007462 -8.764466
v  184.563995 72.679176 -11.017413
v  184.363159 71.131485 -11.277180
v  184.188828 70.038567 -11.494999
v  185.811981 70.473450 -11.308596
v  184.021606 69.190514 -11.910494
v  185.655075 69.552559 -11.581593
v  183.695663 68.113426 -12.813286
v  185.544479 68.696548 -12.155703
v  183.010498 66.626854 -15.614044
v  185.278091 67.233124 -14.101521
v  185.016907 64.907646 -17.078894
v  183.537170 64.797379 13.332202
v  183.329865 63.943089 13.463602
v  182.804825 63.198326 15.579844
v  181.411453 64.490265 13.216994
v  178.910812 63.993179 13.479323
v  180.555527 63.448803 15.154295
v  181.908875 65.439484 12.663569
v  179.873550 65.158318 12.076403
v  182.148483 66.449249 12.395891
v  180.398605 66.100891 11.844601
v  180.728912 67.232895 11.512300
v  181.158783 70.056618 11.898406
v  181.589355 71.586403 11.726646
v  183.558304 75.163040 9.486803
v  183.652405 72.395317 11.343764
v  182.588547 73.384224 10.679410
v  183.227554 70.783859 11.663894
v  182.027908 71.715401 11.127404
v  182.934082 69.236389 11.656778
v  181.603256 70.130486 11.258335
v  182.741425 67.724548 11.363263
v  181.354691 68.553703 11.057866
v  182.561493 66.617943 11.228483
v  181.185699 67.230568 10.767450
v  182.336807 65.614273 11.453970
v  181.002029 66.297462 10.648548
v  181.890030 64.665413 11.937992
v  180.506851 65.310432 10.916808
v  180.973373 63.601727 14.037590
v  179.628571 64.165573 12.165090
v  178.489105 63.379715 14.054110
v  177.789719 64.761353 11.575519
v  175.129684 63.874596 11.281410
v  176.302383 63.221313 13.150922
v  178.666306 65.803116 11.131927
v  176.588043 65.544594 10.228719
v  179.090790 66.871399 10.773719
v  177.382034 66.495651 10.061827
v  179.468582 69.448593 11.217043
v  179.844986 70.973259 11.231350
v  178.147995 70.386223 10.482300
v  178.697250 71.942528 10.385644
v  180.953491 75.324203 8.971121
v  181.798111 74.422791 9.757745
v  181.506882 75.510498 8.521960
v  180.966934 72.705643 10.415207
v  180.087540 73.746056 9.543425
v  180.375153 71.063095 10.670490
v  179.303085 72.052742 9.905046
v  180.009216 69.481995 10.610005
v  178.765335 70.432808 9.965680
v  179.828949 67.940300 10.278471
v  178.501358 68.819588 9.718567
v  179.659317 66.846466 10.059938
v  178.360718 67.475258 9.392279
v  179.411270 65.942352 10.072078
v  178.256699 66.612267 9.114399
v  178.621460 64.900932 10.455312
v  177.542572 65.658943 9.249774
v  177.028580 63.343185 12.172863
v  176.211517 64.004189 10.171918
v  174.472839 61.227215 11.186031
v  174.594574 65.104019 9.359517
v  171.951309 64.286110 8.600992
v  172.986023 61.525478 9.680430
v  175.805817 66.238144 9.056716
v  174.330170 66.002213 7.890932
v  176.204880 67.188087 8.971813
v  174.814041 66.950218 7.793144
v  176.555542 69.803871 9.484663
v  176.997955 71.357353 9.566048
v  175.423767 70.794861 8.495931
v  176.074356 72.376625 8.491923
v  181.595047 76.493629 7.221429
v  178.964813 75.742493 7.496043
v  184.022858 77.656075 4.860402
v  179.570999 74.819473 8.462449
v  179.661835 75.913429 7.161959
v  178.431015 73.097214 8.979060
v  177.812012 74.178612 7.922995
v  177.678894 71.422737 9.141510
v  176.809525 72.466522 8.155712
v  177.255844 69.804214 9.016624
v  176.173599 70.811340 8.129128
v  177.108627 68.228256 8.652418
v  175.913071 69.158974 7.838549
v  177.247208 67.313393 8.087786
v  175.822128 67.791153 7.489772
v  176.830460 66.334839 8.199759
v  175.939789 67.022385 7.067527
v  175.737762 65.201019 8.454279
v  175.494934 66.076904 7.140159
v  173.550446 61.662037 9.229850
v  173.342941 64.366417 7.751876
v  171.126282 61.571239 8.355011
v  171.995316 65.589172 6.696551
v  169.496231 64.831551 5.502390
v  170.048477 62.081982 6.668464
v  173.470840 66.722771 6.541994
v  172.270523 66.510841 5.158534
v  173.745773 67.578575 6.642235
v  172.823425 67.441788 5.152311
v  174.039322 70.233421 7.198031
v  174.529160 71.813080 7.351393
v  173.199585 71.268219 5.987398
v  173.928329 72.867714 6.087368
v  177.349319 76.189987 5.638616
v  183.336716 77.892036 4.007890
v  177.640564 75.268127 6.730434
v  178.158508 76.343376 5.443217
v  176.211945 73.553650 7.039902
v  175.939911 74.655190 5.849227
v  175.315964 71.853096 7.081824
v  174.746628 72.937439 5.906537
v  174.854309 70.198616 6.889497
v  174.033585 71.254616 5.781415
v  174.757034 68.587357 6.510952
v  173.790253 69.566643 5.461752
v  174.656052 67.471642 6.238718
v  173.759323 68.175369 5.116784
v  174.475449 66.635712 6.075583
v  173.626831 67.233612 4.905310
v  173.392639 65.638748 6.051674
v  173.460251 66.444885 4.746377
v  170.760071 62.182846 6.371085
v  171.127914 64.858521 4.956226
v  168.548325 62.143978 5.101319
v  170.832565 66.112854 3.718982
v  167.878021 65.390831 2.123676
v  167.922989 62.655518 3.290261
v  171.697617 67.201752 3.735527
v  170.911530 67.032257 2.178096
v  171.913849 68.032349 3.888822
v  171.187988 67.842995 2.319877
v  171.360199 68.777130 2.507278
v  172.146561 70.720024 4.446402
v  172.666504 72.316154 4.669189
v  171.705368 71.778427 3.087795
v  176.256241 76.628021 3.494002
v  176.176575 75.733528 4.623928
v  174.519714 74.043602 4.659544
v  174.667450 75.134720 3.424182
v  173.511780 72.331978 4.556515
v  173.343109 73.430557 3.266387
v  173.027908 70.651672 4.302170
v  172.579102 71.737488 3.038014
v  172.980972 69.009727 3.937695
v  172.352158 70.025841 2.709351
v  172.925827 67.882553 3.672889
v  172.368347 68.614990 2.398329
v  172.768219 67.046967 3.495928
v  172.264038 67.668999 2.191687
v  171.694107 66.099403 3.350664
v  172.114655 66.881218 2.026321
v  168.739044 62.730968 3.157264
v  169.667908 65.363106 1.907850
v  166.849121 62.731247 1.553493
v  169.811569 66.652100 0.544926
v  167.177780 65.935875 -1.365731
v  166.712906 63.226654 -0.288551
v  170.669922 67.696716 0.717873
v  170.384903 67.560707 -0.895173
v  170.880508 68.525826 0.885062
v  170.593399 68.343788 -0.731786
v  170.763748 69.278099 -0.543949
v  171.083313 71.231995 1.409976
v  171.620682 72.828323 1.696321
v  171.108185 72.284988 0.018764
v  171.909744 73.870117 0.335099
v  178.452377 77.604507 2.477474
v  179.262634 77.693451 2.497401
v  176.699066 77.133232 1.326665
v  173.557693 74.522438 1.992628
v  174.144699 75.571526 0.832962
v  172.486908 72.821960 1.730091
v  172.776138 73.900520 0.444265
v  171.990631 71.134659 1.422750
v  171.990219 72.220398 0.113673
v  171.970688 69.473656 1.097298
v  171.764206 70.504005 -0.210656
v  171.941879 68.337105 0.862165
v  171.792709 69.081924 -0.470411
v  172.326263 67.691971 0.672839
v  171.696335 68.132553 -0.659718
v  171.412216 66.598801 0.501234
v  171.878082 67.464622 -0.792113
v  167.588715 63.278896 -0.250461
v  169.036133 65.854881 -1.240391
v  166.113831 63.303589 -2.110567
v  169.611481 67.164040 -2.651538
v  167.430649 66.439392 -4.790854
v  166.477066 63.766571 -3.886553
v  170.624435 68.226158 -2.306777
v  170.529587 68.009575 -3.924142
v  170.731735 69.022331 -2.149826
v  171.140823 68.890289 -3.625995
v  171.062836 69.759239 -3.514530
v  170.951965 71.727341 -1.664950
v  171.496643 73.306038 -1.318824
v  171.440308 72.745949 -2.964211
v  174.299118 76.438103 -0.321018
v  173.528061 75.851540 -1.958064
v  178.336761 77.898567 0.648562
v  176.002289 77.333839 -1.025336
v  176.883942 77.429344 -0.765233
v  172.359421 73.278648 -1.149858
v  173.086426 74.307289 -2.304800
v  171.856262 71.606339 -1.504767
v  171.827194 69.942459 -1.784657
v  171.792892 68.801483 -1.984272
v  172.069733 69.536598 -3.266742
v  172.155655 68.128487 -2.052713
v  171.958191 68.586777 -3.441256
v  171.231705 67.060684 -2.382710
v  172.065948 67.887985 -3.519746
v  167.358032 65.298622 -3.219690
v  169.264297 66.309158 -4.330637
v  166.379364 63.832291 -5.707125
v  170.242386 67.622971 -5.710126
v  168.623947 66.876106 -7.979941
v  167.224182 64.248344 -7.322633
v  171.220673 68.659889 -5.197380
v  171.525772 68.416451 -6.739954
v  171.446808 69.480858 -5.003602
v  171.985397 69.256966 -6.412604
v  171.583954 70.587952 -4.804166
v  172.187225 70.181679 -6.209223
v  171.717667 72.166252 -4.540274
v  172.296967 71.542389 -5.994531
v  172.257019 73.714455 -4.135100
v  172.609329 73.130272 -5.650286
v  173.277740 75.248245 -3.582737
v  173.366867 74.641655 -5.133874
v  174.910370 76.748749 -2.721394
v  174.560226 76.145767 -4.368959
v  178.734955 78.120346 -1.092101
v  176.830704 77.565628 -3.063131
v  177.652115 77.641823 -2.671839
v  174.123154 75.286774 -3.271283
v  175.392807 76.202148 -3.982647
v  174.180466 74.628464 -4.768698
v  172.462585 69.235458 -4.660837
v  173.132401 69.939697 -5.799396
v  172.693604 68.519806 -4.660699
v  172.993408 68.993217 -5.971706
v  171.800919 67.474747 -5.142256
v  172.964737 68.255089 -6.060251
v  168.075577 65.765137 -6.501432
v  170.340912 66.703178 -7.207924
v  167.632385 64.290878 -9.055832
v  171.672607 68.005882 -8.477467
v  170.697830 67.224136 -10.773083
v  168.913544 64.648438 -10.425643
v  172.688858 69.051620 -7.731357
v  173.259964 68.740570 -9.207164
v  172.927826 69.866768 -7.511715
v  173.797516 69.600914 -8.716547
v  173.091202 70.964043 -7.305938
v  174.012161 70.517204 -8.491702
v  173.254608 72.521225 -7.043565
v  174.153885 71.862236 -8.274946
v  173.771698 74.034065 -6.580435
v  174.467285 73.420898 -7.904664
v  174.709473 75.521217 -5.902021
v  175.161194 74.891792 -7.302284
v  176.165543 76.971489 -4.817893
v  176.211029 76.350212 -6.392434
v  179.601059 78.267189 -2.631341
v  178.188828 77.715530 -4.785264
v  180.305908 78.309410 -2.220262
v  175.497055 75.536049 -5.468518
v  176.962753 76.383377 -5.889963
v  175.905716 74.857521 -6.818013
v  174.071671 72.365097 -6.607240
v  173.856461 69.603874 -7.008199
v  174.857254 70.262032 -7.936717
v  173.913116 68.846313 -7.020346
v  174.692352 69.321777 -8.119942
v  173.091293 67.820221 -7.639030
v  174.529373 68.547516 -8.286240
v  169.705338 64.655029 -9.931130
v  172.212021 67.017181 -9.727977
v  169.810059 64.656311 -11.988780
v  173.830429 68.293571 -10.814797
v  171.458954 64.947678 -13.042680
v  174.611664 69.293655 -10.021692
v  175.045135 70.156723 -9.563306
v  175.226776 71.242683 -9.341927
v  175.412292 72.777359 -9.071229
v  175.887939 74.256981 -8.554762
v  176.711029 75.702477 -7.772039
v  177.943268 77.109879 -6.515085
v  180.860153 78.343567 -3.887825
v  181.463348 78.375389 -3.384736
v  178.637756 77.152695 -5.955026
v  177.408844 75.695816 -7.227832
v  176.588669 74.172173 -8.014257
v  176.135620 72.608940 -8.511772
v  175.986557 71.004005 -8.745433
v  175.847549 69.882759 -8.921099
v  175.753052 69.091621 -9.013331
v  175.038147 68.079773 -9.747837
v  172.148636 64.947723 -12.436903
v  172.650650 65.238014 -14.491467
v  174.431961 65.320068 -15.439645
v  172.650650 65.238014 -14.491467
v  176.359589 65.369606 -16.203165
v  174.431961 65.320068 -15.439645
v  176.359589 65.369606 -16.203165
v  176.359589 65.369606 -16.203165
v  178.410126 65.385811 -16.771235
v  176.359589 65.369606 -16.203165
v  180.557098 65.368698 -17.137953
v  178.410126 65.385811 -16.771235
v  180.557098 65.368698 -17.137953
v  180.557098 65.368698 -17.137953
v  182.774017 65.318253 -17.297432
v  180.557098 65.368698 -17.137953
v  185.032684 65.235329 -17.248959
v  182.774017 65.318253 -17.297432
v  185.032684 65.235329 -17.248959
v  185.032684 65.235329 -17.248959
v  185.032684 65.235329 -17.248959
v  182.768967 63.275860 15.815106
v  182.768967 63.275860 15.815106
v  182.768967 63.275860 15.815106
v  180.555527 63.448803 15.154295
v  182.768967 63.275860 15.815106
v  178.396423 63.485504 14.273150
v  180.555527 63.448803 15.154295
v  178.396423 63.485504 14.273150
v  178.396423 63.485504 14.273150
v  176.302383 63.221313 13.150922
v  178.396423 63.485504 14.273150
v  174.340637 61.478420 11.400722
v  176.302383 63.221313 13.150922
v  174.340637 61.478420 11.400722
v  174.340637 61.478420 11.400722
v  172.552307 61.577328 10.020220
v  174.340637 61.478420 11.400722
v  170.950607 61.852932 8.535489
v  172.552307 61.577328 10.020220
v  170.950607 61.852932 8.535489
v  170.950607 61.852932 8.535489
v  169.540054 62.139568 6.934133
v  170.950607 61.852932 8.535489
v  168.337128 62.433559 5.236951
v  169.540054 62.139568 6.934133
v  168.337128 62.433559 5.236951
v  168.337128 62.433559 5.236951
v  167.358322 62.731262 3.464753
v  168.337128 62.433559 5.236951
v  166.614502 63.028915 1.640224
v  167.358322 62.731262 3.464753
v  166.614502 63.028915 1.640224
v  166.614502 63.028915 1.640224
v  166.116516 63.322762 -0.213947
v  166.614502 63.028915 1.640224
v  165.869080 63.609138 -2.074333
v  166.116516 63.322762 -0.213947
v  165.869080 63.609138 -2.074333
v  165.869080 63.609138 -2.074333
v  165.876892 63.884407 -3.917504
v  165.869080 63.609138 -2.074333
v  166.138275 64.145157 -5.720460
v  165.876892 63.884407 -3.917504
v  166.138275 64.145157 -5.720460
v  166.138275 64.145157 -5.720460
v  166.651489 64.388008 -7.460204
v  166.138275 64.145157 -5.720460
v  167.408554 64.610054 -9.115321
v  166.651489 64.388008 -7.460204
v  167.408554 64.610054 -9.115321
v  167.408554 64.610054 -9.115321
v  168.401459 64.808334 -10.664403
v  167.408554 64.610054 -9.115321
v  169.616257 64.980530 -12.088692
v  168.401459 64.808334 -10.664403
v  169.616257 64.980530 -12.088692
v  174.679428 68.262794 -11.791485
v  173.548294 67.466019 -13.030219
v  174.679428 68.262794 -11.791485
v  173.508377 65.092308 -14.469506
v  173.548294 67.466019 -13.030219
v  172.650650 65.238014 -14.491467
v  175.393677 69.571770 -10.954650
v  175.180634 69.146004 -11.218282
v  175.858246 69.391449 -10.938426
v  175.149460 68.397026 -11.784811
v  175.168213 69.166977 -11.219212
v  174.672470 68.598335 -11.801965
v  175.892334 70.394249 -10.366338
v  175.779510 69.973122 -10.501575
v  176.300247 70.261444 -10.394529
v  175.858246 69.391449 -10.938426
v  175.636673 69.958954 -10.674772
v  175.409897 69.536026 -10.953183
v  176.099167 71.410164 -10.121740
v  176.014938 70.818977 -10.237944
v  176.486496 71.341911 -10.163774
v  176.300247 70.261444 -10.394529
v  176.007355 70.842018 -10.239637
v  175.909393 70.354607 -10.363091
v  176.305542 72.838493 -9.837629
v  176.194824 72.055450 -9.999534
v  176.678925 72.866196 -9.887053
v  176.486496 71.341911 -10.163774
v  176.188644 72.087082 -10.000317
v  176.113159 71.354347 -10.118640
v  176.761169 74.202103 -9.309904
v  176.508057 73.485199 -9.608493
v  177.126862 74.331360 -9.347051
v  176.678925 72.866196 -9.887053
v  176.499130 73.515640 -9.606189
v  176.319550 72.775833 -9.839034
v  177.523682 75.547226 -8.516849
v  177.124420 74.834152 -8.961408
v  177.882706 75.759239 -8.521095
v  177.126862 74.331360 -9.347051
v  177.113556 74.861061 -8.956470
v  176.780518 74.147202 -9.316999
v  178.643402 76.877487 -7.239573
v  178.014984 76.186867 -7.985370
v  178.989944 77.148903 -7.195842
v  177.882706 75.759239 -8.521095
v  177.999802 76.210121 -7.978197
v  177.548828 75.495811 -8.529297
v  181.337463 78.088516 -4.486076
v  179.704468 77.488083 -6.203273
v  181.610107 78.357307 -4.393059
v  178.989944 77.148903 -7.195842
v  179.660233 77.498634 -6.195825
v  178.696381 76.840515 -7.255739
v  184.517563 78.450912 -1.454313
v  181.610107 78.357307 -4.393059
v  184.417999 78.450829 -1.457015
v  181.506851 78.088623 -4.493667
v  182.079575 78.128761 -3.952458
v  184.799774 78.428780 -1.086225
v  182.153946 78.384834 -3.853022
v  184.874176 78.427208 -1.084246
v  179.353333 76.882339 -6.663921
v  180.300171 77.554565 -5.612783
v  179.622650 77.182785 -6.590778
v  182.153946 78.384834 -3.853022
v  180.341675 77.543205 -5.620372
v  181.921280 78.132347 -3.946014
v  178.215805 75.481903 -7.946186
v  178.666992 76.228760 -7.387624
v  178.523453 75.743385 -7.927904
v  179.622650 77.182785 -6.590778
v  178.680710 76.204712 -7.395790
v  179.304306 76.920570 -6.646292
v  177.455765 74.058006 -8.728081
v  177.784836 74.812698 -8.372104
v  177.771622 74.239510 -8.754558
v  178.523453 75.743385 -7.927904
v  177.794739 74.784424 -8.377838
v  178.193146 75.535576 -7.931753
v  177.015808 72.610634 -9.225897
v  177.184265 73.390312 -9.006570
v  177.341873 72.693192 -9.273019
v  177.771622 74.239510 -8.754558
v  177.195251 73.355278 -9.009561
v  177.440216 74.113167 -8.720574
v  176.837662 71.125313 -9.468899
v  176.897675 71.888885 -9.371381
v  177.177811 71.100121 -9.510631
v  177.341873 72.693192 -9.273019
v  176.904099 71.855774 -9.370130
v  177.001938 72.676689 -9.224778
v  176.667618 70.091927 -9.668647
v  176.748108 70.594719 -9.568719
v  177.026001 69.984207 -9.693121
v  177.177811 71.100121 -9.510631
v  176.755905 70.570732 -9.566392
v  176.823090 71.183556 -9.473265
v  176.484009 69.335541 -9.854277
v  176.692749 69.762192 -9.595290
v  176.877747 69.179848 -9.840434
v  177.292862 70.059120 -9.323147
v  176.555252 69.700272 -9.784787
v  176.650360 70.133049 -9.673098
v  175.808136 68.386024 -10.639213
v  176.261322 68.963486 -10.102297
v  176.228210 68.173149 -10.623009
v  176.877747 69.179848 -9.840434
v  176.272720 68.942276 -10.101382
v  176.469070 69.371506 -9.855725
v  173.641541 65.053070 -13.476289
v  174.783798 67.235413 -11.764431
v  173.641541 65.053070 -13.476289
v  175.814331 68.050972 -10.628763
v  174.783798 67.235413 -11.764431
v  175.814331 68.050972 -10.628763
v  169.616257 64.980530 -12.088692
v  171.039032 65.124290 -13.369430
v  169.616257 64.980530 -12.088692
v  172.650650 65.238014 -14.491467
v  172.803207 64.910301 -14.358888
v  171.039032 65.124290 -13.369430
v  172.650650 65.238014 -14.491467
v  173.641541 65.053070 -13.476289
v  172.803207 64.910301 -14.358888
v  173.641541 65.053070 -13.476289
v  170.432022 66.170990 -16.158562
v  175.153702 66.355949 -18.344679
v  180.053589 66.366943 -19.426596
v  185.234512 66.217903 -19.551760
v  172.543274 61.744404 13.456298
v  168.532288 62.107124 10.108186
v  165.574219 62.777008 6.368019
v  163.626053 63.474098 2.279145
v  162.790054 64.164764 -1.964515
v  163.121002 64.814316 -6.157177
v  164.618896 65.387962 -10.087471
v  167.220795 65.853035 -13.548321
v  171.039551 68.216423 -15.346356
v  178.262466 68.405533 -16.967321
v  182.936081 68.340508 -17.526611
v  174.867020 64.436127 13.359264
v  171.667435 64.205223 11.408558
v  168.532333 64.793121 8.193380
v  166.252213 65.425171 4.560291
v  164.955322 66.065796 0.694724
v  164.714111 66.683601 -3.217824
v  165.553802 67.246925 -6.984329
v  167.445816 67.725021 -10.411486
v  176.054825 68.382217 -16.359764
v  172.892303 66.289124 -17.456779
v  180.566208 68.391495 -17.357906
v  177.552017 66.381805 -19.003387
v  185.340973 68.253899 -17.474003
v  182.625656 66.311783 -19.609129
v  173.493317 64.035919 12.812493
v  174.077408 64.018036 13.123884
v  170.006683 64.489807 9.868396
v  170.317657 61.798824 11.765483
v  167.275253 65.106155 6.417163
v  166.935455 62.436630 8.293094
v  165.474945 65.746368 2.645288
v  164.466858 63.124191 4.355324
v  164.699615 66.379547 -1.267636
v  163.064819 63.822353 0.164039
v  164.998917 66.974068 -5.131575
v  162.808670 64.496834 -4.080283
v  166.371979 67.498497 -8.752279
v  163.726837 65.112701 -8.168128
v  168.760941 67.923332 -11.940046
v  165.788727 65.635910 -11.888747
v  168.897110 66.035049 -15.042426
v  171.108398 66.197685 -16.582432
v  171.034943 65.983040 -15.913843
v  174.758972 67.531853 -19.033169
v  179.937576 67.546730 -20.165302
v  185.393539 67.391426 -20.292366
v  172.876480 62.564964 14.501706
v  167.543640 62.984509 10.946844
v  164.441010 63.693027 7.010919
v  162.407059 64.433899 2.705148
v  161.550034 65.171280 -1.767215
v  161.929016 65.867661 -6.189256
v  163.544510 66.484917 -10.336162
v  166.327988 66.986710 -13.986409
v  177.438538 68.472458 -19.045097
v  182.725159 68.406631 -19.679001
v  174.147491 63.955833 15.123363
v  169.817780 63.612095 12.718187
v  166.336655 64.267128 9.154540
v  163.812820 64.976547 5.143713
v  162.367935 65.704132 0.861305
v  162.090775 66.415375 -3.497561
v  163.024963 67.073509 -7.722660
v  165.155380 67.640419 -11.593442
v  174.932480 68.439789 -18.354698
v  172.364807 67.458954 -18.102427
v  180.047791 68.461105 -19.487936
v  177.296310 67.561012 -19.723349
v  185.433670 68.310837 -19.620020
v  182.648590 67.489594 -20.354572
v  172.369614 63.348186 14.543840
v  175.904449 63.568268 11.765352
v  167.965622 63.929237 11.002419
v  169.327881 62.673267 12.616661
v  164.946686 64.617508 7.194937
v  165.867584 63.332573 9.037027
v  162.948746 65.340141 3.024986
v  163.282959 64.061661 4.891678
v  162.079086 66.063980 -1.321010
v  161.826874 64.805389 0.476257
v  162.405334 66.753395 -5.640111
v  161.583954 65.527046 -3.998699
v  163.943695 67.370659 -9.715961
v  162.585297 66.188560 -8.311354
v  166.643875 67.878098 -13.326951
v  164.798035 66.752350 -12.236739
v  168.117065 67.184326 -15.561531
v  172.032242 64.103127 -14.410733
v  176.248306 64.259438 -16.405033
v  180.440918 64.260429 -17.352144
v  184.918915 64.127869 -17.469570
v  174.977814 60.335781 11.615245
v  168.418854 61.336178 4.957365
v  166.694107 61.924866 1.398156
v  165.928040 62.499207 -2.282421
v  166.161530 63.031094 -5.903771
v  167.388229 63.494289 -9.287094
v  169.553955 63.865475 -12.262679
v  174.326065 64.208839 -15.635305
v  178.295059 64.276703 -16.979841
v  182.658493 64.210526 -17.515650
v  169.615555 61.045494 6.636254
v  167.441391 61.630531 3.204015
v  166.187973 62.215622 -0.438190
v  165.919510 62.772141 -4.111733
v  166.653351 63.272785 -7.635953
v  168.359299 63.692665 -10.835708
v  170.960953 64.010246 -13.549498
v  173.030228 64.159004 -14.998849
v  168.715729 64.954292 -15.946610
v  174.811996 65.439583 -18.971432
v  179.842926 65.454254 -20.090681
v  185.161560 65.302673 -20.222612
v  172.327682 60.682598 13.648919
v  168.122498 61.066032 10.100228
v  165.109344 61.747364 6.306182
v  163.112350 62.458160 2.155283
v  162.237457 63.165112 -2.161706
v  162.546768 63.833248 -6.439823
v  164.049652 64.426704 -10.464851
v  166.691330 64.910690 -14.021808
v  172.488953 65.368423 -18.052603
v  177.274139 65.468102 -19.652647
v  182.483841 65.398544 -20.280327
v  170.029251 60.740959 11.866617
v  166.497330 61.401028 8.258822
v  163.976669 62.101082 4.263754
v  162.530060 62.814228 0.005060
v  162.242538 63.506233 -4.318747
v  163.151154 64.141495 -8.497332
v  165.234695 64.684410 -12.314777
v  168.401321 65.099915 -15.557484
v  170.163620 64.899986 -16.789108
v  171.459747 61.245636 -16.472450
v  175.056503 61.452908 -18.527107
v  179.723633 61.469570 -19.614979
v  184.700775 61.329952 -19.761677
v  173.751556 57.047485 12.182767
v  166.758102 58.123116 4.866127
v  164.868927 58.759613 1.084467
v  163.973038 59.390648 -2.855835
v  164.134781 59.987644 -6.778783
v  165.380386 60.521099 -10.498546
v  167.687164 60.961052 -13.821254
v  177.333954 61.480934 -19.186049
v  182.190887 61.418800 -19.806812
v  168.045319 57.811714 6.644887
v  165.695175 58.440292 3.005727
v  164.292389 59.077579 -0.876554
v  163.919449 59.695210 -4.830770
v  164.622543 60.264160 -8.675888
v  166.405197 60.754574 -12.221581
v  169.221359 61.136780 -15.276203
v  171.173920 61.285603 -16.670929
v  167.920380 61.944443 -15.392128
v  173.836029 62.479763 -20.769199
v  179.221924 62.505104 -21.993628
v  184.916168 62.346859 -22.145548
v  171.630737 57.338367 13.958264
v  167.033325 57.772530 9.952585
v  163.870239 58.483437 6.019971
v  161.737946 59.229069 1.713307
v  160.748352 59.978249 -2.791924
v  160.985077 60.695644 -7.294801
v  162.485825 61.342560 -11.574403
v  165.221115 61.878326 -15.393638
v  171.345474 62.497280 -19.732302
v  176.470627 62.515896 -21.513683
v  182.050385 62.448074 -22.203690
v  169.306320 57.397350 12.046375
v  165.329697 58.122139 8.041143
v  162.668335 58.853687 3.903241
v  161.094650 59.605297 -0.526470
v  160.710175 60.343227 -5.056848
v  161.577759 61.030392 -9.476809
v  163.704666 61.626911 -13.556772
v  167.016510 62.087410 -17.042154
v  168.826691 62.275990 -18.043591
v  168.431076 59.412964 -19.279186
v  174.013168 59.039787 -20.383007
v  179.098053 59.070152 -21.594177
v  184.514297 58.924217 -21.766209
v  172.636581 54.213860 12.672511
v  168.232071 54.703876 8.441578
v  165.293945 55.351803 4.800247
v  163.260040 56.030651 0.821459
v  162.250595 56.711861 -3.348729
v  162.350616 57.366333 -7.538123
v  163.614685 57.961693 -11.554430
v  166.047485 58.462166 -15.182718
v  167.616806 58.788189 -19.064791
v  176.493729 59.077255 -21.115698
v  181.785004 59.018566 -21.810692
v  170.435791 54.336567 10.613160
v  166.661331 55.022007 6.667294
v  164.155701 55.689198 2.844962
v  162.621811 56.372704 -1.249971
v  162.158005 57.044365 -5.452405
v  162.835693 57.673553 -9.580690
v  164.687698 58.226067 -13.431023
v  167.692444 58.665176 -16.784584
v  169.523605 58.811600 -18.114811
v  173.007294 59.912453 -22.298088
v  178.691788 59.946896 -23.611557
v  184.702164 59.783104 -23.780485
v  171.001801 54.451897 14.164831
v  166.129196 54.923573 9.816158
v  162.830795 55.660770 5.759651
v  160.584244 56.435368 1.323670
v  159.496750 57.219788 -3.338427
v  159.670364 57.978462 -8.029434
v  161.167038 58.670307 -12.522876
v  163.978836 59.249714 -16.562908
v  170.377838 59.919518 -21.187925
v  175.786987 59.955070 -23.096136
v  181.678055 59.888794 -23.838923
v  168.728745 54.505581 12.190836
v  164.350311 55.287048 7.837666
v  161.570572 56.044746 3.581290
v  159.889038 56.828400 -0.990643
v  159.421219 57.604740 -5.693556
v  160.252045 58.335461 -10.315930
v  162.413193 58.977104 -14.616739
v  165.844116 59.475819 -18.306658
v  167.961044 59.608715 -19.596914
v  171.039551 68.216423 -15.346356
v  172.034363 67.359192 -11.976192
v  172.034363 67.359192 -11.976192
v  171.039551 68.216423 -15.346356
v  171.039551 68.216423 -15.346356
v  169.813797 67.302567 -16.620028
v  171.039551 68.216423 -15.346356
v  174.560303 64.991241 -15.294175
v  178.484375 65.056099 -16.607662
v  182.788956 64.989449 -17.126703
v  180.621475 63.368916 14.928015
v  176.415665 63.042973 12.932927
v  172.706207 61.299385 9.819556
v  169.734894 61.853981 6.775427
v  167.582825 62.437645 3.353216
v  166.357895 63.021103 -0.275472
v  166.121536 63.575100 -3.928679
v  166.885605 64.071854 -7.423217
v  168.611786 64.486458 -10.583855
v  172.034363 67.359192 -11.976192
v  174.378204 68.866280 -10.270315
v  174.927795 69.734764 -9.687142
v  175.144501 70.646713 -9.449795
v  175.298828 71.983704 -9.228501
v  175.607605 73.528587 -8.844569
v  176.260345 74.981255 -8.204356
v  177.226379 76.419716 -7.234752
v  179.033081 77.761642 -5.504247
v  184.035858 78.669640 -1.108246
v  184.421295 78.643768 -0.775795
v  179.705414 77.811615 -4.953546
v  177.926071 76.442352 -6.680170
v  176.957581 74.937607 -7.665120
v  176.317444 73.401558 -8.297041
v  176.038712 71.776253 -8.652817
v  175.925613 70.387085 -8.830433
v  175.751373 69.450432 -9.022439
v  175.538284 68.660950 -9.245445
v  173.417892 67.139030 -10.813459
v  171.213501 64.798126 -13.252107
v  173.548294 67.466019 -13.030219
v  172.650650 65.238014 -14.491467
v  170.432022 66.170990 -16.158562
v  171.039551 68.216423 -15.346356
v  171.108398 66.197685 -16.582432
v  174.560303 64.991241 -15.294175
v  178.484375 65.056099 -16.607662
v  182.788956 64.989449 -17.126703
v  180.621475 63.368916 14.928015
v  176.415665 63.042973 12.932927
v  172.706207 61.299385 9.819556
v  169.734894 61.853981 6.775427
v  167.582825 62.437645 3.353216
v  166.357895 63.021103 -0.275472
v  166.121536 63.575100 -3.928679
v  166.885605 64.071854 -7.423217
v  168.611786 64.486458 -10.583855
v  173.901230 69.067581 -10.287470
v  174.412140 69.862885 -9.774254
v  174.764053 70.741852 -9.408127
v  174.938049 71.992996 -9.173975
v  175.256348 73.431572 -8.792274
v  175.912598 74.790749 -8.175667
v  176.879974 76.156090 -7.248269
v  178.712311 77.466217 -5.570233
v  183.984116 78.448715 -1.146475
v  184.482208 78.426468 -0.800770
v  179.451767 77.519905 -5.036742
v  177.615677 76.160194 -6.712908
v  176.646805 74.721924 -7.647298
v  176.008774 73.276680 -8.248666
v  175.716919 71.765457 -8.599170
v  175.584045 70.473915 -8.792763
v  175.386688 69.600357 -9.001702
v  175.129593 68.852608 -9.260737
v  173.417892 67.139030 -10.813459
v  171.213501 64.798126 -13.252107
v  171.213501 64.798126 -13.252107
v  171.213501 64.798126 -13.252107
v  166.014526 65.095757 -17.050613
v  173.076691 65.470642 -20.200764
v  175.436630 65.544228 -21.137835
v  177.936279 65.574387 -21.832743
v  180.544754 65.561211 -22.279873
v  183.226501 65.505226 -22.473980
v  185.945206 65.408203 -22.416214
v  185.807709 63.754215 -23.494671
v  182.982925 63.854294 -23.552759
v  180.195297 63.911045 -23.347162
v  177.483704 63.922501 -22.876322
v  174.886658 63.888027 -22.145550
v  172.433197 63.806953 -21.157782
v  165.390228 63.246258 -17.246973
v  168.736801 60.406235 13.084170
v  167.340546 60.442028 12.013918
v  165.355011 60.780651 10.172730
v  163.712357 61.118938 8.315613
v  162.308609 61.468624 6.347573
v  161.160751 61.826023 4.288466
v  160.282089 62.187168 2.161782
v  159.686630 62.547688 -0.008408
v  159.382568 62.903435 -2.197064
v  159.378555 63.249786 -4.377940
v  159.676804 63.582352 -6.524706
v  160.279083 63.896370 -8.609470
v  161.180099 64.187431 -10.605344
v  162.372910 64.450882 -12.484033
v  163.843124 64.682472 -14.218896
v  165.570831 64.875885 -15.778123
v  166.839951 64.970108 -16.664843
v  165.981018 63.280815 -17.448975
v  164.791885 63.190170 -16.610365
v  163.014221 62.985275 -14.985432
v  161.511353 62.739174 -13.176422
v  160.300278 62.460575 -11.222826
v  159.394699 62.154259 -9.153589
v  158.799896 61.825283 -6.998835
v  158.518982 61.478409 -4.786570
v  158.548065 61.118675 -2.545474
v  158.882904 60.750576 -0.301900
v  159.513016 60.378811 1.917923
v  160.429047 60.007477 4.089650
v  161.615768 59.640923 6.189715
v  163.059479 59.282963 8.195488
v  164.743256 58.937088 10.089040
v  166.938095 58.574944 12.108642
v  168.332764 58.539913 13.268887
v  185.282623 78.627502 -1.316324
v  185.284515 78.611458 -1.317817
v  185.234604 78.615860 -0.687455
v  185.346008 78.583694 -2.133679
v  185.392105 78.555016 -2.789878
v  185.425781 78.490616 -3.235826
v  185.503586 78.372040 -4.414377
v  185.386841 78.523697 -2.659472
v  185.533859 78.251549 -4.809836
v  185.948166 74.127747 -11.161922
v  185.945740 74.215378 -11.117215
v  185.972290 72.914398 -11.681849
v  185.845596 76.309044 -9.537790
v  185.821106 76.623871 -9.181428
v  185.790024 76.982819 -8.741703
v  185.575653 78.202438 -5.534304
v  185.708313 77.619202 -7.544961
v  185.542114 78.286125 -5.007474
v  185.670868 77.656303 -6.837718
v  185.855453 75.583710 -9.478962
v  185.914566 73.935036 -10.471087
v  185.928024 71.265511 -11.177343
v  185.931808 71.818344 -11.100792
v  186.076462 68.876640 -13.423591
v  186.146637 68.433167 -13.819093
v  186.061462 69.171539 -13.223825
v  186.047623 69.433968 -13.040318
v  185.972565 70.708336 -12.122522
v  185.973801 71.215431 -12.019445
v  185.975967 72.015457 -11.886950
v  185.974304 71.378738 -11.990385
v  185.973709 72.786819 -11.723378
v  185.973770 72.777252 -11.725599
v  185.973633 72.794907 -11.720774
v  185.926102 71.070244 -11.199421
v  185.926224 71.081314 -11.198216
v  185.898483 69.994804 -11.266301
v  185.896271 70.054642 -11.235358
v  185.919525 69.537689 -11.550370
v  185.901123 69.937462 -11.301931
v  185.940918 69.106621 -11.836324
v  185.936447 69.196609 -11.776623
v  186.040329 68.019310 -12.709212
v  186.024170 68.193382 -12.516656
v  186.418381 65.165459 -17.092154
v  183.541672 64.251007 13.977252
v  183.555496 64.326035 13.835037
v  183.353439 63.231903 15.913515
v  183.604706 64.842316 13.354055
v  183.622009 65.297096 13.212464
v  183.622482 65.309502 13.208598
v  183.561295 64.386940 13.778295
v  183.679916 65.605080 13.106238
v  183.712784 64.861473 12.185282
v  183.685394 64.546204 12.450089
v  183.683670 64.526268 12.466838
v  183.581329 63.926971 13.514986
v  183.463501 63.413357 14.739581
v  183.372864 63.161953 15.695922
v  183.444504 63.360661 14.940010
v  183.686722 65.788002 13.043985
v  183.704651 66.317146 12.884052
v  183.742004 67.737328 12.468053
v  183.751328 69.315880 12.637110
v  183.793442 70.971596 12.450356
v  183.884033 73.017426 11.761505
v  184.048447 74.849045 10.302341
v  184.124588 75.085983 9.666241
v  184.092224 74.772446 9.965436
v  184.026001 74.119301 10.558078
v  184.250717 75.902390 8.527536
v  183.966110 73.225990 11.085782
v  183.969543 73.278931 11.056646
v  183.987259 73.550186 10.904160
v  183.927322 72.370628 11.403370
v  183.963211 73.163193 11.110857
v  183.893860 71.539803 11.643806
v  183.903641 71.786530 11.576845
v  183.867081 70.735252 11.802386
v  183.883957 71.246674 11.705801
v  183.848145 69.954430 11.873459
v  183.857285 70.336746 11.842621
v  183.836960 69.178154 11.857388
v  183.841614 69.509689 11.867928
v  183.833588 68.388977 11.750501
v  183.835587 68.885887 11.821410
v  183.832565 67.663742 11.616529
v  183.832779 67.868317 11.656550
v  183.828217 67.072014 11.530071
v  183.831436 67.513985 11.595554
v  183.822113 66.658119 11.495322
v  183.799393 65.986458 11.759378
v  183.812973 66.430313 11.642061
v  183.728134 65.035133 12.036498
v  184.418762 76.784004 6.970196
v  184.471741 77.042191 6.458417
v  184.531830 77.260338 5.895952
v  184.488342 77.049500 6.330242
v  184.278976 76.077797 8.265477
v  184.586838 77.501945 5.340845
v  184.611450 77.588516 5.098227
v  184.611877 77.570457 5.105898
v  184.674118 77.784218 4.478775
v  184.615936 77.585312 5.065303
v  184.602737 77.514755 5.210574
v  184.722610 77.949654 3.970181
v  184.721069 77.932533 3.995404
v  184.727417 77.951714 3.929311
v  184.801971 78.162811 3.138250
v  184.831360 78.237244 2.819544
v  184.805054 78.180878 3.096670
v  184.800583 78.148857 3.161832
v  184.859543 78.312576 2.501972
v  184.857254 78.298164 2.535619
v  184.886841 78.371162 2.199353
v  184.865799 78.317207 2.441352
v  184.856445 78.287018 2.552868
v  184.916397 78.420090 1.876447
v  184.908554 78.405273 1.964836
v  184.940186 78.462051 1.607226
v  184.919449 78.434120 1.833901
v  184.914810 78.408623 1.902728
v  184.965912 78.511024 1.304694
v  184.963699 78.499191 1.338837
v  184.993469 78.549103 0.986089
v  184.972046 78.511398 1.242983
v  184.962952 78.489609 1.356150
v  184.995239 78.534317 0.983737
v  185.025803 78.577866 0.617289
v  185.055908 78.605919 0.260218
v  185.024704 78.568123 0.639661
v  185.090866 78.639687 -0.172316
v  185.177185 78.412819 -0.186566
v  185.095627 78.632683 -0.219138
v  185.090088 78.620117 -0.140477
v  185.220367 78.418320 -0.712443
v  186.901703 65.360306 -22.308083
v  201.257355 67.908188 -12.405907
v  200.446259 67.172508 -15.369861
v  202.677246 66.967346 -13.422134
v  196.448013 68.110893 -9.632052
v  195.674973 68.135117 -10.716187
v  196.877274 67.322197 -11.813647
v  198.356125 67.212975 -10.616206
v  194.162903 68.210258 -11.684017
v  195.231171 67.404007 -12.867270
v  198.266800 67.292061 -16.745657
v  197.989029 68.204605 -16.111099
v  195.869751 68.691460 -9.158074
v  194.629837 68.792397 -10.213264
v  195.621750 69.122330 -8.941137
v  194.401825 69.221642 -9.979328
v  193.044189 69.295715 -10.892460
v  193.249969 68.867676 -11.141343
v  195.357697 69.550690 -8.712440
v  194.159348 69.648239 -9.732267
v  194.968750 70.028969 -8.379369
v  193.779251 70.128853 -9.342825
v  192.469589 70.203407 -10.187457
v  192.825729 69.721008 -10.629245
v  194.865082 70.513153 -8.273847
v  193.677567 70.611717 -9.232644
v  194.778091 71.099686 -8.172949
v  193.589722 71.196655 -9.129246
v  192.283203 71.268761 -9.967136
v  192.370972 70.685173 -10.072958
v  194.700714 71.826584 -8.068001
v  193.509262 71.921356 -9.023762
v  194.581833 72.603905 -7.927719
v  193.391403 72.695755 -8.880239
v  192.084503 72.763657 -9.714443
v  192.200363 71.991661 -9.860987
v  194.381790 73.339592 -7.730436
v  193.201340 73.427750 -8.673171
v  194.098740 74.053352 -7.483451
v  192.936539 74.137062 -8.410069
v  191.661713 74.198364 -9.221089
v  191.906021 73.492661 -9.498590
v  193.726929 74.764359 -7.191316
v  192.591034 74.842735 -8.095423
v  193.277100 75.474434 -6.831192
v  192.176788 75.546906 -7.706878
v  190.970200 75.599159 -8.472575
v  191.345459 74.899757 -8.886327
v  192.759201 76.183998 -6.378305
v  191.705002 76.250511 -7.219935
v  192.041550 76.871513 -5.771258
v  191.054092 76.931030 -6.563073
v  189.969498 76.972984 -7.255162
v  190.548233 76.298065 -7.955730
v  190.961075 77.529167 -4.925488
v  190.074432 77.579170 -5.639806
v  189.165878 78.141075 -3.580972
v  188.448776 78.177193 -4.163528
v  187.658630 78.200134 -4.671829
v  189.099426 77.613464 -6.263737
v  186.011246 78.594727 -1.257904
v  185.598892 78.612953 -1.601765
v  188.584824 78.185608 -3.164660
v  187.191803 78.236671 -4.174403
v  190.314209 77.580299 -4.465247
v  191.369980 76.909492 -5.297131
v  189.424622 76.998856 -6.684556
v  192.078964 76.199364 -5.902965
v  191.084564 76.259041 -6.692135
v  192.595032 75.460632 -6.359210
v  189.994431 76.300926 -7.380961
v  193.040924 74.716019 -6.718676
v  191.964294 74.788017 -7.568274
v  193.405029 73.967834 -7.006220
v  190.785385 74.839951 -8.310157
v  193.675659 73.216652 -7.245463
v  192.557297 73.299362 -8.130901
v  193.859940 72.444542 -7.432405
v  191.499496 72.595367 -9.107306
v  194.017151 70.878296 -7.649343
v  191.671722 71.039230 -9.325215
v  194.081406 70.272766 -7.732705
v  192.967850 70.366516 -8.627048
v  194.162155 69.775314 -7.820325
v  193.049744 69.870171 -8.717349
v  191.825592 69.941185 -9.502876
v  191.743484 70.436562 -9.409912
v  194.185623 69.366943 -7.854004
v  193.146744 69.442650 -8.817941
v  194.428558 68.935280 -8.067246
v  193.327896 69.024879 -9.003935
v  192.016418 69.124115 -9.715005
v  191.919891 69.514473 -9.607805
v  194.657028 68.501328 -8.269878
v  193.538330 68.592392 -9.221903
v  195.702255 67.848106 -8.693499
v  194.476654 67.938637 -9.685893
v  193.112411 68.006432 -10.559099
v  192.293381 68.660324 -10.059242
v  196.906998 67.009743 -9.611655
v  195.572739 67.108299 -10.692020
v  198.301651 64.801529 -11.076650
v  196.843353 64.909241 -12.257458
v  195.220108 64.989906 -13.296451
v  194.087570 67.182106 -11.642632
v  199.283768 64.640190 -11.782104
v  197.730896 64.754890 -13.039477
v  199.463882 64.964516 -11.882311
v  197.889618 65.080795 -13.157016
v  197.730896 64.754890 -13.039477
v  199.463882 64.964516 -11.882311
v  196.137283 65.167870 -14.278625
v  196.002396 64.840790 -14.145842
v  197.730896 64.754890 -13.039477
v  197.889618 65.080795 -13.157016
v  196.137283 65.167870 -14.278625
v  195.654984 68.286644 -17.272484
v  195.901947 67.371231 -17.912863
v  192.515289 68.259102 -12.506704
v  193.437500 67.457169 -13.762886
v  190.753632 68.281189 -13.174845
v  191.519699 67.481224 -14.490252
v  193.388809 67.409523 -18.856382
v  193.173508 68.327217 -18.210693
v  191.746689 68.916199 -11.929805
v  191.565109 69.343452 -11.668221
v  189.983902 69.364456 -12.297741
v  190.139587 68.937553 -12.569632
v  191.372818 69.767929 -11.391282
v  191.054443 70.251747 -10.904252
v  189.550217 70.273758 -11.486284
v  189.819565 69.788536 -12.009670
v  190.959930 70.732704 -10.785969
v  190.873062 71.315269 -10.677997
v  189.375305 71.336006 -11.255143
v  189.460632 70.754173 -11.364880
v  190.788452 72.036758 -10.571228
v  190.675415 72.806938 -10.422055
v  189.179855 72.825439 -10.996603
v  189.289429 72.056519 -11.147901
v  190.509933 73.533730 -10.198611
v  190.288132 74.236801 -9.908634
v  188.831406 74.251785 -10.463861
v  189.028549 73.550781 -10.766898
v  190.003784 74.935043 -9.556400
v  189.670563 75.630875 -9.120880
v  188.294662 75.640923 -9.629256
v  188.582504 74.947281 -10.088784
v  189.301682 76.326340 -8.578482
v  188.799942 76.997185 -7.840556
v  187.559204 77.003326 -8.310960
v  187.980804 76.334839 -9.071025
v  188.047287 77.631874 -6.790813
v  186.804977 78.209869 -5.100287
v  185.898529 78.206276 -5.444920
v  186.930557 77.634178 -7.216246
v  185.564407 78.237946 -4.888690
v  187.595047 77.668198 -6.202182
v  187.164169 77.021744 -7.671000
v  188.820786 76.324791 -7.962822
v  188.173721 74.882156 -9.444712
v  188.760498 72.653419 -10.304810
v  188.942642 71.103897 -10.524364
v  188.864136 71.851425 -10.438335
v  190.422150 70.482124 -10.073201
v  190.503586 69.987549 -10.168603
v  189.099182 70.009132 -10.708165
v  189.019119 70.503143 -10.610666
v  190.594162 69.561432 -10.277401
v  190.685837 69.171555 -10.388896
v  189.341934 69.153732 -11.095673
v  189.188950 69.581543 -10.828864
v  190.769363 68.787659 -10.490128
v  191.625885 68.050491 -11.301351
v  190.036484 68.070427 -11.904163
v  189.487106 68.723381 -11.347883
v  192.469269 67.230072 -12.450682
v  193.403137 66.542198 -13.721950
v  191.511963 66.565933 -14.439214
v  190.738968 67.251770 -13.106933
v  194.118958 64.896622 -15.086285
v  196.137283 65.167870 -14.278625
v  194.227890 65.224464 -15.232030
v  194.118958 64.896622 -15.086285
v  196.137283 65.167870 -14.278625
v  192.186340 65.250084 -16.006327
v  192.105164 64.921867 -15.850057
v  194.118958 64.896622 -15.086285
v  194.227890 65.224464 -15.232030
v  192.186340 65.250084 -16.006327
v  190.578278 68.326530 -18.914825
v  190.760147 67.406860 -19.565248
v  188.899460 68.276085 -13.679030
v  189.501144 67.475677 -15.039133
v  186.976578 68.244034 -14.013973
v  187.407806 67.440765 -15.403766
v  188.051392 67.364326 -20.033733
v  187.905930 68.285629 -19.379448
v  188.448303 68.931236 -13.051826
v  188.319855 69.358269 -12.772165
v  186.594376 69.325150 -13.086514
v  186.694565 68.897583 -13.371319
v  188.184967 69.782463 -12.475702
v  187.973160 70.269165 -11.926417
v  186.341110 70.238373 -12.219766
v  186.489990 69.749908 -12.784492
v  187.889160 70.749344 -11.802650
v  187.805878 71.330757 -11.691636
v  186.182190 71.299873 -11.982636
v  186.263138 70.718575 -12.094434
v  187.719009 72.050652 -11.584154
v  187.613373 72.818878 -11.431331
v  185.993073 72.787468 -11.721421
v  186.094482 72.019493 -11.875149
v  187.477188 73.543510 -11.196829
v  187.306244 74.242722 -10.877987
v  187.094894 74.935448 -10.467736
v  186.854538 75.628426 -9.976967
v  186.597900 76.323334 -9.417280
v  185.761536 77.620155 -7.535114
v  185.947174 77.007668 -8.001063
v  186.276276 76.317543 -8.785318
v  185.887390 74.854286 -9.979970
v  187.151901 73.406197 -10.490578
v  187.388382 71.846176 -10.843343
v  187.471420 71.099564 -10.928969
v  185.950455 71.071114 -11.197044
v  185.932739 72.536537 -10.967068
v  187.549545 70.499390 -11.015864
v  187.627625 70.005722 -11.115013
v  186.084839 70.001106 -11.250542
v  186.029968 70.471313 -11.284359
v  187.708344 69.580200 -11.229646
v  187.840576 69.148140 -11.523710
v  186.283798 69.118240 -11.807328
v  186.184906 69.546684 -11.527930
v  187.961182 68.717682 -11.782932
v  188.363586 68.065819 -12.359056
v  186.628708 68.036888 -12.661249
v  186.378906 68.687317 -12.071190
v  188.917770 67.246765 -13.602147
v  189.521454 66.560448 -14.980473
v  187.457184 66.526031 -15.340040
v  187.029099 67.215271 -13.931132
v  189.985580 64.916046 -16.426409
v  192.186340 65.250084 -16.006327
v  190.037552 65.244164 -16.590628
v  189.985580 64.916046 -16.426409
v  192.186340 65.250084 -16.006327
v  187.809128 65.207008 -16.978785
v  187.787460 64.879387 -16.809292
v  189.985580 64.916046 -16.426409
v  190.037552 65.244164 -16.590628
v  187.809128 65.207008 -16.978785
v  186.667557 68.249260 -19.480421
v  186.695175 67.763298 -19.828503
v  186.168732 68.219894 -14.079824
v  186.222931 67.862007 -14.703062
v  186.054581 69.306839 -13.132162
v  186.031174 69.734360 -12.823291
v  185.973022 70.225311 -12.254946
v  186.013412 70.084641 -12.586746
v  185.972961 70.327599 -12.227179
v  185.973892 71.292641 -12.003050
v  185.920807 70.467445 -11.294840
v  185.926041 71.060219 -11.201110
v  185.960953 68.673119 -12.106533
v  185.945374 69.010353 -11.896330
v  186.152008 67.189064 -14.002630
v  186.080292 67.722176 -13.172106
v  186.277847 66.490784 -15.436176
v  186.211441 66.859253 -14.679738
v  186.399658 64.837929 -16.922419
v  186.348236 65.535713 -16.294977
v  187.809128 65.207008 -16.978785
v  186.406830 64.963234 -16.987349
v  183.794373 64.336212 13.833230
v  183.946198 63.263855 15.929660
v  183.374710 63.359119 15.695890
v  183.714722 65.289276 13.209910
v  183.769012 64.794815 13.355682
v  183.622971 65.321411 13.204468
v  183.755524 64.529327 12.466295
v  183.912262 63.432465 14.736184
v  183.837967 63.937908 13.513045
v  183.946198 63.263855 15.929660
v  183.952606 63.186626 15.691533
v  186.038727 63.846909 14.792760
v  186.243912 63.390778 15.707825
v  185.777069 64.445740 13.641807
v  187.732635 64.555428 13.273690
v  188.175552 63.898678 14.380862
v  188.526077 63.382179 15.258851
v  185.576691 64.907089 13.169369
v  185.493286 65.399719 13.026594
v  187.244873 65.533524 12.679901
v  187.356949 65.043060 12.816998
v  185.407043 65.894836 12.866673
v  187.009766 66.543182 12.382423
v  187.127655 66.026253 12.526113
v  185.319260 66.414070 12.717024
v  185.208008 67.102097 12.306567
v  186.849915 67.192192 12.067412
v  184.832901 69.905083 12.576063
v  186.452393 70.010315 12.360813
v  185.391403 74.015991 11.040477
v  184.041748 73.897224 11.218165
v  184.293488 75.992676 8.639303
v  185.124969 74.219040 10.416215
v  184.719467 75.143318 9.584343
v  184.056030 73.232140 11.081432
v  185.620956 72.500153 11.219289
v  185.403839 73.346588 10.914558
v  184.210892 72.388809 11.390637
v  184.372803 71.568390 11.623093
v  186.019073 70.873497 11.590217
v  185.830811 71.675224 11.445896
v  184.525635 70.771797 11.774070
v  184.654633 69.996010 11.838206
v  186.297989 69.313622 11.618189
v  186.172836 70.092422 11.647635
v  184.766205 69.222672 11.815322
v  184.866348 68.434944 11.701251
v  186.485092 67.791855 11.349741
v  186.399490 68.520340 11.497856
v  184.955872 67.710815 11.559536
v  185.036224 67.120728 11.465056
v  186.641525 66.706085 11.185346
v  186.533081 67.266670 11.097024
v  185.116318 66.589615 11.487233
v  185.200485 66.073494 11.614972
v  183.815384 66.508797 11.621314
v  183.782883 65.490471 11.905908
v  186.863327 65.702301 11.439559
v  186.752869 66.192062 11.307708
v  185.282990 65.581596 11.752357
v  185.362961 65.091927 11.874264
v  185.544357 64.628143 12.293590
v  187.308990 64.724831 11.961087
v  186.969162 65.214592 11.556346
v  185.785385 64.045494 13.325028
v  186.040741 63.550045 14.530688
v  188.156189 63.530094 14.112812
v  187.714355 64.083099 12.951905
v  186.219086 63.311821 15.472710
v  183.946198 63.263855 15.929660
v  186.243912 63.390778 15.707825
v  186.219086 63.311821 15.472710
v  183.946198 63.263855 15.929660
v  188.526077 63.382179 15.258851
v  188.473190 63.277874 15.025646
v  186.219086 63.311821 15.472710
v  186.243912 63.390778 15.707825
v  188.526077 63.382179 15.258851
v  190.274597 63.788357 13.753959
v  190.782898 63.073612 14.559999
v  189.638977 64.640488 12.728552
v  191.467209 64.745338 12.021804
v  192.288605 63.699570 12.951119
v  193.887894 62.350636 16.546295
v  191.433594 63.409874 13.276470
v  192.551666 63.768105 16.914244
v  194.392380 63.123550 16.686844
v  189.087189 65.201157 12.301969
v  188.947235 65.689087 12.173170
v  190.579346 65.864319 11.513756
v  190.746017 65.379272 11.631760
v  188.799911 66.179070 12.028345
v  188.556625 66.810432 11.639956
v  190.138107 66.940346 11.092487
v  190.403152 66.351204 11.380591
v  188.055359 70.136978 11.997194
v  189.621704 70.284332 11.484230
v  187.648743 71.673668 11.772041
v  187.104706 73.299438 11.236432
v  188.028412 74.310333 10.310284
v  185.821075 76.413361 7.617209
v  185.828323 75.270477 9.332631
v  186.369705 74.352188 10.139937
v  187.585876 74.502228 9.746544
v  186.909821 75.412567 8.976439
v  186.739655 73.480629 10.623492
v  187.019867 72.631676 10.918403
v  188.390228 72.782097 10.486220
v  188.046722 73.632828 10.206869
v  187.277771 71.802376 11.135135
v  187.500977 70.995483 11.269814
v  188.953033 71.137039 10.811041
v  188.695755 71.948929 10.688922
v  187.678680 70.208946 11.318319
v  187.816284 69.424370 11.281012
v  189.302261 69.554573 10.802469
v  189.153534 70.345016 10.848628
v  187.917709 68.625107 11.154146
v  187.997696 67.891907 10.999813
v  189.474762 68.010849 10.509353
v  189.402115 68.749023 10.669233
v  188.075287 67.297096 10.892055
v  188.123871 66.841545 10.744104
v  189.628128 66.914856 10.324672
v  189.548309 67.413445 10.395258
v  188.261627 66.329910 10.858606
v  188.399261 65.842644 10.982371
v  189.871780 66.000763 10.387427
v  189.708115 66.485229 10.274186
v  188.530228 65.357246 11.091673
v  189.029739 64.794762 11.468125
v  190.680023 64.882545 10.829355
v  190.026871 65.517960 10.486992
v  189.611359 63.956322 12.381804
v  190.250977 63.208317 13.459515
v  192.261902 62.907784 12.632726
v  191.431641 63.848942 11.652965
v  190.708252 62.897186 14.323717
v  188.526077 63.382179 15.258851
v  190.782898 63.073612 14.559999
v  190.708252 62.897186 14.323717
v  188.526077 63.382179 15.258851
v  192.997421 61.288116 13.216185
v  192.902237 61.039227 12.979367
v  190.708252 62.897186 14.323717
v  190.782898 63.073612 14.559999
v  192.997421 61.288116 13.216185
v  197.237213 63.332409 15.386331
v  197.719543 62.383667 15.379411
v  193.188431 64.914352 11.168857
v  194.170319 63.815922 12.011414
v  194.784454 65.121788 10.177490
v  195.907837 64.041748 10.932166
v  199.782944 62.655663 14.084002
v  199.375824 63.608837 14.058899
v  192.312057 65.575302 10.813845
v  192.120148 66.057182 10.709017
v  193.550934 66.265099 9.769948
v  194.263702 65.780693 9.871021
v  191.916702 66.540649 10.590087
v  191.653091 67.089996 10.396067
v  193.078644 67.258591 9.555997
v  193.322174 66.744896 9.667628
v  191.128693 70.451424 10.821619
v  192.552505 70.636826 10.012579
v  190.603836 72.002625 10.652306
v  189.839691 73.633904 10.194252
v  190.460922 74.667656 9.081899
v  188.448181 75.378532 9.016619
v  187.085175 76.379486 7.692047
v  184.757950 77.530930 5.258619
v  187.421921 76.686432 6.789158
v  187.948410 75.567703 8.516026
v  188.755844 74.667328 9.235764
v  189.861435 74.844902 8.610138
v  189.306061 73.801521 9.663904
v  189.712082 72.950081 9.921549
v  190.964264 73.133423 9.226233
v  190.497696 73.984291 8.996774
v  190.064194 72.113708 10.105926
v  190.354248 71.297249 10.212639
v  191.682236 71.474495 9.476472
v  191.361130 72.294838 9.387900
v  190.576141 70.499969 10.237508
v  190.734512 69.703667 10.181819
v  192.090408 69.870697 9.421570
v  191.923828 70.672508 9.487082
v  190.831345 68.891739 10.042810
v  190.895096 68.148399 9.878572
v  192.236694 68.303940 9.111018
v  192.183014 69.052505 9.277883
v  190.962906 67.548248 9.758980
v  190.886719 67.162071 9.469180
v  192.372345 67.200333 8.904553
v  192.297424 67.701035 8.987321
v  191.073685 66.656158 9.560967
v  191.261948 66.174774 9.661367
v  192.552826 66.362358 8.814112
v  192.341736 66.840439 8.728701
v  191.439804 65.694801 9.749043
v  192.233215 65.032761 10.059426
v  193.673203 65.219925 9.164987
v  192.751816 65.885468 8.887918
v  193.130432 63.944828 10.803638
v  194.173996 61.451675 11.236696
v  195.887375 61.674358 10.172438
v  194.698074 64.148590 9.829912
v  194.888458 61.073116 11.978079
v  192.997421 61.288116 13.216185
v  195.007996 61.348270 12.205347
v  194.888458 61.073116 11.978079
v  192.997421 61.288116 13.216185
v  196.857620 61.588669 11.056461
v  196.712936 61.310242 10.844809
v  194.888458 61.073116 11.978079
v  195.007996 61.348270 12.205347
v  196.857620 61.588669 11.056461
v  201.319824 63.910282 12.558699
v  201.784714 62.966202 12.532067
v  196.237122 65.341896 9.055484
v  197.489258 64.281364 9.710699
v  197.529068 65.571815 7.817720
v  198.895752 64.531670 8.363212
v  203.562988 63.293976 10.817819
v  203.049805 64.228844 10.902693
v  195.089554 66.010712 8.779612
v  194.852921 66.485603 8.707552
v  196.010605 66.715775 7.535916
v  196.266205 66.244667 7.588794
v  194.601135 66.961494 8.624025
v  194.390366 67.444908 8.579463
v  195.565308 67.647194 7.478116
v  195.738342 67.187614 7.473114
v  193.867111 70.838615 9.062671
v  195.047241 71.054131 7.982312
v  193.239426 72.399193 8.967496
v  192.274887 74.027306 8.628930
v  192.528183 75.065872 7.388451
v  189.402725 76.841324 5.973877
v  185.672821 77.719734 4.632362
v  190.882797 75.032143 7.873986
v  191.800949 75.225533 7.035346
v  190.644913 76.084564 6.546670
v  191.599716 74.178391 8.209674
v  192.123352 73.329552 8.404319
v  193.166336 73.535110 7.464275
v  192.590851 74.380249 7.310953
v  192.562225 72.490044 8.538871
v  192.912125 71.666878 8.606704
v  194.019318 71.871674 7.612149
v  193.643387 72.696289 7.567457
v  193.171585 70.860939 8.601749
v  193.344971 70.054199 8.526444
v  194.473663 70.252182 7.505830
v  194.294617 71.062935 7.590600
v  193.432632 69.230110 8.379561
v  193.475662 68.476494 8.212250
v  194.588898 68.664444 7.192211
v  194.556244 69.422798 7.357509
v  193.528458 67.870781 8.086230
v  193.266296 67.535126 7.726390
v  194.699738 67.553200 6.976141
v  194.633667 68.056107 7.065989
v  193.495651 67.035851 7.787130
v  193.727524 66.561279 7.855587
v  194.772034 66.768967 6.798504
v  194.521683 67.239868 6.748747
v  193.945740 66.087662 7.913701
v  194.983841 65.418510 8.152680
v  196.149475 65.625954 7.035933
v  195.007355 66.298737 6.839312
v  196.124878 64.364769 8.727865
v  197.446838 61.910633 8.967933
v  198.833786 62.157467 7.639162
v  197.393860 64.590607 7.512125
v  198.373520 61.561855 9.562206
v  196.857620 61.588669 11.056461
v  198.541077 61.843750 9.756179
v  198.373520 61.561855 9.562206
v  196.857620 61.588669 11.056461
v  200.038315 62.110199 8.321746
v  199.850403 61.824688 8.147276
v  198.373520 61.561855 9.562206
v  198.541077 61.843750 9.756179
v  200.038315 62.110199 8.321746
v  204.545197 64.561066 9.107319
v  205.094772 63.635162 8.960320
v  198.643021 65.808731 6.479084
v  200.108444 64.789574 6.905912
v  199.566132 66.049599 5.056991
v  201.113373 65.051826 5.357758
v  206.361847 63.985542 6.982320
v  205.788101 64.903168 7.193619
v  197.280426 66.485596 6.301274
v  197.008499 66.952827 6.269137
v  197.835068 67.193733 4.923689
v  198.120529 66.730431 4.933797
v  196.718582 67.420464 6.228741
v  196.580795 67.862999 6.266285
v  197.230545 68.145508 4.896758
v  197.530533 67.657089 4.907089
v  197.329544 68.586304 5.038282
v  196.067703 71.280212 6.785617
v  196.907532 71.513039 5.491663
v  195.357971 72.841057 6.779101
v  194.231232 74.454254 6.599271
v  194.072235 75.476715 5.312513
v  192.101181 76.110130 5.997548
v  190.007629 76.999741 5.255532
v  190.509476 77.155685 4.480191
v  192.725632 76.297241 5.032776
v  186.405121 77.913780 3.842222
v  186.065735 77.728554 3.767766
v  193.254593 75.616478 5.097241
v  193.449692 74.586288 6.312149
v  194.070023 73.746506 6.418176
v  194.158295 74.792458 5.229107
v  194.580322 72.910095 6.486077
v  194.979019 72.085655 6.505468
v  195.352509 73.127472 5.312114
v  195.268021 71.275513 6.466500
v  195.451843 70.461884 6.372734
v  196.070663 71.495064 5.247351
v  195.529892 69.628128 6.224786
v  195.553299 68.865562 6.063974
v  195.590790 68.254753 5.939660
v  195.652451 67.750809 5.848712
v  196.439499 67.959206 4.634034
v  196.381317 68.464043 4.724566
v  195.738525 67.313393 5.783286
v  195.672363 66.982849 5.655582
v  196.617584 67.120987 4.508699
v  196.524231 67.521797 4.565952
v  195.922409 66.516106 5.677672
v  197.154510 65.839691 5.828178
v  197.987366 66.057022 4.545126
v  196.680374 66.737007 4.443896
v  198.487991 64.823288 6.197306
v  200.029648 62.411789 6.202105
v  201.020615 62.670380 4.675451
v  199.394653 65.059883 4.800515
v  201.123795 62.095512 6.617035
v  200.038315 62.110199 8.321746
v  201.329269 62.384747 6.770414
v  201.123795 62.095512 6.617035
v  200.038315 62.110199 8.321746
v  202.399033 62.663898 5.122363
v  202.179016 62.370869 4.991392
v  201.123795 62.095512 6.617035
v  201.329269 62.384747 6.770414
v  202.399033 62.663898 5.122363
v  206.761078 65.251305 5.181134
v  207.346268 64.341072 4.905679
v  200.285522 66.291443 3.568855
v  201.896545 65.315094 3.737704
v  200.793472 66.531197 2.033742
v  202.449524 65.576088 2.066508
v  208.035370 64.697113 2.756203
v  207.450653 65.601173 3.094028
v  198.774811 66.976128 3.503109
v  198.478806 67.435455 3.516046
v  198.932800 67.674973 2.064247
v  199.236237 67.219589 2.027544
v  198.162888 67.894554 3.524346
v  197.851837 68.378799 3.538217
v  198.289993 68.609970 2.137059
v  198.608856 68.129837 2.098228
v  197.973175 68.819450 3.664966
v  198.350006 69.655472 2.342740
v  198.412323 69.055084 2.242917
v  198.201813 71.206123 2.595810
v  197.549194 71.748528 4.122627
v  197.223175 72.518135 4.186796
v  197.649048 72.747917 2.788667
v  197.982346 71.982430 2.703420
v  196.782776 73.297974 4.215084
v  196.225632 74.088135 4.222360
v  196.627930 74.304207 2.897993
v  197.198196 73.521858 2.847847
v  195.549957 74.884026 4.223239
v  194.607849 75.677605 4.171053
v  194.972626 75.870911 2.986756
v  195.936844 75.090477 2.955994
v  193.206802 76.479401 4.011713
v  190.898651 77.306602 3.659707
v  191.169037 77.450188 2.807428
v  193.537079 76.653694 2.951851
v  186.909363 78.101044 2.929264
v  186.425934 78.138435 2.830657
v  192.383835 76.612556 3.871673
v  194.106018 75.989281 2.919396
v  195.069748 75.190392 2.887387
v  196.375153 72.525665 4.029974
v  196.340347 73.556877 2.772345
v  197.099457 71.938980 2.611900
v  196.989288 68.680450 3.440380
v  197.045395 68.174919 3.351404
v  196.818878 68.570801 1.941680
v  197.404968 68.900215 2.109232
v  197.129578 67.737579 3.281533
v  196.998917 67.418282 3.171662
v  197.408524 67.634407 1.861810
v  197.111526 68.089973 1.899366
v  197.270676 66.958687 3.153089
v  198.636429 66.275208 3.202484
v  199.094711 66.491531 1.817462
v  197.686996 67.178322 1.821789
v  200.101257 65.297432 3.338858
v  201.792908 62.929996 3.077897
v  202.289978 64.687248 1.887591
v  200.600174 65.532921 1.831058
v  203.001389 62.647324 3.290251
v  202.399033 62.663898 5.122363
v  203.232742 62.944160 3.397776
v  203.001389 62.647324 3.290251
v  202.399033 62.663898 5.122363
v  203.821396 63.222012 1.618749
v  203.582047 62.921402 1.535409
v  203.001389 62.647324 3.290251
v  203.232742 62.944160 3.397776
v  203.821396 63.222012 1.618749
v  207.843903 65.948685 0.954607
v  208.416916 65.049332 0.558546
v  201.082245 66.765831 0.470723
v  202.763885 65.831528 0.364936
v  201.149582 66.992432 -1.100434
v  202.837189 66.078232 -1.345498
v  208.485153 65.392776 -1.658948
v  207.933273 66.288986 -1.209857
v  199.497757 67.457718 0.525431
v  199.190125 67.909286 0.586330
v  199.248764 68.135445 -0.899018
v  199.557373 67.687569 -0.984236
v  198.861618 68.359993 0.646450
v  198.538330 68.836098 0.710693
v  198.594940 69.054367 -0.722845
v  198.919235 68.582146 -0.812625
v  198.641068 69.288750 0.795849
v  198.576874 69.888847 0.893381
v  198.592865 70.115601 -0.557084
v  198.660233 69.516365 -0.652765
v  198.530182 70.633621 1.013653
v  198.424362 71.437798 1.140824
v  198.433655 71.660934 -0.314344
v  198.542618 70.859245 -0.441662
v  198.201569 72.210587 1.259450
v  197.863815 72.970772 1.366099
v  197.869431 73.183235 -0.056239
v  198.208694 72.429260 -0.184449
v  197.407120 73.737663 1.456751
v  196.830688 74.511154 1.550371
v  196.835693 74.706078 0.202934
v  197.411514 73.942192 0.066033
v  196.133926 75.287048 1.665938
v  195.161407 76.054031 1.780321
v  195.174973 76.224709 0.572195
v  196.142548 75.471260 0.375281
v  193.711426 76.817841 1.871199
v  191.316101 77.584610 1.937152
v  191.339157 77.708344 1.062868
v  193.729919 76.969933 0.787728
v  187.153671 78.270828 1.944808
v  186.647736 78.294228 1.936497
v  190.548096 77.676140 1.938993
v  194.300949 76.321106 0.654139
v  192.879715 77.072289 0.867597
v  195.267410 75.548500 0.454776
v  196.988785 72.954781 1.358338
v  196.544128 73.954414 0.136713
v  197.516174 71.556053 -0.257275
v  197.622314 69.119041 0.753727
v  197.042938 68.774834 0.654773
v  197.094009 68.971756 -0.638604
v  197.641907 69.332947 -0.603688
v  197.339584 68.297615 0.589531
v  197.640671 67.845772 0.528385
v  197.693588 68.049820 -0.811735
v  197.391556 68.498062 -0.726885
v  197.922958 67.393166 0.466538
v  199.355240 66.703224 0.407260
v  199.416000 66.907684 -1.010283
v  197.976730 67.600571 -0.895524
v  200.883804 65.763382 0.295849
v  202.599976 64.939140 0.209650
v  202.672256 65.182419 -1.477024
v  200.949936 65.985947 -1.247355
v  203.912140 63.189617 -0.251333
v  203.821396 63.222012 1.618749
v  204.156052 63.493946 -0.192617
v  203.912140 63.189617 -0.251333
v  203.821396 63.222012 1.618749
v  204.234085 63.756561 -2.013415
v  203.989120 63.448658 -2.047377
v  203.912140 63.189617 -0.251333
v  204.156052 63.493946 -0.192617
v  204.234085 63.756561 -2.013415
v  207.711746 66.617683 -3.374259
v  208.234879 65.722923 -3.869262
v  200.993225 67.208115 -2.659958
v  202.666977 66.313026 -3.043265
v  200.616562 67.410225 -4.188369
v  202.256927 66.533035 -4.707167
v  207.668869 66.034828 -6.042487
v  207.179733 66.929642 -5.508728
v  199.413040 67.906204 -2.482456
v  199.106766 68.350540 -2.373105
v  198.767136 68.551987 -3.817517
v  199.067856 68.110931 -3.950518
v  198.779739 68.793457 -2.260636
v  198.457886 69.261955 -2.145513
v  198.190018 69.445282 -3.556428
v  198.446106 68.991325 -3.679504
v  198.473419 69.733788 -2.080922
v  198.402069 70.331680 -1.986337
v  198.013687 70.533760 -3.374283
v  198.089386 69.937599 -3.468680
v  198.347122 71.073532 -1.874909
v  198.234741 71.871910 -1.746779
v  197.837769 72.067802 -3.136120
v  197.953430 71.273254 -3.265814
v  198.009048 72.635132 -1.605344
v  197.671249 73.382324 -1.455602
v  197.279633 73.565643 -2.811920
v  197.612946 72.825508 -2.982944
v  197.216721 74.132820 -1.301971
v  196.647949 74.886787 -1.122644
v  196.277191 75.051590 -2.407240
v  196.832947 74.307526 -2.627568
v  195.966980 75.641197 -0.895326
v  195.016556 76.381416 -0.618419
v  194.693832 76.522995 -1.774268
v  195.616058 75.795448 -2.127524
v  193.594635 77.108765 -0.281483
v  191.238846 77.820457 0.198140
v  191.019211 77.920181 -0.644406
v  193.311768 77.233398 -1.320871
v  187.123398 78.414902 0.945711
v  186.621109 78.426620 1.028692
v  193.851334 76.598022 -1.548627
v  194.769943 75.850349 -1.904648
v  197.467133 69.537880 -1.941942
v  196.970352 69.159042 -1.922180
v  197.174347 69.226158 -3.322766
v  197.106369 69.730408 -3.241969
v  197.265701 68.688690 -2.033325
v  197.565475 68.243912 -2.141698
v  197.371246 68.394569 -3.477811
v  197.268677 68.791664 -3.401573
v  197.846512 67.797813 -2.247262
v  199.274933 67.102264 -2.417329
v  198.935104 67.284615 -3.796307
v  197.535080 67.982536 -3.571789
v  200.796371 66.197800 -2.779127
v  202.504425 65.413948 -3.151213
v  202.148285 64.131042 -5.249680
v  200.426407 66.396294 -4.280349
v  203.810394 63.695202 -3.830122
v  204.234085 63.756561 -2.013415
v  204.052887 64.006508 -3.820729
v  203.810394 63.695202 -3.830122
v  204.234085 63.756561 -2.013415
v  203.616394 64.240723 -5.591991
v  203.379822 63.926243 -5.577303
v  203.810394 63.695202 -3.830122
v  204.052887 64.006508 -3.820729
v  203.616394 64.240723 -5.591991
v  206.338364 67.220345 -7.585988
v  206.790588 66.324005 -8.150507
v  200.022949 67.596115 -5.666197
v  201.610687 66.735413 -6.315996
v  199.221176 67.763573 -7.075229
v  200.737854 66.917717 -7.849933
v  205.612625 66.585991 -10.163680
v  205.198212 67.484825 -9.575286
v  198.524887 68.299088 -5.369714
v  198.232910 68.737122 -5.213855
v  197.512039 68.903740 -6.544908
v  197.792206 68.468445 -6.722560
v  197.921341 69.173187 -5.051141
v  197.620819 69.633919 -4.889654
v  196.876053 69.803368 -6.149702
v  197.213211 69.336861 -6.358649
v  197.517731 70.124542 -4.798092
v  197.437851 70.718742 -4.702983
v  196.687790 70.884369 -5.957142
v  196.771332 70.292236 -6.053764
v  197.372177 71.455544 -4.596421
v  197.253769 72.246063 -4.464441
v  196.496613 72.404739 -5.716689
v  196.616974 71.618324 -5.851537
v  197.031616 72.998146 -4.299458
v  196.705826 73.731255 -4.107646
v  195.963730 73.877754 -5.328166
v  196.279053 73.151329 -5.540026
v  196.271240 74.464691 -3.893574
v  195.733994 75.199188 -3.634116
v  195.031540 75.328682 -4.789340
v  195.545258 74.603172 -5.085692
v  195.099487 75.933067 -3.305098
v  194.215271 76.648727 -2.879936
v  193.592117 76.758072 -3.922413
v  194.429642 76.053314 -4.414486
v  192.888214 77.343369 -2.316314
v  190.684875 78.007187 -1.453015
v  190.243088 78.081215 -2.217438
v  192.333633 77.438255 -3.255754
v  186.821945 78.527832 -0.011175
v  186.491379 78.304298 0.166914
v  192.100266 77.417450 -2.029472
v  192.816727 76.813560 -3.564146
v  194.281219 75.977394 -3.013817
v  193.647705 76.087723 -4.057784
v  195.453827 74.444847 -3.610782
v  194.761871 74.573814 -4.736272
v  196.190125 72.900734 -4.014993
v  195.671097 72.261208 -5.356202
v  195.812469 70.677376 -5.577561
v  196.568985 69.907364 -4.486679
v  196.641296 69.404251 -4.568060
v  195.943649 69.564537 -5.744320
v  195.867386 70.066345 -5.661498
v  196.738174 68.970863 -4.650370
v  196.842438 68.574760 -4.731216
v  196.126663 68.743004 -5.905622
v  195.852341 69.178986 -5.730671
v  196.934204 68.185951 -4.806880
v  198.399521 67.452332 -5.129647
v  197.676147 67.603416 -6.400915
v  196.384155 68.305092 -6.072808
v  199.843353 66.578888 -5.731883
v  201.511032 64.330597 -6.836167
v  200.650314 64.510376 -8.348799
v  199.055847 66.743362 -7.115846
v  202.701233 64.138741 -7.266661
v  203.616394 64.240723 -5.591991
v  202.928452 64.456146 -7.304633
v  202.701233 64.138741 -7.266661
v  203.616394 64.240723 -5.591991
v  201.999283 64.650208 -8.937547
v  201.784714 64.330162 -8.877374
v  202.701233 64.138741 -7.266661
v  202.928452 64.456146 -7.304633
v  201.999283 64.650208 -8.937547
v  204.147598 66.816803 -12.055454
v  198.220062 67.910370 -8.397256
v  199.647980 67.077522 -9.289152
v  197.033386 68.034782 -9.616254
v  198.356125 67.212975 -10.616206
v  199.647980 67.077522 -9.289152
v  197.033386 68.034782 -9.616254
v  196.877853 68.616707 -7.991571
v  196.612396 69.049599 -7.793479
v  196.436920 68.929741 -9.152363
v  196.188919 69.360603 -8.935427
v  197.520355 68.804268 -7.982574
v  195.546417 69.173042 -8.944427
v  197.033386 68.034782 -9.616254
v  196.451767 68.950912 -9.152675
v  197.535202 68.825439 -7.982885
v  197.030029 68.370346 -9.626652
v  196.329498 69.480148 -7.585137
v  195.967850 69.951271 -7.322450
v  195.896484 69.734566 -8.705712
v  195.635864 70.188942 -8.477601
v  196.943619 69.613327 -7.575119
v  195.021729 70.055779 -8.487617
v  195.546417 69.173042 -8.944427
v  195.905884 69.753006 -8.706062
v  196.953018 69.631775 -7.575469
v  196.169937 69.324654 -8.934759
v  195.862595 70.438431 -7.221784
v  195.776199 71.028473 -7.123053
v  195.299088 70.643646 -8.204685
v  195.210281 71.228134 -8.097688
v  196.336349 70.523262 -7.137432
v  194.717758 71.149727 -8.189357
v  194.910675 70.076096 -8.396103
v  195.307404 70.666512 -8.205441
v  196.344666 70.546188 -7.138132
v  195.412033 70.182617 -8.316636
v  195.700821 71.759659 -7.017641
v  195.579529 72.542137 -6.879533
v  195.109924 71.863930 -7.985874
v  194.991135 72.634659 -7.842170
v  196.149887 71.746735 -6.921815
v  194.517349 72.657211 -7.942027
v  194.717758 71.149727 -8.189357
v  195.116486 71.895020 -7.986109
v  196.156387 71.777908 -6.922108
v  195.195313 71.173050 -8.096198
v  195.368469 73.283676 -6.691535
v  195.066467 74.003914 -6.460635
v  194.767242 73.266380 -7.650006
v  194.491211 73.973457 -7.404717
v  195.798813 73.154968 -6.599333
v  194.028687 74.108955 -7.494587
v  194.517349 72.657211 -7.942027
v  194.780563 73.301682 -7.646456
v  195.811310 73.190392 -6.596129
v  194.976639 72.572937 -7.844252
v  194.667908 74.722023 -6.191392
v  194.182281 75.439384 -5.860667
v  193.667236 75.309555 -6.774921
v  194.103729 74.603333 -7.128220
v  195.099670 74.501427 -6.118114
v  193.200180 75.530762 -6.838169
v  194.028687 74.108955 -7.494587
v  195.109573 74.528000 -6.113687
v  194.114685 74.629860 -7.123313
v  194.475739 73.924454 -7.410850
v  193.618225 76.155708 -5.443683
v  192.835114 76.850685 -4.890088
v  192.426285 76.635849 -5.754348
v  193.124359 75.945496 -6.350853
v  194.054031 75.856117 -5.407154
v  191.956726 76.926308 -5.773493
v  193.200180 75.530762 -6.838169
v  194.068222 75.878929 -5.400599
v  193.140106 75.968346 -6.343612
v  193.642151 75.258873 -6.787134
v  191.657394 77.517929 -4.128307
v  189.700974 78.142220 -2.928251
v  189.501617 77.890747 -3.615875
v  191.268082 77.257881 -4.949171
v  192.057785 77.188271 -4.142949
v  189.067551 78.190102 -3.577680
v  191.956726 76.926308 -5.773493
v  192.102859 77.196640 -4.133250
v  191.315552 77.266830 -4.938671
v  192.371658 76.600166 -5.772566
v  186.269043 78.606659 -0.873751
v  189.067551 78.190102 -3.577680
v  186.503586 78.369873 -0.895518
v  186.130920 78.398041 -1.289569
v  189.317230 77.899460 -3.637711
v  185.847488 78.602745 -0.626959
v  189.068008 78.190590 -2.559544
v  185.704102 78.400673 -1.002408
v  188.711670 77.955856 -3.223997
v  186.042755 78.375244 -0.642876
v  188.483505 78.233429 -3.160736
v  185.617691 78.403412 -1.005293
v  185.956604 78.378792 -0.645652
v  190.953293 77.575981 -3.720628
v  192.105515 76.897545 -4.471120
v  190.639862 77.329094 -4.488412
v  191.675308 76.644432 -5.309505
v  191.377014 77.265953 -3.735587
v  191.280441 76.965355 -5.298314
v  188.483505 78.233429 -3.160736
v  190.595795 77.319366 -4.498719
v  191.335281 77.256821 -3.745023
v  188.884369 77.950745 -3.204586
v  192.880920 76.181023 -5.025187
v  193.444641 75.436035 -5.446848
v  192.428909 75.988495 -5.877384
v  192.928818 75.247589 -6.322970
v  193.306519 75.906883 -4.991053
v  192.513885 75.519348 -6.365956
v  191.280441 76.965355 -5.298314
v  192.415207 75.964828 -5.885248
v  193.294510 75.883255 -4.998130
v  191.724716 76.681252 -5.290566
v  193.927216 74.684021 -5.778555
v  194.318039 73.928299 -6.045094
v  193.744431 73.843788 -6.937236
v  193.391891 74.586449 -6.655348
v  194.336258 74.491920 -5.704718
v  193.332016 74.026199 -7.018253
v  192.513885 75.519348 -6.365956
v  194.327820 74.464066 -5.709597
v  193.382278 74.558685 -6.660766
v  192.950470 75.300400 -6.309492
v  194.606796 73.169983 -6.270401
v  194.800476 72.391304 -6.450296
v  194.214539 72.423744 -7.351797
v  194.034012 73.188354 -7.164019
v  195.011337 73.083725 -6.175947
v  193.793747 72.500122 -7.448466
v  193.332016 74.026199 -7.018253
v  194.998428 73.044357 -6.179639
v  194.020126 73.149155 -7.168104
v  193.756866 73.893272 -6.930974
v  194.901474 71.573753 -6.577983
v  194.952942 70.814339 -6.669939
v  194.395798 70.966171 -7.578477
v  194.337112 71.716179 -7.482724
v  195.319061 71.605339 -6.484764
v  193.955902 70.929672 -7.667815
v  193.793747 72.500122 -7.448466
v  195.312286 71.572678 -6.484175
v  194.330322 71.683655 -7.482163
v  194.228668 72.488510 -7.349927
v  195.013611 70.205093 -6.753351
v  195.093094 69.704643 -6.838289
v  194.568756 69.944580 -7.766746
v  194.486694 70.442825 -7.672684
v  195.460526 70.328918 -6.675658
v  194.103409 69.823074 -7.838955
v  193.955902 70.929672 -7.667815
v  195.451920 70.305122 -6.674543
v  194.478165 70.419075 -7.671472
v  194.411392 71.023483 -7.580860
v  195.192703 69.273605 -6.929243
v  195.314987 68.874626 -7.032116
v  194.910904 69.147934 -8.062698
v  194.667953 69.579605 -7.849455
v  195.612701 69.470200 -6.829405
v  194.353226 68.985985 -8.070537
v  193.870163 69.875244 -7.644211
v  195.604065 69.451645 -6.829031
v  194.659302 69.561050 -7.849084
v  194.419189 70.018639 -7.636002
v  195.559189 68.438858 -7.217746
v  196.772903 67.735855 -7.593687
v  195.702255 67.848106 -8.693499
v  195.145294 68.399467 -8.255520
v  196.173706 68.291649 -7.199093
v  195.702255 67.848106 -8.693499
v  194.353226 68.985985 -8.070537
v  196.134323 68.636963 -7.210621
v  195.156815 68.750145 -8.266043
v  194.928345 69.184097 -8.063411
v  198.072556 66.887535 -8.414351
v  199.575577 64.667961 -9.768028
v  198.301651 64.801529 -11.076650
v  196.906998 67.009743 -9.611655
v  198.072556 66.887535 -8.414351
v  198.301651 64.801529 -11.076650
v  195.702255 67.848106 -8.693499
v  198.072556 66.887535 -8.414351
v  196.906998 67.009743 -9.611655
v  195.702255 67.848106 -8.693499
v  200.640289 64.497963 -10.388631
v  201.999283 64.650208 -8.937547
v  200.839096 64.820320 -10.469629
v  200.640289 64.497963 -10.388631
v  201.999283 64.650208 -8.937547
v  199.463882 64.964516 -11.882311
v  199.283768 64.640190 -11.782104
v  200.640289 64.497963 -10.388631
v  200.640289 64.497963 -10.388631
v  200.839096 64.820320 -10.469629
v  199.463882 64.964516 -11.882311
v  198.301651 64.801529 -11.076650
v  200.640289 64.497963 -10.388631
v  199.283768 64.640190 -11.782104
v  198.301651 64.801529 -11.076650
v  199.519058 64.752174 -11.206986
v  201.964828 65.849342 -13.090152
v  205.124939 58.405590 -15.414929
v  204.376068 59.046318 -15.781432
v  202.822937 59.588570 -18.030739
v  196.520798 68.173454 -14.368251
v  199.089508 58.784004 -17.942865
v  200.443787 59.632591 -19.628284
v  194.464478 68.240265 -15.390728
v  196.788330 58.870251 -19.140862
v  197.860916 59.729908 -20.948154
v  192.273407 68.272079 -16.218695
v  194.318283 58.914906 -20.113121
v  195.102539 59.779503 -22.014650
v  189.976089 68.268707 -16.841555
v  191.718338 58.917240 -20.844091
v  192.210526 59.781357 -22.814022
v  187.603241 68.230827 -17.253864
v  189.028275 58.878181 -21.326958
v  189.228195 59.736942 -23.340063
v  186.291779 67.407417 -15.494742
v  186.470047 68.197250 -17.346138
v  192.176712 64.259567 15.043644
v  192.987488 63.825150 14.963996
v  193.618378 63.830639 14.770833
v  192.098984 61.221333 13.069349
v  194.391235 61.521549 15.582290
v  195.671402 63.960381 13.744346
v  196.844345 54.067196 13.182937
v  194.304092 53.992840 14.780944
v  195.640793 54.200569 16.562412
v  198.235123 54.204613 15.062057
v  197.589325 64.208458 12.552421
v  199.412537 54.385826 11.475701
v  201.230118 54.565533 13.231776
v  199.349228 64.478775 11.192125
v  201.285522 54.668831 10.036521
v  203.345703 54.889282 11.632248
v  200.914444 64.763023 9.690542
v  202.975998 54.967434 8.467031
v  205.224991 55.228336 9.884965
v  202.264725 65.057831 8.064615
v  204.457748 55.278099 6.766693
v  206.868195 55.582695 7.989133
v  203.384323 65.359673 6.334191
v  205.713837 55.597607 4.952574
v  208.257065 55.949089 5.962641
v  204.257385 65.664894 4.519149
v  206.725906 55.922825 3.041733
v  209.370468 56.323673 3.824320
v  204.873337 65.969757 2.641607
v  207.480698 56.250496 1.052545
v  210.192490 56.702667 1.594699
v  205.221542 66.270409 0.723893
v  207.962677 56.577137 -0.995221
v  210.704697 57.081627 -0.703239
v  205.297379 66.563004 -1.210193
v  208.161102 56.899044 -3.080374
v  210.894318 57.455959 -3.044909
v  205.096497 66.843582 -3.136489
v  208.064148 57.212208 -5.179578
v  210.748047 57.820377 -5.402241
v  204.621185 67.108337 -5.030307
v  207.665634 57.512360 -7.267898
v  210.259506 58.169544 -7.745761
v  203.874435 67.353439 -6.866672
v  206.960159 57.794868 -9.317554
v  209.424561 58.497578 -10.042133
v  202.866318 67.575447 -8.621303
v  205.949707 58.055145 -11.299893
v  208.248199 58.798149 -12.255122
v  204.631195 58.288391 -13.190129
v  206.739716 59.058666 -14.327170
v  203.079056 58.469326 -14.849580
v  204.899384 59.231934 -16.002499
v  198.614883 64.836212 -12.026431
v  201.378662 65.888924 -13.636878
v  199.647980 67.077522 -9.289152
v  198.356125 67.212975 -10.616206
v  201.257355 67.908188 -12.405907
v  198.356125 67.212975 -10.616206
v  199.463882 64.964516 -11.882311
v  201.324509 65.674072 -12.966411
v  201.257355 67.908188 -12.405907
v  199.463882 64.964516 -11.882311
v  199.647980 67.077522 -9.289152
v  201.257355 67.908188 -12.405907
v  201.257355 67.908188 -12.405907
v  201.964828 65.849342 -13.090152
v  199.788544 66.014771 -14.839547
v  197.731506 66.125648 -16.147667
v  195.497345 66.198753 -17.257154
v  193.117950 66.233688 -18.155321
v  190.624542 66.230194 -18.830769
v  188.050400 66.189186 -19.277748
v  196.887192 61.527805 14.350923
v  198.949356 61.796856 13.068025
v  200.855652 62.090633 11.593815
v  202.550903 62.399830 9.966163
v  204.013000 62.720806 8.203499
v  205.225021 63.049770 6.327077
v  206.169586 63.382671 4.358498
v  206.835190 63.715492 2.321451
v  207.210159 64.043915 0.240357
v  207.289307 64.363785 -1.859226
v  207.067841 64.670609 -3.950680
v  206.548080 64.960274 -6.007405
v  205.733444 65.228462 -8.001786
v  204.634811 65.471397 -9.907619
v  203.265396 65.684479 -11.698099
v  201.257355 67.908188 -12.405907
v  201.378662 65.888924 -13.636878
v  203.589005 64.598572 -12.553144
v  200.035446 63.817482 -11.685781
v  197.517578 64.898911 -12.828724
v  198.008911 63.967274 -13.330761
v  200.276657 65.084984 -15.348620
v  195.824860 64.981499 -13.913548
v  196.263016 64.055275 -14.457433
v  198.164841 65.201385 -16.698999
v  193.979172 65.034660 -14.836442
v  194.358597 64.112862 -15.416723
v  195.872177 65.278397 -17.842899
v  192.003860 65.058250 -15.586571
v  192.319168 64.139275 -16.196287
v  193.429504 65.315666 -18.768593
v  189.922607 65.051666 -16.153147
v  190.170486 64.133904 -16.784668
v  190.869766 65.313004 -19.464306
v  187.761887 65.015099 -16.529907
v  187.940781 64.097046 -17.175512
v  188.227905 65.271400 -19.924231
v  186.639893 66.147392 -19.392570
v  186.691956 65.225952 -20.049448
v  194.548126 60.455948 15.811157
v  192.311371 60.158978 13.301948
v  194.643295 61.304565 11.787866
v  197.132385 60.464497 14.503983
v  196.449539 61.547756 10.663555
v  199.334015 60.747662 13.137374
v  198.089355 61.795952 9.397078
v  198.501251 60.750847 9.447077
v  201.273056 61.046303 11.642795
v  199.547867 62.054348 8.000207
v  199.988983 61.014156 8.029406
v  202.999741 61.360867 9.993238
v  200.805298 62.320103 6.489987
v  201.275101 61.285419 6.496322
v  204.492264 61.687813 8.206265
v  201.847122 62.589771 4.886369
v  202.344788 61.561214 4.867270
v  205.733398 62.023407 6.302673
v  202.658966 62.859993 3.209306
v  203.183167 61.838253 3.161756
v  206.705215 62.363628 4.303678
v  203.232330 63.127281 1.480556
v  203.781097 62.113087 1.401003
v  207.395477 62.704487 2.232554
v  203.558838 63.388325 -0.278183
v  204.129227 62.382389 -0.393603
v  207.791458 63.041611 0.113549
v  203.636353 63.639839 -2.044547
v  204.224228 62.642841 -2.199948
v  207.886826 63.370758 -2.027850
v  203.462769 63.878696 -3.796311
v  204.062653 62.891201 -3.995712
v  207.675461 63.687332 -4.164738
v  203.042282 64.102043 -5.511721
v  203.647202 63.124432 -5.758788
v  207.158401 63.986984 -6.270003
v  202.378952 64.307076 -7.169175
v  202.980606 63.339516 -7.466761
v  206.337921 64.265137 -8.315085
v  201.482819 64.491463 -8.748606
v  202.071716 63.533783 -9.098425
v  205.223999 64.517647 -10.272250
v  200.363693 64.652840 -10.230004
v  200.928162 63.704567 -10.633434
v  203.829254 64.738541 -12.110044
v  199.164063 63.892433 -12.455807
v  202.320313 64.571983 -13.659987
v  200.922165 60.945110 -13.605508
v  204.213058 61.574245 -11.860542
v  206.446228 64.683334 -13.116264
v  200.094421 65.195053 -17.571709
v  200.870758 63.516876 -18.390564
v  207.061096 62.821198 -13.192044
v  197.769897 61.221226 -16.316900
v  197.949753 65.314583 -18.947117
v  198.643661 63.645702 -19.833792
v  195.654495 61.294060 -17.403301
v  195.622787 65.393974 -20.111694
v  196.227692 63.731308 -21.052374
v  193.386078 61.330219 -18.285505
v  193.142822 65.432716 -21.053972
v  193.650833 63.773792 -22.037825
v  190.997391 61.328972 -18.949863
v  190.543808 65.430588 -21.761942
v  190.949936 63.773037 -22.777500
v  188.522766 61.290970 -19.389761
v  187.861679 65.388657 -22.229723
v  188.163498 63.730190 -23.265430
v  186.983490 63.695404 -23.361927
v  193.351059 56.847565 14.089964
v  195.114227 57.098835 16.243406
v  198.172638 60.105972 15.948525
v  199.740250 60.111538 15.166684
v  200.083679 58.236843 15.333988
v  198.501160 58.232193 16.204527
v  202.033188 60.406525 13.741828
v  202.615234 58.550785 13.774303
v  199.981995 57.485950 9.752597
v  203.992325 60.708069 12.235195
v  204.621567 58.859009 12.239830
v  201.577271 57.767952 8.254328
v  205.737350 61.025639 10.573560
v  206.412888 59.183975 10.548855
v  202.967316 58.060108 6.632622
v  207.247910 61.355923 8.773137
v  207.969284 59.522552 8.715718
v  204.136124 58.359077 4.905498
v  208.506561 61.695259 6.854433
v  209.273041 59.871239 6.759994
v  205.066956 58.661671 3.091158
v  209.495026 62.039627 4.838372
v  210.304840 60.226051 4.701889
v  205.748489 58.964527 1.209272
v  210.200638 62.385071 2.747964
v  211.050964 60.583118 2.563503
v  206.168091 59.264259 -0.719618
v  210.610001 62.727203 0.607314
v  211.496201 60.938023 0.368563
v  206.318466 59.557358 -2.673951
v  210.716049 63.061726 -1.558155
v  211.631531 61.286373 -1.857870
v  206.191696 59.840134 -4.630857
v  210.511856 63.383972 -3.721394
v  211.447739 61.623302 -4.088387
v  205.785721 60.108948 -6.566763
v  209.997620 63.689472 -5.854984
v  210.942734 61.943996 -6.294885
v  205.098923 60.359882 -8.456352
v  209.174866 63.973480 -7.929806
v  210.116043 62.243393 -8.446772
v  204.136520 60.589252 -10.274422
v  208.052811 64.231514 -9.916920
v  208.975739 62.516453 -10.512984
v  202.899384 60.793247 -11.999044
v  206.645050 64.456917 -11.781251
v  207.531158 62.754211 -12.451472
v  201.239899 60.978920 -13.745254
v  205.562744 64.575127 -12.896786
v  206.518539 62.867317 -13.504331
v  203.814331 61.919102 -14.638996
v  201.653915 62.188126 -16.783031
v  199.397583 62.219028 -18.281841
v  196.947266 62.307026 -19.521130
v  194.333099 62.350960 -20.523182
v  191.592911 62.350735 -21.275124
v  188.766190 62.307598 -21.770906
v  186.837753 62.250809 -21.928783
v  186.961197 59.670414 -23.526255
v  197.747726 57.107235 14.813964
v  200.369858 57.432480 13.196511
v  202.399002 57.744026 11.648302
v  204.208694 58.071972 9.945245
v  205.783112 58.413902 8.098675
v  207.104370 58.766319 6.127846
v  208.152847 59.125282 4.052691
v  208.914307 59.486938 1.895033
v  209.372955 59.846840 -0.321546
v  209.518982 60.200584 -2.572040
v  209.342377 60.543175 -4.828906
v  208.840195 60.869728 -7.063728
v  208.011261 61.174969 -9.245362
v  206.862823 61.453571 -11.341545
v  205.405228 61.695835 -13.306603
v  185.626221 78.402100 -1.005186
v  186.720016 67.325005 -20.141813
v  187.809128 65.207008 -16.978785
v  183.946198 63.263855 15.929660
v  183.357117 63.218620 15.872223
v  186.017975 78.403984 -1.293671
v  186.391083 78.376968 -0.899508
v  186.767715 58.812866 -21.516747
v  186.375137 64.973518 -16.643061
v  186.427170 64.051933 -17.299662
v  186.608597 61.234940 -19.548948
v  185.285278 78.422043 -1.355794
v  185.234512 78.429596 -0.707836
v  184.776352 77.695213 4.110739
v  184.727264 77.537941 4.602196
v  185.125565 78.360451 0.641701
v  185.156509 78.389305 0.272049
v  185.226898 78.430420 -0.707976
v  185.277710 78.422897 -1.355896
v  184.707703 77.543068 4.599346
v  184.647171 77.333115 5.192884
v  184.732819 77.535995 4.603256
v  184.781952 77.693329 4.111745
v  184.669556 77.329132 5.195227
v  184.730331 77.539207 4.601582
v  185.165741 78.388596 0.272288
v  185.134811 78.359726 0.641955
v  169.813797 67.302567 -16.620028
v  185.219864 78.430237 -0.708211
v  185.346008 78.583694 -2.133679
v  185.425781 78.490616 -3.235826
v  183.353439 63.231903 15.913515
v  184.418762 76.784004 6.970196
v  184.531830 77.260338 5.895952
v  184.611877 77.570457 5.105898
v  184.674118 77.784218 4.478775
v  184.727417 77.951714 3.929311
v  184.801971 78.162811 3.138250
v  184.794846 78.143837 3.215077
v  184.831360 78.237244 2.819544
v  184.857254 78.298164 2.535619
v  184.865799 78.317207 2.441352
v  184.916397 78.420090 1.876447
v  184.908554 78.405273 1.964836
v  184.940186 78.462051 1.607226
v  184.963699 78.499191 1.338837
v  184.972046 78.511398 1.242983
v  185.018799 78.570374 0.699646
v  185.178696 78.411423 -0.186573
v  185.095627 78.632683 -0.219138
v  202.677246 66.967346 -13.422134
v  186.032333 78.403038 -1.293201
v  186.406830 64.963234 -16.987349
v  184.792160 77.275459 5.387085
v  185.750961 77.468246 4.755304
v  186.062759 77.731682 3.766341
v  186.985657 78.295959 -0.007815
v  186.348618 78.530464 0.158441
v  185.622726 78.589844 -0.976486
v  169.813797 67.302567 -16.620028
v  183.353439 63.231903 15.913515
v  185.092621 78.631020 -0.182519
v  202.677246 66.967346 -13.422134
v  185.969070 77.966835 3.660214
v  185.092621 78.631020 -0.182519
v  178.400772 73.933098 -10.193098
v  177.033249 73.840561 -9.548617
v  179.852249 74.008263 -10.690448
v  179.084183 73.969818 -10.434839
v  178.343445 73.843033 -9.223369
v  179.395416 73.904045 -9.642675
v  177.710922 73.800262 -8.923841
v  181.371033 74.065460 -11.037234
v  182.938904 74.104080 -11.230370
v  181.580765 73.995888 -10.237347
v  181.826324 74.003967 -10.287676
v  184.540924 74.122780 -11.258102
v  184.816299 74.053673 -10.479932
v  183.161194 71.146896 12.253636
v  181.477341 71.197762 11.781863
v  183.883972 71.247063 11.705729
v  181.905594 71.305000 11.186677
v  182.692535 71.279106 11.416282
v  183.347610 71.258263 11.596611
v  180.588364 71.235092 11.455017
v  179.461853 71.293121 10.959939
v  180.476288 71.369888 10.641905
v  181.287994 71.332573 10.958003
v  179.077362 71.453224 9.959486
v  179.494965 71.427826 10.170149
v  177.249252 71.445122 9.695794
v  176.887100 71.475639 9.445357
v  177.730698 71.555206 9.137179
v  176.461243 71.675507 8.175996
v  174.605911 71.720825 7.458024
v  174.375092 71.752411 7.204414
v  175.834167 71.748558 7.600480
v  176.404419 71.682030 8.125182
v  175.301346 71.813644 7.079439
v  174.282578 71.967880 5.858902
v  172.801270 72.022156 5.045047
v  172.323441 72.135147 4.142433
v  173.434326 72.135406 4.533328
v  172.964508 72.260475 3.547843
v  172.784424 72.312759 3.127882
v  171.636230 72.364113 2.315732
v  171.334808 72.549995 0.835005
v  172.354797 72.495987 1.673663
v  172.225204 72.602631 0.832870
v  172.156128 72.680786 0.205074
v  171.252991 72.725273 -0.558014
v  171.442902 72.953270 -2.362891
v  172.158081 72.776741 -0.550610
v  172.206360 72.863998 -1.241953
v  172.186234 72.820015 -0.887817
v  172.261765 72.910378 -1.604849
v  171.704010 73.081604 -3.373532
v  172.029922 73.197372 -4.285476
v  172.703354 73.363823 -5.579196
v  172.234390 73.251198 -4.700190
v  172.816818 73.173073 -3.686439
v  173.052063 73.241219 -4.223320
v  173.553024 73.517723 -6.760993
v  174.558670 73.657677 -7.819915
v  174.221298 73.479584 -6.083747
v  174.584564 73.535225 -6.512716
v  175.701996 73.782669 -8.747067
v  176.603882 73.764702 -9.495726
v  175.800995 73.694405 -8.991755
v  176.152802 73.823151 -9.037738
v  176.436478 73.753311 -8.173144
v  176.997879 73.801933 -8.526606
v  177.312225 73.729118 -8.872086
v  176.677673 73.675720 -8.484329
v  185.948257 74.124107 -11.163619
v  185.911606 74.054451 -10.411213
v  183.800217 71.130890 12.404352
v  193.742981 73.801285 -7.972742
v  193.042282 73.861809 -8.515182
v  194.219543 73.757591 -7.588624
v  191.750122 73.949966 -9.321866
v  193.499985 73.715775 -7.089869
v  192.368134 73.812408 -7.952542
v  191.957458 73.841270 -8.214005
v  191.117020 73.892502 -8.686105
v  191.277969 73.975334 -9.558904
v  190.357971 74.021240 -10.000603
v  188.882446 74.074722 -10.543239
v  189.562561 73.964020 -9.371614
v  188.422043 74.007446 -9.824618
v  187.339493 74.109573 -10.941090
v  187.587997 74.029785 -10.075746
v  187.340851 71.238815 11.941168
v  185.919556 71.300079 11.518321
v  184.432556 71.256958 11.686563
v  187.762634 71.256645 11.845390
v  187.401276 71.360939 11.213891
v  188.275009 71.407486 10.955788
v  188.859283 71.439507 10.770467
v  190.802383 71.442490 10.728137
v  190.272186 71.535606 10.185875
v  191.616867 71.648582 9.461179
v  193.536713 71.698685 9.024912
v  192.867554 71.777367 8.599924
v  193.998489 71.920349 7.610533
v  195.755280 72.013535 6.794342
v  194.053299 71.928673 7.552658
v  194.817947 72.048409 6.701718
v  194.982971 72.075508 6.505162
v  195.347061 72.154907 5.938262
v  197.291702 72.365257 4.175131
v  197.175415 72.331398 4.433033
v  197.740326 72.549065 2.767327
v  196.343750 72.388374 4.195401
v  196.493973 72.437981 3.820080
v  197.815384 72.600662 2.369950
v  197.974716 72.733032 1.333073
v  197.996063 72.914078 -0.102250
v  197.029510 72.718994 1.651822
v  197.072403 72.781876 1.158510
v  197.027969 72.933426 -0.033930
v  197.936432 72.980621 -0.632970
v  197.809128 73.089539 -1.515103
v  197.423904 73.257057 -2.884593
v  195.975174 73.402008 -3.892773
v  197.187408 73.325638 -3.448453
v  196.851471 73.414688 -4.192327
v  196.440384 73.497818 -4.887702
v  196.105865 73.560760 -5.422884
v  195.758926 73.445984 -4.260866
v  195.714935 73.620338 -5.928214
v  195.200546 73.693855 -6.562650
v  195.051971 73.630150 -7.072289
v  194.608994 73.680405 -7.508975
v  194.602936 73.763336 -7.164107
v  194.423981 73.662865 -6.127113
v  193.776306 73.736702 -6.771602
v  194.189941 73.605667 -6.682172
v  193.849228 73.643501 -7.013680
# 3124 vertices

vt  0.000000 1.000000 0.000000
vt  0.017857 1.000000 0.000000
vt  0.017857 0.982143 0.000000
vt  0.000000 0.982143 0.000000
vt  0.035714 1.000000 0.000000
vt  0.035714 0.982143 0.000000
vt  0.035714 0.964286 0.000000
vt  0.017857 0.964286 0.000000
vt  0.000000 0.964286 0.000000
vt  0.053571 1.000000 0.000000
vt  0.053571 0.982143 0.000000
vt  0.071429 1.000000 0.000000
vt  0.071429 0.982143 0.000000
vt  0.071429 0.964286 0.000000
vt  0.053571 0.964286 0.000000
vt  0.089286 1.000000 0.000000
vt  0.089286 0.982143 0.000000
vt  0.107143 1.000000 0.000000
vt  0.107143 0.982143 0.000000
vt  0.107143 0.964286 0.000000
vt  0.089286 0.964286 0.000000
vt  0.125000 1.000000 0.000000
vt  0.125000 0.982143 0.000000
vt  0.142857 1.000000 0.000000
vt  0.142857 0.982143 0.000000
vt  0.142857 0.964286 0.000000
vt  0.125000 0.964286 0.000000
vt  0.160714 1.000000 0.000000
vt  0.160714 0.982143 0.000000
vt  0.178571 1.000000 0.000000
vt  0.178571 0.982143 0.000000
vt  0.178571 0.964286 0.000000
vt  0.160714 0.964286 0.000000
vt  0.196429 1.000000 0.000000
vt  0.196429 0.982143 0.000000
vt  0.214286 1.000000 0.000000
vt  0.214286 0.982143 0.000000
vt  0.214286 0.964286 0.000000
vt  0.196429 0.964286 0.000000
vt  0.232143 1.000000 0.000000
vt  0.232143 0.982143 0.000000
vt  0.250000 1.000000 0.000000
vt  0.250000 0.982143 0.000000
vt  0.250000 0.964286 0.000000
vt  0.232143 0.964286 0.000000
vt  0.267857 1.000000 0.000000
vt  0.267857 0.982143 0.000000
vt  0.285714 1.000000 0.000000
vt  0.285714 0.982143 0.000000
vt  0.285714 0.964286 0.000000
vt  0.267857 0.964286 0.000000
vt  0.303571 1.000000 0.000000
vt  0.303571 0.982143 0.000000
vt  0.321429 1.000000 0.000000
vt  0.321429 0.982143 0.000000
vt  0.321429 0.964286 0.000000
vt  0.303571 0.964286 0.000000
vt  0.339286 1.000000 0.000000
vt  0.339286 0.982143 0.000000
vt  0.642857 0.982143 0.000000
vt  0.642857 0.964286 0.000000
vt  0.660714 0.982143 0.000000
vt  0.678571 0.982143 0.000000
vt  0.678571 0.964286 0.000000
vt  0.660714 0.964286 0.000000
vt  0.696429 1.000000 0.000000
vt  0.696429 0.982143 0.000000
vt  0.714286 1.000000 0.000000
vt  0.714286 0.982143 0.000000
vt  0.714286 0.964286 0.000000
vt  0.696429 0.964286 0.000000
vt  0.732143 1.000000 0.000000
vt  0.732143 0.982143 0.000000
vt  0.750000 1.000000 0.000000
vt  0.750000 0.982143 0.000000
vt  0.750000 0.964286 0.000000
vt  0.732143 0.964286 0.000000
vt  0.767857 1.000000 0.000000
vt  0.767857 0.982143 0.000000
vt  0.785714 1.000000 0.000000
vt  0.785714 0.982143 0.000000
vt  0.785714 0.964286 0.000000
vt  0.767857 0.964286 0.000000
vt  0.803571 1.000000 0.000000
vt  0.803571 0.982143 0.000000
vt  0.821429 1.000000 0.000000
vt  0.821429 0.982143 0.000000
vt  0.821429 0.964286 0.000000
vt  0.803571 0.964286 0.000000
vt  0.839286 1.000000 0.000000
vt  0.839286 0.982143 0.000000
vt  0.857143 1.000000 0.000000
vt  0.857143 0.982143 0.000000
vt  0.857143 0.964286 0.000000
vt  0.839286 0.964286 0.000000
vt  0.875000 1.000000 0.000000
vt  0.875000 0.982143 0.000000
vt  0.892857 1.000000 0.000000
vt  0.892857 0.982143 0.000000
vt  0.892857 0.964286 0.000000
vt  0.875000 0.964286 0.000000
vt  0.910714 1.000000 0.000000
vt  0.910714 0.982143 0.000000
vt  0.928571 1.000000 0.000000
vt  0.928571 0.982143 0.000000
vt  0.928571 0.964286 0.000000
vt  0.910714 0.964286 0.000000
vt  0.946429 1.000000 0.000000
vt  0.946429 0.982143 0.000000
vt  0.964286 1.000000 0.000000
vt  0.964286 0.982143 0.000000
vt  0.964286 0.964286 0.000000
vt  0.946429 0.964286 0.000000
vt  0.982143 1.000000 0.000000
vt  0.982143 0.982143 0.000000
vt  1.000000 1.000000 0.000000
vt  1.000000 0.982143 0.000000
vt  1.000000 1.000000 0.000000
vt  1.000000 0.964286 0.000000
vt  0.982143 0.964286 0.000000
vt  1.000000 0.982143 0.000000
vt  1.000000 0.964286 0.000000
vt  0.017857 0.946429 0.000000
vt  0.000000 0.946429 0.000000
vt  0.035714 0.946429 0.000000
vt  0.035714 0.928571 0.000000
vt  0.017857 0.928571 0.000000
vt  0.000000 0.928571 0.000000
vt  0.053571 0.946429 0.000000
vt  0.071429 0.946429 0.000000
vt  0.071429 0.928571 0.000000
vt  0.053571 0.928571 0.000000
vt  0.089286 0.946429 0.000000
vt  0.107143 0.946429 0.000000
vt  0.107143 0.928571 0.000000
vt  0.089286 0.928571 0.000000
vt  0.125000 0.946429 0.000000
vt  0.142857 0.946429 0.000000
vt  0.142857 0.928571 0.000000
vt  0.125000 0.928571 0.000000
vt  0.160714 0.946429 0.000000
vt  0.178571 0.946429 0.000000
vt  0.178571 0.928571 0.000000
vt  0.160714 0.928571 0.000000
vt  0.196429 0.946429 0.000000
vt  0.214286 0.946429 0.000000
vt  0.214286 0.928571 0.000000
vt  0.196429 0.928571 0.000000
vt  0.232143 0.946429 0.000000
vt  0.250000 0.946429 0.000000
vt  0.250000 0.928571 0.000000
vt  0.232143 0.928571 0.000000
vt  0.267857 0.946429 0.000000
vt  0.285714 0.946429 0.000000
vt  0.285714 0.928571 0.000000
vt  0.267857 0.928571 0.000000
vt  0.303571 0.946429 0.000000
vt  0.321429 0.946429 0.000000
vt  0.321429 0.928571 0.000000
vt  0.303571 0.928571 0.000000
vt  0.642857 0.946429 0.000000
vt  0.642857 0.928571 0.000000
vt  0.660714 0.946429 0.000000
vt  0.678571 0.946429 0.000000
vt  0.678571 0.928571 0.000000
vt  0.660714 0.928571 0.000000
vt  0.696429 0.946429 0.000000
vt  0.714286 0.928571 0.000000
vt  0.696429 0.928571 0.000000
vt  0.732143 0.946429 0.000000
vt  0.750000 0.946429 0.000000
vt  0.750000 0.928571 0.000000
vt  0.767857 0.946429 0.000000
vt  0.785714 0.946429 0.000000
vt  0.785714 0.928571 0.000000
vt  0.767857 0.928571 0.000000
vt  0.803571 0.946429 0.000000
vt  0.821429 0.946429 0.000000
vt  0.821429 0.928571 0.000000
vt  0.803571 0.928571 0.000000
vt  0.839286 0.946429 0.000000
vt  0.857143 0.946429 0.000000
vt  0.857143 0.928571 0.000000
vt  0.839286 0.928571 0.000000
vt  0.875000 0.946429 0.000000
vt  0.892857 0.946429 0.000000
vt  0.892857 0.928571 0.000000
vt  0.875000 0.928571 0.000000
vt  0.910714 0.946429 0.000000
vt  0.928571 0.946429 0.000000
vt  0.928571 0.928571 0.000000
vt  0.910714 0.928571 0.000000
vt  0.946429 0.946429 0.000000
vt  0.964286 0.946429 0.000000
vt  0.964286 0.928571 0.000000
vt  0.946429 0.928571 0.000000
vt  0.982143 0.946429 0.000000
vt  1.000000 0.964286 0.000000
vt  1.000000 0.946429 0.000000
vt  1.000000 0.964286 0.000000
vt  1.000000 0.928571 0.000000
vt  0.982143 0.928571 0.000000
vt  1.000000 0.946429 0.000000
vt  1.000000 0.928571 0.000000
vt  0.017857 0.910714 0.000000
vt  0.000000 0.910714 0.000000
vt  0.035714 0.910714 0.000000
vt  0.035714 0.892857 0.000000
vt  0.017857 0.892857 0.000000
vt  0.000000 0.892857 0.000000
vt  0.053571 0.910714 0.000000
vt  0.071429 0.910714 0.000000
vt  0.071429 0.892857 0.000000
vt  0.053571 0.892857 0.000000
vt  0.089286 0.910714 0.000000
vt  0.107143 0.910714 0.000000
vt  0.107143 0.892857 0.000000
vt  0.089286 0.892857 0.000000
vt  0.125000 0.910714 0.000000
vt  0.142857 0.910714 0.000000
vt  0.142857 0.892857 0.000000
vt  0.125000 0.892857 0.000000
vt  0.160714 0.910714 0.000000
vt  0.178571 0.910714 0.000000
vt  0.178571 0.892857 0.000000
vt  0.160714 0.892857 0.000000
vt  0.196429 0.910714 0.000000
vt  0.214286 0.910714 0.000000
vt  0.232143 0.910714 0.000000
vt  0.250000 0.910714 0.000000
vt  0.267857 0.910714 0.000000
vt  0.285714 0.910714 0.000000
vt  0.303571 0.910714 0.000000
vt  0.678571 0.910714 0.000000
vt  0.696429 0.910714 0.000000
vt  0.714286 0.910714 0.000000
vt  0.732143 0.910714 0.000000
vt  0.750000 0.910714 0.000000
vt  0.767857 0.910714 0.000000
vt  0.785714 0.910714 0.000000
vt  0.803571 0.910714 0.000000
vt  0.821429 0.910714 0.000000
vt  0.821429 0.892857 0.000000
vt  0.839286 0.910714 0.000000
vt  0.857143 0.910714 0.000000
vt  0.857143 0.892857 0.000000
vt  0.839286 0.892857 0.000000
vt  0.875000 0.910714 0.000000
vt  0.892857 0.910714 0.000000
vt  0.892857 0.892857 0.000000
vt  0.875000 0.892857 0.000000
vt  0.910714 0.910714 0.000000
vt  0.928571 0.910714 0.000000
vt  0.928571 0.892857 0.000000
vt  0.910714 0.892857 0.000000
vt  0.946429 0.910714 0.000000
vt  0.964286 0.910714 0.000000
vt  0.964286 0.892857 0.000000
vt  0.946429 0.892857 0.000000
vt  0.982143 0.910714 0.000000
vt  1.000000 0.928571 0.000000
vt  1.000000 0.910714 0.000000
vt  1.000000 0.928571 0.000000
vt  1.000000 0.892857 0.000000
vt  0.982143 0.892857 0.000000
vt  1.000000 0.910714 0.000000
vt  1.000000 0.892857 0.000000
vt  1.000000 0.892857 0.000000
vt  1.000000 0.892857 0.000000
vt  0.035714 0.357143 0.000000
vt  0.000000 0.357143 0.000000
vt  0.071429 0.357143 0.000000
vt  0.053571 0.357143 0.000000
vt  0.928571 0.357143 0.000000
vt  0.964286 0.357143 0.000000
vt  0.946429 0.357143 0.000000
vt  1.000000 0.357143 0.000000
vt  0.982143 0.357143 0.000000
vt  1.000000 0.357143 0.000000
vt  0.017857 0.339286 0.000000
vt  0.000000 0.339286 0.000000
vt  0.035714 0.339286 0.000000
vt  0.035714 0.321429 0.000000
vt  0.017857 0.321429 0.000000
vt  0.000000 0.321429 0.000000
vt  0.053571 0.339286 0.000000
vt  0.071429 0.339286 0.000000
vt  0.071429 0.321429 0.000000
vt  0.053571 0.321429 0.000000
vt  0.089286 0.339286 0.000000
vt  0.107143 0.339286 0.000000
vt  0.107143 0.321429 0.000000
vt  0.089286 0.321429 0.000000
vt  0.125000 0.339286 0.000000
vt  0.125000 0.321429 0.000000
vt  0.160714 0.339286 0.000000
vt  0.178571 0.339286 0.000000
vt  0.178571 0.321429 0.000000
vt  0.196429 0.339286 0.000000
vt  0.214286 0.339286 0.000000
vt  0.214286 0.321429 0.000000
vt  0.232143 0.339286 0.000000
vt  0.250000 0.339286 0.000000
vt  0.250000 0.321429 0.000000
vt  0.232143 0.321429 0.000000
vt  0.267857 0.339286 0.000000
vt  0.285714 0.339286 0.000000
vt  0.285714 0.321429 0.000000
vt  0.267857 0.321429 0.000000
vt  0.321429 0.321429 0.000000
vt  0.678571 0.321429 0.000000
vt  0.660714 0.321429 0.000000
vt  0.696429 0.339286 0.000000
vt  0.714286 0.339286 0.000000
vt  0.714286 0.321429 0.000000
vt  0.696429 0.321429 0.000000
vt  0.732143 0.339286 0.000000
vt  0.750000 0.339286 0.000000
vt  0.750000 0.321429 0.000000
vt  0.732143 0.321429 0.000000
vt  0.767857 0.339286 0.000000
vt  0.785714 0.339286 0.000000
vt  0.785714 0.321429 0.000000
vt  0.767857 0.321429 0.000000
vt  0.803571 0.339286 0.000000
vt  0.821429 0.339286 0.000000
vt  0.821429 0.321429 0.000000
vt  0.803571 0.321429 0.000000
vt  0.839286 0.339286 0.000000
vt  0.857143 0.339286 0.000000
vt  0.857143 0.321429 0.000000
vt  0.839286 0.321429 0.000000
vt  0.875000 0.339286 0.000000
vt  0.892857 0.339286 0.000000
vt  0.892857 0.321429 0.000000
vt  0.875000 0.321429 0.000000
vt  0.910714 0.339286 0.000000
vt  0.928571 0.339286 0.000000
vt  0.928571 0.321429 0.000000
vt  0.910714 0.321429 0.000000
vt  0.946429 0.339286 0.000000
vt  0.964286 0.339286 0.000000
vt  0.964286 0.321429 0.000000
vt  0.946429 0.321429 0.000000
vt  0.982143 0.339286 0.000000
vt  1.000000 0.357143 0.000000
vt  1.000000 0.339286 0.000000
vt  1.000000 0.357143 0.000000
vt  1.000000 0.321429 0.000000
vt  0.982143 0.321429 0.000000
vt  1.000000 0.339286 0.000000
vt  1.000000 0.321429 0.000000
vt  0.017857 0.303571 0.000000
vt  0.000000 0.303571 0.000000
vt  0.035714 0.303571 0.000000
vt  0.035714 0.285714 0.000000
vt  0.017857 0.285714 0.000000
vt  0.000000 0.285714 0.000000
vt  0.053571 0.303571 0.000000
vt  0.071429 0.303571 0.000000
vt  0.071429 0.285714 0.000000
vt  0.053571 0.285714 0.000000
vt  0.089286 0.303571 0.000000
vt  0.107143 0.303571 0.000000
vt  0.107143 0.285714 0.000000
vt  0.089286 0.285714 0.000000
vt  0.125000 0.303571 0.000000
vt  0.178571 0.285714 0.000000
vt  0.196429 0.303571 0.000000
vt  0.214286 0.303571 0.000000
vt  0.214286 0.285714 0.000000
vt  0.196429 0.285714 0.000000
vt  0.232143 0.303571 0.000000
vt  0.250000 0.303571 0.000000
vt  0.250000 0.285714 0.000000
vt  0.232143 0.285714 0.000000
vt  0.267857 0.303571 0.000000
vt  0.285714 0.303571 0.000000
vt  0.285714 0.285714 0.000000
vt  0.267857 0.285714 0.000000
vt  0.303571 0.303571 0.000000
vt  0.321429 0.303571 0.000000
vt  0.321429 0.285714 0.000000
vt  0.303571 0.285714 0.000000
vt  0.642857 0.303571 0.000000
vt  0.642857 0.285714 0.000000
vt  0.660714 0.303571 0.000000
vt  0.678571 0.303571 0.000000
vt  0.678571 0.285714 0.000000
vt  0.660714 0.285714 0.000000
vt  0.696429 0.303571 0.000000
vt  0.714286 0.303571 0.000000
vt  0.714286 0.285714 0.000000
vt  0.696429 0.285714 0.000000
vt  0.732143 0.303571 0.000000
vt  0.750000 0.303571 0.000000
vt  0.750000 0.285714 0.000000
vt  0.732143 0.285714 0.000000
vt  0.767857 0.303571 0.000000
vt  0.785714 0.303571 0.000000
vt  0.785714 0.285714 0.000000
vt  0.767857 0.285714 0.000000
vt  0.803571 0.303571 0.000000
vt  0.821429 0.303571 0.000000
vt  0.821429 0.285714 0.000000
vt  0.803571 0.285714 0.000000
vt  0.839286 0.303571 0.000000
vt  0.857143 0.303571 0.000000
vt  0.857143 0.285714 0.000000
vt  0.839286 0.285714 0.000000
vt  0.875000 0.303571 0.000000
vt  0.892857 0.303571 0.000000
vt  0.892857 0.285714 0.000000
vt  0.875000 0.285714 0.000000
vt  0.910714 0.303571 0.000000
vt  0.928571 0.303571 0.000000
vt  0.928571 0.285714 0.000000
vt  0.910714 0.285714 0.000000
vt  0.946429 0.303571 0.000000
vt  0.964286 0.303571 0.000000
vt  0.964286 0.285714 0.000000
vt  0.946429 0.285714 0.000000
vt  0.982143 0.303571 0.000000
vt  1.000000 0.321429 0.000000
vt  1.000000 0.303571 0.000000
vt  1.000000 0.321429 0.000000
vt  1.000000 0.285714 0.000000
vt  0.982143 0.285714 0.000000
vt  1.000000 0.303571 0.000000
vt  1.000000 0.285714 0.000000
vt  0.017857 0.267857 0.000000
vt  0.000000 0.267857 0.000000
vt  0.035714 0.267857 0.000000
vt  0.035714 0.250000 0.000000
vt  0.017857 0.250000 0.000000
vt  0.000000 0.250000 0.000000
vt  0.053571 0.267857 0.000000
vt  0.071429 0.267857 0.000000
vt  0.071429 0.250000 0.000000
vt  0.053571 0.250000 0.000000
vt  0.089286 0.267857 0.000000
vt  0.107143 0.267857 0.000000
vt  0.107143 0.250000 0.000000
vt  0.089286 0.250000 0.000000
vt  0.178571 0.250000 0.000000
vt  0.196429 0.267857 0.000000
vt  0.214286 0.267857 0.000000
vt  0.214286 0.250000 0.000000
vt  0.196429 0.250000 0.000000
vt  0.232143 0.267857 0.000000
vt  0.250000 0.267857 0.000000
vt  0.250000 0.250000 0.000000
vt  0.232143 0.250000 0.000000
vt  0.267857 0.267857 0.000000
vt  0.285714 0.267857 0.000000
vt  0.285714 0.250000 0.000000
vt  0.267857 0.250000 0.000000
vt  0.303571 0.267857 0.000000
vt  0.321429 0.250000 0.000000
vt  0.303571 0.250000 0.000000
vt  0.339286 0.267857 0.000000
vt  0.339286 0.250000 0.000000
vt  0.660714 0.267857 0.000000
vt  0.678571 0.267857 0.000000
vt  0.678571 0.250000 0.000000
vt  0.660714 0.250000 0.000000
vt  0.696429 0.267857 0.000000
vt  0.714286 0.267857 0.000000
vt  0.714286 0.250000 0.000000
vt  0.696429 0.250000 0.000000
vt  0.732143 0.267857 0.000000
vt  0.750000 0.267857 0.000000
vt  0.750000 0.250000 0.000000
vt  0.732143 0.250000 0.000000
vt  0.767857 0.267857 0.000000
vt  0.785714 0.267857 0.000000
vt  0.785714 0.250000 0.000000
vt  0.767857 0.250000 0.000000
vt  0.803571 0.267857 0.000000
vt  0.821429 0.267857 0.000000
vt  0.821429 0.250000 0.000000
vt  0.803571 0.250000 0.000000
vt  0.839286 0.267857 0.000000
vt  0.857143 0.267857 0.000000
vt  0.857143 0.250000 0.000000
vt  0.839286 0.250000 0.000000
vt  0.875000 0.267857 0.000000
vt  0.892857 0.267857 0.000000
vt  0.892857 0.250000 0.000000
vt  0.875000 0.250000 0.000000
vt  0.910714 0.267857 0.000000
vt  0.928571 0.267857 0.000000
vt  0.928571 0.250000 0.000000
vt  0.910714 0.250000 0.000000
vt  0.946429 0.267857 0.000000
vt  0.964286 0.267857 0.000000
vt  0.964286 0.250000 0.000000
vt  0.946429 0.250000 0.000000
vt  0.982143 0.267857 0.000000
vt  1.000000 0.285714 0.000000
vt  1.000000 0.267857 0.000000
vt  1.000000 0.285714 0.000000
vt  1.000000 0.250000 0.000000
vt  0.982143 0.250000 0.000000
vt  1.000000 0.267857 0.000000
vt  1.000000 0.250000 0.000000
vt  0.017857 0.232143 0.000000
vt  0.000000 0.232143 0.000000
vt  0.035714 0.232143 0.000000
vt  0.035714 0.214286 0.000000
vt  0.017857 0.214286 0.000000
vt  0.000000 0.214286 0.000000
vt  0.053571 0.232143 0.000000
vt  0.071429 0.232143 0.000000
vt  0.071429 0.214286 0.000000
vt  0.053571 0.214286 0.000000
vt  0.089286 0.232143 0.000000
vt  0.107143 0.232143 0.000000
vt  0.107143 0.214286 0.000000
vt  0.089286 0.214286 0.000000
vt  0.178571 0.214286 0.000000
vt  0.196429 0.232143 0.000000
vt  0.214286 0.232143 0.000000
vt  0.214286 0.214286 0.000000
vt  0.196429 0.214286 0.000000
vt  0.232143 0.232143 0.000000
vt  0.250000 0.232143 0.000000
vt  0.250000 0.214286 0.000000
vt  0.232143 0.214286 0.000000
vt  0.267857 0.232143 0.000000
vt  0.285714 0.232143 0.000000
vt  0.285714 0.214286 0.000000
vt  0.267857 0.214286 0.000000
vt  0.303571 0.232143 0.000000
vt  0.321429 0.214286 0.000000
vt  0.303571 0.214286 0.000000
vt  0.339286 0.232143 0.000000
vt  0.339286 0.214286 0.000000
vt  0.642857 0.214286 0.000000
vt  0.625000 0.214286 0.000000
vt  0.660714 0.232143 0.000000
vt  0.678571 0.232143 0.000000
vt  0.678571 0.214286 0.000000
vt  0.660714 0.214286 0.000000
vt  0.696429 0.232143 0.000000
vt  0.714286 0.232143 0.000000
vt  0.714286 0.214286 0.000000
vt  0.696429 0.214286 0.000000
vt  0.732143 0.232143 0.000000
vt  0.750000 0.232143 0.000000
vt  0.750000 0.214286 0.000000
vt  0.732143 0.214286 0.000000
vt  0.767857 0.232143 0.000000
vt  0.785714 0.232143 0.000000
vt  0.785714 0.214286 0.000000
vt  0.767857 0.214286 0.000000
vt  0.803571 0.232143 0.000000
vt  0.821429 0.232143 0.000000
vt  0.821429 0.214286 0.000000
vt  0.803571 0.214286 0.000000
vt  0.839286 0.232143 0.000000
vt  0.857143 0.232143 0.000000
vt  0.857143 0.214286 0.000000
vt  0.839286 0.214286 0.000000
vt  0.875000 0.232143 0.000000
vt  0.892857 0.232143 0.000000
vt  0.892857 0.214286 0.000000
vt  0.875000 0.214286 0.000000
vt  0.910714 0.232143 0.000000
vt  0.928571 0.232143 0.000000
vt  0.928571 0.214286 0.000000
vt  0.910714 0.214286 0.000000
vt  0.946429 0.232143 0.000000
vt  0.964286 0.232143 0.000000
vt  0.964286 0.214286 0.000000
vt  0.946429 0.214286 0.000000
vt  0.982143 0.232143 0.000000
vt  1.000000 0.250000 0.000000
vt  1.000000 0.232143 0.000000
vt  1.000000 0.250000 0.000000
vt  1.000000 0.214286 0.000000
vt  0.982143 0.214286 0.000000
vt  1.000000 0.232143 0.000000
vt  1.000000 0.214286 0.000000
vt  0.017857 0.196429 0.000000
vt  0.000000 0.196429 0.000000
vt  0.035714 0.196429 0.000000
vt  0.035714 0.178571 0.000000
vt  0.017857 0.178571 0.000000
vt  0.000000 0.178571 0.000000
vt  0.053571 0.196429 0.000000
vt  0.071429 0.196429 0.000000
vt  0.071429 0.178571 0.000000
vt  0.053571 0.178571 0.000000
vt  0.089286 0.196429 0.000000
vt  0.107143 0.196429 0.000000
vt  0.107143 0.178571 0.000000
vt  0.089286 0.178571 0.000000
vt  0.142857 0.178571 0.000000
vt  0.160714 0.196429 0.000000
vt  0.160714 0.178571 0.000000
vt  0.196429 0.196429 0.000000
vt  0.214286 0.196429 0.000000
vt  0.214286 0.178571 0.000000
vt  0.232143 0.196429 0.000000
vt  0.250000 0.196429 0.000000
vt  0.250000 0.178571 0.000000
vt  0.267857 0.196429 0.000000
vt  0.285714 0.196429 0.000000
vt  0.285714 0.178571 0.000000
vt  0.267857 0.178571 0.000000
vt  0.303571 0.196429 0.000000
vt  0.321429 0.196429 0.000000
vt  0.303571 0.178571 0.000000
vt  0.339286 0.196429 0.000000
vt  0.625000 0.196429 0.000000
vt  0.642857 0.196429 0.000000
vt  0.660714 0.196429 0.000000
vt  0.678571 0.196429 0.000000
vt  0.678571 0.178571 0.000000
vt  0.696429 0.196429 0.000000
vt  0.714286 0.196429 0.000000
vt  0.714286 0.178571 0.000000
vt  0.696429 0.178571 0.000000
vt  0.732143 0.196429 0.000000
vt  0.750000 0.196429 0.000000
vt  0.750000 0.178571 0.000000
vt  0.732143 0.178571 0.000000
vt  0.767857 0.196429 0.000000
vt  0.785714 0.196429 0.000000
vt  0.785714 0.178571 0.000000
vt  0.767857 0.178571 0.000000
vt  0.803571 0.196429 0.000000
vt  0.821429 0.196429 0.000000
vt  0.821429 0.178571 0.000000
vt  0.803571 0.178571 0.000000
vt  0.839286 0.196429 0.000000
vt  0.857143 0.196429 0.000000
vt  0.857143 0.178571 0.000000
vt  0.839286 0.178571 0.000000
vt  0.875000 0.196429 0.000000
vt  0.892857 0.196429 0.000000
vt  0.892857 0.178571 0.000000
vt  0.875000 0.178571 0.000000
vt  0.910714 0.196429 0.000000
vt  0.928571 0.196429 0.000000
vt  0.928571 0.178571 0.000000
vt  0.910714 0.178571 0.000000
vt  0.946429 0.196429 0.000000
vt  0.964286 0.196429 0.000000
vt  0.964286 0.178571 0.000000
vt  0.946429 0.178571 0.000000
vt  0.982143 0.196429 0.000000
vt  1.000000 0.214286 0.000000
vt  1.000000 0.196429 0.000000
vt  1.000000 0.214286 0.000000
vt  1.000000 0.178571 0.000000
vt  0.982143 0.178571 0.000000
vt  1.000000 0.196429 0.000000
vt  1.000000 0.178571 0.000000
vt  0.017857 0.160714 0.000000
vt  0.000000 0.160714 0.000000
vt  0.035714 0.160714 0.000000
vt  0.035714 0.142857 0.000000
vt  0.017857 0.142857 0.000000
vt  0.000000 0.142857 0.000000
vt  0.053571 0.160714 0.000000
vt  0.071429 0.160714 0.000000
vt  0.071429 0.142857 0.000000
vt  0.053571 0.142857 0.000000
vt  0.089286 0.160714 0.000000
vt  0.107143 0.160714 0.000000
vt  0.107143 0.142857 0.000000
vt  0.089286 0.142857 0.000000
vt  0.142857 0.142857 0.000000
vt  0.125000 0.142857 0.000000
vt  0.160714 0.160714 0.000000
vt  0.160714 0.142857 0.000000
vt  0.196429 0.160714 0.000000
vt  0.214286 0.160714 0.000000
vt  0.214286 0.142857 0.000000
vt  0.232143 0.160714 0.000000
vt  0.250000 0.160714 0.000000
vt  0.250000 0.142857 0.000000
vt  0.232143 0.142857 0.000000
vt  0.267857 0.160714 0.000000
vt  0.285714 0.160714 0.000000
vt  0.285714 0.142857 0.000000
vt  0.267857 0.142857 0.000000
vt  0.303571 0.160714 0.000000
vt  0.321429 0.160714 0.000000
vt  0.321429 0.142857 0.000000
vt  0.303571 0.142857 0.000000
vt  0.339286 0.160714 0.000000
vt  0.625000 0.160714 0.000000
vt  0.642857 0.142857 0.000000
vt  0.660714 0.160714 0.000000
vt  0.678571 0.160714 0.000000
vt  0.678571 0.142857 0.000000
vt  0.660714 0.142857 0.000000
vt  0.696429 0.160714 0.000000
vt  0.714286 0.160714 0.000000
vt  0.714286 0.142857 0.000000
vt  0.696429 0.142857 0.000000
vt  0.732143 0.160714 0.000000
vt  0.750000 0.160714 0.000000
vt  0.750000 0.142857 0.000000
vt  0.732143 0.142857 0.000000
vt  0.767857 0.160714 0.000000
vt  0.785714 0.160714 0.000000
vt  0.785714 0.142857 0.000000
vt  0.767857 0.142857 0.000000
vt  0.803571 0.160714 0.000000
vt  0.821429 0.160714 0.000000
vt  0.821429 0.142857 0.000000
vt  0.803571 0.142857 0.000000
vt  0.839286 0.160714 0.000000
vt  0.857143 0.160714 0.000000
vt  0.857143 0.142857 0.000000
vt  0.839286 0.142857 0.000000
vt  0.875000 0.160714 0.000000
vt  0.892857 0.160714 0.000000
vt  0.892857 0.142857 0.000000
vt  0.875000 0.142857 0.000000
vt  0.910714 0.160714 0.000000
vt  0.928571 0.160714 0.000000
vt  0.928571 0.142857 0.000000
vt  0.910714 0.142857 0.000000
vt  0.946429 0.160714 0.000000
vt  0.964286 0.160714 0.000000
vt  0.964286 0.142857 0.000000
vt  0.946429 0.142857 0.000000
vt  0.982143 0.160714 0.000000
vt  1.000000 0.178571 0.000000
vt  1.000000 0.160714 0.000000
vt  1.000000 0.178571 0.000000
vt  1.000000 0.142857 0.000000
vt  0.982143 0.142857 0.000000
vt  1.000000 0.160714 0.000000
vt  1.000000 0.142857 0.000000
vt  0.017857 0.125000 0.000000
vt  0.000000 0.125000 0.000000
vt  0.035714 0.125000 0.000000
vt  0.035714 0.107143 0.000000
vt  0.017857 0.107143 0.000000
vt  0.000000 0.107143 0.000000
vt  0.053571 0.125000 0.000000
vt  0.071429 0.125000 0.000000
vt  0.071429 0.107143 0.000000
vt  0.053571 0.107143 0.000000
vt  0.089286 0.125000 0.000000
vt  0.107143 0.125000 0.000000
vt  0.107143 0.107143 0.000000
vt  0.089286 0.107143 0.000000
vt  0.125000 0.125000 0.000000
vt  0.142857 0.125000 0.000000
vt  0.142857 0.107143 0.000000
vt  0.125000 0.107143 0.000000
vt  0.160714 0.125000 0.000000
vt  0.178571 0.107143 0.000000
vt  0.160714 0.107143 0.000000
vt  0.196429 0.125000 0.000000
vt  0.214286 0.125000 0.000000
vt  0.214286 0.107143 0.000000
vt  0.196429 0.107143 0.000000
vt  0.232143 0.125000 0.000000
vt  0.250000 0.125000 0.000000
vt  0.250000 0.107143 0.000000
vt  0.232143 0.107143 0.000000
vt  0.267857 0.125000 0.000000
vt  0.285714 0.125000 0.000000
vt  0.285714 0.107143 0.000000
vt  0.267857 0.107143 0.000000
vt  0.303571 0.125000 0.000000
vt  0.321429 0.107143 0.000000
vt  0.303571 0.107143 0.000000
vt  0.339286 0.125000 0.000000
vt  0.625000 0.125000 0.000000
vt  0.642857 0.107143 0.000000
vt  0.660714 0.125000 0.000000
vt  0.678571 0.125000 0.000000
vt  0.678571 0.107143 0.000000
vt  0.660714 0.107143 0.000000
vt  0.696429 0.125000 0.000000
vt  0.714286 0.125000 0.000000
vt  0.714286 0.107143 0.000000
vt  0.696429 0.107143 0.000000
vt  0.732143 0.125000 0.000000
vt  0.750000 0.107143 0.000000
vt  0.732143 0.107143 0.000000
vt  0.767857 0.125000 0.000000
vt  0.785714 0.125000 0.000000
vt  0.785714 0.107143 0.000000
vt  0.767857 0.107143 0.000000
vt  0.803571 0.125000 0.000000
vt  0.821429 0.125000 0.000000
vt  0.821429 0.107143 0.000000
vt  0.839286 0.125000 0.000000
vt  0.857143 0.125000 0.000000
vt  0.857143 0.107143 0.000000
vt  0.839286 0.107143 0.000000
vt  0.875000 0.125000 0.000000
vt  0.892857 0.125000 0.000000
vt  0.892857 0.107143 0.000000
vt  0.875000 0.107143 0.000000
vt  0.910714 0.125000 0.000000
vt  0.928571 0.125000 0.000000
vt  0.928571 0.107143 0.000000
vt  0.910714 0.107143 0.000000
vt  0.946429 0.125000 0.000000
vt  0.964286 0.125000 0.000000
vt  0.964286 0.107143 0.000000
vt  0.946429 0.107143 0.000000
vt  0.982143 0.125000 0.000000
vt  1.000000 0.142857 0.000000
vt  1.000000 0.125000 0.000000
vt  1.000000 0.142857 0.000000
vt  1.000000 0.107143 0.000000
vt  0.982143 0.107143 0.000000
vt  1.000000 0.125000 0.000000
vt  1.000000 0.107143 0.000000
vt  0.017857 0.089286 0.000000
vt  0.000000 0.089286 0.000000
vt  0.035714 0.089286 0.000000
vt  0.035714 0.071429 0.000000
vt  0.017857 0.071429 0.000000
vt  0.000000 0.071429 0.000000
vt  0.053571 0.089286 0.000000
vt  0.071429 0.089286 0.000000
vt  0.071429 0.071429 0.000000
vt  0.053571 0.071429 0.000000
vt  0.089286 0.089286 0.000000
vt  0.107143 0.089286 0.000000
vt  0.107143 0.071429 0.000000
vt  0.089286 0.071429 0.000000
vt  0.125000 0.089286 0.000000
vt  0.142857 0.089286 0.000000
vt  0.142857 0.071429 0.000000
vt  0.125000 0.071429 0.000000
vt  0.160714 0.089286 0.000000
vt  0.178571 0.089286 0.000000
vt  0.178571 0.071429 0.000000
vt  0.160714 0.071429 0.000000
vt  0.196429 0.089286 0.000000
vt  0.214286 0.089286 0.000000
vt  0.214286 0.071429 0.000000
vt  0.196429 0.071429 0.000000
vt  0.232143 0.089286 0.000000
vt  0.250000 0.089286 0.000000
vt  0.250000 0.071429 0.000000
vt  0.232143 0.071429 0.000000
vt  0.267857 0.089286 0.000000
vt  0.285714 0.089286 0.000000
vt  0.285714 0.071429 0.000000
vt  0.267857 0.071429 0.000000
vt  0.303571 0.089286 0.000000
vt  0.321429 0.089286 0.000000
vt  0.321429 0.071429 0.000000
vt  0.303571 0.071429 0.000000
vt  0.339286 0.089286 0.000000
vt  0.625000 0.089286 0.000000
vt  0.642857 0.089286 0.000000
vt  0.660714 0.089286 0.000000
vt  0.678571 0.089286 0.000000
vt  0.678571 0.071429 0.000000
vt  0.660714 0.071429 0.000000
vt  0.696429 0.089286 0.000000
vt  0.714286 0.071429 0.000000
vt  0.696429 0.071429 0.000000
vt  0.732143 0.089286 0.000000
vt  0.750000 0.089286 0.000000
vt  0.750000 0.071429 0.000000
vt  0.732143 0.071429 0.000000
vt  0.767857 0.089286 0.000000
vt  0.785714 0.071429 0.000000
vt  0.767857 0.071429 0.000000
vt  0.803571 0.089286 0.000000
vt  0.821429 0.089286 0.000000
vt  0.821429 0.071429 0.000000
vt  0.803571 0.071429 0.000000
vt  0.839286 0.089286 0.000000
vt  0.857143 0.089286 0.000000
vt  0.857143 0.071429 0.000000
vt  0.839286 0.071429 0.000000
vt  0.875000 0.089286 0.000000
vt  0.892857 0.089286 0.000000
vt  0.892857 0.071429 0.000000
vt  0.875000 0.071429 0.000000
vt  0.910714 0.089286 0.000000
vt  0.928571 0.089286 0.000000
vt  0.928571 0.071429 0.000000
vt  0.910714 0.071429 0.000000
vt  0.946429 0.089286 0.000000
vt  0.964286 0.089286 0.000000
vt  0.964286 0.071429 0.000000
vt  0.946429 0.071429 0.000000
vt  0.982143 0.089286 0.000000
vt  1.000000 0.107143 0.000000
vt  1.000000 0.089286 0.000000
vt  1.000000 0.107143 0.000000
vt  1.000000 0.071429 0.000000
vt  0.982143 0.071429 0.000000
vt  1.000000 0.089286 0.000000
vt  1.000000 0.071429 0.000000
vt  0.017857 0.053571 0.000000
vt  0.000000 0.053571 0.000000
vt  0.035714 0.053571 0.000000
vt  0.035714 0.035714 0.000000
vt  0.017857 0.035714 0.000000
vt  0.000000 0.035714 0.000000
vt  0.053571 0.053571 0.000000
vt  0.071429 0.053571 0.000000
vt  0.071429 0.035714 0.000000
vt  0.053571 0.035714 0.000000
vt  0.089286 0.053571 0.000000
vt  0.107143 0.053571 0.000000
vt  0.107143 0.035714 0.000000
vt  0.089286 0.035714 0.000000
vt  0.125000 0.053571 0.000000
vt  0.142857 0.053571 0.000000
vt  0.142857 0.035714 0.000000
vt  0.125000 0.035714 0.000000
vt  0.160714 0.053571 0.000000
vt  0.178571 0.053571 0.000000
vt  0.178571 0.035714 0.000000
vt  0.160714 0.035714 0.000000
vt  0.196429 0.053571 0.000000
vt  0.214286 0.053571 0.000000
vt  0.214286 0.035714 0.000000
vt  0.196429 0.035714 0.000000
vt  0.232143 0.053571 0.000000
vt  0.250000 0.053571 0.000000
vt  0.250000 0.035714 0.000000
vt  0.232143 0.035714 0.000000
vt  0.267857 0.053571 0.000000
vt  0.285714 0.053571 0.000000
vt  0.285714 0.035714 0.000000
vt  0.267857 0.035714 0.000000
vt  0.303571 0.053571 0.000000
vt  0.321429 0.053571 0.000000
vt  0.321429 0.035714 0.000000
vt  0.303571 0.035714 0.000000
vt  0.625000 0.053571 0.000000
vt  0.642857 0.035714 0.000000
vt  0.660714 0.053571 0.000000
vt  0.678571 0.053571 0.000000
vt  0.678571 0.035714 0.000000
vt  0.660714 0.035714 0.000000
vt  0.696429 0.053571 0.000000
vt  0.714286 0.035714 0.000000
vt  0.696429 0.035714 0.000000
vt  0.732143 0.053571 0.000000
vt  0.750000 0.053571 0.000000
vt  0.750000 0.035714 0.000000
vt  0.732143 0.035714 0.000000
vt  0.767857 0.053571 0.000000
vt  0.785714 0.053571 0.000000
vt  0.785714 0.035714 0.000000
vt  0.767857 0.035714 0.000000
vt  0.803571 0.053571 0.000000
vt  0.821429 0.053571 0.000000
vt  0.821429 0.035714 0.000000
vt  0.803571 0.035714 0.000000
vt  0.839286 0.053571 0.000000
vt  0.857143 0.053571 0.000000
vt  0.857143 0.035714 0.000000
vt  0.839286 0.035714 0.000000
vt  0.875000 0.053571 0.000000
vt  0.892857 0.053571 0.000000
vt  0.892857 0.035714 0.000000
vt  0.875000 0.035714 0.000000
vt  0.910714 0.053571 0.000000
vt  0.928571 0.053571 0.000000
vt  0.928571 0.035714 0.000000
vt  0.910714 0.035714 0.000000
vt  0.946429 0.053571 0.000000
vt  0.964286 0.053571 0.000000
vt  0.964286 0.035714 0.000000
vt  0.946429 0.035714 0.000000
vt  0.982143 0.053571 0.000000
vt  1.000000 0.071429 0.000000
vt  1.000000 0.053571 0.000000
vt  1.000000 0.071429 0.000000
vt  1.000000 0.035714 0.000000
vt  0.982143 0.035714 0.000000
vt  1.000000 0.053571 0.000000
vt  1.000000 0.035714 0.000000
vt  0.017857 0.017857 0.000000
vt  0.000000 0.017857 0.000000
vt  0.035714 0.017857 0.000000
vt  0.035714 0.000000 0.000000
vt  0.017857 0.000000 0.000000
vt  0.035714 0.000000 0.000000
vt  0.000000 0.000000 0.000000
vt  0.017857 0.000000 0.000000
vt  0.000000 0.000000 0.000000
vt  0.053571 0.017857 0.000000
vt  0.071429 0.017857 0.000000
vt  0.071429 0.000000 0.000000
vt  0.053571 0.000000 0.000000
vt  0.071429 0.000000 0.000000
vt  0.035714 0.000000 0.000000
vt  0.053571 0.000000 0.000000
vt  0.035714 0.000000 0.000000
vt  0.089286 0.017857 0.000000
vt  0.107143 0.017857 0.000000
vt  0.107143 0.000000 0.000000
vt  0.089286 0.000000 0.000000
vt  0.107143 0.000000 0.000000
vt  0.071429 0.000000 0.000000
vt  0.089286 0.000000 0.000000
vt  0.071429 0.000000 0.000000
vt  0.125000 0.017857 0.000000
vt  0.142857 0.017857 0.000000
vt  0.142857 0.000000 0.000000
vt  0.125000 0.000000 0.000000
vt  0.142857 0.000000 0.000000
vt  0.107143 0.000000 0.000000
vt  0.125000 0.000000 0.000000
vt  0.107143 0.000000 0.000000
vt  0.160714 0.017857 0.000000
vt  0.178571 0.017857 0.000000
vt  0.178571 0.000000 0.000000
vt  0.160714 0.000000 0.000000
vt  0.178571 0.000000 0.000000
vt  0.142857 0.000000 0.000000
vt  0.160714 0.000000 0.000000
vt  0.142857 0.000000 0.000000
vt  0.196429 0.017857 0.000000
vt  0.214286 0.017857 0.000000
vt  0.214286 0.000000 0.000000
vt  0.196429 0.000000 0.000000
vt  0.214286 0.000000 0.000000
vt  0.178571 0.000000 0.000000
vt  0.196429 0.000000 0.000000
vt  0.178571 0.000000 0.000000
vt  0.232143 0.017857 0.000000
vt  0.250000 0.017857 0.000000
vt  0.250000 0.000000 0.000000
vt  0.232143 0.000000 0.000000
vt  0.250000 0.000000 0.000000
vt  0.214286 0.000000 0.000000
vt  0.232143 0.000000 0.000000
vt  0.214286 0.000000 0.000000
vt  0.267857 0.017857 0.000000
vt  0.285714 0.017857 0.000000
vt  0.285714 0.000000 0.000000
vt  0.267857 0.000000 0.000000
vt  0.285714 0.000000 0.000000
vt  0.250000 0.000000 0.000000
vt  0.267857 0.000000 0.000000
vt  0.250000 0.000000 0.000000
vt  0.303571 0.017857 0.000000
vt  0.321429 0.017857 0.000000
vt  0.321429 0.000000 0.000000
vt  0.303571 0.000000 0.000000
vt  0.321429 0.000000 0.000000
vt  0.285714 0.000000 0.000000
vt  0.303571 0.000000 0.000000
vt  0.285714 0.000000 0.000000
vt  0.339286 0.017857 0.000000
vt  0.339286 0.000000 0.000000
vt  0.339286 0.000000 0.000000
vt  0.321429 0.000000 0.000000
vt  0.625000 0.017857 0.000000
vt  0.642857 0.000000 0.000000
vt  0.625000 0.000000 0.000000
vt  0.625000 0.000000 0.000000
vt  0.660714 0.017857 0.000000
vt  0.678571 0.017857 0.000000
vt  0.678571 0.000000 0.000000
vt  0.660714 0.000000 0.000000
vt  0.678571 0.000000 0.000000
vt  0.660714 0.000000 0.000000
vt  0.642857 0.000000 0.000000
vt  0.696429 0.017857 0.000000
vt  0.714286 0.017857 0.000000
vt  0.714286 0.000000 0.000000
vt  0.696429 0.000000 0.000000
vt  0.714286 0.000000 0.000000
vt  0.678571 0.000000 0.000000
vt  0.696429 0.000000 0.000000
vt  0.678571 0.000000 0.000000
vt  0.732143 0.017857 0.000000
vt  0.750000 0.017857 0.000000
vt  0.750000 0.000000 0.000000
vt  0.732143 0.000000 0.000000
vt  0.750000 0.000000 0.000000
vt  0.714286 0.000000 0.000000
vt  0.732143 0.000000 0.000000
vt  0.714286 0.000000 0.000000
vt  0.767857 0.017857 0.000000
vt  0.785714 0.017857 0.000000
vt  0.785714 0.000000 0.000000
vt  0.767857 0.000000 0.000000
vt  0.785714 0.000000 0.000000
vt  0.750000 0.000000 0.000000
vt  0.767857 0.000000 0.000000
vt  0.750000 0.000000 0.000000
vt  0.803571 0.017857 0.000000
vt  0.821429 0.017857 0.000000
vt  0.821429 0.000000 0.000000
vt  0.803571 0.000000 0.000000
vt  0.821429 0.000000 0.000000
vt  0.785714 0.000000 0.000000
vt  0.803571 0.000000 0.000000
vt  0.785714 0.000000 0.000000
vt  0.839286 0.017857 0.000000
vt  0.857143 0.017857 0.000000
vt  0.857143 0.000000 0.000000
vt  0.839286 0.000000 0.000000
vt  0.857143 0.000000 0.000000
vt  0.821429 0.000000 0.000000
vt  0.839286 0.000000 0.000000
vt  0.821429 0.000000 0.000000
vt  0.875000 0.017857 0.000000
vt  0.892857 0.017857 0.000000
vt  0.892857 0.000000 0.000000
vt  0.875000 0.000000 0.000000
vt  0.892857 0.000000 0.000000
vt  0.857143 0.000000 0.000000
vt  0.875000 0.000000 0.000000
vt  0.857143 0.000000 0.000000
vt  0.910714 0.017857 0.000000
vt  0.928571 0.017857 0.000000
vt  0.928571 0.000000 0.000000
vt  0.910714 0.000000 0.000000
vt  0.928571 0.000000 0.000000
vt  0.892857 0.000000 0.000000
vt  0.910714 0.000000 0.000000
vt  0.892857 0.000000 0.000000
vt  0.946429 0.017857 0.000000
vt  0.964286 0.017857 0.000000
vt  0.964286 0.000000 0.000000
vt  0.946429 0.000000 0.000000
vt  0.964286 0.000000 0.000000
vt  0.928571 0.000000 0.000000
vt  0.946429 0.000000 0.000000
vt  0.928571 0.000000 0.000000
vt  0.982143 0.017857 0.000000
vt  1.000000 0.035714 0.000000
vt  1.000000 0.017857 0.000000
vt  1.000000 0.035714 0.000000
vt  1.000000 0.000000 0.000000
vt  0.982143 0.000000 0.000000
vt  1.000000 0.017857 0.000000
vt  1.000000 0.000000 0.000000
vt  0.964286 0.000000 0.000000
vt  0.982143 0.000000 0.000000
vt  0.964286 0.000000 0.000000
vt  0.000000 1.000000 0.000000
vt  0.017857 1.000000 0.000000
vt  0.017857 0.982143 0.000000
vt  0.000000 0.982143 0.000000
vt  0.000000 0.964286 0.000000
vt  0.017857 0.964286 0.000000
vt  0.017857 0.946429 0.000000
vt  0.000000 0.946429 0.000000
vt  0.000000 0.928571 0.000000
vt  0.017857 0.928571 0.000000
vt  0.017857 0.910714 0.000000
vt  0.000000 0.910714 0.000000
vt  0.000000 0.892857 0.000000
vt  0.017857 0.892857 0.000000
vt  0.000000 0.285714 0.000000
vt  0.000000 0.303571 0.000000
vt  0.017857 0.303571 0.000000
vt  0.017857 0.285714 0.000000
vt  0.017857 0.267857 0.000000
vt  0.000000 0.267857 0.000000
vt  0.000000 0.250000 0.000000
vt  0.017857 0.250000 0.000000
vt  0.017857 0.232143 0.000000
vt  0.000000 0.232143 0.000000
vt  0.000000 0.214286 0.000000
vt  0.017857 0.214286 0.000000
vt  0.017857 0.196429 0.000000
vt  0.000000 0.196429 0.000000
vt  0.000000 0.178571 0.000000
vt  0.017857 0.178571 0.000000
vt  0.017857 0.160714 0.000000
vt  0.000000 0.160714 0.000000
vt  0.000000 0.142857 0.000000
vt  0.017857 0.142857 0.000000
vt  0.017857 0.125000 0.000000
vt  0.000000 0.125000 0.000000
vt  0.000000 0.107143 0.000000
vt  0.017857 0.107143 0.000000
vt  0.017857 0.089286 0.000000
vt  0.000000 0.089286 0.000000
vt  0.000000 0.071429 0.000000
vt  0.017857 0.071429 0.000000
vt  0.017857 0.053571 0.000000
vt  0.000000 0.053571 0.000000
vt  0.000000 0.035714 0.000000
vt  0.017857 0.035714 0.000000
vt  0.017857 0.017857 0.000000
vt  0.000000 0.017857 0.000000
vt  0.000000 0.000000 0.000000
vt  0.017857 0.000000 0.000000
vt  0.000000 0.000000 0.000000
vt  0.000000 1.000000 0.000000
vt  0.017857 1.000000 0.000000
vt  0.017857 0.982143 0.000000
vt  0.000000 0.982143 0.000000
vt  0.000000 0.964286 0.000000
vt  0.017857 0.964286 0.000000
vt  0.017857 0.946429 0.000000
vt  0.000000 0.946429 0.000000
vt  0.000000 0.928571 0.000000
vt  0.017857 0.928571 0.000000
vt  0.017857 0.910714 0.000000
vt  0.000000 0.910714 0.000000
vt  0.000000 0.892857 0.000000
vt  0.017857 0.892857 0.000000
vt  0.000000 0.285714 0.000000
vt  0.000000 0.303571 0.000000
vt  0.017857 0.303571 0.000000
vt  0.017857 0.285714 0.000000
vt  0.017857 0.267857 0.000000
vt  0.000000 0.267857 0.000000
vt  0.000000 0.250000 0.000000
vt  0.017857 0.250000 0.000000
vt  0.017857 0.232143 0.000000
vt  0.000000 0.232143 0.000000
vt  0.000000 0.214286 0.000000
vt  0.017857 0.214286 0.000000
vt  0.017857 0.196429 0.000000
vt  0.000000 0.196429 0.000000
vt  0.000000 0.178571 0.000000
vt  0.017857 0.178571 0.000000
vt  0.017857 0.160714 0.000000
vt  0.000000 0.160714 0.000000
vt  0.000000 0.142857 0.000000
vt  0.017857 0.142857 0.000000
vt  0.017857 0.125000 0.000000
vt  0.000000 0.125000 0.000000
vt  0.000000 0.107143 0.000000
vt  0.017857 0.107143 0.000000
vt  0.017857 0.089286 0.000000
vt  0.000000 0.089286 0.000000
vt  0.000000 0.071429 0.000000
vt  0.017857 0.071429 0.000000
vt  0.017857 0.053571 0.000000
vt  0.000000 0.053571 0.000000
vt  0.000000 0.035714 0.000000
vt  0.017857 0.035714 0.000000
vt  0.017857 0.017857 0.000000
vt  0.000000 0.017857 0.000000
vt  0.000000 0.000000 0.000000
vt  0.000000 1.000000 0.000000
vt  0.000000 1.000000 0.000000
vt  0.000000 0.982143 0.000000
vt  0.000000 0.964286 0.000000
vt  0.000000 0.982143 0.000000
vt  0.000000 0.964286 0.000000
vt  0.000000 0.946429 0.000000
vt  0.000000 0.928571 0.000000
vt  0.000000 0.946429 0.000000
vt  0.000000 0.928571 0.000000
vt  0.000000 0.910714 0.000000
vt  0.000000 0.892857 0.000000
vt  0.000000 0.910714 0.000000
vt  0.000000 0.892857 0.000000
vt  0.000000 0.285714 0.000000
vt  0.000000 0.285714 0.000000
vt  0.000000 0.267857 0.000000
vt  0.000000 0.250000 0.000000
vt  0.000000 0.232143 0.000000
vt  0.000000 0.214286 0.000000
vt  0.000000 0.232143 0.000000
vt  0.000000 0.214286 0.000000
vt  0.000000 0.196429 0.000000
vt  0.000000 0.178571 0.000000
vt  0.000000 0.196429 0.000000
vt  0.000000 0.178571 0.000000
vt  0.000000 0.160714 0.000000
vt  0.000000 0.142857 0.000000
vt  0.000000 0.160714 0.000000
vt  0.000000 0.142857 0.000000
vt  0.000000 0.125000 0.000000
vt  0.000000 0.107143 0.000000
vt  0.000000 0.125000 0.000000
vt  0.000000 0.107143 0.000000
vt  0.000000 0.089286 0.000000
vt  0.000000 0.071429 0.000000
vt  0.000000 0.089286 0.000000
vt  0.000000 0.071429 0.000000
vt  0.000000 0.053571 0.000000
vt  0.000000 0.035714 0.000000
vt  0.000000 0.053571 0.000000
vt  0.000000 0.035714 0.000000
vt  0.000000 0.017857 0.000000
vt  0.000000 0.017857 0.000000
vt  0.000000 0.000000 0.000000
vt  0.000000 0.000000 0.000000
vt  0.000000 0.991071 0.000000
vt  0.000000 1.000000 0.000000
vt  0.000000 0.964286 0.000000
vt  0.000000 0.982143 0.000000
vt  0.000000 0.964286 0.000000
vt  0.000000 0.946429 0.000000
vt  0.000000 0.928571 0.000000
vt  0.000000 0.946429 0.000000
vt  0.000000 0.928571 0.000000
vt  0.000000 0.910714 0.000000
vt  0.000000 0.892857 0.000000
vt  0.000000 0.910714 0.000000
vt  0.000000 0.892857 0.000000
vt  0.000000 0.285714 0.000000
vt  0.000000 0.285714 0.000000
vt  0.000000 0.267857 0.000000
vt  0.000000 0.250000 0.000000
vt  0.000000 0.232143 0.000000
vt  0.000000 0.214286 0.000000
vt  0.000000 0.232143 0.000000
vt  0.000000 0.214286 0.000000
vt  0.000000 0.196429 0.000000
vt  0.000000 0.178571 0.000000
vt  0.000000 0.196429 0.000000
vt  0.000000 0.178571 0.000000
vt  0.000000 0.160714 0.000000
vt  0.000000 0.142857 0.000000
vt  0.000000 0.160714 0.000000
vt  0.000000 0.142857 0.000000
vt  0.000000 0.125000 0.000000
vt  0.000000 0.107143 0.000000
vt  0.000000 0.125000 0.000000
vt  0.000000 0.107143 0.000000
vt  0.000000 0.089286 0.000000
vt  0.000000 0.071429 0.000000
vt  0.000000 0.089286 0.000000
vt  0.000000 0.071429 0.000000
vt  0.000000 0.053571 0.000000
vt  0.000000 0.035714 0.000000
vt  0.000000 0.053571 0.000000
vt  0.000000 0.035714 0.000000
vt  0.000000 0.017857 0.000000
vt  0.000000 0.017857 0.000000
vt  0.000000 0.000000 0.000000
vt  0.000000 0.000000 0.000000
vt  0.000000 1.000000 0.000000
vt  0.000000 0.982143 0.000000
vt  0.000000 0.964286 0.000000
vt  0.000000 0.982143 0.000000
vt  0.000000 0.964286 0.000000
vt  0.000000 0.946429 0.000000
vt  0.000000 0.928571 0.000000
vt  0.000000 0.946429 0.000000
vt  0.000000 0.928571 0.000000
vt  0.000000 0.910714 0.000000
vt  0.000000 0.892857 0.000000
vt  0.000000 0.910714 0.000000
vt  0.000000 0.892857 0.000000
vt  0.000000 0.285714 0.000000
vt  0.000000 0.267857 0.000000
vt  0.000000 0.285714 0.000000
vt  0.000000 0.250000 0.000000
vt  0.000000 0.267857 0.000000
vt  0.000000 0.250000 0.000000
vt  0.000000 0.232143 0.000000
vt  0.000000 0.214286 0.000000
vt  0.000000 0.232143 0.000000
vt  0.000000 0.214286 0.000000
vt  0.000000 0.196429 0.000000
vt  0.000000 0.178571 0.000000
vt  0.000000 0.196429 0.000000
vt  0.000000 0.178571 0.000000
vt  0.000000 0.160714 0.000000
vt  0.000000 0.142857 0.000000
vt  0.000000 0.160714 0.000000
vt  0.000000 0.142857 0.000000
vt  0.000000 0.125000 0.000000
vt  0.000000 0.107143 0.000000
vt  0.000000 0.125000 0.000000
vt  0.000000 0.107143 0.000000
vt  0.000000 0.089286 0.000000
vt  0.000000 0.071429 0.000000
vt  0.000000 0.089286 0.000000
vt  0.000000 0.071429 0.000000
vt  0.000000 0.053571 0.000000
vt  0.000000 0.035714 0.000000
vt  0.000000 0.053571 0.000000
vt  0.000000 0.035714 0.000000
vt  0.000000 0.017857 0.000000
vt  0.000000 0.017857 0.000000
vt  0.000000 0.000000 0.000000
vt  0.000000 0.000000 0.000000
vt  0.000000 1.000000 0.000000
vt  0.000000 0.982143 0.000000
vt  0.000000 0.964286 0.000000
vt  0.000000 0.946429 0.000000
vt  0.000000 0.928571 0.000000
vt  0.000000 0.910714 0.000000
vt  0.000000 0.892857 0.000000
vt  0.000000 0.892857 0.000000
vt  0.000000 0.910714 0.000000
vt  0.000000 0.928571 0.000000
vt  0.000000 0.946429 0.000000
vt  0.000000 0.964286 0.000000
vt  0.000000 0.982143 0.000000
vt  0.000000 1.000000 0.000000
vt  0.000000 0.285714 0.000000
vt  0.000000 0.267857 0.000000
vt  0.000000 0.250000 0.000000
vt  0.000000 0.232143 0.000000
vt  0.000000 0.214286 0.000000
vt  0.000000 0.196429 0.000000
vt  0.000000 0.178571 0.000000
vt  0.000000 0.160714 0.000000
vt  0.000000 0.142857 0.000000
vt  0.000000 0.125000 0.000000
vt  0.000000 0.107143 0.000000
vt  0.000000 0.089286 0.000000
vt  0.000000 0.071429 0.000000
vt  0.000000 0.053571 0.000000
vt  0.000000 0.035714 0.000000
vt  0.000000 0.017857 0.000000
vt  0.000000 0.000000 0.000000
vt  0.000000 0.000000 0.000000
vt  0.000000 0.017857 0.000000
vt  0.000000 0.035714 0.000000
vt  0.000000 0.053571 0.000000
vt  0.000000 0.071429 0.000000
vt  0.000000 0.089286 0.000000
vt  0.000000 0.107143 0.000000
vt  0.000000 0.125000 0.000000
vt  0.000000 0.142857 0.000000
vt  0.000000 0.160714 0.000000
vt  0.000000 0.178571 0.000000
vt  0.000000 0.196429 0.000000
vt  0.000000 0.214286 0.000000
vt  0.000000 0.232143 0.000000
vt  0.000000 0.250000 0.000000
vt  0.000000 0.267857 0.000000
vt  0.000000 0.285714 0.000000
vt  0.341342 0.982143 0.000000
vt  0.341433 0.984290 0.000000
vt  0.343811 1.000000 0.000000
vt  0.337970 0.964286 0.000000
vt  0.625236 0.982143 0.000000
vt  0.628685 0.964286 0.000000
vt  0.625339 0.981804 0.000000
vt  0.335144 0.950571 0.000000
vt  0.333233 0.946429 0.000000
vt  0.327465 0.934607 0.000000
vt  0.633909 0.946429 0.000000
vt  0.631102 0.952531 0.000000
vt  0.642354 0.929074 0.000000
vt  0.196429 0.893867 0.000000
vt  0.212072 0.895071 0.000000
vt  0.214286 0.895309 0.000000
vt  0.181721 0.892857 0.000000
vt  0.267857 0.901309 0.000000
vt  0.276183 0.902388 0.000000
vt  0.285714 0.904455 0.000000
vt  0.321429 0.922495 0.000000
vt  0.303571 0.909927 0.000000
vt  0.324369 0.925631 0.000000
vt  0.669886 0.910714 0.000000
vt  0.714286 0.902105 0.000000
vt  0.750000 0.897830 0.000000
vt  0.722296 0.900867 0.000000
vt  0.767857 0.896217 0.000000
vt  0.783507 0.895064 0.000000
vt  0.816727 0.892857 0.000000
vt  0.803571 0.893661 0.000000
vt  0.787572 0.894715 0.000000
vt  0.017857 0.884713 0.000000
vt  0.008466 0.884391 0.000000
vt  0.000000 0.884228 0.000000
vt  0.035714 0.885526 0.000000
vt  0.027848 0.884991 0.000000
vt  0.017857 0.883554 0.000000
vt  0.053571 0.886706 0.000000
vt  0.042761 0.885810 0.000000
vt  0.071429 0.887398 0.000000
vt  0.065812 0.887240 0.000000
vt  0.089286 0.888133 0.000000
vt  0.076739 0.887547 0.000000
vt  0.107143 0.888912 0.000000
vt  0.103074 0.888788 0.000000
vt  0.125000 0.889731 0.000000
vt  0.110961 0.889039 0.000000
vt  0.142857 0.890612 0.000000
vt  0.140522 0.890522 0.000000
vt  0.160714 0.891580 0.000000
vt  0.145005 0.890709 0.000000
vt  0.178571 0.892648 0.000000
vt  0.178351 0.892637 0.000000
vt  0.178771 0.892657 0.000000
vt  0.821429 0.892577 0.000000
vt  0.821162 0.892590 0.000000
vt  0.839286 0.891600 0.000000
vt  0.821722 0.892564 0.000000
vt  0.857143 0.890693 0.000000
vt  0.855055 0.890769 0.000000
vt  0.875000 0.889828 0.000000
vt  0.859383 0.890617 0.000000
vt  0.892857 0.889013 0.000000
vt  0.889129 0.889129 0.000000
vt  0.910714 0.888247 0.000000
vt  0.896823 0.888891 0.000000
vt  0.928571 0.886939 0.000000
vt  0.922902 0.887188 0.000000
vt  0.946429 0.884753 0.000000
vt  0.934962 0.886466 0.000000
vt  0.964286 0.882888 0.000000
vt  0.954863 0.883434 0.000000
vt  0.982143 0.881840 0.000000
vt  0.974604 0.882539 0.000000
vt  1.000000 0.881967 0.000000
vt  0.988974 0.881831 0.000000
vt  0.988974 0.881831 0.000000
vt  0.033542 0.359315 0.000000
vt  0.035714 0.359289 0.000000
vt  0.000000 0.361752 0.000000
vt  0.004577 0.361720 0.000000
vt  0.053571 0.358296 0.000000
vt  0.070955 0.357617 0.000000
vt  0.071429 0.357606 0.000000
vt  0.037821 0.359250 0.000000
vt  0.071882 0.357596 0.000000
vt  0.082775 0.357143 0.000000
vt  0.916797 0.357143 0.000000
vt  0.927871 0.357843 0.000000
vt  0.928571 0.357858 0.000000
vt  0.946429 0.359490 0.000000
vt  0.964286 0.360898 0.000000
vt  0.982143 0.361699 0.000000
vt  0.995358 0.361785 0.000000
vt  1.000000 0.361752 0.000000
vt  0.995358 0.361785 0.000000
vt  0.968028 0.360885 0.000000
vt  0.089286 0.356869 0.000000
vt  0.106144 0.356144 0.000000
vt  0.125000 0.355257 0.000000
vt  0.108271 0.356015 0.000000
vt  0.160714 0.353390 0.000000
vt  0.145818 0.354182 0.000000
vt  0.178571 0.352313 0.000000
vt  0.214286 0.349641 0.000000
vt  0.207463 0.350320 0.000000
vt  0.290301 0.339286 0.000000
vt  0.660714 0.330858 0.000000
vt  0.666459 0.333541 0.000000
vt  0.678571 0.337015 0.000000
vt  0.696429 0.340470 0.000000
vt  0.695359 0.340356 0.000000
vt  0.689894 0.339286 0.000000
vt  0.714286 0.342862 0.000000
vt  0.697734 0.340591 0.000000
vt  0.732143 0.345136 0.000000
vt  0.726799 0.344630 0.000000
vt  0.750000 0.347146 0.000000
vt  0.738595 0.345738 0.000000
vt  0.767857 0.348760 0.000000
vt  0.759049 0.348094 0.000000
vt  0.785714 0.350108 0.000000
vt  0.778019 0.349448 0.000000
vt  0.803571 0.351302 0.000000
vt  0.792258 0.350599 0.000000
vt  0.821429 0.352385 0.000000
vt  0.816327 0.352042 0.000000
vt  0.839286 0.353371 0.000000
vt  0.825895 0.352677 0.000000
vt  0.857143 0.354286 0.000000
vt  0.854093 0.354093 0.000000
vt  0.875000 0.355158 0.000000
vt  0.859826 0.354460 0.000000
vt  0.891618 0.355904 0.000000
vt  0.910714 0.356754 0.000000
vt  0.893954 0.356046 0.000000
vt  0.331449 0.303571 0.000000
vt  0.334063 0.298348 0.000000
vt  0.336844 0.285714 0.000000
vt  0.635875 0.303571 0.000000
vt  0.629927 0.285714 0.000000
vt  0.632255 0.296316 0.000000
vt  0.339286 0.273841 0.000000
vt  0.340477 0.267857 0.000000
vt  0.340421 0.268992 0.000000
vt  0.343201 0.250000 0.000000
vt  0.340534 0.266609 0.000000
vt  0.626076 0.267857 0.000000
vt  0.626589 0.269446 0.000000
vt  0.345140 0.232143 0.000000
vt  0.344955 0.237812 0.000000
vt  0.345310 0.226119 0.000000
vt  0.619513 0.214286 0.000000
vt  0.347570 0.196429 0.000000
vt  0.347708 0.188006 0.000000
vt  0.618515 0.202914 0.000000
vt  0.618382 0.196429 0.000000
vt  0.618271 0.189700 0.000000
vt  0.348795 0.160714 0.000000
vt  0.348690 0.170118 0.000000
vt  0.349088 0.142857 0.000000
vt  0.348861 0.151139 0.000000
vt  0.617115 0.168599 0.000000
vt  0.617027 0.160714 0.000000
vt  0.349200 0.125000 0.000000
vt  0.349174 0.134888 0.000000
vt  0.349137 0.107143 0.000000
vt  0.349185 0.115101 0.000000
vt  0.616601 0.133399 0.000000
vt  0.616578 0.125000 0.000000
vt  0.616591 0.116591 0.000000
vt  0.348896 0.089286 0.000000
vt  0.348952 0.098952 0.000000
vt  0.348461 0.071429 0.000000
vt  0.348802 0.079770 0.000000
vt  0.616868 0.097418 0.000000
vt  0.616914 0.089286 0.000000
vt  0.616994 0.081280 0.000000
vt  0.618021 0.060551 0.000000
vt  0.618126 0.053571 0.000000
vt  0.618255 0.046826 0.000000
vt  0.345580 0.017857 0.000000
vt  0.345751 0.024322 0.000000
vt  0.345394 0.011749 0.000000
vt  0.345394 0.011749 0.000000
vt  0.620462 0.022395 0.000000
vt  0.620582 0.017857 0.000000
vt  0.620713 0.013570 0.000000
vt  0.620713 0.013570 0.000000
vt  0.622539 0.000000 0.000000
vt  0.017857 0.884490 0.000000
vt  0.000000 0.878129 0.000000
vt  0.000000 0.879498 0.000000
vt  0.000000 0.883252 0.000000
vt  0.000000 0.881670 0.000000
vt  0.000000 0.881014 0.000000
vt  0.000000 0.882661 0.000000
vt  0.000000 0.879327 0.000000
vt  0.000000 0.880878 0.000000
vt  0.000000 0.886579 0.000000
vt  0.000000 0.885423 0.000000
vt  0.017857 0.982143 0.000000
vt  0.000000 0.982143 0.000000
vt  0.000000 1.000000 0.000000
vt  0.035714 1.000000 0.000000
vt  0.035714 0.982143 0.000000
vt  0.017857 0.982143 0.000000
vt  0.017857 1.000000 0.000000
vt  0.035714 0.964286 0.000000
vt  0.017857 0.964286 0.000000
vt  0.000000 0.964286 0.000000
vt  0.017857 0.964286 0.000000
vt  0.053571 1.000000 0.000000
vt  0.053571 0.982143 0.000000
vt  0.071429 1.000000 0.000000
vt  0.071429 0.982143 0.000000
vt  0.071429 0.964286 0.000000
vt  0.053571 0.964286 0.000000
vt  0.089286 1.000000 0.000000
vt  0.089286 0.982143 0.000000
vt  0.107143 1.000000 0.000000
vt  0.107143 0.982143 0.000000
vt  0.107143 0.964286 0.000000
vt  0.089286 0.964286 0.000000
vt  0.125000 1.000000 0.000000
vt  0.125000 0.982143 0.000000
vt  0.142857 1.000000 0.000000
vt  0.142857 0.982143 0.000000
vt  0.142857 0.964286 0.000000
vt  0.125000 0.964286 0.000000
vt  0.160714 1.000000 0.000000
vt  0.160714 0.982143 0.000000
vt  0.178571 1.000000 0.000000
vt  0.178571 0.982143 0.000000
vt  0.178571 0.964286 0.000000
vt  0.160714 0.964286 0.000000
vt  0.196429 1.000000 0.000000
vt  0.196429 0.982143 0.000000
vt  0.214286 1.000000 0.000000
vt  0.214286 0.982143 0.000000
vt  0.214286 0.964286 0.000000
vt  0.196429 0.964286 0.000000
vt  0.232143 1.000000 0.000000
vt  0.232143 0.982143 0.000000
vt  0.250000 1.000000 0.000000
vt  0.250000 0.982143 0.000000
vt  0.250000 0.964286 0.000000
vt  0.232143 0.964286 0.000000
vt  0.267857 1.000000 0.000000
vt  0.267857 0.982143 0.000000
vt  0.285714 1.000000 0.000000
vt  0.285714 0.982143 0.000000
vt  0.285714 0.964286 0.000000
vt  0.267857 0.964286 0.000000
vt  0.303571 1.000000 0.000000
vt  0.303571 0.982143 0.000000
vt  0.321429 1.000000 0.000000
vt  0.321429 0.982143 0.000000
vt  0.321429 0.964286 0.000000
vt  0.303571 0.964286 0.000000
vt  0.339286 1.000000 0.000000
vt  0.339286 0.982143 0.000000
vt  0.343811 1.000000 0.000000
vt  0.341433 0.984290 0.000000
vt  0.341342 0.982143 0.000000
vt  0.337970 0.964286 0.000000
vt  0.642857 0.982143 0.000000
vt  0.625236 0.982143 0.000000
vt  0.642857 0.964286 0.000000
vt  0.628685 0.964286 0.000000
vt  0.625339 0.981804 0.000000
vt  0.660714 0.982143 0.000000
vt  0.678571 0.982143 0.000000
vt  0.678571 0.964286 0.000000
vt  0.660714 0.964286 0.000000
vt  0.696429 0.982143 0.000000
vt  0.714286 1.000000 0.000000
vt  0.714286 0.982143 0.000000
vt  0.714286 0.964286 0.000000
vt  0.696429 0.964286 0.000000
vt  0.732143 1.000000 0.000000
vt  0.732143 0.982143 0.000000
vt  0.750000 1.000000 0.000000
vt  0.750000 0.982143 0.000000
vt  0.750000 0.964286 0.000000
vt  0.732143 0.964286 0.000000
vt  0.767857 1.000000 0.000000
vt  0.767857 0.982143 0.000000
vt  0.785714 1.000000 0.000000
vt  0.785714 0.982143 0.000000
vt  0.785714 0.964286 0.000000
vt  0.767857 0.964286 0.000000
vt  0.821429 0.964286 0.000000
vt  0.803571 0.964286 0.000000
vt  0.839286 1.000000 0.000000
vt  0.839286 0.982143 0.000000
vt  0.857143 1.000000 0.000000
vt  0.857143 0.982143 0.000000
vt  0.857143 0.964286 0.000000
vt  0.839286 0.964286 0.000000
vt  0.875000 1.000000 0.000000
vt  0.875000 0.982143 0.000000
vt  0.892857 1.000000 0.000000
vt  0.892857 0.982143 0.000000
vt  0.892857 0.964286 0.000000
vt  0.875000 0.964286 0.000000
vt  0.910714 1.000000 0.000000
vt  0.910714 0.982143 0.000000
vt  0.928571 1.000000 0.000000
vt  0.928571 0.982143 0.000000
vt  0.928571 0.964286 0.000000
vt  0.910714 0.964286 0.000000
vt  0.946429 1.000000 0.000000
vt  0.946429 0.982143 0.000000
vt  0.964286 1.000000 0.000000
vt  0.964286 0.982143 0.000000
vt  0.964286 0.964286 0.000000
vt  0.946429 0.964286 0.000000
vt  0.982143 1.000000 0.000000
vt  0.982143 0.982143 0.000000
vt  1.000000 1.000000 0.000000
vt  1.000000 0.982143 0.000000
vt  1.000000 1.000000 0.000000
vt  1.000000 0.964286 0.000000
vt  0.982143 0.964286 0.000000
vt  1.000000 0.982143 0.000000
vt  1.000000 0.964286 0.000000
vt  0.017857 0.946429 0.000000
vt  0.000000 0.946429 0.000000
vt  0.035714 0.946429 0.000000
vt  0.017857 0.946429 0.000000
vt  0.035714 0.928571 0.000000
vt  0.017857 0.928571 0.000000
vt  0.000000 0.928571 0.000000
vt  0.017857 0.928571 0.000000
vt  0.053571 0.946429 0.000000
vt  0.071429 0.946429 0.000000
vt  0.071429 0.928571 0.000000
vt  0.053571 0.928571 0.000000
vt  0.089286 0.946429 0.000000
vt  0.107143 0.946429 0.000000
vt  0.107143 0.928571 0.000000
vt  0.089286 0.928571 0.000000
vt  0.125000 0.946429 0.000000
vt  0.142857 0.946429 0.000000
vt  0.142857 0.928571 0.000000
vt  0.125000 0.928571 0.000000
vt  0.160714 0.946429 0.000000
vt  0.178571 0.946429 0.000000
vt  0.178571 0.928571 0.000000
vt  0.160714 0.928571 0.000000
vt  0.196429 0.946429 0.000000
vt  0.214286 0.946429 0.000000
vt  0.214286 0.928571 0.000000
vt  0.196429 0.928571 0.000000
vt  0.232143 0.946429 0.000000
vt  0.250000 0.946429 0.000000
vt  0.250000 0.928571 0.000000
vt  0.232143 0.928571 0.000000
vt  0.267857 0.946429 0.000000
vt  0.285714 0.946429 0.000000
vt  0.285714 0.928571 0.000000
vt  0.267857 0.928571 0.000000
vt  0.303571 0.946429 0.000000
vt  0.321429 0.946429 0.000000
vt  0.321429 0.928571 0.000000
vt  0.303571 0.928571 0.000000
vt  0.335144 0.950571 0.000000
vt  0.333233 0.946429 0.000000
vt  0.327465 0.934607 0.000000
vt  0.642857 0.946429 0.000000
vt  0.633909 0.946429 0.000000
vt  0.631102 0.952531 0.000000
vt  0.642857 0.928571 0.000000
vt  0.642525 0.928571 0.000000
vt  0.642354 0.929074 0.000000
vt  0.660714 0.946429 0.000000
vt  0.678571 0.946429 0.000000
vt  0.678571 0.928571 0.000000
vt  0.660714 0.928571 0.000000
vt  0.696429 0.946429 0.000000
vt  0.714286 0.946429 0.000000
vt  0.714286 0.928571 0.000000
vt  0.696429 0.928571 0.000000
vt  0.732143 0.946429 0.000000
vt  0.750000 0.946429 0.000000
vt  0.750000 0.928571 0.000000
vt  0.767857 0.946429 0.000000
vt  0.785714 0.946429 0.000000
vt  0.785714 0.928571 0.000000
vt  0.767857 0.928571 0.000000
vt  0.821429 0.928571 0.000000
vt  0.803571 0.928571 0.000000
vt  0.839286 0.946429 0.000000
vt  0.857143 0.946429 0.000000
vt  0.857143 0.928571 0.000000
vt  0.839286 0.928571 0.000000
vt  0.875000 0.946429 0.000000
vt  0.892857 0.946429 0.000000
vt  0.892857 0.928571 0.000000
vt  0.875000 0.928571 0.000000
vt  0.910714 0.946429 0.000000
vt  0.928571 0.946429 0.000000
vt  0.928571 0.928571 0.000000
vt  0.910714 0.928571 0.000000
vt  0.946429 0.946429 0.000000
vt  0.964286 0.946429 0.000000
vt  0.964286 0.928571 0.000000
vt  0.946429 0.928571 0.000000
vt  0.982143 0.946429 0.000000
vt  1.000000 0.964286 0.000000
vt  1.000000 0.946429 0.000000
vt  1.000000 0.964286 0.000000
vt  1.000000 0.928571 0.000000
vt  0.982143 0.928571 0.000000
vt  1.000000 0.946429 0.000000
vt  1.000000 0.928571 0.000000
vt  0.017857 0.910714 0.000000
vt  0.000000 0.910714 0.000000
vt  0.035714 0.910714 0.000000
vt  0.017857 0.910714 0.000000
vt  0.035714 0.892857 0.000000
vt  0.017857 0.892857 0.000000
vt  0.000000 0.892857 0.000000
vt  0.017857 0.892857 0.000000
vt  0.053571 0.910714 0.000000
vt  0.071429 0.910714 0.000000
vt  0.071429 0.892857 0.000000
vt  0.053571 0.892857 0.000000
vt  0.089286 0.910714 0.000000
vt  0.107143 0.910714 0.000000
vt  0.107143 0.892857 0.000000
vt  0.089286 0.892857 0.000000
vt  0.125000 0.910714 0.000000
vt  0.142857 0.910714 0.000000
vt  0.142857 0.892857 0.000000
vt  0.125000 0.892857 0.000000
vt  0.160714 0.910714 0.000000
vt  0.178571 0.910714 0.000000
vt  0.178571 0.892857 0.000000
vt  0.160714 0.892857 0.000000
vt  0.196429 0.910714 0.000000
vt  0.214286 0.910714 0.000000
vt  0.214286 0.895309 0.000000
vt  0.212072 0.895071 0.000000
vt  0.196429 0.893867 0.000000
vt  0.181721 0.892857 0.000000
vt  0.232143 0.910714 0.000000
vt  0.250000 0.910714 0.000000
vt  0.267857 0.910714 0.000000
vt  0.303571 0.910714 0.000000
vt  0.642612 0.928325 0.000000
vt  0.660714 0.914108 0.000000
vt  0.678571 0.910714 0.000000
vt  0.696429 0.910714 0.000000
vt  0.714286 0.910714 0.000000
vt  0.703375 0.903768 0.000000
vt  0.696429 0.904531 0.000000
vt  0.690963 0.905248 0.000000
vt  0.732143 0.910714 0.000000
vt  0.767857 0.910714 0.000000
vt  0.785714 0.910714 0.000000
vt  0.785714 0.894862 0.000000
vt  0.803571 0.910714 0.000000
vt  0.821429 0.910714 0.000000
vt  0.821429 0.892857 0.000000
vt  0.839286 0.910714 0.000000
vt  0.857143 0.910714 0.000000
vt  0.857143 0.892857 0.000000
vt  0.839286 0.892857 0.000000
vt  0.875000 0.910714 0.000000
vt  0.892857 0.910714 0.000000
vt  0.892857 0.892857 0.000000
vt  0.875000 0.892857 0.000000
vt  0.910714 0.910714 0.000000
vt  0.928571 0.910714 0.000000
vt  0.928571 0.892857 0.000000
vt  0.910714 0.892857 0.000000
vt  0.946429 0.910714 0.000000
vt  0.964286 0.910714 0.000000
vt  0.964286 0.892857 0.000000
vt  0.946429 0.892857 0.000000
vt  0.982143 0.910714 0.000000
vt  1.000000 0.928571 0.000000
vt  1.000000 0.910714 0.000000
vt  1.000000 0.928571 0.000000
vt  1.000000 0.892857 0.000000
vt  0.982143 0.892857 0.000000
vt  1.000000 0.910714 0.000000
vt  1.000000 0.892857 0.000000
vt  0.017857 0.884713 0.000000
vt  0.008466 0.884391 0.000000
vt  0.035714 0.885526 0.000000
vt  0.027848 0.884991 0.000000
vt  0.053571 0.886706 0.000000
vt  0.042761 0.885810 0.000000
vt  0.071429 0.887398 0.000000
vt  0.065812 0.887240 0.000000
vt  0.089286 0.888133 0.000000
vt  0.076739 0.887547 0.000000
vt  0.107143 0.888912 0.000000
vt  0.103074 0.888788 0.000000
vt  0.125000 0.889731 0.000000
vt  0.110961 0.889039 0.000000
vt  0.142857 0.890612 0.000000
vt  0.140522 0.890522 0.000000
vt  0.160714 0.891580 0.000000
vt  0.145005 0.890709 0.000000
vt  0.178571 0.892648 0.000000
vt  0.178351 0.892637 0.000000
vt  0.178771 0.892657 0.000000
vt  0.821429 0.892577 0.000000
vt  0.821162 0.892590 0.000000
vt  0.839286 0.891600 0.000000
vt  0.821722 0.892564 0.000000
vt  0.857143 0.890693 0.000000
vt  0.855055 0.890769 0.000000
vt  0.875000 0.889828 0.000000
vt  0.859383 0.890617 0.000000
vt  0.892857 0.889013 0.000000
vt  0.889129 0.889129 0.000000
vt  0.910714 0.888247 0.000000
vt  0.896823 0.888891 0.000000
vt  0.928571 0.886939 0.000000
vt  0.922902 0.887188 0.000000
vt  0.946429 0.884753 0.000000
vt  0.934962 0.886466 0.000000
vt  0.964286 0.882888 0.000000
vt  0.954863 0.883434 0.000000
vt  0.982143 0.881840 0.000000
vt  0.974604 0.882539 0.000000
vt  1.000000 0.892857 0.000000
vt  0.035714 0.357143 0.000000
vt  0.000000 0.357143 0.000000
vt  0.071429 0.357143 0.000000
vt  0.053571 0.357143 0.000000
vt  0.053571 0.358296 0.000000
vt  0.070955 0.357617 0.000000
vt  0.035714 0.359289 0.000000
vt  0.037821 0.359250 0.000000
vt  0.071429 0.357606 0.000000
vt  0.071882 0.357596 0.000000
vt  0.928571 0.357143 0.000000
vt  0.916797 0.357143 0.000000
vt  0.927871 0.357843 0.000000
vt  0.964286 0.357143 0.000000
vt  0.946429 0.357143 0.000000
vt  0.928571 0.357858 0.000000
vt  1.000000 0.357143 0.000000
vt  0.982143 0.357143 0.000000
vt  0.982143 0.361699 0.000000
vt  0.995358 0.361785 0.000000
vt  0.964286 0.360898 0.000000
vt  0.968028 0.360885 0.000000
vt  0.017857 0.339286 0.000000
vt  0.000000 0.339286 0.000000
vt  0.035714 0.339286 0.000000
vt  0.035714 0.321429 0.000000
vt  0.017857 0.321429 0.000000
vt  0.000000 0.321429 0.000000
vt  0.053571 0.339286 0.000000
vt  0.071429 0.339286 0.000000
vt  0.071429 0.321429 0.000000
vt  0.053571 0.321429 0.000000
vt  0.082775 0.357143 0.000000
vt  0.089286 0.356869 0.000000
vt  0.089286 0.339286 0.000000
vt  0.106144 0.356144 0.000000
vt  0.107143 0.321429 0.000000
vt  0.089286 0.321429 0.000000
vt  0.107143 0.339286 0.000000
vt  0.125000 0.339286 0.000000
vt  0.108271 0.356015 0.000000
vt  0.125000 0.355257 0.000000
vt  0.142857 0.321429 0.000000
vt  0.125000 0.321429 0.000000
vt  0.160714 0.339286 0.000000
vt  0.145818 0.354182 0.000000
vt  0.160714 0.353390 0.000000
vt  0.178571 0.321429 0.000000
vt  0.160714 0.321429 0.000000
vt  0.178571 0.339286 0.000000
vt  0.196429 0.339286 0.000000
vt  0.178571 0.352313 0.000000
vt  0.207463 0.350320 0.000000
vt  0.214286 0.321429 0.000000
vt  0.214286 0.349641 0.000000
vt  0.250000 0.321429 0.000000
vt  0.250000 0.339286 0.000000
vt  0.267857 0.339286 0.000000
vt  0.285714 0.321429 0.000000
vt  0.267857 0.321429 0.000000
vt  0.285714 0.339286 0.000000
vt  0.321429 0.321429 0.000000
vt  0.290301 0.339286 0.000000
vt  0.678571 0.321429 0.000000
vt  0.660714 0.321429 0.000000
vt  0.660714 0.330858 0.000000
vt  0.666459 0.333541 0.000000
vt  0.696429 0.339286 0.000000
vt  0.689894 0.339286 0.000000
vt  0.695359 0.340356 0.000000
vt  0.696429 0.340470 0.000000
vt  0.697734 0.340591 0.000000
vt  0.714286 0.321429 0.000000
vt  0.696429 0.321429 0.000000
vt  0.714286 0.339286 0.000000
vt  0.678571 0.337015 0.000000
vt  0.732143 0.339286 0.000000
vt  0.714286 0.342862 0.000000
vt  0.726799 0.344630 0.000000
vt  0.732143 0.345136 0.000000
vt  0.738595 0.345738 0.000000
vt  0.750000 0.321429 0.000000
vt  0.732143 0.321429 0.000000
vt  0.750000 0.339286 0.000000
vt  0.767857 0.339286 0.000000
vt  0.750000 0.347146 0.000000
vt  0.759049 0.348094 0.000000
vt  0.767857 0.348760 0.000000
vt  0.778019 0.349448 0.000000
vt  0.785714 0.321429 0.000000
vt  0.767857 0.321429 0.000000
vt  0.785714 0.339286 0.000000
vt  0.803571 0.339286 0.000000
vt  0.785714 0.350108 0.000000
vt  0.792258 0.350599 0.000000
vt  0.803571 0.351302 0.000000
vt  0.816327 0.352042 0.000000
vt  0.821429 0.321429 0.000000
vt  0.803571 0.321429 0.000000
vt  0.821429 0.339286 0.000000
vt  0.839286 0.339286 0.000000
vt  0.821429 0.352385 0.000000
vt  0.825895 0.352677 0.000000
vt  0.839286 0.353371 0.000000
vt  0.854093 0.354093 0.000000
vt  0.857143 0.321429 0.000000
vt  0.839286 0.321429 0.000000
vt  0.857143 0.339286 0.000000
vt  0.875000 0.339286 0.000000
vt  0.857143 0.354286 0.000000
vt  0.859826 0.354460 0.000000
vt  0.875000 0.355158 0.000000
vt  0.891618 0.355904 0.000000
vt  0.892857 0.321429 0.000000
vt  0.875000 0.321429 0.000000
vt  0.892857 0.339286 0.000000
vt  0.910714 0.339286 0.000000
vt  0.893954 0.356046 0.000000
vt  0.928571 0.339286 0.000000
vt  0.910714 0.356754 0.000000
vt  0.928571 0.321429 0.000000
vt  0.910714 0.321429 0.000000
vt  0.946429 0.339286 0.000000
vt  0.964286 0.339286 0.000000
vt  0.964286 0.321429 0.000000
vt  0.946429 0.321429 0.000000
vt  0.982143 0.339286 0.000000
vt  1.000000 0.357143 0.000000
vt  1.000000 0.339286 0.000000
vt  1.000000 0.357143 0.000000
vt  1.000000 0.321429 0.000000
vt  0.982143 0.321429 0.000000
vt  1.000000 0.339286 0.000000
vt  1.000000 0.321429 0.000000
vt  0.017857 0.303571 0.000000
vt  0.000000 0.303571 0.000000
vt  0.035714 0.303571 0.000000
vt  0.035714 0.285714 0.000000
vt  0.017857 0.285714 0.000000
vt  0.000000 0.285714 0.000000
vt  0.000000 0.303571 0.000000
vt  0.017857 0.303571 0.000000
vt  0.017857 0.285714 0.000000
vt  0.053571 0.303571 0.000000
vt  0.071429 0.303571 0.000000
vt  0.071429 0.285714 0.000000
vt  0.053571 0.285714 0.000000
vt  0.089286 0.303571 0.000000
vt  0.107143 0.303571 0.000000
vt  0.107143 0.285714 0.000000
vt  0.089286 0.285714 0.000000
vt  0.125000 0.303571 0.000000
vt  0.142857 0.303571 0.000000
vt  0.142857 0.285714 0.000000
vt  0.160714 0.303571 0.000000
vt  0.160714 0.285714 0.000000
vt  0.214286 0.303571 0.000000
vt  0.214286 0.285714 0.000000
vt  0.232143 0.303571 0.000000
vt  0.250000 0.285714 0.000000
vt  0.232143 0.285714 0.000000
vt  0.267857 0.303571 0.000000
vt  0.285714 0.303571 0.000000
vt  0.285714 0.285714 0.000000
vt  0.267857 0.285714 0.000000
vt  0.303571 0.303571 0.000000
vt  0.321429 0.303571 0.000000
vt  0.321429 0.285714 0.000000
vt  0.303571 0.285714 0.000000
vt  0.334063 0.298348 0.000000
vt  0.642857 0.285714 0.000000
vt  0.629927 0.285714 0.000000
vt  0.632255 0.296316 0.000000
vt  0.660714 0.303571 0.000000
vt  0.642857 0.303571 0.000000
vt  0.678571 0.303571 0.000000
vt  0.678571 0.285714 0.000000
vt  0.660714 0.285714 0.000000
vt  0.696429 0.303571 0.000000
vt  0.714286 0.303571 0.000000
vt  0.714286 0.285714 0.000000
vt  0.696429 0.285714 0.000000
vt  0.732143 0.303571 0.000000
vt  0.750000 0.303571 0.000000
vt  0.750000 0.285714 0.000000
vt  0.732143 0.285714 0.000000
vt  0.767857 0.303571 0.000000
vt  0.785714 0.303571 0.000000
vt  0.785714 0.285714 0.000000
vt  0.767857 0.285714 0.000000
vt  0.803571 0.303571 0.000000
vt  0.821429 0.303571 0.000000
vt  0.821429 0.285714 0.000000
vt  0.803571 0.285714 0.000000
vt  0.839286 0.303571 0.000000
vt  0.857143 0.303571 0.000000
vt  0.857143 0.285714 0.000000
vt  0.839286 0.285714 0.000000
vt  0.875000 0.303571 0.000000
vt  0.892857 0.303571 0.000000
vt  0.892857 0.285714 0.000000
vt  0.875000 0.285714 0.000000
vt  0.910714 0.303571 0.000000
vt  0.928571 0.303571 0.000000
vt  0.928571 0.285714 0.000000
vt  0.910714 0.285714 0.000000
vt  0.946429 0.303571 0.000000
vt  0.964286 0.303571 0.000000
vt  0.964286 0.285714 0.000000
vt  0.946429 0.285714 0.000000
vt  0.982143 0.303571 0.000000
vt  1.000000 0.321429 0.000000
vt  1.000000 0.303571 0.000000
vt  1.000000 0.321429 0.000000
vt  1.000000 0.285714 0.000000
vt  0.982143 0.285714 0.000000
vt  1.000000 0.303571 0.000000
vt  1.000000 0.285714 0.000000
vt  0.017857 0.267857 0.000000
vt  0.000000 0.267857 0.000000
vt  0.035714 0.267857 0.000000
vt  0.017857 0.267857 0.000000
vt  0.035714 0.250000 0.000000
vt  0.017857 0.250000 0.000000
vt  0.000000 0.250000 0.000000
vt  0.017857 0.250000 0.000000
vt  0.053571 0.267857 0.000000
vt  0.071429 0.267857 0.000000
vt  0.071429 0.250000 0.000000
vt  0.053571 0.250000 0.000000
vt  0.089286 0.267857 0.000000
vt  0.107143 0.267857 0.000000
vt  0.107143 0.250000 0.000000
vt  0.089286 0.250000 0.000000
vt  0.125000 0.267857 0.000000
vt  0.142857 0.267857 0.000000
vt  0.142857 0.250000 0.000000
vt  0.160714 0.267857 0.000000
vt  0.214286 0.267857 0.000000
vt  0.214286 0.250000 0.000000
vt  0.232143 0.267857 0.000000
vt  0.250000 0.267857 0.000000
vt  0.250000 0.250000 0.000000
vt  0.232143 0.250000 0.000000
vt  0.267857 0.267857 0.000000
vt  0.285714 0.267857 0.000000
vt  0.285714 0.250000 0.000000
vt  0.267857 0.250000 0.000000
vt  0.303571 0.267857 0.000000
vt  0.336844 0.285714 0.000000
vt  0.339286 0.273841 0.000000
vt  0.339286 0.267857 0.000000
vt  0.340421 0.268992 0.000000
vt  0.340477 0.267857 0.000000
vt  0.340534 0.266609 0.000000
vt  0.339286 0.250000 0.000000
vt  0.626076 0.267857 0.000000
vt  0.626589 0.269446 0.000000
vt  0.625000 0.250000 0.000000
vt  0.660714 0.267857 0.000000
vt  0.678571 0.267857 0.000000
vt  0.678571 0.250000 0.000000
vt  0.660714 0.250000 0.000000
vt  0.696429 0.267857 0.000000
vt  0.714286 0.267857 0.000000
vt  0.714286 0.250000 0.000000
vt  0.696429 0.250000 0.000000
vt  0.732143 0.267857 0.000000
vt  0.750000 0.267857 0.000000
vt  0.750000 0.250000 0.000000
vt  0.732143 0.250000 0.000000
vt  0.767857 0.267857 0.000000
vt  0.785714 0.267857 0.000000
vt  0.785714 0.250000 0.000000
vt  0.767857 0.250000 0.000000
vt  0.803571 0.267857 0.000000
vt  0.821429 0.267857 0.000000
vt  0.821429 0.250000 0.000000
vt  0.803571 0.250000 0.000000
vt  0.839286 0.267857 0.000000
vt  0.857143 0.267857 0.000000
vt  0.857143 0.250000 0.000000
vt  0.839286 0.250000 0.000000
vt  0.875000 0.267857 0.000000
vt  0.892857 0.267857 0.000000
vt  0.892857 0.250000 0.000000
vt  0.875000 0.250000 0.000000
vt  0.910714 0.267857 0.000000
vt  0.928571 0.267857 0.000000
vt  0.928571 0.250000 0.000000
vt  0.910714 0.250000 0.000000
vt  0.946429 0.267857 0.000000
vt  0.964286 0.267857 0.000000
vt  0.964286 0.250000 0.000000
vt  0.946429 0.250000 0.000000
vt  0.982143 0.267857 0.000000
vt  1.000000 0.285714 0.000000
vt  1.000000 0.267857 0.000000
vt  1.000000 0.285714 0.000000
vt  1.000000 0.250000 0.000000
vt  0.982143 0.250000 0.000000
vt  1.000000 0.267857 0.000000
vt  1.000000 0.250000 0.000000
vt  0.017857 0.232143 0.000000
vt  0.000000 0.232143 0.000000
vt  0.035714 0.232143 0.000000
vt  0.017857 0.232143 0.000000
vt  0.035714 0.214286 0.000000
vt  0.017857 0.214286 0.000000
vt  0.000000 0.214286 0.000000
vt  0.017857 0.214286 0.000000
vt  0.053571 0.232143 0.000000
vt  0.071429 0.232143 0.000000
vt  0.071429 0.214286 0.000000
vt  0.053571 0.214286 0.000000
vt  0.089286 0.232143 0.000000
vt  0.107143 0.232143 0.000000
vt  0.107143 0.214286 0.000000
vt  0.089286 0.214286 0.000000
vt  0.125000 0.232143 0.000000
vt  0.142857 0.232143 0.000000
vt  0.142857 0.214286 0.000000
vt  0.160714 0.214286 0.000000
vt  0.214286 0.232143 0.000000
vt  0.214286 0.214286 0.000000
vt  0.232143 0.232143 0.000000
vt  0.250000 0.232143 0.000000
vt  0.250000 0.214286 0.000000
vt  0.232143 0.214286 0.000000
vt  0.267857 0.232143 0.000000
vt  0.285714 0.232143 0.000000
vt  0.285714 0.214286 0.000000
vt  0.267857 0.214286 0.000000
vt  0.303571 0.232143 0.000000
vt  0.321429 0.232143 0.000000
vt  0.321429 0.214286 0.000000
vt  0.303571 0.214286 0.000000
vt  0.339286 0.232143 0.000000
vt  0.343201 0.250000 0.000000
vt  0.344955 0.237812 0.000000
vt  0.345140 0.232143 0.000000
vt  0.345310 0.226119 0.000000
vt  0.625000 0.232143 0.000000
vt  0.621193 0.235950 0.000000
vt  0.619513 0.214286 0.000000
vt  0.660714 0.232143 0.000000
vt  0.678571 0.232143 0.000000
vt  0.678571 0.214286 0.000000
vt  0.696429 0.232143 0.000000
vt  0.714286 0.232143 0.000000
vt  0.714286 0.214286 0.000000
vt  0.696429 0.214286 0.000000
vt  0.732143 0.232143 0.000000
vt  0.750000 0.232143 0.000000
vt  0.750000 0.214286 0.000000
vt  0.732143 0.214286 0.000000
vt  0.767857 0.232143 0.000000
vt  0.785714 0.232143 0.000000
vt  0.785714 0.214286 0.000000
vt  0.767857 0.214286 0.000000
vt  0.803571 0.232143 0.000000
vt  0.821429 0.232143 0.000000
vt  0.821429 0.214286 0.000000
vt  0.803571 0.214286 0.000000
vt  0.839286 0.232143 0.000000
vt  0.857143 0.232143 0.000000
vt  0.857143 0.214286 0.000000
vt  0.839286 0.214286 0.000000
vt  0.875000 0.232143 0.000000
vt  0.892857 0.232143 0.000000
vt  0.892857 0.214286 0.000000
vt  0.875000 0.214286 0.000000
vt  0.910714 0.232143 0.000000
vt  0.928571 0.232143 0.000000
vt  0.928571 0.214286 0.000000
vt  0.910714 0.214286 0.000000
vt  0.946429 0.232143 0.000000
vt  0.964286 0.232143 0.000000
vt  0.964286 0.214286 0.000000
vt  0.946429 0.214286 0.000000
vt  0.982143 0.232143 0.000000
vt  1.000000 0.250000 0.000000
vt  1.000000 0.232143 0.000000
vt  1.000000 0.250000 0.000000
vt  1.000000 0.214286 0.000000
vt  0.982143 0.214286 0.000000
vt  1.000000 0.232143 0.000000
vt  1.000000 0.214286 0.000000
vt  0.017857 0.196429 0.000000
vt  0.000000 0.196429 0.000000
vt  0.035714 0.196429 0.000000
vt  0.017857 0.196429 0.000000
vt  0.035714 0.178571 0.000000
vt  0.017857 0.178571 0.000000
vt  0.000000 0.178571 0.000000
vt  0.017857 0.178571 0.000000
vt  0.053571 0.196429 0.000000
vt  0.071429 0.196429 0.000000
vt  0.071429 0.178571 0.000000
vt  0.053571 0.178571 0.000000
vt  0.089286 0.196429 0.000000
vt  0.107143 0.196429 0.000000
vt  0.107143 0.178571 0.000000
vt  0.089286 0.178571 0.000000
vt  0.125000 0.196429 0.000000
vt  0.142857 0.196429 0.000000
vt  0.142857 0.178571 0.000000
vt  0.125000 0.178571 0.000000
vt  0.160714 0.196429 0.000000
vt  0.178571 0.178571 0.000000
vt  0.160714 0.178571 0.000000
vt  0.214286 0.196429 0.000000
vt  0.214286 0.178571 0.000000
vt  0.232143 0.196429 0.000000
vt  0.250000 0.196429 0.000000
vt  0.232143 0.178571 0.000000
vt  0.267857 0.196429 0.000000
vt  0.285714 0.196429 0.000000
vt  0.285714 0.178571 0.000000
vt  0.267857 0.178571 0.000000
vt  0.303571 0.196429 0.000000
vt  0.321429 0.196429 0.000000
vt  0.321429 0.178571 0.000000
vt  0.303571 0.178571 0.000000
vt  0.339286 0.196429 0.000000
vt  0.347570 0.196429 0.000000
vt  0.347708 0.188006 0.000000
vt  0.625000 0.196429 0.000000
vt  0.618382 0.196429 0.000000
vt  0.618515 0.202914 0.000000
vt  0.642857 0.196429 0.000000
vt  0.642857 0.178571 0.000000
vt  0.618271 0.189700 0.000000
vt  0.660714 0.196429 0.000000
vt  0.678571 0.196429 0.000000
vt  0.678571 0.178571 0.000000
vt  0.660714 0.178571 0.000000
vt  0.696429 0.196429 0.000000
vt  0.714286 0.196429 0.000000
vt  0.714286 0.178571 0.000000
vt  0.696429 0.178571 0.000000
vt  0.732143 0.196429 0.000000
vt  0.750000 0.196429 0.000000
vt  0.750000 0.178571 0.000000
vt  0.732143 0.178571 0.000000
vt  0.767857 0.196429 0.000000
vt  0.785714 0.196429 0.000000
vt  0.785714 0.178571 0.000000
vt  0.767857 0.178571 0.000000
vt  0.803571 0.196429 0.000000
vt  0.821429 0.196429 0.000000
vt  0.821429 0.178571 0.000000
vt  0.803571 0.178571 0.000000
vt  0.839286 0.196429 0.000000
vt  0.857143 0.196429 0.000000
vt  0.857143 0.178571 0.000000
vt  0.839286 0.178571 0.000000
vt  0.875000 0.196429 0.000000
vt  0.892857 0.196429 0.000000
vt  0.892857 0.178571 0.000000
vt  0.875000 0.178571 0.000000
vt  0.910714 0.196429 0.000000
vt  0.928571 0.196429 0.000000
vt  0.928571 0.178571 0.000000
vt  0.910714 0.178571 0.000000
vt  0.946429 0.196429 0.000000
vt  0.964286 0.196429 0.000000
vt  0.964286 0.178571 0.000000
vt  0.946429 0.178571 0.000000
vt  0.982143 0.196429 0.000000
vt  1.000000 0.214286 0.000000
vt  1.000000 0.196429 0.000000
vt  1.000000 0.214286 0.000000
vt  1.000000 0.178571 0.000000
vt  0.982143 0.178571 0.000000
vt  1.000000 0.196429 0.000000
vt  1.000000 0.178571 0.000000
vt  0.017857 0.160714 0.000000
vt  0.000000 0.160714 0.000000
vt  0.035714 0.160714 0.000000
vt  0.017857 0.160714 0.000000
vt  0.035714 0.142857 0.000000
vt  0.017857 0.142857 0.000000
vt  0.000000 0.142857 0.000000
vt  0.017857 0.142857 0.000000
vt  0.053571 0.160714 0.000000
vt  0.071429 0.160714 0.000000
vt  0.071429 0.142857 0.000000
vt  0.053571 0.142857 0.000000
vt  0.089286 0.160714 0.000000
vt  0.107143 0.160714 0.000000
vt  0.107143 0.142857 0.000000
vt  0.089286 0.142857 0.000000
vt  0.125000 0.160714 0.000000
vt  0.142857 0.142857 0.000000
vt  0.125000 0.142857 0.000000
vt  0.160714 0.160714 0.000000
vt  0.178571 0.160714 0.000000
vt  0.178571 0.142857 0.000000
vt  0.196429 0.160714 0.000000
vt  0.214286 0.160714 0.000000
vt  0.214286 0.142857 0.000000
vt  0.196429 0.142857 0.000000
vt  0.232143 0.160714 0.000000
vt  0.250000 0.160714 0.000000
vt  0.250000 0.142857 0.000000
vt  0.232143 0.142857 0.000000
vt  0.267857 0.160714 0.000000
vt  0.285714 0.160714 0.000000
vt  0.285714 0.142857 0.000000
vt  0.267857 0.142857 0.000000
vt  0.303571 0.160714 0.000000
vt  0.321429 0.160714 0.000000
vt  0.321429 0.142857 0.000000
vt  0.303571 0.142857 0.000000
vt  0.339286 0.160714 0.000000
vt  0.348300 0.178571 0.000000
vt  0.348690 0.170118 0.000000
vt  0.348795 0.160714 0.000000
vt  0.348861 0.151139 0.000000
vt  0.625000 0.160714 0.000000
vt  0.642857 0.142857 0.000000
vt  0.660714 0.160714 0.000000
vt  0.678571 0.160714 0.000000
vt  0.678571 0.142857 0.000000
vt  0.660714 0.142857 0.000000
vt  0.696429 0.160714 0.000000
vt  0.714286 0.160714 0.000000
vt  0.732143 0.160714 0.000000
vt  0.750000 0.142857 0.000000
vt  0.767857 0.160714 0.000000
vt  0.785714 0.160714 0.000000
vt  0.767857 0.142857 0.000000
vt  0.803571 0.160714 0.000000
vt  0.821429 0.142857 0.000000
vt  0.839286 0.160714 0.000000
vt  0.857143 0.160714 0.000000
vt  0.857143 0.142857 0.000000
vt  0.839286 0.142857 0.000000
vt  0.875000 0.160714 0.000000
vt  0.892857 0.160714 0.000000
vt  0.892857 0.142857 0.000000
vt  0.875000 0.142857 0.000000
vt  0.910714 0.160714 0.000000
vt  0.928571 0.160714 0.000000
vt  0.928571 0.142857 0.000000
vt  0.910714 0.142857 0.000000
vt  0.946429 0.160714 0.000000
vt  0.964286 0.160714 0.000000
vt  0.964286 0.142857 0.000000
vt  0.946429 0.142857 0.000000
vt  0.982143 0.160714 0.000000
vt  1.000000 0.178571 0.000000
vt  1.000000 0.160714 0.000000
vt  1.000000 0.178571 0.000000
vt  1.000000 0.142857 0.000000
vt  0.982143 0.142857 0.000000
vt  1.000000 0.160714 0.000000
vt  1.000000 0.142857 0.000000
vt  0.017857 0.125000 0.000000
vt  0.000000 0.125000 0.000000
vt  0.035714 0.125000 0.000000
vt  0.017857 0.125000 0.000000
vt  0.035714 0.107143 0.000000
vt  0.017857 0.107143 0.000000
vt  0.000000 0.107143 0.000000
vt  0.017857 0.107143 0.000000
vt  0.053571 0.125000 0.000000
vt  0.071429 0.125000 0.000000
vt  0.071429 0.107143 0.000000
vt  0.053571 0.107143 0.000000
vt  0.089286 0.125000 0.000000
vt  0.107143 0.125000 0.000000
vt  0.107143 0.107143 0.000000
vt  0.089286 0.107143 0.000000
vt  0.125000 0.125000 0.000000
vt  0.142857 0.125000 0.000000
vt  0.142857 0.107143 0.000000
vt  0.125000 0.107143 0.000000
vt  0.160714 0.125000 0.000000
vt  0.178571 0.125000 0.000000
vt  0.178571 0.107143 0.000000
vt  0.160714 0.107143 0.000000
vt  0.196429 0.125000 0.000000
vt  0.214286 0.125000 0.000000
vt  0.214286 0.107143 0.000000
vt  0.196429 0.107143 0.000000
vt  0.232143 0.125000 0.000000
vt  0.250000 0.125000 0.000000
vt  0.250000 0.107143 0.000000
vt  0.232143 0.107143 0.000000
vt  0.267857 0.125000 0.000000
vt  0.285714 0.125000 0.000000
vt  0.285714 0.107143 0.000000
vt  0.267857 0.107143 0.000000
vt  0.303571 0.125000 0.000000
vt  0.321429 0.125000 0.000000
vt  0.321429 0.107143 0.000000
vt  0.303571 0.107143 0.000000
vt  0.339286 0.125000 0.000000
vt  0.349088 0.142857 0.000000
vt  0.349174 0.134888 0.000000
vt  0.349200 0.125000 0.000000
vt  0.349185 0.115101 0.000000
vt  0.625000 0.125000 0.000000
vt  0.616578 0.125000 0.000000
vt  0.616601 0.133399 0.000000
vt  0.616591 0.116591 0.000000
vt  0.660714 0.125000 0.000000
vt  0.678571 0.125000 0.000000
vt  0.678571 0.107143 0.000000
vt  0.696429 0.125000 0.000000
vt  0.714286 0.125000 0.000000
vt  0.714286 0.107143 0.000000
vt  0.696429 0.107143 0.000000
vt  0.732143 0.125000 0.000000
vt  0.750000 0.107143 0.000000
vt  0.732143 0.107143 0.000000
vt  0.767857 0.125000 0.000000
vt  0.785714 0.107143 0.000000
vt  0.767857 0.107143 0.000000
vt  0.803571 0.125000 0.000000
vt  0.821429 0.125000 0.000000
vt  0.821429 0.107143 0.000000
vt  0.803571 0.107143 0.000000
vt  0.839286 0.125000 0.000000
vt  0.857143 0.125000 0.000000
vt  0.857143 0.107143 0.000000
vt  0.839286 0.107143 0.000000
vt  0.875000 0.125000 0.000000
vt  0.892857 0.125000 0.000000
vt  0.892857 0.107143 0.000000
vt  0.875000 0.107143 0.000000
vt  0.910714 0.125000 0.000000
vt  0.928571 0.125000 0.000000
vt  0.928571 0.107143 0.000000
vt  0.910714 0.107143 0.000000
vt  0.946429 0.125000 0.000000
vt  0.964286 0.125000 0.000000
vt  0.964286 0.107143 0.000000
vt  0.946429 0.107143 0.000000
vt  0.982143 0.125000 0.000000
vt  1.000000 0.142857 0.000000
vt  1.000000 0.125000 0.000000
vt  1.000000 0.142857 0.000000
vt  1.000000 0.107143 0.000000
vt  0.982143 0.107143 0.000000
vt  1.000000 0.125000 0.000000
vt  1.000000 0.107143 0.000000
vt  0.017857 0.089286 0.000000
vt  0.000000 0.089286 0.000000
vt  0.035714 0.089286 0.000000
vt  0.017857 0.089286 0.000000
vt  0.035714 0.071429 0.000000
vt  0.017857 0.071429 0.000000
vt  0.000000 0.071429 0.000000
vt  0.017857 0.071429 0.000000
vt  0.053571 0.089286 0.000000
vt  0.071429 0.089286 0.000000
vt  0.071429 0.071429 0.000000
vt  0.053571 0.071429 0.000000
vt  0.089286 0.089286 0.000000
vt  0.107143 0.089286 0.000000
vt  0.107143 0.071429 0.000000
vt  0.089286 0.071429 0.000000
vt  0.125000 0.089286 0.000000
vt  0.142857 0.089286 0.000000
vt  0.142857 0.071429 0.000000
vt  0.125000 0.071429 0.000000
vt  0.160714 0.089286 0.000000
vt  0.178571 0.089286 0.000000
vt  0.178571 0.071429 0.000000
vt  0.160714 0.071429 0.000000
vt  0.196429 0.089286 0.000000
vt  0.214286 0.089286 0.000000
vt  0.214286 0.071429 0.000000
vt  0.196429 0.071429 0.000000
vt  0.232143 0.089286 0.000000
vt  0.250000 0.089286 0.000000
vt  0.250000 0.071429 0.000000
vt  0.232143 0.071429 0.000000
vt  0.267857 0.089286 0.000000
vt  0.285714 0.089286 0.000000
vt  0.285714 0.071429 0.000000
vt  0.267857 0.071429 0.000000
vt  0.303571 0.089286 0.000000
vt  0.321429 0.089286 0.000000
vt  0.321429 0.071429 0.000000
vt  0.303571 0.071429 0.000000
vt  0.339286 0.089286 0.000000
vt  0.349137 0.107143 0.000000
vt  0.348952 0.098952 0.000000
vt  0.348896 0.089286 0.000000
vt  0.348802 0.079770 0.000000
vt  0.625000 0.089286 0.000000
vt  0.616914 0.089286 0.000000
vt  0.616868 0.097418 0.000000
vt  0.642857 0.089286 0.000000
vt  0.642857 0.071429 0.000000
vt  0.625000 0.071429 0.000000
vt  0.617396 0.071429 0.000000
vt  0.616994 0.081280 0.000000
vt  0.660714 0.089286 0.000000
vt  0.678571 0.089286 0.000000
vt  0.678571 0.071429 0.000000
vt  0.660714 0.071429 0.000000
vt  0.696429 0.089286 0.000000
vt  0.714286 0.089286 0.000000
vt  0.714286 0.071429 0.000000
vt  0.696429 0.071429 0.000000
vt  0.732143 0.089286 0.000000
vt  0.750000 0.089286 0.000000
vt  0.750000 0.071429 0.000000
vt  0.732143 0.071429 0.000000
vt  0.767857 0.089286 0.000000
vt  0.785714 0.089286 0.000000
vt  0.785714 0.071429 0.000000
vt  0.767857 0.071429 0.000000
vt  0.803571 0.089286 0.000000
vt  0.803571 0.071429 0.000000
vt  0.839286 0.089286 0.000000
vt  0.857143 0.089286 0.000000
vt  0.857143 0.071429 0.000000
vt  0.839286 0.071429 0.000000
vt  0.875000 0.089286 0.000000
vt  0.892857 0.089286 0.000000
vt  0.892857 0.071429 0.000000
vt  0.875000 0.071429 0.000000
vt  0.910714 0.089286 0.000000
vt  0.928571 0.089286 0.000000
vt  0.928571 0.071429 0.000000
vt  0.910714 0.071429 0.000000
vt  0.946429 0.089286 0.000000
vt  0.964286 0.089286 0.000000
vt  0.964286 0.071429 0.000000
vt  0.946429 0.071429 0.000000
vt  0.982143 0.089286 0.000000
vt  1.000000 0.107143 0.000000
vt  1.000000 0.089286 0.000000
vt  1.000000 0.107143 0.000000
vt  1.000000 0.071429 0.000000
vt  0.982143 0.071429 0.000000
vt  1.000000 0.089286 0.000000
vt  1.000000 0.071429 0.000000
vt  0.017857 0.053571 0.000000
vt  0.000000 0.053571 0.000000
vt  0.035714 0.053571 0.000000
vt  0.017857 0.053571 0.000000
vt  0.035714 0.035714 0.000000
vt  0.017857 0.035714 0.000000
vt  0.000000 0.035714 0.000000
vt  0.017857 0.035714 0.000000
vt  0.053571 0.053571 0.000000
vt  0.071429 0.053571 0.000000
vt  0.071429 0.035714 0.000000
vt  0.053571 0.035714 0.000000
vt  0.089286 0.053571 0.000000
vt  0.107143 0.053571 0.000000
vt  0.107143 0.035714 0.000000
vt  0.089286 0.035714 0.000000
vt  0.125000 0.053571 0.000000
vt  0.142857 0.053571 0.000000
vt  0.142857 0.035714 0.000000
vt  0.125000 0.035714 0.000000
vt  0.160714 0.053571 0.000000
vt  0.178571 0.053571 0.000000
vt  0.178571 0.035714 0.000000
vt  0.160714 0.035714 0.000000
vt  0.196429 0.053571 0.000000
vt  0.214286 0.053571 0.000000
vt  0.214286 0.035714 0.000000
vt  0.196429 0.035714 0.000000
vt  0.232143 0.053571 0.000000
vt  0.250000 0.053571 0.000000
vt  0.250000 0.035714 0.000000
vt  0.232143 0.035714 0.000000
vt  0.267857 0.053571 0.000000
vt  0.285714 0.053571 0.000000
vt  0.285714 0.035714 0.000000
vt  0.267857 0.035714 0.000000
vt  0.303571 0.053571 0.000000
vt  0.321429 0.053571 0.000000
vt  0.321429 0.035714 0.000000
vt  0.303571 0.035714 0.000000
vt  0.339286 0.053571 0.000000
vt  0.347641 0.045216 0.000000
vt  0.625000 0.053571 0.000000
vt  0.618126 0.053571 0.000000
vt  0.618021 0.060551 0.000000
vt  0.642857 0.035714 0.000000
vt  0.625000 0.035714 0.000000
vt  0.619158 0.035714 0.000000
vt  0.618255 0.046826 0.000000
vt  0.660714 0.053571 0.000000
vt  0.678571 0.053571 0.000000
vt  0.678571 0.035714 0.000000
vt  0.660714 0.035714 0.000000
vt  0.696429 0.053571 0.000000
vt  0.714286 0.053571 0.000000
vt  0.714286 0.035714 0.000000
vt  0.696429 0.035714 0.000000
vt  0.732143 0.053571 0.000000
vt  0.750000 0.053571 0.000000
vt  0.750000 0.035714 0.000000
vt  0.732143 0.035714 0.000000
vt  0.767857 0.053571 0.000000
vt  0.785714 0.035714 0.000000
vt  0.767857 0.035714 0.000000
vt  0.821429 0.035714 0.000000
vt  0.803571 0.035714 0.000000
vt  0.839286 0.053571 0.000000
vt  0.857143 0.053571 0.000000
vt  0.857143 0.035714 0.000000
vt  0.839286 0.035714 0.000000
vt  0.875000 0.053571 0.000000
vt  0.892857 0.053571 0.000000
vt  0.892857 0.035714 0.000000
vt  0.875000 0.035714 0.000000
vt  0.910714 0.053571 0.000000
vt  0.928571 0.053571 0.000000
vt  0.928571 0.035714 0.000000
vt  0.910714 0.035714 0.000000
vt  0.946429 0.053571 0.000000
vt  0.964286 0.053571 0.000000
vt  0.964286 0.035714 0.000000
vt  0.946429 0.035714 0.000000
vt  0.982143 0.053571 0.000000
vt  1.000000 0.071429 0.000000
vt  1.000000 0.053571 0.000000
vt  1.000000 0.071429 0.000000
vt  1.000000 0.035714 0.000000
vt  0.982143 0.035714 0.000000
vt  1.000000 0.053571 0.000000
vt  1.000000 0.035714 0.000000
vt  0.017857 0.017857 0.000000
vt  0.000000 0.017857 0.000000
vt  0.035714 0.017857 0.000000
vt  0.017857 0.017857 0.000000
vt  0.035714 0.000000 0.000000
vt  0.017857 0.000000 0.000000
vt  0.035714 0.000000 0.000000
vt  0.000000 0.000000 0.000000
vt  0.053571 0.017857 0.000000
vt  0.071429 0.017857 0.000000
vt  0.053571 0.000000 0.000000
vt  0.071429 0.000000 0.000000
vt  0.071429 0.000000 0.000000
vt  0.035714 0.000000 0.000000
vt  0.053571 0.000000 0.000000
vt  0.035714 0.000000 0.000000
vt  0.089286 0.017857 0.000000
vt  0.107143 0.017857 0.000000
vt  0.089286 0.000000 0.000000
vt  0.107143 0.000000 0.000000
vt  0.107143 0.000000 0.000000
vt  0.071429 0.000000 0.000000
vt  0.089286 0.000000 0.000000
vt  0.071429 0.000000 0.000000
vt  0.125000 0.017857 0.000000
vt  0.142857 0.017857 0.000000
vt  0.125000 0.000000 0.000000
vt  0.142857 0.000000 0.000000
vt  0.142857 0.000000 0.000000
vt  0.107143 0.000000 0.000000
vt  0.125000 0.000000 0.000000
vt  0.107143 0.000000 0.000000
vt  0.160714 0.017857 0.000000
vt  0.178571 0.017857 0.000000
vt  0.160714 0.000000 0.000000
vt  0.178571 0.000000 0.000000
vt  0.178571 0.000000 0.000000
vt  0.142857 0.000000 0.000000
vt  0.160714 0.000000 0.000000
vt  0.142857 0.000000 0.000000
vt  0.196429 0.017857 0.000000
vt  0.214286 0.017857 0.000000
vt  0.196429 0.000000 0.000000
vt  0.214286 0.000000 0.000000
vt  0.214286 0.000000 0.000000
vt  0.178571 0.000000 0.000000
vt  0.196429 0.000000 0.000000
vt  0.178571 0.000000 0.000000
vt  0.232143 0.017857 0.000000
vt  0.250000 0.017857 0.000000
vt  0.250000 0.000000 0.000000
vt  0.232143 0.000000 0.000000
vt  0.250000 0.000000 0.000000
vt  0.214286 0.000000 0.000000
vt  0.232143 0.000000 0.000000
vt  0.214286 0.000000 0.000000
vt  0.267857 0.017857 0.000000
vt  0.285714 0.017857 0.000000
vt  0.285714 0.000000 0.000000
vt  0.267857 0.000000 0.000000
vt  0.285714 0.000000 0.000000
vt  0.250000 0.000000 0.000000
vt  0.267857 0.000000 0.000000
vt  0.250000 0.000000 0.000000
vt  0.303571 0.017857 0.000000
vt  0.321429 0.017857 0.000000
vt  0.321429 0.000000 0.000000
vt  0.303571 0.000000 0.000000
vt  0.321429 0.000000 0.000000
vt  0.285714 0.000000 0.000000
vt  0.303571 0.000000 0.000000
vt  0.285714 0.000000 0.000000
vt  0.339286 0.017857 0.000000
vt  0.346868 0.035714 0.000000
vt  0.345751 0.024322 0.000000
vt  0.345580 0.017857 0.000000
vt  0.345394 0.011749 0.000000
vt  0.321429 0.000000 0.000000
vt  0.339286 0.000000 0.000000
vt  0.321429 0.000000 0.000000
vt  0.625000 0.017857 0.000000
vt  0.620582 0.017857 0.000000
vt  0.620462 0.022395 0.000000
vt  0.625000 0.000000 0.000000
vt  0.642857 0.000000 0.000000
vt  0.625000 0.000000 0.000000
vt  0.660714 0.017857 0.000000
vt  0.678571 0.017857 0.000000
vt  0.660714 0.000000 0.000000
vt  0.678571 0.000000 0.000000
vt  0.678571 0.000000 0.000000
vt  0.660714 0.000000 0.000000
vt  0.642857 0.000000 0.000000
vt  0.696429 0.017857 0.000000
vt  0.714286 0.017857 0.000000
vt  0.696429 0.000000 0.000000
vt  0.714286 0.000000 0.000000
vt  0.714286 0.000000 0.000000
vt  0.678571 0.000000 0.000000
vt  0.696429 0.000000 0.000000
vt  0.678571 0.000000 0.000000
vt  0.732143 0.017857 0.000000
vt  0.750000 0.017857 0.000000
vt  0.750000 0.000000 0.000000
vt  0.732143 0.000000 0.000000
vt  0.750000 0.000000 0.000000
vt  0.714286 0.000000 0.000000
vt  0.732143 0.000000 0.000000
vt  0.714286 0.000000 0.000000
vt  0.767857 0.017857 0.000000
vt  0.785714 0.017857 0.000000
vt  0.785714 0.000000 0.000000
vt  0.767857 0.000000 0.000000
vt  0.785714 0.000000 0.000000
vt  0.750000 0.000000 0.000000
vt  0.767857 0.000000 0.000000
vt  0.750000 0.000000 0.000000
vt  0.803571 0.017857 0.000000
vt  0.821429 0.017857 0.000000
vt  0.821429 0.000000 0.000000
vt  0.803571 0.000000 0.000000
vt  0.821429 0.000000 0.000000
vt  0.785714 0.000000 0.000000
vt  0.803571 0.000000 0.000000
vt  0.785714 0.000000 0.000000
vt  0.839286 0.017857 0.000000
vt  0.857143 0.017857 0.000000
vt  0.857143 0.000000 0.000000
vt  0.839286 0.000000 0.000000
vt  0.857143 0.000000 0.000000
vt  0.821429 0.000000 0.000000
vt  0.839286 0.000000 0.000000
vt  0.821429 0.000000 0.000000
vt  0.875000 0.017857 0.000000
vt  0.892857 0.017857 0.000000
vt  0.892857 0.000000 0.000000
vt  0.875000 0.000000 0.000000
vt  0.892857 0.000000 0.000000
vt  0.857143 0.000000 0.000000
vt  0.875000 0.000000 0.000000
vt  0.857143 0.000000 0.000000
vt  0.910714 0.017857 0.000000
vt  0.928571 0.017857 0.000000
vt  0.928571 0.000000 0.000000
vt  0.910714 0.000000 0.000000
vt  0.928571 0.000000 0.000000
vt  0.892857 0.000000 0.000000
vt  0.910714 0.000000 0.000000
vt  0.892857 0.000000 0.000000
vt  0.946429 0.017857 0.000000
vt  0.964286 0.017857 0.000000
vt  0.964286 0.000000 0.000000
vt  0.946429 0.000000 0.000000
vt  0.964286 0.000000 0.000000
vt  0.928571 0.000000 0.000000
vt  0.946429 0.000000 0.000000
vt  0.928571 0.000000 0.000000
vt  0.982143 0.017857 0.000000
vt  1.000000 0.035714 0.000000
vt  1.000000 0.017857 0.000000
vt  1.000000 0.035714 0.000000
vt  1.000000 0.000000 0.000000
vt  0.982143 0.000000 0.000000
vt  1.000000 0.017857 0.000000
vt  1.000000 0.000000 0.000000
vt  0.964286 0.000000 0.000000
vt  0.982143 0.000000 0.000000
vt  0.964286 0.000000 0.000000
vt  0.000000 1.000000 0.000000
vt  0.017857 1.000000 0.000000
vt  0.000000 1.000000 0.000000
vt  0.017857 0.982143 0.000000
vt  0.000000 0.982143 0.000000
vt  0.000000 1.000000 0.000000
vt  0.000000 0.982143 0.000000
vt  0.017857 0.964286 0.000000
vt  0.000000 0.964286 0.000000
vt  0.000000 0.964286 0.000000
vt  0.017857 0.946429 0.000000
vt  0.000000 0.946429 0.000000
vt  0.000000 0.946429 0.000000
vt  0.017857 0.928571 0.000000
vt  0.000000 0.928571 0.000000
vt  0.000000 0.928571 0.000000
vt  0.017857 0.910714 0.000000
vt  0.000000 0.910714 0.000000
vt  0.000000 0.910714 0.000000
vt  0.017857 0.892857 0.000000
vt  0.000000 0.892857 0.000000
vt  0.000000 0.892857 0.000000
vt  0.017857 0.883554 0.000000
vt  0.017857 0.884490 0.000000
vt  0.017857 0.303571 0.000000
vt  0.000000 0.303571 0.000000
vt  0.017857 0.285714 0.000000
vt  0.000000 0.285714 0.000000
vt  0.000000 0.285714 0.000000
vt  0.017857 0.267857 0.000000
vt  0.000000 0.267857 0.000000
vt  0.000000 0.285714 0.000000
vt  0.000000 0.285714 0.000000
vt  0.000000 0.267857 0.000000
vt  0.017857 0.250000 0.000000
vt  0.000000 0.250000 0.000000
vt  0.000000 0.250000 0.000000
vt  0.017857 0.232143 0.000000
vt  0.000000 0.232143 0.000000
vt  0.000000 0.232143 0.000000
vt  0.017857 0.214286 0.000000
vt  0.000000 0.214286 0.000000
vt  0.000000 0.214286 0.000000
vt  0.017857 0.196429 0.000000
vt  0.000000 0.196429 0.000000
vt  0.000000 0.196429 0.000000
vt  0.017857 0.178571 0.000000
vt  0.000000 0.178571 0.000000
vt  0.000000 0.178571 0.000000
vt  0.017857 0.160714 0.000000
vt  0.000000 0.160714 0.000000
vt  0.000000 0.160714 0.000000
vt  0.017857 0.142857 0.000000
vt  0.000000 0.142857 0.000000
vt  0.000000 0.142857 0.000000
vt  0.017857 0.125000 0.000000
vt  0.000000 0.125000 0.000000
vt  0.000000 0.125000 0.000000
vt  0.017857 0.107143 0.000000
vt  0.000000 0.107143 0.000000
vt  0.000000 0.107143 0.000000
vt  0.017857 0.089286 0.000000
vt  0.000000 0.089286 0.000000
vt  0.000000 0.089286 0.000000
vt  0.017857 0.071429 0.000000
vt  0.000000 0.071429 0.000000
vt  0.000000 0.071429 0.000000
vt  0.017857 0.053571 0.000000
vt  0.000000 0.053571 0.000000
vt  0.000000 0.053571 0.000000
vt  0.017857 0.035714 0.000000
vt  0.000000 0.035714 0.000000
vt  0.000000 0.035714 0.000000
vt  0.017857 0.017857 0.000000
vt  0.000000 0.017857 0.000000
vt  0.000000 0.017857 0.000000
vt  0.000000 0.000000 0.000000
vt  0.000000 0.000000 0.000000
vt  0.000000 0.000000 0.000000
vt  0.000000 0.000000 0.000000
vt  0.017857 0.000000 0.000000
vt  0.017857 0.000000 0.000000
vt  0.000000 0.000000 0.000000
vt  0.000000 0.000000 0.000000
vt  0.017857 1.000000 0.000000
vt  0.000000 0.982143 0.000000
vt  0.000000 0.964286 0.000000
vt  0.000000 0.946429 0.000000
vt  0.000000 0.928571 0.000000
vt  0.000000 0.910714 0.000000
vt  0.000000 0.892857 0.000000
vt  0.000000 0.267857 0.000000
vt  0.000000 0.250000 0.000000
vt  0.000000 0.232143 0.000000
vt  0.000000 0.214286 0.000000
vt  0.000000 0.196429 0.000000
vt  0.000000 0.178571 0.000000
vt  0.000000 0.160714 0.000000
vt  0.000000 0.142857 0.000000
vt  0.000000 0.125000 0.000000
vt  0.000000 0.107143 0.000000
vt  0.000000 0.089286 0.000000
vt  0.000000 0.071429 0.000000
vt  0.000000 0.053571 0.000000
vt  0.000000 0.035714 0.000000
vt  0.000000 0.017857 0.000000
vt  0.000000 1.000000 0.000000
vt  0.000000 1.000000 0.000000
vt  0.000000 0.982143 0.000000
vt  0.000000 0.982143 0.000000
vt  0.000000 0.982143 0.000000
vt  0.000000 0.964286 0.000000
vt  0.000000 0.964286 0.000000
vt  0.000000 0.964286 0.000000
vt  0.000000 0.946429 0.000000
vt  0.000000 0.946429 0.000000
vt  0.000000 0.946429 0.000000
vt  0.000000 0.928571 0.000000
vt  0.000000 0.928571 0.000000
vt  0.000000 0.928571 0.000000
vt  0.000000 0.910714 0.000000
vt  0.000000 0.910714 0.000000
vt  0.000000 0.910714 0.000000
vt  0.000000 0.892857 0.000000
vt  0.000000 0.892857 0.000000
vt  0.000000 0.892857 0.000000
vt  0.000000 0.883252 0.000000
vt  0.000000 0.882661 0.000000
vt  0.000000 0.285714 0.000000
vt  0.000000 0.285714 0.000000
vt  0.000000 0.267857 0.000000
vt  0.000000 0.267857 0.000000
vt  0.000000 0.250000 0.000000
vt  0.000000 0.250000 0.000000
vt  0.000000 0.232143 0.000000
vt  0.000000 0.232143 0.000000
vt  0.000000 0.232143 0.000000
vt  0.000000 0.214286 0.000000
vt  0.000000 0.214286 0.000000
vt  0.000000 0.214286 0.000000
vt  0.000000 0.196429 0.000000
vt  0.000000 0.196429 0.000000
vt  0.000000 0.196429 0.000000
vt  0.000000 0.178571 0.000000
vt  0.000000 0.178571 0.000000
vt  0.000000 0.178571 0.000000
vt  0.000000 0.160714 0.000000
vt  0.000000 0.160714 0.000000
vt  0.000000 0.160714 0.000000
vt  0.000000 0.142857 0.000000
vt  0.000000 0.142857 0.000000
vt  0.000000 0.142857 0.000000
vt  0.000000 0.125000 0.000000
vt  0.000000 0.125000 0.000000
vt  0.000000 0.125000 0.000000
vt  0.000000 0.107143 0.000000
vt  0.000000 0.107143 0.000000
vt  0.000000 0.107143 0.000000
vt  0.000000 0.089286 0.000000
vt  0.000000 0.089286 0.000000
vt  0.000000 0.089286 0.000000
vt  0.000000 0.071429 0.000000
vt  0.000000 0.071429 0.000000
vt  0.000000 0.071429 0.000000
vt  0.000000 0.053571 0.000000
vt  0.000000 0.053571 0.000000
vt  0.000000 0.053571 0.000000
vt  0.000000 0.035714 0.000000
vt  0.000000 0.035714 0.000000
vt  0.000000 0.035714 0.000000
vt  0.000000 0.017857 0.000000
vt  0.000000 0.017857 0.000000
vt  0.000000 0.017857 0.000000
vt  0.000000 0.000000 0.000000
vt  0.000000 0.000000 0.000000
vt  0.000000 0.991071 0.000000
vt  0.000000 1.000000 0.000000
vt  0.000000 1.000000 0.000000
vt  0.000000 0.982143 0.000000
vt  0.000000 0.982143 0.000000
vt  0.000000 1.000000 0.000000
vt  0.000000 0.964286 0.000000
vt  0.000000 0.964286 0.000000
vt  0.000000 0.964286 0.000000
vt  0.000000 0.946429 0.000000
vt  0.000000 0.946429 0.000000
vt  0.000000 0.946429 0.000000
vt  0.000000 0.928571 0.000000
vt  0.000000 0.928571 0.000000
vt  0.000000 0.928571 0.000000
vt  0.000000 0.910714 0.000000
vt  0.000000 0.910714 0.000000
vt  0.000000 0.910714 0.000000
vt  0.000000 0.892857 0.000000
vt  0.000000 0.892857 0.000000
vt  0.000000 0.892857 0.000000
vt  0.000000 0.886579 0.000000
vt  0.000000 0.885423 0.000000
vt  0.000000 0.285714 0.000000
vt  0.000000 0.285714 0.000000
vt  0.000000 0.285714 0.000000
vt  0.000000 0.267857 0.000000
vt  0.000000 0.267857 0.000000
vt  0.000000 0.285714 0.000000
vt  0.000000 0.250000 0.000000
vt  0.000000 0.250000 0.000000
vt  0.000000 0.232143 0.000000
vt  0.000000 0.232143 0.000000
vt  0.000000 0.232143 0.000000
vt  0.000000 0.214286 0.000000
vt  0.000000 0.214286 0.000000
vt  0.000000 0.214286 0.000000
vt  0.000000 0.196429 0.000000
vt  0.000000 0.196429 0.000000
vt  0.000000 0.196429 0.000000
vt  0.000000 0.178571 0.000000
vt  0.000000 0.178571 0.000000
vt  0.000000 0.178571 0.000000
vt  0.000000 0.160714 0.000000
vt  0.000000 0.160714 0.000000
vt  0.000000 0.160714 0.000000
vt  0.000000 0.142857 0.000000
vt  0.000000 0.142857 0.000000
vt  0.000000 0.142857 0.000000
vt  0.000000 0.125000 0.000000
vt  0.000000 0.125000 0.000000
vt  0.000000 0.125000 0.000000
vt  0.000000 0.107143 0.000000
vt  0.000000 0.107143 0.000000
vt  0.000000 0.107143 0.000000
vt  0.000000 0.089286 0.000000
vt  0.000000 0.089286 0.000000
vt  0.000000 0.089286 0.000000
vt  0.000000 0.071429 0.000000
vt  0.000000 0.071429 0.000000
vt  0.000000 0.071429 0.000000
vt  0.000000 0.053571 0.000000
vt  0.000000 0.053571 0.000000
vt  0.000000 0.053571 0.000000
vt  0.000000 0.035714 0.000000
vt  0.000000 0.035714 0.000000
vt  0.000000 0.035714 0.000000
vt  0.000000 0.017857 0.000000
vt  0.000000 0.017857 0.000000
vt  0.000000 0.017857 0.000000
vt  0.000000 0.000000 0.000000
vt  0.000000 0.000000 0.000000
vt  0.000000 0.000000 0.000000
vt  0.000000 0.000000 0.000000
vt  0.000000 0.982143 0.000000
vt  0.000000 0.964286 0.000000
vt  0.000000 0.946429 0.000000
vt  0.000000 0.928571 0.000000
vt  0.000000 0.910714 0.000000
vt  0.000000 0.892857 0.000000
vt  0.000000 0.880878 0.000000
vt  0.000000 0.879498 0.000000
vt  0.000000 0.267857 0.000000
vt  0.000000 0.250000 0.000000
vt  0.000000 0.232143 0.000000
vt  0.000000 0.214286 0.000000
vt  0.000000 0.196429 0.000000
vt  0.000000 0.178571 0.000000
vt  0.000000 0.160714 0.000000
vt  0.000000 0.142857 0.000000
vt  0.000000 0.125000 0.000000
vt  0.000000 0.107143 0.000000
vt  0.000000 0.089286 0.000000
vt  0.000000 0.071429 0.000000
vt  0.000000 0.053571 0.000000
vt  0.000000 0.035714 0.000000
vt  0.000000 0.017857 0.000000
vt  0.622539 1.000000 0.000000
vt  0.625000 1.000000 0.000000
vt  0.625000 0.983716 0.000000
vt  0.678571 0.907969 0.000000
vt  0.000000 0.884228 0.000000
vt  1.000000 0.892857 0.000000
vt  1.000000 0.361752 0.000000
vt  1.000000 0.357143 0.000000
vt  0.995358 0.361785 0.000000
vt  0.635875 0.303571 0.000000
vt  0.623213 0.250000 0.000000
vt  0.343811 0.000000 0.000000
vt  0.339286 0.000000 0.000000
vt  0.620713 0.013570 0.000000
vt  0.000000 0.878129 0.000000
vt  0.000000 0.881670 0.000000
vt  0.000000 0.881014 0.000000
vt  0.000000 0.879327 0.000000
vt  0.000309 1.011888 0.000000
vt  0.695817 0.991472 0.000000
vt  0.731468 1.001259 0.000000
vt  0.722718 0.981476 0.000000
vt  0.803571 0.964672 0.000000
vt  0.695824 0.955749 0.000000
vt  0.722519 0.947489 0.000000
vt  0.705408 0.933418 0.000000
vt  0.780148 0.947034 0.000000
vt  0.803571 0.928957 0.000000
vt  0.642745 0.928277 0.000000
vt  0.160714 0.320431 0.000000
vt  0.157436 0.301071 0.000000
vt  0.268015 0.343380 0.000000
vt  0.268483 0.342063 0.000000
vt  0.321702 0.322954 0.000000
vt  0.108749 0.303322 0.000000
vt  0.074689 0.321589 0.000000
vt  0.090574 0.321498 0.000000
vt  0.174078 0.302939 0.000000
vt  0.182646 0.304479 0.000000
vt  0.319710 0.300361 0.000000
vt  0.645407 0.306577 0.000000
vt  0.182657 0.266897 0.000000
vt  0.182652 0.268790 0.000000
vt  0.642219 0.258273 0.000000
vt  0.659886 0.250189 0.000000
vt  0.658237 0.232913 0.000000
vt  0.182651 0.231210 0.000000
vt  0.182657 0.233103 0.000000
vt  0.305062 0.204964 0.000000
vt  0.655790 0.216212 0.000000
vt  0.652563 0.200278 0.000000
vt  0.126378 0.178841 0.000000
vt  0.182646 0.195521 0.000000
vt  0.176322 0.195555 0.000000
vt  0.305062 0.189392 0.000000
vt  0.340419 0.202437 0.000000
vt  0.339713 0.201148 0.000000
vt  0.339286 0.199705 0.000000
vt  0.339143 0.198125 0.000000
vt  0.340419 0.192774 0.000000
vt  0.624182 0.192213 0.000000
vt  0.627211 0.220073 0.000000
vt  0.629911 0.197488 0.000000
vt  0.126371 0.178557 0.000000
vt  0.107143 0.161027 0.000000
vt  0.126364 0.143112 0.000000
vt  0.144305 0.159788 0.000000
vt  0.144303 0.161631 0.000000
vt  0.244167 0.170017 0.000000
vt  0.322123 0.138017 0.000000
vt  0.348358 0.192333 0.000000
vt  0.323236 0.192889 0.000000
vt  0.349162 0.191218 0.000000
vt  0.347571 0.193428 0.000000
vt  0.342636 0.188914 0.000000
vt  0.617758 0.192168 0.000000
vt  0.618646 0.193780 0.000000
vt  0.622306 0.187766 0.000000
vt  0.695869 0.170107 0.000000
vt  0.144305 0.124073 0.000000
vt  0.156564 0.107760 0.000000
vt  0.205500 0.106797 0.000000
vt  0.323507 0.133008 0.000000
vt  0.308031 0.129740 0.000000
vt  0.305362 0.136373 0.000000
vt  0.350127 0.189888 0.000000
vt  0.325525 0.189296 0.000000
vt  0.328266 0.185695 0.000000
vt  0.350772 0.188983 0.000000
vt  0.615422 0.187900 0.000000
vt  0.616713 0.190262 0.000000
vt  0.616971 0.190732 0.000000
vt  0.619465 0.183302 0.000000
vt  0.659238 0.097819 0.000000
vt  0.695854 0.134388 0.000000
vt  0.720807 0.143719 0.000000
vt  0.695578 0.105921 0.000000
vt  0.770217 0.107835 0.000000
vt  0.784802 0.125024 0.000000
vt  0.167113 0.089495 0.000000
vt  0.325569 0.127883 0.000000
vt  0.328283 0.122699 0.000000
vt  0.623872 0.085635 0.000000
vt  0.614463 0.186119 0.000000
vt  0.615182 0.187442 0.000000
vt  0.659238 0.082247 0.000000
vt  0.725723 0.084309 0.000000
vt  0.722784 0.088667 0.000000
vt  0.808915 0.106410 0.000000
vt  0.347330 0.083339 0.000000
vt  0.321905 0.053797 0.000000
vt  0.322848 0.036605 0.000000
vt  0.340813 0.051829 0.000000
vt  0.617281 0.085554 0.000000
vt  0.617121 0.086406 0.000000
vt  0.621665 0.081783 0.000000
vt  0.642173 0.026081 0.000000
vt  0.695825 0.062932 0.000000
vt  0.722536 0.054679 0.000000
vt  0.722770 0.052955 0.000000
vt  0.804183 0.070818 0.000000
vt  0.346452 0.069763 0.000000
vt  0.324232 0.020420 0.000000
vt  0.326055 0.005073 0.000000
vt  0.348967 0.041341 0.000000
vt  0.345906 0.061634 0.000000
vt  0.638778 0.082166 0.000000
vt  0.636049 0.078572 0.000000
vt  0.617687 0.083142 0.000000
vt  0.617476 0.084322 0.000000
vt  0.640805 0.020719 0.000000
vt  0.809841 0.017670 0.000000
vt  0.622710 0.987725 0.000000
vt  0.624894 0.987118 0.000000
vt  0.741144 0.900543 0.000000
vt  0.657350 0.320616 0.000000
vt  0.658805 0.314917 0.000000
vt  0.629972 0.227273 0.000000
vt  0.630166 0.227778 0.000000
vt  0.645289 0.243670 0.000000
vt  0.617034 0.190836 0.000000
vt  0.613807 0.184894 0.000000
vt  0.352230 0.052721 0.000000
vt  0.346897 0.076298 0.000000
vt  0.617438 0.084606 0.000000
vt  0.617937 0.081826 0.000000
vt  0.614914 0.078156 0.000000
vt  0.000309 1.011888 0.000000
vt  0.695817 0.991472 0.000000
vt  0.705524 0.999352 0.000000
vt  0.767571 0.980742 0.000000
vt  0.767591 0.999698 0.000000
vt  0.797554 1.000377 0.000000
vt  0.808533 0.982107 0.000000
vt  0.802448 1.000549 0.000000
vt  0.810957 0.964301 0.000000
vt  0.695824 0.955749 0.000000
vt  0.803463 0.955468 0.000000
vt  0.810915 0.950088 0.000000
vt  0.276459 0.903507 0.000000
vt  0.285710 0.906082 0.000000
vt  0.652535 0.916742 0.000000
vt  0.634811 0.918627 0.000000
vt  0.677938 0.919162 0.000000
vt  0.757294 0.920595 0.000000
vt  0.753754 0.910820 0.000000
vt  0.793067 0.893544 0.000000
vt  0.798818 0.892535 0.000000
vt  0.801050 0.892463 0.000000
vt  0.238600 0.333929 0.000000
vt  0.236950 0.326220 0.000000
vt  0.303575 0.335039 0.000000
vt  0.108749 0.303322 0.000000
vt  0.157040 0.320465 0.000000
vt  0.214539 0.295056 0.000000
vt  0.320615 0.296840 0.000000
vt  0.645407 0.306577 0.000000
vt  0.159508 0.251206 0.000000
vt  0.214537 0.259361 0.000000
vt  0.642219 0.258273 0.000000
vt  0.655784 0.216287 0.000000
vt  0.159508 0.248794 0.000000
vt  0.159508 0.215492 0.000000
vt  0.214538 0.223665 0.000000
vt  0.322484 0.210538 0.000000
vt  0.339548 0.238747 0.000000
vt  0.623071 0.202927 0.000000
vt  0.623183 0.203005 0.000000
vt  0.126378 0.178841 0.000000
vt  0.157040 0.179535 0.000000
vt  0.214543 0.187963 0.000000
vt  0.324234 0.206658 0.000000
vt  0.305837 0.209264 0.000000
vt  0.308985 0.204126 0.000000
vt  0.624702 0.193744 0.000000
vt  0.695880 0.205821 0.000000
vt  0.740789 0.197350 0.000000
vt  0.819001 0.196104 0.000000
vt  0.241248 0.156558 0.000000
vt  0.250569 0.152484 0.000000
vt  0.250558 0.168773 0.000000
vt  0.623229 0.191707 0.000000
vt  0.618090 0.199347 0.000000
vt  0.617314 0.198774 0.000000
vt  0.678571 0.162047 0.000000
vt  0.726211 0.153805 0.000000
vt  0.813096 0.169098 0.000000
vt  0.806975 0.178569 0.000000
vt  0.816649 0.168948 0.000000
vt  0.819965 0.168768 0.000000
vt  0.810119 0.178560 0.000000
vt  0.813127 0.178549 0.000000
vt  0.620644 0.190419 0.000000
vt  0.616619 0.198264 0.000000
vt  0.616395 0.198096 0.000000
vt  0.615272 0.197247 0.000000
vt  0.677472 0.128957 0.000000
vt  0.726218 0.131719 0.000000
vt  0.808800 0.137935 0.000000
vt  0.832141 0.133012 0.000000
vt  0.623390 0.175971 0.000000
vt  0.615057 0.197085 0.000000
vt  0.614433 0.196606 0.000000
vt  0.806959 0.068143 0.000000
vt  0.354722 0.068013 0.000000
vt  0.367308 0.007998 0.000000
vt  0.695825 0.062932 0.000000
vt  0.796233 0.043746 0.000000
vt  0.808540 0.048570 0.000000
vt  0.808286 0.031368 0.000000
vt  0.352209 0.053398 0.000000
vt  0.361944 -0.014293 0.000000
vt  0.641870 0.029785 0.000000
vt  0.812358 0.017678 0.000000
vt  0.819849 0.017457 0.000000
vt  0.624894 0.987118 0.000000
vt  0.305835 0.911508 0.000000
vt  0.309119 0.912658 0.000000
vt  0.292326 0.906773 0.000000
vt  0.288623 0.905475 0.000000
vt  0.658805 0.314917 0.000000
vt  0.657350 0.320616 0.000000
vt  0.638087 0.203223 0.000000
vt  0.619607 0.215354 0.000000
vt  0.616684 0.198293 0.000000
vt  0.347653 0.088037 0.000000
vt  0.613867 0.196155 0.000000
vt  0.604388 0.061545 0.000000
vt  0.600944 0.061813 0.000000
vt  0.609697 0.081033 0.000000
vt  0.611820 0.079149 0.000000
vt  0.204398 0.982143 0.000000
vt  0.203424 1.000000 0.000000
vt  0.205593 0.964286 0.000000
vt  0.204961 0.973611 0.000000
vt  0.750000 0.991411 0.000000
vt  0.758589 0.991411 0.000000
vt  0.750000 0.977100 0.000000
vt  0.762814 0.977100 0.000000
vt  0.759015 1.000000 0.000000
vt  0.206993 0.946429 0.000000
vt  0.208578 0.928571 0.000000
vt  0.767857 0.949382 0.000000
vt  0.770810 0.949382 0.000000
vt  0.770705 0.946429 0.000000
vt  0.769817 0.946526 0.000000
vt  0.212347 0.910714 0.000000
vt  0.760285 0.910714 0.000000
vt  0.232143 0.334084 0.000000
vt  0.250000 0.334084 0.000000
vt  0.227687 0.321429 0.000000
vt  0.738587 0.345737 0.000000
vt  0.738587 0.345737 0.000000
vt  0.741223 0.321429 0.000000
vt  0.740170 0.331258 0.000000
vt  0.739284 0.339286 0.000000
vt  0.232143 0.311207 0.000000
vt  0.239779 0.303571 0.000000
vt  0.238146 0.297569 0.000000
vt  0.232143 0.297568 0.000000
vt  0.743191 0.303571 0.000000
vt  0.742078 0.313507 0.000000
vt  0.745163 0.285714 0.000000
vt  0.744577 0.291137 0.000000
vt  0.232143 0.270541 0.000000
vt  0.234827 0.267857 0.000000
vt  0.234266 0.265734 0.000000
vt  0.232143 0.265734 0.000000
vt  0.747114 0.267857 0.000000
vt  0.749019 0.250000 0.000000
vt  0.214286 0.233724 0.000000
vt  0.230562 0.233724 0.000000
vt  0.214286 0.230164 0.000000
vt  0.230164 0.230164 0.000000
vt  0.750000 0.240426 0.000000
vt  0.749107 0.249107 0.000000
vt  0.750840 0.232143 0.000000
vt  0.752552 0.214286 0.000000
vt  0.214286 0.201365 0.000000
vt  0.227207 0.201365 0.000000
vt  0.214286 0.190444 0.000000
vt  0.248045 0.175704 0.000000
vt  0.754143 0.196429 0.000000
vt  0.755164 0.183735 0.000000
vt  0.755591 0.178571 0.000000
vt  0.214286 0.168554 0.000000
vt  0.247439 0.164799 0.000000
vt  0.214286 0.151600 0.000000
vt  0.223029 0.151600 0.000000
vt  0.756876 0.160714 0.000000
vt  0.757508 0.150365 0.000000
vt  0.757980 0.142857 0.000000
vt  0.214286 0.135138 0.000000
vt  0.222005 0.135138 0.000000
vt  0.214286 0.113788 0.000000
vt  0.220931 0.113788 0.000000
vt  0.767857 0.133451 0.000000
vt  0.772208 0.125000 0.000000
vt  0.772099 0.129242 0.000000
vt  0.772296 0.120561 0.000000
vt  0.767857 0.120561 0.000000
vt  0.214286 0.100963 0.000000
vt  0.202259 0.089286 0.000000
vt  0.201980 0.071429 0.000000
vt  0.202171 0.083544 0.000000
vt  0.750000 0.093268 0.000000
vt  0.763875 0.093268 0.000000
vt  0.750000 0.085381 0.000000
vt  0.763952 0.085381 0.000000
vt  0.201960 0.053571 0.000000
vt  0.202196 0.035714 0.000000
vt  0.750000 0.057369 0.000000
vt  0.764059 0.057369 0.000000
vt  0.750000 0.049753 0.000000
vt  0.764039 0.049753 0.000000
vt  0.202687 0.017857 0.000000
vt  0.203424 0.000000 0.000000
vt  0.202952 0.011334 0.000000
vt  0.202952 0.011334 0.000000
vt  0.759677 0.017857 0.000000
vt  0.759366 0.009366 0.000000
vt  0.759015 0.000000 0.000000
vt  0.759366 0.009366 0.000000
vt  0.212025 0.895068 0.000000
vt  0.212025 0.895068 0.000000
vt  0.748844 0.898184 0.000000
vt  0.750933 0.910806 0.000000
vt  0.251480 0.339508 0.000000
vt  0.251430 0.339286 0.000000
vt  0.207109 0.992823 0.000000
vt  0.207386 0.982143 0.000000
vt  0.206917 1.000000 0.000000
vt  0.208028 0.964286 0.000000
vt  0.755876 0.999899 0.000000
vt  0.755268 0.981228 0.000000
vt  0.761656 0.982143 0.000000
vt  0.761557 0.975843 0.000000
vt  0.757459 0.964286 0.000000
vt  0.757459 0.946429 0.000000
vt  0.208303 0.958303 0.000000
vt  0.208835 0.946429 0.000000
vt  0.209797 0.928571 0.000000
vt  0.757156 0.935728 0.000000
vt  0.756938 0.928571 0.000000
vt  0.210903 0.910714 0.000000
vt  0.739031 0.923982 0.000000
vt  0.760274 0.918297 0.000000
vt  0.246673 0.322651 0.000000
vt  0.227590 0.308124 0.000000
vt  0.740444 0.321429 0.000000
vt  0.739072 0.339286 0.000000
vt  0.227382 0.303571 0.000000
vt  0.227449 0.288205 0.000000
vt  0.741857 0.303571 0.000000
vt  0.742720 0.292994 0.000000
vt  0.743295 0.285714 0.000000
vt  0.225795 0.267857 0.000000
vt  0.225885 0.253328 0.000000
vt  0.744741 0.267857 0.000000
vt  0.746175 0.250000 0.000000
vt  0.224234 0.232143 0.000000
vt  0.224346 0.218440 0.000000
vt  0.747578 0.232143 0.000000
vt  0.748934 0.214286 0.000000
vt  0.222778 0.196429 0.000000
vt  0.222913 0.183497 0.000000
vt  0.749004 0.213290 0.000000
vt  0.750000 0.199523 0.000000
vt  0.750221 0.196429 0.000000
vt  0.759262 0.187833 0.000000
vt  0.210769 0.160714 0.000000
vt  0.214286 0.164002 0.000000
vt  0.209683 0.142857 0.000000
vt  0.767857 0.163069 0.000000
vt  0.770212 0.163069 0.000000
vt  0.770507 0.160714 0.000000
vt  0.767857 0.158064 0.000000
vt  0.209421 0.137992 0.000000
vt  0.208739 0.125000 0.000000
vt  0.207949 0.107143 0.000000
vt  0.767857 0.129127 0.000000
vt  0.811719 0.139073 0.000000
vt  0.808166 0.136367 0.000000
vt  0.767857 0.122835 0.000000
vt  0.757482 0.107143 0.000000
vt  0.757482 0.089286 0.000000
vt  0.207716 0.100573 0.000000
vt  0.207326 0.089286 0.000000
vt  0.206877 0.071429 0.000000
vt  0.762006 0.071429 0.000000
vt  0.762006 0.053571 0.000000
vt  0.206763 0.063905 0.000000
vt  0.206610 0.053571 0.000000
vt  0.206563 0.043437 0.000000
vt  0.206527 0.035714 0.000000
vt  0.762018 0.047732 0.000000
vt  0.206572 0.028000 0.000000
vt  0.206630 0.017857 0.000000
vt  0.206795 0.007491 0.000000
vt  0.206917 0.000000 0.000000
vt  0.206795 0.007491 0.000000
vt  0.756223 0.017857 0.000000
vt  0.756054 0.006054 0.000000
vt  0.756054 0.006054 0.000000
vt  0.755965 0.000000 0.000000
# 3668 texture vertices

vn  -0.925122 -0.007773 0.653125
vn  -0.533873 0.572318 -0.562052
vn  -0.682532 0.384813 -0.735442
vn  -0.692783 0.292559 -0.801364
vn  -0.698415 0.150758 -0.857990
vn  -0.684736 0.200750 -0.850106
vn  -0.646501 0.321233 -0.807330
vn  -0.594031 0.420190 -0.750089
vn  -0.456904 0.581149 -0.589583
vn  -0.167226 0.722639 -0.271959
vn  0.134700 -0.721329 0.293622
vn  0.412836 -0.578419 0.616107
vn  0.587301 -0.409961 0.763757
vn  0.604212 -0.316351 0.831122
vn  0.676985 -0.174816 0.862379
vn  0.691555 -0.136082 0.864671
vn  0.783889 -0.063068 0.822955
vn  0.741962 -0.340699 0.736846
vn  0.557737 -0.550008 0.590383
vn  0.451027 -0.626072 0.489238
vn  0.539236 -0.378503 0.813899
vn  -0.379690 0.567460 -0.649252
vn  -0.488707 0.392409 -0.822152
vn  -0.484027 0.332215 -0.868671
vn  -0.496656 0.159213 -0.938295
vn  -0.484068 0.208532 -0.928545
vn  -0.449758 0.328163 -0.882340
vn  -0.407160 0.424246 -0.821270
vn  -0.300549 0.583414 -0.647878
vn  -0.142786 0.702645 -0.383124
vn  0.083615 -0.718813 0.320257
vn  0.292961 -0.579785 0.656350
vn  0.468953 -0.197402 0.936671
vn  0.488739 -0.144513 0.943805
vn  0.500705 -0.136895 0.941487
vn  0.455610 -0.342662 0.871101
vn  0.379392 -0.551324 0.675890
vn  0.491535 -0.606519 0.512882
vn  0.267304 -0.386730 0.884827
vn  -0.129380 0.555996 -0.722314
vn  -0.204494 0.391650 -0.889887
vn  -0.191273 0.358211 -0.915038
vn  -0.205680 0.160533 -0.996785
vn  -0.195565 0.208372 -0.985592
vn  -0.181015 0.340086 -0.927537
vn  -0.123258 0.414141 -0.879012
vn  -0.053223 0.584970 -0.681142
vn  0.029814 0.713601 -0.347174
vn  -0.052070 -0.693239 0.425489
vn  0.082322 -0.572162 0.700881
vn  0.199809 -0.217218 0.982427
vn  0.197186 -0.146186 1.000330
vn  0.200266 -0.196932 0.988484
vn  0.263121 -0.250318 0.962967
vn  0.144309 -0.554584 0.723030
vn  0.148657 -0.551927 0.726434
vn  -0.010407 -0.384399 0.902271
vn  0.100429 0.542695 -0.734393
vn  0.086235 0.379681 -0.899889
vn  0.045823 0.383982 -0.900404
vn  0.079172 0.151533 -0.999442
vn  0.084206 0.196255 -0.988650
vn  -0.079974 -0.131183 1.002762
vn  -0.467212 -0.205045 0.898521
vn  -0.085578 -0.358626 0.914378
vn  -0.098901 -0.520564 0.763574
vn  -0.088386 -0.543602 0.734732
vn  -0.057630 0.607561 0.517808
vn  -0.164295 0.500085 0.680996
vn  -1.042430 0.089944 0.509046
vn  0.145566 -0.478099 -0.712763
vn  0.012241 -0.671769 -0.364183
vn  -0.406299 0.571603 0.488585
vn  -0.375946 0.492958 0.632688
vn  -0.528588 0.170110 0.852378
vn  -0.548146 0.169276 0.844407
vn  -0.312784 0.351589 0.808997
vn  -0.108224 0.566226 0.589092
vn  0.294269 -0.326668 -0.834273
vn  0.391456 -0.139123 -0.914223
vn  0.435765 -0.033239 -0.928133
vn  0.471170 0.082412 -0.921204
vn  0.492085 0.129738 -0.907782
vn  0.536313 0.052367 -0.897089
vn  0.545879 -0.121930 -0.864211
vn  0.404036 -0.465008 -0.659528
vn  0.359415 -0.659168 -0.291859
vn  -0.318983 -0.386635 0.849421
vn  -0.605253 0.412881 0.625366
vn  -0.712772 0.219827 0.731615
vn  -0.746285 0.048658 0.779902
vn  -0.482830 0.361504 0.741638
vn  0.188026 -0.582921 -0.544688
vn  0.484346 -0.349090 -0.752384
vn  0.615136 -0.161361 -0.816710
vn  0.670952 -0.049751 -0.823633
vn  0.707587 0.066888 -0.811614
vn  0.727393 0.117233 -0.793905
vn  0.817359 0.135256 -0.729280
vn  0.734946 -0.189189 -0.735309
vn  0.634254 -0.382844 -0.642395
vn  0.935934 -0.352277 -0.413877
vn  0.980400 -0.107453 -0.572857
vn  -0.676794 0.448878 0.529310
vn  -0.924646 0.175002 0.594890
vn  -0.963083 -0.033909 0.618063
vn  -0.662747 0.384876 0.622073
vn  0.295263 -0.615829 -0.443742
vn  0.657208 -0.377781 -0.633580
vn  -0.001171 -0.031024 -1.006965
vn  0.874315 -0.068783 -0.683690
vn  0.916860 0.045951 -0.661170
vn  0.932662 0.100051 -0.640734
vn  0.857953 0.262246 -0.640581
vn  0.880383 -0.123638 -0.660058
vn  0.714352 -0.415079 -0.548071
vn  0.677372 -0.445040 -0.534509
vn  1.048262 -0.122543 -0.487190
vn  -0.837558 0.460585 0.351764
vn  -1.050744 0.181914 0.446748
vn  -1.099267 -0.104844 0.441995
vn  -0.803313 0.416422 0.468161
vn  0.798860 -0.412363 -0.478604
vn  0.980892 -0.226856 -0.499169
vn  1.044244 -0.118496 -0.494334
vn  1.088800 0.018450 -0.470361
vn  1.098752 0.076550 -0.450398
vn  1.102075 0.024331 -0.451170
vn  1.102851 -0.007839 -0.448370
vn  0.813857 -0.444606 -0.410749
vn  0.777483 -0.470221 -0.403167
vn  1.149230 -0.159410 -0.300231
vn  -0.871482 0.478145 0.261167
vn  -1.195004 0.096234 0.243818
vn  -1.208457 0.038525 0.236403
vn  -0.897554 0.451708 0.285191
vn  0.873934 -0.475845 -0.263210
vn  1.095076 -0.266907 -0.284233
vn  1.164803 -0.156966 -0.268199
vn  1.207308 -0.015797 -0.245068
vn  1.212261 0.045668 -0.229268
vn  1.211360 -0.005310 -0.235349
vn  1.230469 -0.031771 -0.169239
vn  0.981821 -0.427119 -0.186531
vn  0.839703 -0.498698 -0.257034
vn  1.199624 -0.200399 -0.097090
vn  -0.896694 0.506752 0.105768
vn  -1.240145 0.133111 -0.004025
vn  -1.256717 0.063346 -0.027674
vn  -0.925722 0.487929 0.108288
vn  -0.465060 0.671503 0.143920
vn  0.917667 -0.494871 -0.099693
vn  1.147136 -0.305520 -0.017973
vn  1.214007 -0.194587 -0.024854
vn  1.256161 -0.059254 0.003627
vn  1.260005 0.008512 0.009453
vn  1.257614 -0.042240 -0.003326
vn  1.236984 0.139571 0.030043
vn  0.945238 -0.477076 -0.097660
vn  1.023099 -0.372523 -0.237450
vn  1.192447 -0.243643 0.115517
vn  -0.895406 0.526033 -0.061692
vn  -1.164246 0.286381 -0.131224
vn  -1.242738 -0.015526 -0.214024
vn  -1.228471 0.107616 -0.236487
vn  -1.129234 0.328246 -0.163844
vn  -0.905285 0.520126 -0.108679
vn  -0.429906 0.695816 0.016044
vn  0.908449 -0.518157 0.110595
vn  1.219156 -0.096511 0.280938
vn  1.234487 -0.083115 0.230703
vn  1.232156 0.057225 0.238057
vn  0.934926 -0.501835 0.072773
vn  1.001582 -0.454773 0.102423
vn  1.121333 -0.286478 0.327439
vn  -0.825588 0.553394 -0.236291
vn  -1.094692 0.270621 -0.414163
vn  -1.136798 0.156404 -0.443154
vn  -1.140498 0.093889 -0.465380
vn  -1.129467 0.148913 -0.460857
vn  -1.082759 0.276290 -0.429780
vn  -1.014361 0.379125 -0.390897
vn  -0.820137 0.546903 -0.288589
vn  -0.181713 0.733868 -0.012089
vn  0.814891 -0.549271 0.290305
vn  1.146740 -0.122325 0.443370
vn  1.141186 -0.123120 0.453158
vn  1.159438 -0.058946 0.439459
vn  0.880088 -0.521554 0.247029
vn  0.718294 -0.582920 0.342105
vn  0.983880 -0.325435 0.524794
vn  -0.742648 0.562250 -0.378863
vn  -0.970252 0.331436 -0.535527
vn  -0.978339 0.190370 -0.640162
vn  -0.980296 0.125353 -0.662752
vn  -0.967152 0.178444 -0.657033
vn  -0.922567 0.302788 -0.619983
vn  -0.858836 0.403436 -0.572833
vn  -0.684627 0.567169 -0.441934
vn  -0.142224 0.738375 -0.079456
vn  0.691037 -0.568734 0.429776
vn  0.963411 -0.167955 0.665088
vn  0.980956 -0.157560 0.651723
vn  1.003931 -0.170789 0.622095
vn  0.774424 -0.534520 0.417407
vn  0.644947 -0.610541 0.347491
vn  -0.429333 0.618153 -0.522997
vn  -0.586120 0.451225 -0.720096
vn  -0.602195 0.402572 -0.763415
vn  -0.634185 0.183930 -0.879765
vn  -0.629368 0.157132 -0.889146
vn  -0.606217 0.263516 -0.860451
vn  -0.560722 0.372886 -0.809309
vn  -0.488204 0.491741 -0.717724
vn  -0.278271 0.667706 -0.461500
vn  0.025118 0.739970 -0.152345
vn  0.479399 -0.487590 0.726833
vn  0.578380 -0.254896 0.876411
vn  0.630154 -0.155683 0.889145
vn  0.660262 -0.205504 0.860492
vn  0.599986 -0.427783 0.739009
vn  0.524198 -0.518584 0.662819
vn  -0.667436 -0.229809 -0.799387
vn  -0.243119 0.601851 -0.629276
vn  -0.325468 0.456214 -0.812135
vn  -0.324666 0.436417 -0.831691
vn  -0.353363 0.191028 -0.967333
vn  -0.350017 0.163327 -0.974876
vn  -0.329412 0.269196 -0.943790
vn  -0.246106 0.361140 -0.906395
vn  -0.240362 0.492060 -0.790680
vn  -0.084845 0.672458 -0.493676
vn  0.206493 -0.481400 0.807678
vn  0.348059 -0.163379 0.975254
vn  0.362129 -0.227428 0.953954
vn  0.299581 -0.397602 0.870601
vn  0.331275 -0.579500 0.645344
vn  -0.431488 -0.221282 -0.894308
vn  -0.001998 0.599195 -0.656163
vn  -0.040741 0.432790 -0.865057
vn  -0.040857 0.448291 -0.851028
vn  -0.056085 0.186636 -0.997918
vn  -0.054441 0.159075 -1.004180
vn  0.028639 0.377915 -0.905915
vn  0.027931 0.473235 -0.824110
vn  -0.019665 0.562657 -0.715739
vn  0.000222 -0.466567 0.832362
vn  0.016887 -0.356650 0.922328
vn  0.059355 -0.260121 0.973553
vn  0.050188 -0.159642 1.004048
vn  0.072094 -0.284647 0.962721
vn  0.088049 -0.420349 0.875298
vn  0.006511 -0.608478 0.639599
vn  -0.177525 -0.218210 -0.940517
vn  -0.176209 0.598930 0.516385
vn  -0.350769 0.290811 0.845729
vn  -0.429834 0.125626 0.906861
vn  -0.437396 0.078603 0.918296
vn  -0.342168 -0.007972 0.960914
vn  -0.279224 0.206961 0.914318
vn  0.261569 -0.201980 -0.920656
vn  0.254172 -0.097964 -0.962171
vn  0.335194 0.027933 -0.963967
vn  0.360488 0.131574 -0.951166
vn  0.383706 0.082186 -0.949992
vn  0.473396 -0.087037 -0.903540
vn  0.387041 -0.272606 -0.847220
vn  0.171186 -0.609718 -0.495348
vn  -0.288481 -0.669694 0.421946
vn  -0.528034 0.511453 0.531458
vn  -0.578226 0.294578 0.754844
vn  -0.642841 0.183103 0.792225
vn  -0.482334 0.226392 0.842327
vn  0.269514 -0.467151 -0.700636
vn  0.467348 -0.222158 -0.850404
vn  0.527927 -0.105479 -0.877124
vn  0.574906 0.014003 -0.879423
vn  0.604438 0.119162 -0.860877
vn  0.619955 0.100011 -0.855951
vn  0.633535 -0.009716 -0.849455
vn  0.567382 -0.274989 -0.774653
vn  0.566653 -0.520116 -0.491958
vn  -0.312557 -0.538608 0.688769
vn  -0.636617 0.428726 0.585768
vn  -0.765851 0.311090 0.625703
vn  -0.841091 0.128226 0.689782
vn  -0.685907 0.250380 0.728154
vn  -0.030929 0.658926 0.399692
vn  0.419262 -0.489745 -0.619790
vn  0.671004 -0.249063 -0.737874
vn  1.200881 -0.194208 -0.105178
vn  0.798413 -0.005241 -0.752227
vn  0.826893 0.102497 -0.728859
vn  0.836183 0.256475 -0.663166
vn  0.852871 -0.085909 -0.695877
vn  0.788932 -0.282594 -0.633520
vn  0.805150 -0.324136 -0.581776
vn  -0.738030 -0.410326 0.609193
vn  -0.738638 0.479009 0.426430
vn  -0.900376 0.336060 0.477397
vn  -1.040488 0.041422 0.526060
vn  -0.860283 0.281297 0.575176
vn  -0.130207 0.670795 0.351394
vn  0.547540 -0.521980 -0.501243
vn  0.846340 -0.283279 -0.585800
vn  0.936536 -0.155580 -0.594384
vn  0.992069 -0.029866 -0.583181
vn  1.016630 0.080241 -0.557106
vn  1.025305 0.068380 -0.548802
vn  0.988322 0.029887 -0.592345
vn  0.913273 -0.240497 -0.560254
vn  0.903480 -0.296558 -0.518683
vn  -0.940198 -0.377433 0.432020
vn  -0.687132 0.555572 0.309443
vn  -1.089014 0.221078 0.353167
vn  -1.150426 0.047808 0.362270
vn  -1.004737 0.311497 0.376674
vn  -0.178432 0.684656 0.292611
vn  0.170379 -0.682346 -0.303321
vn  0.636358 -0.564609 -0.340228
vn  0.980563 -0.322488 -0.396260
vn  1.083119 -0.190831 -0.391950
vn  1.141049 -0.059886 -0.375334
vn  1.161229 0.051181 -0.348649
vn  1.164467 0.042441 -0.343535
vn  1.161933 -0.016977 -0.347551
vn  1.082712 -0.254235 -0.325430
vn  0.996979 -0.350397 -0.329109
vn  -1.052944 -0.351281 0.270098
vn  -0.720242 0.580262 0.181543
vn  -1.160794 0.245877 0.151685
vn  -1.232677 0.085276 0.128573
vn  -1.072381 0.346167 0.183047
vn  -0.189845 0.704241 0.209072
vn  0.183471 -0.704776 -0.209381
vn  1.050341 -0.369395 -0.180609
vn  1.168015 -0.230261 -0.159121
vn  1.228004 -0.096134 -0.138110
vn  1.244976 0.015651 -0.113628
vn  1.244911 0.008736 -0.114640
vn  1.194418 0.225491 -0.061508
vn  1.165206 -0.244915 -0.138148
vn  0.945197 -0.436188 -0.239738
vn  -1.122463 -0.326055 0.090242
vn  -0.733187 0.599039 0.046599
vn  -1.124095 0.339539 -0.034796
vn  -1.254455 0.045191 -0.138373
vn  -1.081181 0.384745 -0.030510
vn  -0.717599 0.604085 0.058225
vn  -0.195198 0.720297 0.116457
vn  0.199979 -0.719316 -0.120067
vn  1.072854 -0.394315 0.070021
vn  1.256019 -0.024851 0.135005
vn  1.256986 -0.030114 0.122974
vn  1.213753 0.174552 0.153130
vn  1.172880 -0.276848 0.050249
vn  0.797858 -0.571194 -0.035090
vn  -1.143148 -0.302163 -0.102021
vn  -0.722084 0.611501 -0.097722
vn  -1.071319 0.380621 -0.224426
vn  -1.195112 0.158909 -0.304868
vn  -1.195952 0.101323 -0.346716
vn  -1.195334 0.082812 -0.356527
vn  -1.171233 0.189596 -0.339474
vn  -1.121906 0.304730 -0.285716
vn  -1.001896 0.435718 -0.256769
vn  -0.668982 0.631335 -0.127370
vn  -0.188372 0.732012 0.010373
vn  0.189502 -0.728671 -0.050719
vn  1.012740 -0.430650 0.239066
vn  1.177917 -0.162607 0.349570
vn  1.197261 -0.084241 0.351130
vn  1.182645 0.082341 0.366183
vn  1.119985 -0.318137 0.255430
vn  0.807826 -0.566291 0.207131
vn  -1.109322 -0.279995 -0.298889
vn  -0.678162 0.616809 -0.250947
vn  -0.984941 0.382504 -0.438538
vn  -1.061128 0.203515 -0.533412
vn  -1.068670 0.137363 -0.558314
vn  -1.064895 0.115942 -0.570604
vn  -1.039383 0.224876 -0.547867
vn  -0.980029 0.342045 -0.509000
vn  -0.879711 0.462577 -0.444045
vn  -0.575788 0.649484 -0.265393
vn  0.133608 -0.737663 0.019433
vn  0.875799 -0.462675 0.449635
vn  1.037561 -0.216809 0.556067
vn  1.069765 -0.109100 0.566323
vn  1.075835 -0.030790 0.569146
vn  1.002418 -0.360182 0.448050
vn  0.874753 -0.494059 0.370895
vn  -1.017154 -0.260057 -0.489607
vn  -0.561223 0.605023 -0.462448
vn  0.802103 -0.368285 0.667148
vn  0.824097 -0.233742 0.751461
vn  0.831126 -0.158355 0.776811
vn  0.824557 -0.162249 0.780165
vn  0.791480 -0.266963 0.755881
vn  -0.739200 0.384881 -0.698043
vn  -0.630014 0.520243 -0.594165
vn  -0.339100 0.693295 -0.326978
vn  0.012326 0.742134 -0.041587
vn  -0.112697 0.737615 -0.158111
vn  -0.505092 0.608913 -0.497290
vn  -0.702131 0.422381 -0.683054
vn  0.761232 -0.320734 0.739827
vn  0.802782 -0.208982 0.777869
vn  0.820679 -0.116079 0.793896
vn  0.825408 -0.163975 0.779054
vn  0.804885 -0.363133 0.670117
vn  0.726391 -0.477061 0.589700
vn  0.753020 -0.412825 0.656927
vn  -0.867373 -0.243040 -0.660946
vn  -0.455501 0.622954 -0.494695
vn  -0.487963 0.570496 -0.593612
vn  -0.337607 0.609531 -0.585443
vn  0.665361 -0.373997 0.755613
vn  -0.646363 0.446879 -0.690464
vn  -0.620465 0.388244 -0.767388
vn  -0.459544 0.455265 -0.772568
vn  -0.685808 0.378302 -0.739578
vn  -0.613220 0.310457 -0.830740
vn  -0.475241 0.422719 -0.799857
vn  -0.699483 0.178447 -0.849932
vn  -0.633169 0.154471 -0.888106
vn  -0.497137 0.189047 -0.930486
vn  -0.694203 0.152114 -0.859808
vn  -0.620012 0.204554 -0.879310
vn  -0.492903 0.161661 -0.938916
vn  -0.669278 0.259187 -0.832701
vn  -0.583535 0.324738 -0.834896
vn  -0.470024 0.268278 -0.908937
vn  -0.623214 0.369007 -0.782835
vn  -0.532723 0.422414 -0.776960
vn  -0.431061 0.374670 -0.855793
vn  -0.545680 0.489465 -0.693255
vn  -0.407148 0.582332 -0.611253
vn  -0.368969 0.493440 -0.759263
vn  -0.330391 0.664687 -0.446636
vn  -0.125207 0.721517 -0.295537
vn  -0.077943 0.727749 -0.267644
vn  0.000017 0.741773 -0.119781
vn  0.050714 -0.741504 0.117406
vn  0.285644 -0.661370 0.477635
vn  0.177371 -0.663533 0.504837
vn  0.540207 -0.482089 0.705789
vn  0.518060 -0.403584 0.800972
vn  0.365233 -0.478613 0.777726
vn  0.574229 -0.348318 0.822442
vn  0.437169 -0.356011 0.867630
vn  0.665365 -0.239541 0.844126
vn  0.614388 -0.179643 0.889680
vn  0.626039 -0.139640 0.894410
vn  0.695840 -0.149721 0.859545
vn  0.631630 -0.190441 0.878886
vn  0.492413 -0.161107 0.939195
vn  0.886324 -0.124733 0.745080
vn  0.661695 -0.282682 0.823847
vn  0.493985 -0.213055 0.923891
vn  0.661077 -0.423531 0.708615
vn  0.509764 -0.548166 0.622472
vn  0.401973 -0.435870 0.811818
vn  0.572241 -0.516568 0.638828
vn  0.399587 -0.631860 0.504828
vn  0.409494 -0.516025 0.716916
vn  -0.327148 -0.625402 -0.425268
vn  -0.254675 -0.623446 -0.455625
vn  -0.268651 0.562864 -0.690324
vn  -0.133726 0.592702 -0.663733
vn  0.404938 -0.383766 0.856440
vn  -0.348995 0.393529 -0.863236
vn  -0.186828 0.454154 -0.838052
vn  -0.330209 0.348526 -0.900010
vn  -0.189309 0.445068 -0.846436
vn  -0.353044 0.161316 -0.974706
vn  -0.205352 0.190262 -0.989811
vn  -0.341678 0.209943 -0.964058
vn  -0.202870 0.162523 -0.996643
vn  0.436608 0.248103 -0.893477
vn  -0.172523 0.269356 -0.965101
vn  -0.268531 0.423189 -0.854930
vn  -0.952809 0.315428 -0.574780
vn  -0.189638 0.582232 -0.674385
vn  -0.099758 0.486380 -0.811701
vn  -0.036843 0.712606 -0.354912
vn  0.032746 0.717692 -0.326925
vn  0.243215 -0.411638 0.868876
vn  0.281946 -0.303871 0.935318
vn  0.149473 -0.356298 0.919842
vn  0.319734 -0.204139 0.969996
vn  0.344867 -0.146825 0.979220
vn  0.348975 -0.197854 0.966282
vn  0.199683 -0.162941 0.996857
vn  0.340889 -0.227373 0.958358
vn  0.201057 -0.224042 0.980058
vn  0.267513 -0.564089 0.688663
vn  0.281353 -0.393624 0.877128
vn  0.651447 -0.539475 0.540822
vn  0.122628 -0.608744 0.635924
vn  -0.073370 -0.726437 -0.130421
vn  0.005962 0.546237 -0.738286
vn  0.090240 0.600049 -0.646150
vn  0.127482 -0.386876 0.900003
vn  -0.058416 0.386930 -0.901974
vn  0.090444 0.422710 -0.865855
vn  -0.038607 0.363339 -0.918372
vn  0.092968 0.448408 -0.842622
vn  -0.056545 0.157291 -1.004538
vn  0.083338 0.181174 -0.992664
vn  -0.041726 0.215232 -0.989701
vn  0.081847 0.154077 -0.998719
vn  -0.021576 0.321523 -0.943544
vn  0.040979 0.409462 -0.881308
vn  0.067523 0.697820 -0.406562
vn  0.040549 -0.182407 0.998873
vn  0.048154 -0.143174 1.007080
vn  0.050387 -0.193321 0.996148
vn  -0.087712 -0.154669 0.998057
vn  0.105114 -0.364160 0.917000
vn  -0.082384 -0.300307 0.948463
vn  0.002641 -0.524234 0.767661
vn  -0.088604 -0.402378 0.882643
vn  0.029475 -0.548790 0.735871
vn  -0.092721 -0.605237 0.636397
vn  -0.073246 -0.725702 -0.135427
vn  -0.625499 0.317975 0.710853
vn  0.066861 -0.611386 -0.509017
vn  -0.152230 -0.736323 0.091841
vn  -0.211343 0.528968 0.630122
vn  -0.365311 0.580263 0.490639
vn  -0.188765 0.609063 0.492587
vn  -0.429395 0.125945 0.906897
vn  -0.480893 0.314076 0.783399
vn  -0.409556 0.180562 0.891479
vn  -0.547904 0.133328 0.859256
vn  -0.520989 0.030490 0.897359
vn  -0.460378 -0.014344 0.925122
vn  -0.416004 0.120381 0.913145
vn  0.193351 -0.456637 -0.730565
vn  -0.163608 -0.079864 -0.994528
vn  0.358143 -0.211453 -0.891942
vn  0.314532 -0.028187 -0.963748
vn  0.410517 -0.095747 -0.922464
vn  0.348276 0.088039 -0.959611
vn  0.454158 0.021510 -0.927723
vn  0.367113 0.134288 -0.948840
vn  0.482965 0.125762 -0.911904
vn  0.430198 -0.026812 -0.930961
vn  0.498865 0.104896 -0.908716
vn  0.510619 -0.107932 -0.883335
vn  0.584922 0.035381 -0.875803
vn  0.235293 -0.501628 -0.664092
vn  0.460302 -0.334274 -0.775071
vn  0.116209 -0.677019 -0.335061
vn  0.367017 -0.593768 -0.461762
vn  0.070360 -0.733545 0.223960
vn  -0.464891 0.471989 0.624160
vn  -0.626550 0.442935 0.573354
vn  -0.634675 0.489822 0.496311
vn  -0.656874 0.142286 0.803209
vn  -0.679557 0.332213 0.665733
vn  -0.640885 0.100412 0.826584
vn  -0.748656 0.167175 0.737779
vn  -0.593121 -0.062254 0.871802
vn  -0.565025 0.059491 0.873463
vn  -0.702403 0.007712 0.812618
vn  -0.649125 0.135081 0.810200
vn  -0.329697 0.482993 0.662633
vn  0.390366 -0.337389 -0.797740
vn  0.346400 -0.477354 -0.664548
vn  0.504913 -0.149190 -0.870874
vn  0.572137 -0.234637 -0.799045
vn  0.554150 -0.042052 -0.881648
vn  0.639387 -0.114322 -0.822838
vn  0.592156 0.075245 -0.871604
vn  0.689581 0.005159 -0.821126
vn  0.612792 0.123988 -0.855998
vn  0.718841 0.111486 -0.800092
vn  0.625017 0.066464 -0.856242
vn  0.733982 0.094069 -0.793301
vn  0.599262 -0.100682 -0.847083
vn  0.831598 0.033861 -0.730637
vn  0.497695 -0.440108 -0.650074
vn  0.703517 -0.298246 -0.680629
vn  0.568653 -0.614869 -0.262410
vn  0.628600 -0.453580 -0.557032
vn  0.434576 -0.698476 0.111503
vn  -0.626763 0.430620 0.589729
vn  -0.692345 0.432511 0.541096
vn  0.830692 -0.111677 -0.704175
vn  -0.845564 0.163083 0.670172
vn  -0.812124 0.326715 0.573214
vn  -0.841423 0.004305 0.721206
vn  -0.965979 0.088837 0.594706
vn  -0.827526 -0.036340 0.733660
vn  -0.788408 0.074721 0.746195
vn  -0.907783 0.032749 0.663528
vn  -0.850838 0.158748 0.668167
vn  -0.255732 0.602932 0.486394
vn  -0.494743 0.512710 0.548376
vn  -0.089246 0.662865 0.382298
vn  0.574506 -0.362630 -0.697255
vn  0.489903 -0.502170 -0.567775
vn  0.729014 -0.173581 -0.747173
vn  0.763973 -0.262147 -0.668460
vn  0.776592 -0.060475 -0.757738
vn  0.836930 -0.142240 -0.686935
vn  0.815912 0.057243 -0.741653
vn  0.899341 -0.017093 -0.673223
vn  0.834000 0.109433 -0.722306
vn  0.926203 0.092328 -0.648115
vn  0.811243 0.244317 -0.690659
vn  0.937752 0.078619 -0.639377
vn  0.856030 -0.142306 -0.671888
vn  0.852058 0.217065 -0.671855
vn  0.661030 -0.398402 -0.607490
vn  0.825080 -0.291989 -0.596162
vn  0.871858 -0.476239 -0.265611
vn  0.837637 -0.282061 -0.594440
vn  -0.416761 -0.698858 0.084806
vn  -0.790532 0.484979 0.358541
vn  -0.661976 0.541080 0.372426
vn  0.980400 -0.107453 -0.572857
vn  -0.993334 0.187857 0.514669
vn  -1.015941 0.269331 0.413239
vn  -1.034408 -0.086064 0.535030
vn  -1.084835 -0.013570 0.475793
vn  -1.015949 -0.012389 0.561854
vn  -0.962931 0.127365 0.582259
vn  -1.075067 0.060367 0.476855
vn  -1.013793 0.193662 0.486064
vn  -0.579863 0.549750 0.424535
vn  -0.018089 0.698664 0.272908
vn  0.733081 -0.394621 -0.560000
vn  0.581067 -0.548209 -0.426870
vn  0.902927 -0.208024 -0.594329
vn  0.919693 -0.302583 -0.495098
vn  0.969100 -0.103933 -0.585978
vn  1.016137 -0.172000 -0.498433
vn  1.008286 0.033252 -0.570763
vn  1.072872 -0.044448 -0.484096
vn  1.021193 0.089441 -0.550119
vn  1.095394 0.066881 -0.457221
vn  1.027236 0.036257 -0.549133
vn  1.101422 0.056674 -0.449829
vn  0.984842 0.015470 -0.595691
vn  1.101287 -0.002929 -0.451188
vn  0.769561 -0.429433 -0.480662
vn  1.001080 -0.248164 -0.455295
vn  0.731951 -0.457114 -0.470996
vn  0.959088 -0.312255 -0.437874
vn  -0.465618 -0.688018 0.023359
vn  -0.833232 0.472230 0.332434
vn  -0.705692 0.569144 0.245207
vn  1.104833 -0.140407 -0.395761
vn  -1.154893 0.053557 0.352158
vn  -1.116449 0.251912 0.261174
vn  -1.165314 0.013322 0.341479
vn  -1.202715 0.067068 0.240390
vn  -1.210230 0.008215 0.238178
vn  -1.162974 0.013877 0.345993
vn  -1.113811 0.174048 0.355270
vn  -1.192891 0.089346 0.253656
vn  -0.686268 0.567703 0.275637
vn  0.853614 -0.431174 -0.388736
vn  1.045441 -0.246621 -0.395592
vn  1.026963 -0.343024 -0.290068
vn  1.112634 -0.135814 -0.386028
vn  1.134390 -0.210271 -0.278229
vn  1.155851 0.002359 -0.361312
vn  1.194485 -0.077613 -0.256358
vn  1.162900 0.062387 -0.343118
vn  1.211581 0.034446 -0.233544
vn  1.164025 0.010814 -0.346024
vn  1.212767 0.026835 -0.231199
vn  1.162651 -0.021612 -0.345374
vn  1.208426 -0.032589 -0.238263
vn  0.893066 -0.482634 -0.208720
vn  1.203382 -0.143222 -0.177151
vn  0.813641 -0.484089 -0.331655
vn  0.981586 -0.397870 -0.263259
vn  -0.499015 -0.676560 -0.045535
vn  -0.885919 0.494640 0.183516
vn  -0.728604 0.591259 0.112156
vn  1.181257 -0.179541 -0.200012
vn  -1.231897 0.088659 0.128824
vn  -1.172578 0.258805 0.066877
vn  -1.240428 0.047251 0.121779
vn  -1.246539 0.116999 -0.062866
vn  -1.257788 0.042960 -0.000403
vn  -1.239907 0.051920 0.121498
vn  -1.180168 0.200062 0.173065
vn  -1.240826 0.126513 0.012260
vn  -1.167801 0.272934 0.039091
vn  -0.437978 0.655662 0.244724
vn  0.429493 -0.668945 -0.197668
vn  0.715303 -0.593333 -0.131058
vn  1.127496 -0.287281 -0.167676
vn  1.070128 -0.382487 -0.066269
vn  1.199370 -0.173299 -0.149893
vn  1.179140 -0.260826 -0.012210
vn  1.241320 -0.034640 -0.123765
vn  1.246242 -0.112224 0.007971
vn  1.244942 0.028069 -0.111108
vn  1.260117 -0.003479 0.008687
vn  1.242929 -0.022708 -0.120466
vn  1.259828 -0.010118 0.004223
vn  1.187411 0.237559 -0.064068
vn  1.253765 -0.069517 -0.009696
vn  0.935139 -0.463226 -0.181156
vn  1.259348 -0.005580 -0.004868
vn  0.707519 -0.431256 -0.531094
vn  0.798753 -0.559928 -0.108080
vn  -0.004154 -0.727664 -0.129868
vn  -0.905225 0.514342 0.023615
vn  -0.729498 0.607015 -0.029078
vn  1.203678 -0.221931 0.008904
vn  -1.167474 0.285174 -0.070060
vn  -1.104805 0.360569 -0.123708
vn  -1.244431 -0.085098 -0.146351
vn  -1.251009 0.068380 -0.146500
vn  -1.233109 0.079347 -0.239255
vn  -1.250606 0.093616 -0.102794
vn  -1.198448 0.234050 -0.104435
vn  -1.210782 0.180017 -0.213853
vn  -0.926305 0.504598 -0.011600
vn  -1.040604 0.419911 -0.153888
vn  -0.447096 0.685813 0.077513
vn  -0.699384 0.619996 -0.050362
vn  0.668411 -0.631213 0.038065
vn  1.202466 -0.226138 0.109192
vn  1.154122 -0.288903 0.197711
vn  1.250630 -0.086905 0.120661
vn  1.257267 -0.009445 0.125519
vn  1.254921 -0.062213 0.114282
vn  1.233869 -0.057322 0.247565
vn  1.207300 0.184659 0.163915
vn  1.231150 -0.110436 0.221444
vn  0.945230 -0.489753 -0.015574
vn  1.240565 -0.089203 0.195255
vn  1.021481 -0.436201 0.009748
vn  0.787013 -0.582324 0.042635
vn  -0.016887 -0.729194 -0.118855
vn  -0.875836 0.535985 -0.142042
vn  -0.702065 0.615761 -0.179557
vn  1.165073 -0.265355 0.222696
vn  -1.163977 0.241569 -0.284030
vn  -0.982367 0.421540 -0.357854
vn  -1.191587 0.136924 -0.335274
vn  -1.131842 0.185382 -0.431720
vn  -1.195168 0.074564 -0.359826
vn  -1.140500 0.119863 -0.455834
vn  -1.186715 0.131550 -0.352066
vn  -1.137690 0.099979 -0.468308
vn  -1.145311 0.263797 -0.301487
vn  -1.112224 0.209556 -0.447805
vn  -1.070026 0.364324 -0.289356
vn  -1.051852 0.328514 -0.411745
vn  -0.869863 0.534118 -0.201337
vn  -0.947963 0.449902 -0.354049
vn  -0.393540 0.706326 -0.042437
vn  -0.627870 0.641013 -0.199551
vn  0.620430 -0.643194 0.202668
vn  1.084435 -0.349509 0.287245
vn  0.955210 -0.440296 0.365663
vn  1.060022 -0.309125 0.426734
vn  1.196552 -0.103388 0.344072
vn  1.142679 -0.096146 0.460877
vn  1.176199 0.083019 0.380043
vn  1.139186 -0.150588 0.442316
vn  0.914349 -0.512161 0.156330
vn  1.144610 -0.205311 0.387083
vn  0.775410 -0.519781 0.454902
vn  0.926229 -0.485102 0.284342
vn  -0.479935 -0.642393 -0.278148
vn  -0.759798 0.576946 -0.285711
vn  -0.635813 0.616564 -0.335690
vn  1.060584 -0.306712 0.429247
vn  -1.062492 0.205928 -0.529831
vn  -0.890604 0.463726 -0.424497
vn  -1.065560 0.174322 -0.545202
vn  -0.974638 0.219676 -0.627997
vn  -1.068147 0.110563 -0.568001
vn  -0.981052 0.152963 -0.653321
vn  -1.055888 0.164631 -0.563068
vn  -0.976395 0.130093 -0.665286
vn  -1.011276 0.289988 -0.527682
vn  -0.949746 0.238549 -0.641879
vn  -0.943092 0.392232 -0.486564
vn  -0.893513 0.353563 -0.598751
vn  -0.758476 0.557760 -0.368916
vn  -0.798623 0.473219 -0.526167
vn  -0.332717 0.716620 -0.132164
vn  -0.515276 0.656150 -0.325012
vn  0.360640 -0.712723 0.107446
vn  0.952057 -0.373852 0.502842
vn  0.803175 -0.460889 0.543153
vn  0.909856 -0.337231 0.599479
vn  1.056265 -0.138552 0.573881
vn  1.069179 -0.141259 0.556086
vn  0.979262 -0.123567 0.664245
vn  1.072364 -0.053447 0.572766
vn  0.980316 -0.185190 0.640623
vn  0.836119 -0.528837 0.329392
vn  0.969291 -0.313540 0.557069
vn  0.709113 -0.599673 0.281276
vn  0.805866 -0.501161 0.459882
vn  -0.425807 -0.633319 -0.351209
vn  -0.682464 0.558696 -0.467085
vn  0.891222 -0.342311 0.613324
vn  -0.871576 0.391852 -0.574988
vn  -0.876330 0.204095 -0.726261
vn  -0.877635 0.138040 -0.748577
vn  -0.864146 0.190133 -0.741744
vn  -0.822016 0.312830 -0.701635
vn  -0.761086 0.412500 -0.650951
vn  -0.601478 0.574423 -0.506499
vn  -0.252715 0.721339 -0.218799
vn  0.257309 -0.721244 0.214534
vn  0.601775 -0.569110 0.518648
vn  0.793266 -0.395543 0.644647
vn  0.843141 -0.291412 0.701259
vn  0.858844 -0.172738 0.752272
vn  0.870868 -0.113503 0.759114
vn  0.796676 -0.175490 0.794507
vn  0.858184 -0.189898 0.746364
vn  0.712946 -0.535392 0.490877
vn  0.571179 -0.619600 0.407527
vn  -0.667436 -0.229809 -0.799387
vn  -0.667436 -0.229809 -0.799387
vn  -0.667436 -0.229808 -0.799387
vn  -0.553254 -0.224920 -0.852604
vn  -0.553257 -0.224916 -0.852605
vn  -0.553257 -0.224916 -0.852605
vn  -0.431488 -0.221282 -0.894308
vn  -0.431488 -0.221282 -0.894308
vn  -0.431488 -0.221281 -0.894309
vn  -0.306004 -0.219016 -0.923524
vn  -0.305995 -0.219032 -0.923517
vn  -0.305995 -0.219032 -0.923517
vn  -0.177525 -0.218210 -0.940517
vn  -0.177525 -0.218210 -0.940517
vn  -0.177518 -0.218193 -0.940526
vn  -0.049823 -0.218862 -0.945349
vn  -0.049819 -0.218871 -0.945345
vn  -0.049819 -0.218871 -0.945345
vn  0.076775 -0.221059 -0.938565
vn  0.076784 -0.221038 -0.938574
vn  -0.212147 -0.676534 0.436475
vn  -0.212184 -0.676484 0.436620
vn  -0.288481 -0.669694 0.421946
vn  -0.288481 -0.669694 0.421946
vn  -0.288474 -0.669699 0.421934
vn  -0.272361 -0.637935 0.519099
vn  -0.242230 -0.673123 0.434316
vn  -0.242230 -0.673123 0.434316
vn  -0.312557 -0.538608 0.688769
vn  -0.312557 -0.538608 0.688769
vn  -0.105222 -0.638223 0.567784
vn  -0.033480 -0.436042 0.859353
vn  0.190529 -0.495499 0.794035
vn  0.190529 -0.495499 0.794035
vn  -0.738030 -0.410326 0.609193
vn  -0.738030 -0.410326 0.609193
vn  -0.712313 -0.434717 0.600414
vn  -0.868884 -0.390744 0.505083
vn  -0.868885 -0.390741 0.505085
vn  -0.868885 -0.390741 0.505085
vn  -0.940198 -0.377433 0.432020
vn  -0.940198 -0.377433 0.432020
vn  -0.940198 -0.377433 0.432021
vn  -1.001480 -0.364306 0.353851
vn  -1.001480 -0.364306 0.353851
vn  -1.001480 -0.364306 0.353851
vn  -1.052944 -0.351281 0.270098
vn  -1.052944 -0.351281 0.270098
vn  -1.052953 -0.351270 0.270099
vn  -1.093333 -0.338562 0.182392
vn  -1.093331 -0.338564 0.182391
vn  -1.093331 -0.338564 0.182391
vn  -1.122463 -0.326055 0.090242
vn  -1.122463 -0.326055 0.090242
vn  -1.122464 -0.326054 0.090242
vn  -1.139247 -0.313958 -0.004454
vn  -1.139245 -0.313960 -0.004456
vn  -1.139245 -0.313960 -0.004456
vn  -1.143148 -0.302163 -0.102021
vn  -1.143148 -0.302163 -0.102021
vn  -1.143146 -0.302167 -0.102020
vn  -1.133422 -0.290862 -0.200165
vn  -1.133411 -0.290875 -0.200171
vn  -1.133411 -0.290875 -0.200171
vn  -1.109322 -0.279995 -0.298889
vn  -1.109322 -0.279995 -0.298889
vn  -1.109325 -0.279989 -0.298891
vn  -1.070764 -0.269744 -0.395505
vn  -1.070767 -0.269741 -0.395504
vn  -1.070767 -0.269741 -0.395504
vn  -1.017154 -0.260057 -0.489607
vn  -1.017154 -0.260057 -0.489607
vn  -1.017152 -0.260061 -0.489605
vn  -0.949409 -0.251157 -0.578301
vn  -0.949408 -0.251158 -0.578301
vn  -0.949408 -0.251158 -0.578301
vn  -0.561223 0.605023 -0.462448
vn  -0.561223 0.605023 -0.462448
vn  -0.574419 0.614046 -0.422556
vn  0.954548 0.421934 -0.323334
vn  0.192102 0.698671 0.241015
vn  -1.196824 -0.208346 0.107842
vn  0.802103 -0.368285 0.667148
vn  0.802103 -0.368285 0.667148
vn  -0.802106 0.368279 -0.667152
vn  -0.703069 0.502610 -0.566651
vn  0.703086 -0.502601 0.566651
vn  0.703086 -0.502601 0.566651
vn  0.824097 -0.233742 0.751461
vn  0.824097 -0.233742 0.751461
vn  -0.816970 0.227264 -0.759776
vn  -0.758422 0.436894 -0.621869
vn  0.792992 -0.384358 0.657525
vn  0.792992 -0.384358 0.657525
vn  0.831126 -0.158355 0.776811
vn  0.831126 -0.158355 0.776811
vn  -0.820842 0.151947 -0.785661
vn  -0.824113 0.186853 -0.772165
vn  0.826413 -0.194011 0.767819
vn  0.826413 -0.194011 0.767819
vn  0.824557 -0.162249 0.780165
vn  0.824557 -0.162249 0.780165
vn  -0.812902 0.160088 -0.788666
vn  -0.822384 0.130695 -0.789852
vn  0.827069 -0.135172 0.785689
vn  0.827069 -0.135172 0.785689
vn  0.781089 -0.290060 0.748334
vn  0.792969 -0.279174 0.747264
vn  -0.779110 0.297192 -0.744820
vn  -0.801736 0.226549 -0.770636
vn  0.807807 -0.226637 0.766451
vn  0.807807 -0.226637 0.766451
vn  -0.739200 0.384881 -0.698043
vn  -0.739200 0.384881 -0.698043
vn  -0.724389 0.390720 -0.702411
vn  -0.757128 0.339596 -0.727494
vn  -0.764254 0.336011 -0.725538
vn  -0.764254 0.336012 -0.725538
vn  -0.630014 0.520243 -0.594165
vn  -0.630014 0.520243 -0.594165
vn  -0.612749 0.528603 -0.591920
vn  -0.692743 0.439663 -0.668704
vn  -0.705277 0.431008 -0.670561
vn  -0.705277 0.431008 -0.670561
vn  -0.339100 0.693295 -0.326978
vn  -0.339100 0.693295 -0.326978
vn  -0.313763 0.697726 -0.324386
vn  -0.492793 0.621108 -0.473502
vn  -0.503337 0.614728 -0.483177
vn  -0.503337 0.614728 -0.483177
vn  0.015854 0.742230 -0.048030
vn  -0.128684 0.737184 -0.151339
vn  -0.126287 0.736218 -0.169251
vn  -0.126287 0.736218 -0.169251
vn  -0.112697 0.737615 -0.158111
vn  -0.112697 0.737615 -0.158111
vn  0.111972 -0.738414 0.144103
vn  0.012630 0.742366 -0.054859
vn  -0.505092 0.608913 -0.497290
vn  -0.505092 0.608913 -0.497290
vn  0.491757 -0.616753 0.486270
vn  0.310198 -0.697596 0.327761
vn  -0.332749 0.692807 -0.334552
vn  -0.332749 0.692807 -0.334552
vn  -0.702131 0.422381 -0.683054
vn  -0.702131 0.422381 -0.683054
vn  0.687555 -0.433042 0.680412
vn  0.611821 -0.522177 0.603844
vn  -0.628693 0.512089 -0.609038
vn  -0.628693 0.512089 -0.609038
vn  0.761232 -0.320734 0.739827
vn  0.761232 -0.320734 0.739827
vn  0.753499 -0.325522 0.741339
vn  0.720662 -0.380159 0.715530
vn  0.736166 -0.372712 0.712204
vn  0.736166 -0.372712 0.712204
vn  0.802782 -0.208982 0.777869
vn  0.802782 -0.208982 0.777869
vn  0.796849 -0.208754 0.781913
vn  0.774583 -0.284971 0.756112
vn  0.789726 -0.261402 0.760362
vn  0.773374 -0.275371 0.762986
vn  0.820679 -0.116079 0.793896
vn  0.820679 -0.116079 0.793896
vn  0.816611 -0.110350 0.797563
vn  0.805745 -0.142770 0.798019
vn  0.818929 -0.145741 0.788592
vn  0.818929 -0.145741 0.788592
vn  0.825408 -0.163975 0.779054
vn  0.825408 -0.163975 0.779054
vn  0.823628 -0.155624 0.782747
vn  0.816165 -0.125474 0.795081
vn  0.827921 -0.133201 0.785562
vn  0.827921 -0.133201 0.785562
vn  0.804885 -0.363133 0.670117
vn  0.804885 -0.363133 0.670117
vn  0.873330 -0.030732 0.763756
vn  0.491800 -0.196003 0.930112
vn  0.827436 -0.200314 0.764556
vn  0.827436 -0.200314 0.764556
vn  0.726390 -0.477061 0.589700
vn  0.726390 -0.477061 0.589700
vn  0.726415 -0.477046 0.589703
vn  0.812681 -0.348042 0.678483
vn  0.812681 -0.348038 0.678487
vn  0.812681 -0.348038 0.678487
vn  0.753020 -0.412825 0.656927
vn  0.753020 -0.412825 0.656927
vn  0.753021 -0.412825 0.656926
vn  0.611590 -0.593722 0.446453
vn  0.593238 -0.582458 0.494042
vn  0.593238 -0.582458 0.494042
vn  -0.867373 -0.243040 -0.660946
vn  -0.867373 -0.243040 -0.660946
vn  -0.867374 -0.243037 -0.660948
vn  -0.773243 -0.235913 -0.734829
vn  -0.773243 -0.235913 -0.734829
vn  -0.773242 -0.235914 -0.734829
vn  -0.773242 -0.235914 -0.734829
vn  0.242229 -0.727508 0.157000
vn  0.242230 -0.727508 0.157008
vn  0.242230 -0.727508 0.157008
vn  -0.944185 -0.072146 0.634067
vn  -0.527953 -0.277813 -0.827504
vn  -0.295140 -0.269137 -0.895789
vn  -0.052555 -0.270914 -0.915408
vn  0.890958 -0.524570 0.176714
vn  -0.761698 -0.521974 0.395151
vn  -0.881317 -0.494777 0.266632
vn  -0.968070 -0.465192 0.120124
vn  -1.019428 -0.431874 -0.041282
vn  -1.028126 -0.395936 -0.214342
vn  -0.985884 -0.359401 -0.392204
vn  -0.886682 -0.325252 -0.563498
vn  -0.577897 0.565528 -0.545378
vn  0.213233 0.634529 0.439978
vn  0.121591 0.632496 0.461743
vn  0.722540 0.158667 0.810039
vn  0.193010 0.733056 -0.072294
vn  0.309945 0.715311 0.034612
vn  0.342613 0.706624 0.075996
vn  0.369517 0.696294 0.123993
vn  0.386755 0.684295 0.179785
vn  0.388540 0.671086 0.242533
vn  0.368790 0.657753 0.308441
vn  0.096344 0.660707 0.392395
vn  -0.655410 -0.246080 -0.794674
vn  0.168526 0.632945 0.453506
vn  -0.413706 -0.272067 -0.867843
vn  0.026835 0.634748 0.462406
vn  -0.173551 -0.268782 -0.911618
vn  0.036461 0.737862 -0.179336
vn  -0.814438 0.164188 -0.786416
vn  0.273093 0.722714 -0.004686
vn  -0.744587 -0.364147 0.653129
vn  0.326880 0.711152 0.054624
vn  -0.826468 -0.507927 0.333659
vn  0.356996 0.701664 0.099122
vn  -0.928849 -0.480469 0.195154
vn  0.379682 0.690475 0.150981
vn  -0.998619 -0.448925 0.040929
vn  0.389966 0.677776 0.210528
vn  -1.029616 -0.414107 -0.126913
vn  0.381643 0.664329 0.275533
vn  -1.013768 -0.377553 -0.303511
vn  0.384467 0.655911 0.304667
vn  -0.943429 -0.341776 -0.479779
vn  -0.815656 -0.310189 -0.641976
vn  0.954548 0.421934 -0.323334
vn  0.954434 0.117978 -0.615700
vn  -0.550896 0.425526 -0.765670
vn  -0.195178 0.390190 -0.892030
vn  0.078993 0.384078 -0.897455
vn  0.342167 -0.406027 0.854629
vn  -0.943916 0.100291 0.612284
vn  -1.078410 0.134305 0.439760
vn  -1.166227 0.174148 0.246929
vn  -1.200891 0.217413 0.039900
vn  -1.175760 0.261851 -0.173490
vn  -1.085911 0.304365 -0.381980
vn  -0.802040 0.417032 -0.610286
vn  -0.338430 0.389194 -0.869089
vn  -0.059678 0.388402 -0.900887
vn  0.695641 -0.400160 0.711879
vn  -0.796576 0.032400 0.749810
vn  -1.014054 0.115467 0.532294
vn  -1.125736 0.152258 0.351739
vn  -1.189177 0.193351 0.153744
vn  -1.197530 0.237112 -0.055910
vn  -1.143877 0.281021 -0.268316
vn  -1.024183 0.321655 -0.470683
vn  -0.649128 0.366854 -0.770941
vn  -0.382088 0.637934 -0.498146
vn  -0.201354 0.389948 -0.891533
vn  -0.330257 0.389288 -0.870828
vn  0.077045 0.384014 -0.897693
vn  -0.055875 0.388183 -0.901058
vn  -0.584097 -0.210050 0.846954
vn  0.294516 -0.513753 -0.630645
vn  -0.941030 0.099073 0.615490
vn  -0.803932 0.070286 0.736591
vn  -1.074055 0.132797 0.446857
vn  -1.017606 0.116806 0.527550
vn  -1.162742 0.171286 0.258508
vn  -1.129693 0.154854 0.342474
vn  -1.200775 0.213389 0.054960
vn  -1.190959 0.197158 0.140456
vn  -1.180710 0.257239 -0.156945
vn  -1.195020 0.241687 -0.071707
vn  -1.096042 0.299990 -0.366578
vn  -1.136190 0.285588 -0.284283
vn  -0.832544 0.363205 -0.646618
vn  -1.012251 0.325373 -0.484284
vn  -0.592638 0.612838 -0.406932
vn  -0.656722 -0.198259 0.813632
vn  0.542407 -0.381383 0.810179
vn  0.270309 -0.389012 0.882594
vn  -0.008940 -0.385433 0.901589
vn  0.890420 -0.049119 0.751043
vn  1.045789 -0.124402 -0.489417
vn  1.145643 -0.162638 -0.304765
vn  1.196021 -0.204730 -0.103945
vn  1.189958 -0.248761 0.106748
vn  1.120895 -0.291953 0.317756
vn  0.985779 -0.330760 0.515645
vn  0.672638 -0.358110 0.765173
vn  0.408483 -0.386663 0.853145
vn  0.129757 -0.388524 0.898657
vn  0.980400 -0.107453 -0.572857
vn  1.101658 -0.142994 -0.399136
vn  1.177520 -0.183357 -0.205732
vn  1.200493 -0.226708 0.000994
vn  1.163523 -0.270723 0.213290
vn  1.061341 -0.312192 0.419614
vn  0.894000 -0.347179 0.605301
vn  0.930805 0.066546 -0.647209
vn  -0.624810 0.356840 0.675227
vn  -0.537055 0.383298 -0.810823
vn  -0.266311 0.389996 -0.882507
vn  0.010560 0.385701 -0.901317
vn  -0.842413 0.098653 0.699868
vn  -0.902722 0.092214 0.652759
vn  -1.046655 0.126473 0.487240
vn  -1.146163 0.165930 0.300666
vn  -1.195094 0.208990 0.098222
vn  -1.186728 0.253579 -0.113396
vn  -1.115109 0.296768 -0.324228
vn  -0.978188 0.334910 -0.520764
vn  -0.661379 0.375785 -0.756294
vn  -0.403336 0.388119 -0.853456
vn  -0.127050 0.389111 -0.898373
vn  -0.834899 0.084989 0.709932
vn  -0.979977 0.108601 0.572831
vn  -1.102489 0.145697 0.395991
vn  -1.177438 0.187168 0.200782
vn  -1.198490 0.231306 -0.007272
vn  -1.158997 0.275612 -0.219976
vn  -1.054496 0.316772 -0.425497
vn  -0.886793 0.349927 -0.609651
vn  -0.815228 0.290826 -0.723338
vn  0.672638 -0.358110 0.765173
vn  0.684724 -0.399281 0.719772
vn  0.277708 -0.421581 0.854704
vn  -0.005490 -0.418309 0.876165
vn  0.944960 -0.100907 0.701213
vn  1.020147 -0.159760 -0.501394
vn  1.117056 -0.195834 -0.329079
vn  1.170132 -0.235979 -0.139910
vn  1.171937 -0.278586 0.061868
vn  1.113944 -0.321205 0.268880
vn  0.989463 -0.360397 0.468625
vn  0.417571 -0.418920 0.822985
vn  0.135150 -0.421299 0.872342
vn  0.961991 -0.144642 -0.574768
vn  1.073835 -0.177256 -0.417285
vn  1.149589 -0.215533 -0.236082
vn  1.177979 -0.257150 -0.039979
vn  1.150866 -0.300131 0.165619
vn  1.060087 -0.341516 0.370886
vn  0.900720 -0.377521 0.561817
vn  0.785122 -0.392040 0.655417
vn  -1.023459 0.291596 -0.508827
vn  -0.547074 0.349395 -0.833218
vn  -0.283126 0.356126 -0.903932
vn  0.003712 0.351892 -0.924649
vn  0.885663 -0.066669 0.753913
vn  -0.913365 0.053592 0.654386
vn  -1.055836 0.087081 0.493195
vn  -1.157163 0.125980 0.310664
vn  -1.210835 0.168813 0.110962
vn  -1.209258 0.213701 -0.100658
vn  -1.144457 0.257830 -0.315287
vn  -1.011391 0.297479 -0.519456
vn  -1.023459 0.291596 -0.508827
vn  -0.425146 0.353991 -0.872628
vn  -0.138836 0.355341 -0.921157
vn  -0.878032 0.048117 0.685612
vn  -0.989445 0.069552 0.576625
vn  -1.112202 0.105996 0.404042
vn  -1.190481 0.147053 0.212397
vn  -1.217476 0.191200 0.005912
vn  -1.185118 0.236119 -0.208604
vn  -1.086420 0.278517 -0.419854
vn  -0.916707 0.313891 -0.615760
vn  -0.727652 0.333893 -0.751646
vn  -0.965585 0.342438 -0.528001
vn  -0.191504 -0.529280 -0.646151
vn  -0.172902 -0.633095 -0.452324
vn  -0.027413 -0.634601 -0.462749
vn  -0.200658 -0.730750 0.130076
vn  -0.270947 -0.723335 0.013423
vn  -0.307310 -0.715930 -0.031338
vn  -0.339711 -0.707693 -0.069996
vn  -0.367875 -0.697721 -0.115484
vn  -0.387636 -0.685922 -0.169589
vn  -0.392539 -0.672678 -0.232109
vn  -0.375395 -0.659072 -0.299474
vn  -0.955515 0.363888 -0.512617
vn  -0.218877 -0.634809 -0.437851
vn  -0.075942 -0.633140 -0.464478
vn  -0.200658 -0.730750 0.130076
vn  -0.289716 -0.719552 -0.013754
vn  -0.323970 -0.711991 -0.050039
vn  -0.354574 -0.702919 -0.091833
vn  -0.379174 -0.692025 -0.141502
vn  -0.392394 -0.679415 -0.200021
vn  -0.387069 -0.665817 -0.265633
vn  -0.332043 -0.646810 -0.364152
vn  -0.326311 -0.635284 -0.399637
vn  -0.322981 -0.634192 -0.404034
vn  -0.169429 -0.631709 -0.456299
vn  -0.026873 -0.634766 -0.462364
vn  -0.200658 -0.730750 0.130076
vn  -0.263390 -0.724303 0.013057
vn  -0.313708 -0.714860 -0.032903
vn  -0.349352 -0.705664 -0.074271
vn  -0.378904 -0.694683 -0.123246
vn  -0.397761 -0.681993 -0.180820
vn  -0.399490 -0.668242 -0.245634
vn  -0.377903 -0.654714 -0.313157
vn  -1.023459 0.291596 -0.508827
vn  -0.215079 -0.632872 -0.443606
vn  -0.074199 -0.632664 -0.465702
vn  -0.116012 -0.737773 0.125636
vn  -0.294316 -0.718863 -0.014452
vn  -0.332078 -0.710475 -0.052790
vn  -0.365117 -0.700396 -0.097767
vn  -0.390026 -0.688519 -0.151047
vn  -0.401154 -0.675177 -0.212594
vn  -0.391859 -0.661335 -0.279552
vn  -0.326311 -0.635284 -0.399637
vn  -0.326311 -0.635284 -0.399637
vn  0.192102 0.698671 0.241015
vn  0.192102 0.698671 0.241015
vn  -1.196824 -0.208346 0.107842
vn  -1.196824 -0.208346 0.107842
vn  -0.944185 -0.072146 0.634067
vn  -0.944185 -0.072146 0.634067
vn  0.633184 0.301101 -0.776477
vn  0.064550 -0.741597 0.049519
vn  0.426504 -0.591906 0.583349
vn  0.031813 -0.527734 0.764010
vn  0.043507 -0.715051 -0.199172
vn  0.666647 -0.604297 -0.171165
vn  0.597570 -0.618282 -0.215590
vn  0.198895 -0.690737 -0.262519
vn  0.223814 -0.699898 -0.212753
vn  0.499395 -0.576355 -0.424752
vn  1.092225 -0.373851 0.032205
vn  0.809161 -0.539233 0.344853
vn  0.158447 -0.733967 -0.016979
vn  -0.605187 0.615470 -0.382796
vn  -0.825904 0.439402 -0.554484
vn  -0.883637 0.314051 -0.647964
vn  -0.889310 0.164769 -0.731497
vn  -0.888629 0.140010 -0.739541
vn  -0.865060 0.248421 -0.712115
vn  -0.810569 0.361071 -0.667533
vn  -0.724224 0.479154 -0.588192
vn  -0.472021 0.657115 -0.370172
vn  -0.304861 0.699681 0.160458
vn  0.111599 -0.740015 0.063465
vn  0.507209 -0.654066 0.344929
vn  0.723606 -0.472760 0.598875
vn  0.812759 -0.355525 0.671230
vn  0.891289 -0.237529 0.696705
vn  0.889531 -0.121105 0.743377
vn  0.889272 -0.136409 0.739979
vn  0.835282 -0.122453 0.782827
vn  0.823334 -0.397360 0.615905
vn  0.749180 -0.508990 0.509835
vn  -0.773243 -0.235913 -0.734829
vn  0.954434 0.117978 -0.615700
vn  0.954434 0.117978 -0.615700
vn  -1.026223 -0.042996 0.550047
vn  0.955067 0.117237 -0.615256
vn  0.633184 0.301101 -0.776477
vn  -0.553257 -0.224916 -0.852605
vn  -0.305995 -0.219032 -0.923517
vn  -0.049819 -0.218871 -0.945345
vn  -0.242230 -0.673123 0.434316
vn  0.190529 -0.495499 0.794035
vn  -0.868885 -0.390741 0.505085
vn  -1.001480 -0.364306 0.353851
vn  -1.093331 -0.338564 0.182391
vn  -1.139245 -0.313960 -0.004456
vn  -1.133411 -0.290875 -0.200171
vn  -1.070767 -0.269741 -0.395504
vn  -0.949408 -0.251158 -0.578301
vn  0.703086 -0.502601 0.566651
vn  0.792992 -0.384358 0.657525
vn  0.826413 -0.194011 0.767819
vn  0.827069 -0.135172 0.785689
vn  0.807807 -0.226637 0.766451
vn  -0.764254 0.336011 -0.725538
vn  -0.705277 0.431008 -0.670561
vn  -0.503337 0.614728 -0.483177
vn  -0.126287 0.736218 -0.169251
vn  0.009560 0.742385 -0.054300
vn  -0.332749 0.692807 -0.334552
vn  -0.628693 0.512089 -0.609038
vn  0.736166 -0.372712 0.712204
vn  0.786525 -0.251870 0.767894
vn  0.818929 -0.145741 0.788592
vn  0.827921 -0.133201 0.785562
vn  0.827436 -0.200314 0.764556
vn  0.812681 -0.348038 0.678487
vn  0.593238 -0.582458 0.494042
vn  -0.773242 -0.235914 -0.734829
vn  0.169306 -0.736424 0.064997
vn  0.242230 -0.727508 0.157008
vn  -0.509098 0.095748 0.887601
vn  -0.612403 0.349599 -0.803791
vn  -0.553227 0.354507 -0.826886
vn  -0.417184 0.359519 -0.871045
vn  -0.277109 0.361497 -0.901328
vn  -0.134733 0.360621 -0.917944
vn  0.005964 0.357134 -0.921190
vn  0.005964 0.357134 -0.921190
vn  -0.134733 0.360621 -0.917944
vn  -0.277109 0.361497 -0.901328
vn  -0.417184 0.359519 -0.871045
vn  -0.553227 0.354507 -0.826886
vn  -0.749908 0.171259 -0.824457
vn  -0.782244 0.012375 0.762454
vn  -0.843710 0.050217 0.712228
vn  -0.843710 0.050217 0.712228
vn  -0.913970 0.059467 0.652440
vn  -0.990365 0.075567 0.573817
vn  -1.057360 0.093416 0.488719
vn  -1.113820 0.112638 0.397924
vn  -1.158409 0.132917 0.302950
vn  -1.190879 0.154241 0.203247
vn  -1.209954 0.176216 0.100618
vn  -1.214937 0.198749 -0.005269
vn  -1.204808 0.221318 -0.112198
vn  -1.178637 0.243716 -0.219999
vn  -1.136045 0.265309 -0.325943
vn  -1.076319 0.285809 -0.429288
vn  -1.000044 0.304658 -0.527095
vn  -0.906953 0.320252 -0.619638
vn  -0.800300 0.331500 -0.703027
vn  -0.800300 0.331500 -0.703027
vn  -0.906953 0.320252 -0.619638
vn  -1.000044 0.304658 -0.527095
vn  -1.076319 0.285809 -0.429288
vn  -1.136045 0.265309 -0.325943
vn  -1.178637 0.243716 -0.219999
vn  -1.204808 0.221318 -0.112198
vn  -1.214937 0.198749 -0.005269
vn  -1.209954 0.176216 0.100618
vn  -1.190879 0.154241 0.203247
vn  -1.158409 0.132917 0.302950
vn  -1.113820 0.112638 0.397925
vn  -1.057360 0.093416 0.488719
vn  -0.990365 0.075567 0.573817
vn  -0.913970 0.059467 0.652440
vn  -0.843710 0.050217 0.712228
vn  -0.880403 0.072723 0.677631
vn  -0.095431 0.386811 0.818148
vn  -0.025864 -0.522302 0.768580
vn  1.204002 0.211962 0.082270
vn  -0.022364 0.740890 -0.141056
vn  0.051249 0.739321 -0.152667
vn  0.060279 0.729134 -0.253065
vn  0.055191 0.734768 -0.207478
vn  -0.061632 -0.734889 0.203999
vn  -0.065576 -0.726812 0.267779
vn  0.109537 0.293512 -0.948964
vn  0.110010 0.333234 -0.927477
vn  0.110528 0.241983 -0.971083
vn  0.106356 0.458717 -0.831111
vn  0.121201 0.514221 -0.768277
vn  0.132556 0.583502 -0.667751
vn  0.072344 0.709139 -0.360119
vn  0.082847 0.540973 -0.739004
vn  0.061708 0.727872 -0.261622
vn  -0.063111 -0.684743 0.452088
vn  -0.215647 -0.386335 0.875114
vn  -0.126090 -0.277128 0.954696
vn  -0.091850 -0.121065 1.003039
vn  -0.099850 -0.135113 1.000252
vn  0.090325 0.416014 -0.871479
vn  0.075739 0.467340 -0.826089
vn  0.093379 0.368307 -0.907076
vn  0.092467 0.384128 -0.896013
vn  0.111654 0.178508 -0.990407
vn  0.113065 0.160883 -0.994185
vn  0.114064 0.150476 -0.996107
vn  0.113345 0.136066 -0.998655
vn  0.114330 0.195503 -0.985716
vn  0.114796 0.166756 -0.992746
vn  0.113734 0.219651 -0.978526
vn  -0.116033 -0.126595 0.999755
vn  -0.116186 -0.111921 1.001570
vn  -0.483977 -0.304299 0.847204
vn  -0.479562 -0.081769 0.918173
vn  -0.126969 -0.331454 0.926410
vn  -0.476830 -0.326105 0.836842
vn  -0.094087 -0.355556 0.915482
vn  -0.093675 -0.363230 0.910475
vn  -0.073862 -0.536526 0.746019
vn  -0.078508 -0.450257 0.842471
vn  0.084519 -0.221142 -0.937829
vn  -0.071872 0.593758 0.543669
vn  -0.058160 0.510070 0.681057
vn  -0.048488 -0.684062 0.456315
vn  -0.290071 0.242069 0.892831
vn  -0.875203 0.097758 0.674148
vn  -0.869003 0.106799 0.676015
vn  -0.071852 0.390098 0.817349
vn  -0.093933 0.132091 0.975471
vn  0.083054 -0.364931 -0.839064
vn  0.074861 -0.357686 -0.846032
vn  0.087049 -0.430824 -0.775031
vn  0.026996 -0.615841 -0.502955
vn  0.030359 -0.660548 -0.395294
vn  -0.018300 -0.741463 0.123591
vn  0.019133 -0.697479 -0.277414
vn  -0.094382 0.122774 0.978555
vn  -0.090057 0.139369 0.973284
vn  -0.083437 -0.045438 1.008091
vn  -0.080451 -0.070831 1.008124
vn  -0.022938 0.073921 0.997550
vn  -0.004370 0.189942 0.958362
vn  -0.033981 0.468037 0.737103
vn  0.041301 -0.442814 -0.765799
vn  0.047969 -0.393291 -0.816216
vn  0.055620 -0.310786 -0.884443
vn  0.028793 -0.529326 -0.655530
vn  0.064696 -0.195348 -0.952322
vn  0.061875 -0.240210 -0.929376
vn  0.060836 -0.261531 -0.916934
vn  0.872082 -0.105249 -0.674067
vn  0.063139 -0.149350 -0.971921
vn  0.869882 -0.076452 -0.685168
vn  0.871000 -0.086940 -0.681125
vn  0.074227 -0.022724 -1.003646
vn  0.072040 -0.049412 -0.999445
vn  0.075994 0.035295 -1.008508
vn  0.075502 0.000596 -1.006296
vn  0.077595 0.096435 -1.006925
vn  0.076086 0.067092 -1.008617
vn  0.078497 0.138949 -1.001695
vn  0.078658 0.121538 -1.004207
vn  0.079953 0.142112 -1.001042
vn  0.078269 0.154123 -0.999034
vn  0.081607 0.113908 -1.004867
vn  0.081525 0.128630 -1.002991
vn  0.072152 -0.220319 -0.939345
vn  0.095257 -0.100618 -0.985238
vn  0.095579 -0.091512 -0.987720
vn  0.097386 -0.253153 -0.918725
vn  -0.011491 0.608366 0.519304
vn  -0.006298 0.636107 0.458683
vn  0.002331 -0.650180 -0.424214
vn  0.007787 -0.617824 -0.499678
vn  0.022569 -0.550621 -0.623054
vn  0.004340 0.649522 0.426075
vn  -0.004603 0.720602 0.172976
vn  -0.089097 0.382265 0.823001
vn  0.046618 0.675395 0.353149
vn  0.248840 -0.516459 -0.639591
vn  0.017598 -0.601013 -0.533791
vn  0.018766 0.712466 0.214697
vn  0.108932 -0.017627 1.012596
vn  0.040242 0.734479 0.072960
vn  0.002999 0.642438 0.443757
vn  -0.027428 -0.711880 -0.217183
vn  0.018360 0.690729 0.303189
vn  -0.005407 -0.653935 -0.414661
vn  0.024216 0.708108 0.234510
vn  0.013117 0.674747 0.355812
vn  0.042447 0.718939 0.180580
vn  0.034526 0.724886 0.146598
vn  -0.004145 -0.642594 -0.443402
vn  0.023121 0.702820 0.257052
vn  -0.038365 -0.731132 -0.102296
vn  -0.036775 -0.729038 -0.118372
vn  0.023637 0.707979 0.235098
vn  -0.027379 -0.708197 -0.234007
vn  0.023145 0.714394 0.205254
vn  0.026032 0.710193 0.225065
vn  0.058343 0.740536 -0.123464
vn  0.046049 0.738929 0.019164
vn  -0.022513 -0.695490 -0.285771
vn  -0.041507 -0.734923 -0.068409
vn  0.016146 -0.393628 0.896468
vn  0.465659 -0.553859 -0.491785
vn  -0.042111 -0.733347 -0.083097
vn  -0.094799 0.271864 0.907499
vn  0.059355 0.741371 -0.050852
vn  0.063659 0.727642 -0.262681
vn  -0.042140 -0.736026 -0.056909
vn  0.058440 0.741428 -0.052975
vn  0.144333 0.351190 -0.911923
vn  0.677720 0.552721 -0.423195
vn  0.478129 0.629159 -0.414439
vn  0.809849 -0.090038 0.804749
vn  0.672756 0.565103 -0.396403
vn  0.614504 0.581527 -0.418345
vn  0.531807 0.610413 -0.421099
vn  0.528758 0.624797 -0.379581
vn  0.482444 0.576295 -0.541650
vn  0.440732 0.605959 -0.504541
vn  0.688930 0.412879 -0.645025
vn  0.785276 0.352223 -0.631361
vn  0.772835 0.430044 -0.552656
vn  0.706225 0.461064 -0.569371
vn  0.814884 0.367385 -0.589599
vn  0.760919 0.371995 -0.632271
vn  0.643928 0.378825 -0.710472
vn  0.590244 0.462340 -0.654409
vn  0.786259 0.411725 -0.564316
vn  0.723651 0.424370 -0.604128
vn  0.823232 0.326741 -0.621771
vn  0.761943 0.337333 -0.663843
vn  0.645694 0.351075 -0.733252
vn  0.610468 0.437512 -0.671402
vn  0.866266 0.164478 -0.682157
vn  0.810101 0.170028 -0.724573
vn  0.868311 0.135891 -0.689208
vn  0.812282 0.140462 -0.731725
vn  0.691775 0.147448 -0.808899
vn  0.689237 0.177345 -0.802105
vn  0.866329 0.137213 -0.690490
vn  0.810449 0.142433 -0.732561
vn  0.857584 0.184171 -0.682033
vn  0.801784 0.188814 -0.723968
vn  0.681837 0.195432 -0.800369
vn  0.690085 0.149341 -0.809419
vn  0.844127 0.241419 -0.665461
vn  0.785224 0.247778 -0.708694
vn  0.819815 0.305448 -0.642614
vn  0.761977 0.308739 -0.686712
vn  0.647863 0.314794 -0.758952
vn  0.666768 0.255097 -0.783351
vn  0.793700 0.349742 -0.626526
vn  0.739809 0.354452 -0.665851
vn  0.762933 0.399434 -0.600700
vn  0.709996 0.403262 -0.639777
vn  0.598685 0.408659 -0.709749
vn  0.625298 0.359585 -0.738628
vn  0.708939 0.469314 -0.554603
vn  0.659553 0.472657 -0.591099
vn  0.608888 0.562666 -0.470965
vn  0.565796 0.565159 -0.503296
vn  0.470910 0.569792 -0.561919
vn  0.553496 0.478092 -0.657069
vn  0.464258 0.650563 -0.354562
vn  0.428024 0.652902 -0.380291
vn  0.286617 0.712596 -0.218019
vn  0.261215 0.713676 -0.237946
vn  0.211590 0.714759 -0.272695
vn  0.351157 0.656160 -0.427654
vn  0.143349 0.736405 -0.113892
vn  0.101671 0.738647 -0.124154
vn  -0.267509 -0.711829 0.244939
vn  -0.228590 -0.710876 0.283911
vn  -0.418142 -0.647380 0.407325
vn  -0.578728 -0.559610 0.504394
vn  -0.472982 -0.568070 0.563931
vn  -0.713401 -0.459481 0.565413
vn  -0.666036 -0.454756 0.610964
vn  -0.707559 -0.375931 0.669826
vn  -0.564440 -0.455481 0.678833
vn  -0.706400 -0.348947 0.695127
vn  -1.185886 -0.236112 0.083181
vn  -0.799094 -0.291748 0.670163
vn  -0.597937 -0.343446 0.766947
vn  -0.842517 -0.225337 0.675613
vn  -0.774353 -0.222426 0.729570
vn  -0.819842 -0.157551 0.721283
vn  -0.665447 -0.183008 0.813931
vn  -0.869983 -0.119974 0.691714
vn  -0.667530 -0.140199 0.824286
vn  -0.867635 -0.136825 0.689517
vn  -0.810764 -0.144559 0.731767
vn  -0.892593 -0.132713 0.669460
vn  -0.808670 -0.176721 0.723328
vn  -0.687221 -0.184080 0.801120
vn  -0.690011 -0.149980 0.809305
vn  -0.910648 -0.219271 0.617800
vn  -0.794408 -0.247942 0.701674
vn  -0.840239 -0.339295 0.594413
vn  -0.743469 -0.332423 0.682091
vn  -0.618678 -0.316499 0.774611
vn  -0.684120 -0.211262 0.793056
vn  -0.749455 -0.459056 0.532577
vn  -0.685803 -0.454291 0.596043
vn  -0.626800 -0.561915 0.455376
vn  -0.588002 -0.558759 0.498348
vn  -0.488996 -0.558848 0.571195
vn  -0.501281 -0.477283 0.687759
vn  -0.693383 -0.498611 0.520550
vn  -0.646139 -0.501258 0.557607
vn  -0.543980 -0.615923 0.392412
vn  -0.496427 -0.622719 0.417640
vn  -0.587722 -0.595510 0.407863
vn  -0.540170 -0.507368 0.624341
vn  0.387540 -0.632690 -0.355726
vn  -0.086132 -0.740060 0.034857
vn  0.797452 -0.244755 -0.656838
vn  0.797452 -0.244755 -0.656838
vn  0.797452 -0.244755 -0.656838
vn  0.797453 -0.244749 -0.656842
vn  0.695154 -0.237650 -0.731125
vn  0.321960 -0.629327 -0.399515
vn  0.695151 -0.237654 -0.731124
vn  0.695151 -0.237654 -0.731124
vn  0.695151 -0.237654 -0.731124
vn  0.498539 0.380657 -0.787645
vn  0.490833 0.380912 -0.790929
vn  0.385629 0.567630 -0.612578
vn  0.346242 0.607466 -0.554845
vn  0.286326 0.559597 -0.666199
vn  0.247020 0.606977 -0.596253
vn  0.362080 0.384507 -0.837804
vn  0.368050 0.384141 -0.836125
vn  0.472516 0.452420 -0.731257
vn  0.516495 0.382989 -0.777303
vn  0.381302 0.384451 -0.831404
vn  0.354243 0.442683 -0.789238
vn  0.482228 0.446266 -0.733316
vn  0.513480 0.361313 -0.796126
vn  0.381178 0.366409 -0.845122
vn  0.353764 0.451225 -0.780834
vn  0.558607 0.181917 -0.868083
vn  0.561355 0.152123 -0.874580
vn  0.423603 0.154164 -0.927627
vn  0.420406 0.183994 -0.921410
vn  0.560152 0.153735 -0.874751
vn  0.552337 0.199770 -0.865310
vn  0.415421 0.201563 -0.917886
vn  0.422692 0.155864 -0.927565
vn  0.538324 0.258652 -0.847861
vn  -0.239959 0.260778 -0.961807
vn  0.393321 0.331675 -0.864619
vn  0.402583 0.261580 -0.899262
vn  0.460584 0.352770 -0.825437
vn  0.472200 0.411737 -0.772401
vn  0.336030 0.407355 -0.827505
vn  1.061864 0.283501 -0.367942
vn  0.436027 0.480801 -0.715447
vn  0.349911 0.575652 -0.614815
vn  0.113898 0.703862 -0.372109
vn  0.303887 0.479714 -0.766666
vn  0.268458 0.657793 -0.468517
vn  0.148925 0.714999 -0.307141
vn  0.104171 0.713027 -0.334022
vn  0.180632 0.649406 -0.523789
vn  -0.096622 -0.700950 0.388490
vn  -0.270700 -0.655093 0.475097
vn  -0.283471 -0.560338 0.665998
vn  -0.427527 -0.460016 0.743142
vn  -0.347047 -0.351999 0.866203
vn  -0.445336 -0.194764 0.909735
vn  -0.449387 -0.142311 0.921218
vn  -1.118072 -0.099669 0.413796
vn  -0.556257 -0.174321 0.871297
vn  -0.555951 -0.188858 0.867190
vn  -0.416633 -0.194271 0.919714
vn  -0.420487 -0.156911 0.928066
vn  -0.575153 -0.228094 0.844268
vn  -0.620300 -0.217161 0.826126
vn  -0.450370 -0.346521 0.833924
vn  -0.397533 -0.297713 0.883066
vn  -0.529341 -0.393168 0.762235
vn  -0.381728 -0.570724 0.608996
vn  -0.312359 -0.546581 0.677092
vn  -0.445809 -0.427726 0.768760
vn  -0.446584 -0.576345 0.564023
vn  -0.748635 -0.525192 0.404583
vn  -0.289082 -0.547462 0.683838
vn  -0.240914 -0.612218 0.587856
vn  -0.536487 -0.582083 0.489641
vn  0.583276 -0.231630 -0.795564
vn  0.583276 -0.231630 -0.795564
vn  0.583276 -0.231630 -0.795564
vn  0.583276 -0.231628 -0.795566
vn  0.465434 -0.226884 -0.848458
vn  0.082510 -0.728027 -0.115254
vn  0.465425 -0.226897 -0.848453
vn  0.465425 -0.226897 -0.848453
vn  0.465425 -0.226897 -0.848453
vn  0.230607 0.385441 -0.872639
vn  0.226900 0.385299 -0.873541
vn  0.172487 0.549964 -0.711719
vn  0.144635 0.604606 -0.628385
vn  0.048692 0.544597 -0.737617
vn  0.040676 0.600554 -0.650974
vn  0.145927 -0.424208 -1.393525
vn  0.095676 0.383825 -0.895880
vn  0.220401 0.432836 -0.835727
vn  0.241254 0.383224 -0.871953
vn  0.099222 0.379515 -0.898589
vn  0.087946 0.424142 -0.864912
vn  0.218049 0.451915 -0.818326
vn  0.240878 0.368031 -0.883022
vn  0.153723 0.385093 -0.887187
vn  0.083137 0.449577 -0.842621
vn  0.277246 0.183346 -0.961382
vn  0.280640 0.153871 -0.967387
vn  0.147157 0.150897 -0.991939
vn  0.140243 0.180576 -0.986431
vn  0.280220 0.155478 -0.967158
vn  0.273560 0.201060 -0.957281
vn  0.145360 0.196311 -0.981622
vn  0.146286 0.153216 -0.991617
vn  0.252722 0.263520 -0.939134
vn  0.241882 0.328375 -0.908375
vn  0.190371 0.376029 -0.887562
vn  0.177413 0.407299 -0.866073
vn  0.180544 0.474764 -0.802908
vn  0.095786 0.628966 -0.589396
vn  -0.118644 -0.561940 0.704118
vn  -0.219834 -0.456566 0.813354
vn  -0.190409 -0.350559 0.904853
vn  -0.268196 -0.242674 0.944275
vn  -0.277868 -0.146026 0.969513
vn  -0.278978 -0.132300 0.971602
vn  -0.148416 -0.127488 0.995616
vn  -0.130799 -0.184534 0.986650
vn  -0.256096 -0.144821 0.974426
vn  -0.210610 -0.188876 0.973398
vn  -0.061763 -0.209043 0.986907
vn  -0.150252 -0.081124 0.999878
vn  -0.236740 -0.308549 0.920667
vn  -0.245018 -0.369728 0.880905
vn  -0.105738 -0.360300 0.911061
vn  -0.111103 -0.359151 0.911179
vn  -0.227417 -0.411829 0.852445
vn  -0.182338 -0.527140 0.740944
vn  -0.054759 -0.522226 0.766407
vn  -0.092816 -0.403453 0.881337
vn  -0.139471 -0.609839 0.619609
vn  -0.173711 -0.546718 0.716099
vn  -0.057665 -0.543915 0.737721
vn  -0.036552 -0.605810 0.641863
vn  -0.180767 -0.525565 0.743325
vn  0.342393 -0.223513 -0.889924
vn  0.342393 -0.223513 -0.889924
vn  0.342393 -0.223513 -0.889924
vn  0.342387 -0.223495 -0.889935
vn  0.217861 -0.221594 -0.919300
vn  0.083322 -0.727299 -0.120190
vn  0.217857 -0.221601 -0.919297
vn  0.217857 -0.221601 -0.919297
vn  0.217857 -0.221601 -0.919297
vn  0.086463 0.382159 -0.898084
vn  0.086471 0.381996 -0.898201
vn  0.070979 0.560730 -0.712404
vn  0.065858 0.597863 -0.653167
vn  0.092953 0.375959 -0.901814
vn  0.089900 0.431478 -0.858345
vn  0.094996 0.466402 -0.824887
vn  0.110096 0.448054 -0.840854
vn  0.110497 0.194647 -0.986385
vn  0.113190 0.148177 -0.996626
vn  -0.158732 -0.103965 0.996998
vn  -0.115965 -0.137562 0.998123
vn  -0.091427 -0.397927 0.885792
vn  -0.094447 -0.348384 0.920018
vn  -0.065053 -0.603102 0.643921
vn  -0.069172 -0.574655 0.691382
vn  -0.073299 -0.541470 0.739433
vn  -0.060835 -0.628300 0.595673
vn  0.000707 -0.733909 -0.081637
vn  -0.082709 -0.439920 0.851593
vn  0.092260 -0.221216 -0.937058
vn  0.084519 -0.221142 -0.937829
vn  0.027522 0.511766 0.682611
vn  -0.016585 0.619982 0.494655
vn  -0.043790 0.593115 0.547469
vn  0.163833 0.117321 0.983887
vn  0.231730 0.295782 0.887360
vn  -0.971114 0.150407 0.562241
vn  -0.024993 -0.462780 -0.745540
vn  0.042258 -0.672104 -0.361174
vn  0.056838 -0.692177 -0.293674
vn  0.116005 -0.679884 0.468392
vn  0.119114 -0.739090 0.118235
vn  0.099737 0.597178 0.539647
vn  0.107323 0.604911 0.523568
vn  0.105750 0.519265 0.669870
vn  0.254511 0.494272 0.685833
vn  0.279671 0.573682 0.553404
vn  0.320136 0.564194 0.559273
vn  0.202589 0.277286 0.903363
vn  0.248643 0.120088 0.974641
vn  0.375363 0.125566 0.951019
vn  0.314318 0.277492 0.886811
vn  0.249063 0.119763 0.974694
vn  0.391446 0.186657 0.922332
vn  0.375499 0.125362 0.951059
vn  0.230862 0.184516 0.951607
vn  0.272603 0.083005 0.982267
vn  0.369573 0.043161 0.974060
vn  0.191632 -0.010859 1.007221
vn  0.310290 -0.010685 0.992287
vn  0.212475 0.340274 0.855997
vn  -0.034233 0.326723 0.873979
vn  0.067125 0.562254 0.604826
vn  -0.189813 -0.319766 -0.874644
vn  -0.116707 -0.451341 -0.756657
vn  -0.138581 -0.192005 -0.956194
vn  -0.234796 -0.123999 -0.975042
vn  -0.237118 -0.204173 -0.941479
vn  -0.844005 -0.138653 -0.743536
vn  -0.892993 -0.100964 -0.722713
vn  -0.297745 -0.028292 -0.989748
vn  -0.264014 -0.093522 -0.980652
vn  -0.172232 -0.023788 -1.004896
vn  -0.187528 0.033216 -1.008886
vn  -0.327409 0.088681 -0.989822
vn  -0.312902 0.028014 -0.992962
vn  -0.197990 0.093300 -1.006894
vn  -0.208332 0.136808 -1.000847
vn  -0.348852 0.182676 -0.970485
vn  -0.337589 0.131911 -0.983141
vn  -0.212449 0.139760 -0.999958
vn  -0.251444 0.077510 -1.002049
vn  -0.373311 -0.049054 -0.972153
vn  -0.346518 0.120440 -0.983074
vn  -0.269527 -0.035434 -0.992786
vn  -0.254364 -0.097757 -0.980749
vn  0.091141 -0.143577 -0.971655
vn  0.092468 -0.105495 -0.984099
vn  -0.382225 -0.103741 -0.956599
vn  -0.382359 -0.103539 -0.956630
vn  -0.254064 -0.097986 -0.980723
vn  -0.215675 -0.245428 -0.921705
vn  -0.120934 -0.491082 -0.707592
vn  -0.278238 -0.464045 -0.720426
vn  -0.328172 -0.246329 -0.903935
vn  -0.087364 -0.607183 -0.520495
vn  -0.065303 -0.675167 -0.352724
vn  -0.311708 -0.652322 -0.357164
vn  -0.286877 -0.587099 -0.525390
vn  -0.019475 -0.714408 -0.205302
vn  0.193728 -0.674619 0.468852
vn  0.193728 -0.674619 0.468852
vn  0.193728 -0.674619 0.468852
vn  0.193723 -0.674624 0.468838
vn  0.160708 -0.642355 0.561235
vn  -0.123609 -0.731567 0.205081
vn  0.145980 -0.677089 0.472075
vn  0.145980 -0.677089 0.472075
vn  0.145980 -0.677089 0.472075
vn  0.430728 0.501673 0.624754
vn  0.541479 0.477827 0.610760
vn  0.360117 0.450253 0.717723
vn  0.473484 0.415927 0.721218
vn  0.518542 0.431253 0.684783
vn  -0.499875 -0.397437 0.772691
vn  -0.183303 -0.508877 -0.677144
vn  -0.820760 -0.384691 0.564321
vn  0.414744 -0.220237 0.944150
vn  0.442961 0.268990 0.861744
vn  0.494820 0.132348 0.917018
vn  0.606119 0.140399 0.873594
vn  0.539790 0.262852 0.833560
vn  0.484777 0.200236 0.890014
vn  0.498114 0.128929 0.917243
vn  0.585174 0.092596 0.898719
vn  0.577230 0.201039 0.856756
vn  0.466040 -0.010638 0.957596
vn  0.351827 0.438713 0.733701
vn  0.399769 0.118440 0.947909
vn  0.358879 0.212095 0.916920
vn  0.374408 0.359197 0.809661
vn  -0.158532 -0.576427 -0.572543
vn  -0.198933 -0.459853 -0.738790
vn  -0.292779 -0.328171 -0.853675
vn  -0.394816 -0.337225 -0.823514
vn  -0.282508 -0.467767 -0.714901
vn  -0.354182 -0.212298 -0.917810
vn  -0.384532 -0.139778 -0.943852
vn  -0.503193 -0.149499 -0.907672
vn  -0.467410 -0.222082 -0.883527
vn  -0.400546 -0.096530 -0.954559
vn  -0.424324 -0.034644 -0.963001
vn  -0.549035 -0.041351 -0.924443
vn  -0.524817 -0.105658 -0.916508
vn  -0.441788 0.021575 -0.964963
vn  -0.456809 0.082418 -0.960888
vn  -0.581338 0.074723 -0.920571
vn  -0.565476 0.013713 -0.925773
vn  -0.467416 0.125942 -0.953305
vn  -0.473359 0.130594 -0.950859
vn  -0.597362 0.123983 -0.909124
vn  -0.591262 0.118690 -0.912359
vn  -0.455281 0.142889 -0.953894
vn  -0.473165 0.050301 -0.957226
vn  -0.642872 0.071774 -0.895481
vn  -0.600678 0.100845 -0.910901
vn  -0.485442 -0.097599 -0.931523
vn  -0.502742 -0.110786 -0.922052
vn  -0.614984 -0.119075 -0.878025
vn  -0.645867 -0.033249 -0.887592
vn  -0.458175 -0.238846 -0.876504
vn  -0.385940 -0.418003 -0.747805
vn  -0.500623 -0.383716 -0.745811
vn  -0.556720 -0.233893 -0.845867
vn  -0.476037 -0.509481 -0.593421
vn  -0.521752 -0.603745 -0.368518
vn  -0.849866 -0.334061 -0.587650
vn  -0.523740 -0.441826 -0.669163
vn  -0.634483 -0.591024 -0.297778
vn  0.170977 -0.543538 0.735824
vn  0.170977 -0.543538 0.735824
vn  0.170977 -0.543538 0.735824
vn  -0.012338 -0.639173 0.576817
vn  -0.132389 -0.435029 0.849733
vn  -0.460041 -0.689352 0.024452
vn  -0.341519 -0.490070 0.742266
vn  -0.341519 -0.490070 0.742266
vn  -0.341519 -0.490070 0.742266
vn  0.645648 0.017689 0.890150
vn  0.655989 0.055394 0.878654
vn  0.527975 0.405686 0.710890
vn  0.525893 0.416868 0.698891
vn  0.622874 0.395025 0.676972
vn  0.588861 0.419442 0.665769
vn  0.816752 0.082332 0.783611
vn  0.813309 0.081179 0.786202
vn  0.612748 0.276134 0.793625
vn  0.708658 0.149638 0.821630
vn  0.748001 0.237349 0.749676
vn  0.717741 0.348611 0.672083
vn  0.677163 0.184458 0.820860
vn  0.692046 0.073903 0.857045
vn  0.817230 0.057734 0.790092
vn  0.797376 0.168675 0.760455
vn  0.690374 0.011083 0.870293
vn  0.515701 0.453932 0.656939
vn  0.642297 0.131262 0.861609
vn  0.586082 0.233573 0.834292
vn  0.583637 0.386066 0.707239
vn  0.359347 0.489478 0.666844
vn  0.213974 0.585634 0.546156
vn  0.065131 0.657101 0.404988
vn  -0.304882 -0.604579 -0.482954
vn  -0.387796 -0.482690 -0.667436
vn  -0.493109 -0.347878 -0.783376
vn  -0.581022 -0.372339 -0.723119
vn  -0.575145 -0.233588 -0.838768
vn  -0.615312 -0.160690 -0.861039
vn  -0.748599 -0.171258 -0.789141
vn  -0.676567 -0.246689 -0.783515
vn  -0.638222 -0.114190 -0.869745
vn  -0.664103 -0.051144 -0.875871
vn  -0.775120 -0.061887 -0.815179
vn  -0.749536 -0.130323 -0.807476
vn  -0.683521 0.004246 -0.875320
vn  -0.699348 0.065668 -0.869261
vn  -0.810169 0.054969 -0.806959
vn  -0.794052 -0.006633 -0.814056
vn  -0.709145 0.109956 -0.860235
vn  -0.714197 0.116132 -0.856683
vn  -0.823557 0.106661 -0.793568
vn  -0.818899 0.099964 -0.797634
vn  -0.722897 0.195576 -0.831736
vn  -0.718560 0.143575 -0.849138
vn  -0.860491 0.150513 -0.758080
vn  -0.825820 0.084937 -0.794869
vn  -0.714214 -0.093914 -0.839957
vn  -0.718359 -0.128529 -0.825415
vn  -0.812393 -0.139094 -0.765024
vn  -0.874269 0.045548 -0.763213
vn  -0.647931 -0.249649 -0.795917
vn  -0.556416 -0.373209 -0.733483
vn  -0.621146 -0.393494 -0.679683
vn  -0.729782 -0.271289 -0.735537
vn  -0.690195 -0.308883 -0.727286
vn  -0.816360 -0.459016 -0.429891
vn  -0.575599 -0.432257 -0.656434
vn  -0.719003 -0.266183 -0.745915
vn  -0.558781 -0.606484 -0.328117
vn  0.605715 -0.424033 0.739951
vn  0.605715 -0.424033 0.739951
vn  0.605715 -0.424033 0.739951
vn  0.581624 -0.447910 0.726329
vn  0.753626 -0.407293 0.662968
vn  0.380848 -0.706995 0.162418
vn  0.753626 -0.407292 0.662969
vn  0.753626 -0.407292 0.662969
vn  0.753626 -0.407292 0.662969
vn  0.900544 0.095938 0.718600
vn  0.904925 0.097194 0.714629
vn  0.642708 0.443517 0.602966
vn  0.656390 0.430060 0.613097
vn  0.691290 0.463100 0.539351
vn  0.715850 0.441860 0.554270
vn  0.981021 0.113299 0.640160
vn  0.975417 0.111893 0.646289
vn  0.797126 0.325802 0.640300
vn  0.885649 0.171457 0.695135
vn  0.959380 0.183921 0.621865
vn  0.834767 0.341945 0.591760
vn  0.885188 0.152310 0.705967
vn  0.910267 0.039114 0.727166
vn  1.010535 0.028846 0.637785
vn  0.982903 0.140810 0.624602
vn  0.900351 0.032967 0.736271
vn  0.654946 0.473416 0.549085
vn  0.847112 0.155508 0.733136
vn  0.779647 0.259151 0.713330
vn  0.715826 0.406886 0.604299
vn  0.349191 0.604848 0.465785
vn  0.171496 0.660327 0.381000
vn  -0.651698 -0.383434 -0.674157
vn  -0.754884 -0.394103 -0.592244
vn  -0.550030 -0.536971 -0.505059
vn  -0.770928 -0.256861 -0.720892
vn  -0.048547 -0.049703 -1.004735
vn  -0.908179 -0.199979 -0.658383
vn  -0.853651 -0.276989 -0.643227
vn  -0.845495 -0.145124 -0.739430
vn  -0.876323 -0.073941 -0.744543
vn  -0.965650 -0.084427 -0.666542
vn  -0.199159 -0.018870 -1.003364
vn  -0.896196 -0.019263 -0.741913
vn  -0.911980 0.042946 -0.734218
vn  -1.003565 0.029162 -0.651326
vn  -0.987880 -0.033182 -0.659735
vn  -0.920121 0.088237 -0.724466
vn  -0.923487 0.095947 -0.720555
vn  -1.013255 0.083336 -0.637848
vn  -1.010615 0.075323 -0.641731
vn  -0.919911 0.235383 -0.672574
vn  -0.914115 0.211459 -0.691028
vn  -0.955674 0.200905 -0.657715
vn  -1.013937 0.062793 -0.639537
vn  -0.907106 -0.099742 -0.711917
vn  -0.896742 -0.150696 -0.697538
vn  -0.956125 -0.139756 -0.651306
vn  -0.955264 0.136538 -0.683598
vn  -0.797393 -0.292357 -0.672825
vn  -0.677945 -0.412832 -0.622265
vn  -0.729720 -0.433570 -0.556095
vn  -0.859590 -0.315554 -0.599749
vn  -0.797792 -0.279204 -0.684231
vn  -0.641038 -0.443107 -0.604601
vn  -0.698402 -0.455166 -0.546783
vn  -0.867473 -0.293623 -0.615615
vn  -0.160030 -0.687074 -0.297450
vn  0.837275 -0.395559 0.604986
vn  0.837275 -0.395559 0.604986
vn  0.837275 -0.395559 0.604986
vn  0.837271 -0.395563 0.604984
vn  0.911997 -0.383825 0.540046
vn  0.440274 -0.697259 0.111510
vn  0.911998 -0.383819 0.540051
vn  0.911999 -0.383819 0.540051
vn  0.911998 -0.383819 0.540051
vn  1.043932 0.130126 0.562865
vn  1.049562 0.132624 0.554533
vn  0.729992 0.480653 0.476076
vn  0.766616 0.454682 0.489797
vn  0.762790 0.497860 0.407358
vn  0.808042 0.468394 0.420160
vn  1.103277 0.150996 0.467770
vn  1.097683 0.148227 0.478466
vn  0.883734 0.361237 0.520362
vn  1.022781 0.197323 0.542618
vn  1.075415 0.211598 0.457834
vn  0.925025 0.380966 0.441859
vn  1.057905 0.147162 0.535051
vn  1.106491 0.015048 0.523840
vn  1.171727 0.010739 0.415587
vn  1.075538 0.211373 0.457871
vn  1.169233 -0.072467 0.417771
vn  1.062126 0.052132 0.573885
vn  1.131953 0.073677 0.467514
vn  1.012089 0.187565 0.562952
vn  0.934306 0.289790 0.555215
vn  0.862621 0.417025 0.456050
vn  0.606714 0.520405 0.499446
vn  0.399059 0.626134 0.388414
vn  0.430263 0.637579 0.334855
vn  0.669997 0.542125 0.399970
vn  0.222437 0.695423 0.242496
vn  -0.136634 -0.670467 -0.357978
vn  -0.856095 -0.427275 -0.445110
vn  -0.920384 -0.300088 -0.558451
vn  -1.004200 -0.218178 -0.547356
vn  -1.013550 -0.303695 -0.439523
vn  -1.016300 -0.174088 -0.567852
vn  -1.058719 -0.119859 -0.550178
vn  -1.089439 -0.203993 -0.443348
vn  -1.068478 -0.049818 -0.566668
vn  -1.099279 0.017364 -0.537582
vn  -1.153377 -0.050964 -0.439547
vn  -1.103212 0.051087 -0.531550
vn  -1.089190 0.071113 -0.548730
vn  -1.091079 0.048854 -0.548557
vn  -1.088598 0.018050 -0.552159
vn  -1.151722 0.002868 -0.454786
vn  -1.158636 0.020395 -0.443523
vn  -1.069714 0.087817 -0.571456
vn  -1.066463 0.024648 -0.580811
vn  -1.153057 -0.018905 -0.449055
vn  -1.147727 -0.022983 -0.457542
vn  -0.907404 -0.323431 -0.544752
vn  -0.770796 -0.452118 -0.490384
vn  -0.805783 -0.470464 -0.418416
vn  -1.028879 -0.274021 -0.456717
vn  -0.927346 -0.309330 -0.540505
vn  -0.747249 -0.468168 -0.483542
vn  -0.786769 -0.482105 -0.415304
vn  -0.976678 -0.326138 -0.459404
vn  -0.193773 -0.695638 -0.253387
vn  0.978100 -0.371993 0.467739
vn  0.978100 -0.371993 0.467739
vn  0.978100 -0.371993 0.467739
vn  0.978104 -0.371989 0.467740
vn  1.034043 -0.360261 0.389405
vn  0.485884 -0.686607 0.050302
vn  1.034044 -0.360260 0.389406
vn  1.034044 -0.360260 0.389406
vn  1.034044 -0.360260 0.389406
vn  1.143217 0.169559 0.380706
vn  1.147468 0.173305 0.368005
vn  0.787360 0.513754 0.337263
vn  0.839535 0.482758 0.345976
vn  0.805387 0.528144 0.264373
vn  0.860455 0.497578 0.267875
vn  1.175994 0.193168 0.271192
vn  1.173051 0.189175 0.285954
vn  0.957462 0.398203 0.361719
vn  1.116761 0.226628 0.367959
vn  1.146171 0.242315 0.273463
vn  0.980626 0.414613 0.277656
vn  1.116889 0.226401 0.368002
vn  1.200545 0.026301 0.348507
vn  1.231552 0.046429 0.247075
vn  1.146310 0.242083 0.273505
vn  1.204899 -0.080497 0.332532
vn  1.238311 0.010588 0.234902
vn  1.239117 -0.067192 0.220000
vn  1.229393 0.044796 0.256002
vn  1.184758 0.075600 0.365208
vn  1.147265 0.169969 0.371923
vn  1.183930 0.184895 0.259556
vn  1.214560 0.116974 0.249315
vn  1.009713 0.196327 0.558990
vn  0.695708 0.125742 0.838271
vn  1.121393 0.281858 0.262987
vn  1.156466 0.233367 0.260108
vn  1.028802 0.318151 0.393509
vn  0.899163 0.442530 0.355536
vn  0.925670 0.458469 0.264313
vn  1.056358 0.353196 0.265784
vn  0.703568 0.555359 0.327314
vn  0.452427 0.647248 0.284435
vn  0.471251 0.657422 0.224404
vn  0.725644 0.568597 0.251102
vn  0.179825 0.636032 0.443814
vn  -0.253431 -0.687637 -0.260816
vn  -0.665667 -0.566569 -0.338904
vn  -0.929436 -0.456324 -0.263113
vn  -1.079017 -0.329405 -0.267535
vn  -1.149102 -0.169185 -0.368861
vn  -1.149871 -0.243109 -0.261048
vn  -1.224738 -0.075963 -0.252354
vn  -1.227008 0.027047 -0.279547
vn  -1.246645 -0.041550 -0.180868
vn  -1.232635 0.157369 -0.109658
vn  -1.163055 0.283424 -0.162904
vn  -1.239779 0.025761 -0.231241
vn  -1.226036 0.007086 -0.282775
vn  -1.180307 -0.207258 -0.232093
vn  -1.177475 -0.235486 -0.176107
vn  -1.002316 -0.367735 -0.348050
vn  -0.831884 -0.487316 -0.345274
vn  -0.851010 -0.502678 -0.268667
vn  -1.009536 -0.390938 -0.278460
vn  -0.953405 -0.368264 -0.425098
vn  -0.605570 -0.417864 -0.658867
vn  -0.968118 -0.352210 -0.431213
vn  -0.849068 -0.503793 -0.268557
vn  -0.423324 -0.566944 -0.514541
vn  1.079738 -0.348521 0.304535
vn  1.079738 -0.348521 0.304535
vn  1.079738 -0.348521 0.304535
vn  1.079742 -0.348516 0.304536
vn  1.113769 -0.336943 0.214780
vn  0.014414 -0.727853 -0.128060
vn  1.113769 -0.336944 0.214779
vn  1.113769 -0.336944 0.214779
vn  1.113769 -0.336944 0.214779
vn  1.190588 0.212751 0.176474
vn  1.191098 0.217347 0.160483
vn  0.815273 0.541815 0.187694
vn  0.870252 0.512570 0.186679
vn  0.818064 0.553188 0.111025
vn  0.868436 0.527460 0.103226
vn  1.191178 0.237708 0.056833
vn  1.192928 0.233028 0.074029
vn  0.995364 0.429197 0.188973
vn  1.162930 0.258477 0.174891
vn  1.166219 0.274933 0.072906
vn  0.999669 0.442008 0.099994
vn  1.163077 0.258247 0.174935
vn  1.246902 0.071845 0.148349
vn  1.246532 0.107505 0.035092
vn  1.166371 0.274710 0.072953
vn  1.257061 -0.038912 0.115989
vn  1.256268 0.023068 0.123627
vn  1.257895 0.039744 0.005442
vn  1.259587 -0.004405 -0.001142
vn  1.255742 0.022838 0.128965
vn  1.249251 0.073613 0.126468
vn  1.249855 0.091871 0.010618
vn  1.257294 0.044890 0.003974
vn  1.232055 0.134495 0.135060
vn  1.202299 0.201896 0.142894
vn  1.202190 0.219459 0.032668
vn  1.232213 0.152924 0.020113
vn  1.172793 0.250952 0.149555
vn  1.137033 0.299501 0.154093
vn  1.136312 0.316675 0.044739
vn  1.172678 0.268166 0.037091
vn  1.070621 0.370477 0.162272
vn  0.938046 0.474238 0.170598
vn  0.936050 0.489637 0.075928
vn  1.069265 0.387406 0.057277
vn  0.735570 0.581606 0.173049
vn  0.473878 0.668228 0.165213
vn  0.241410 0.716354 0.114376
vn  0.733654 0.594061 0.094303
vn  0.263644 0.604507 0.495901
vn  -0.245871 -0.707275 -0.170788
vn  -0.473327 -0.666644 -0.175130
vn  -0.947682 -0.482002 -0.075357
vn  -0.715589 -0.602766 -0.082732
vn  -1.092239 -0.364994 -0.056246
vn  -1.203485 -0.202420 -0.132985
vn  -1.176723 -0.262426 -0.014204
vn  -1.248740 -0.090454 0.017372
vn  -1.181710 0.263750 -0.068704
vn  -1.227981 0.171429 -0.099459
vn  -1.236676 0.140512 0.010463
vn  -1.186046 0.242294 0.046831
vn  -1.176859 -0.237711 -0.172436
vn  -1.176725 -0.237943 -0.172393
vn  -1.180228 -0.254351 -0.069436
vn  -1.180372 -0.254122 -0.069473
vn  -1.024518 -0.405968 -0.187836
vn  -0.861432 -0.517165 -0.188455
vn  -0.864190 -0.529252 -0.107796
vn  -1.028748 -0.419238 -0.096460
vn  -0.858884 -0.518603 -0.188355
vn  -1.012934 -0.415448 -0.188218
vn  -1.010692 -0.434246 -0.093389
vn  -0.857210 -0.533338 -0.105863
vn  -1.085363 -0.351638 -0.179692
vn  1.135676 -0.325404 0.119729
vn  1.135676 -0.325404 0.119729
vn  1.135676 -0.325404 0.119729
vn  1.135666 -0.325416 0.119730
vn  1.144284 -0.314099 0.021472
vn  0.024874 -0.729620 -0.114791
vn  1.144281 -0.314104 0.021469
vn  1.144280 -0.314104 0.021469
vn  1.144280 -0.314104 0.021469
vn  1.177574 0.257342 -0.042419
vn  1.173030 0.262034 -0.059576
vn  0.811579 0.563863 0.028192
vn  0.854706 0.541900 0.018587
vn  0.797570 0.571823 -0.051569
vn  0.828836 0.555595 -0.066147
vn  1.141880 0.281639 -0.165196
vn  1.148930 0.277089 -0.148123
vn  0.993929 0.453114 0.003272
vn  1.155201 0.291425 -0.031606
vn  1.129066 0.307673 -0.137558
vn  0.977153 0.461889 -0.089613
vn  1.158207 0.287629 -0.027191
vn  1.232933 0.140464 -0.045211
vn  1.190455 0.189710 -0.177466
vn  1.142729 0.287704 -0.142762
vn  1.247262 0.036979 -0.094972
vn  1.242391 0.057751 -0.110304
vn  1.210130 0.075240 -0.225093
vn  1.207699 0.101904 -0.217257
vn  1.241419 0.062665 -0.112040
vn  1.233559 0.109608 -0.105673
vn  1.200477 0.126669 -0.220505
vn  1.208721 0.079687 -0.227173
vn  1.215809 0.169848 -0.096163
vn  1.185573 0.236211 -0.085062
vn  1.153357 0.252168 -0.194159
vn  1.182383 0.187366 -0.209509
vn  1.156042 0.284794 -0.074720
vn  1.119367 0.333288 -0.065342
vn  1.086720 0.348910 -0.172671
vn  1.123141 0.300495 -0.185510
vn  1.052359 0.403670 -0.047037
vn  0.920089 0.504259 -0.018026
vn  0.890203 0.518132 -0.110271
vn  1.020280 0.419013 -0.149782
vn  0.719642 0.605935 0.016411
vn  0.468213 0.683149 0.057637
vn  0.452325 0.690541 -0.003819
vn  0.694627 0.616818 -0.059697
vn  0.239270 0.719599 0.089668
vn  -0.256467 -0.718704 -0.079214
vn  -0.896587 -0.515125 0.100735
vn  -1.058026 -0.387497 0.134431
vn  -1.218604 0.164223 0.081475
vn  -1.242429 0.131584 -0.047731
vn  -1.235265 -0.074878 0.133444
vn  -1.207273 -0.098278 0.220985
vn  -1.191706 -0.237793 -0.041052
vn  -1.173405 -0.266751 0.009512
vn  -1.201332 -0.179086 0.151644
vn  -1.230894 -0.119467 0.106266
vn  -1.030095 -0.424314 -0.006412
vn  -0.857048 -0.540520 -0.021121
vn  -0.839443 -0.550082 0.064100
vn  -1.034307 -0.410391 0.129330
vn  -0.895084 -0.518739 0.059253
vn  -0.854283 -0.503157 0.296317
vn  -0.778720 -0.567649 0.196432
vn  -1.006822 -0.436360 0.111907
vn  -0.867650 -0.522129 0.181683
vn  1.138890 -0.302919 -0.080121
vn  1.138890 -0.302919 -0.080121
vn  1.138890 -0.302919 -0.080121
vn  1.138885 -0.302926 -0.080119
vn  1.118887 -0.292079 -0.182436
vn  0.510341 -0.652494 -0.181789
vn  1.118897 -0.292068 -0.182431
vn  1.118897 -0.292068 -0.182431
vn  1.118897 -0.292068 -0.182431
vn  1.097811 0.300008 -0.264196
vn  1.088652 0.303942 -0.279849
vn  0.772161 0.578411 -0.139347
vn  0.790922 0.568196 -0.149685
vn  0.739082 0.582296 -0.220496
vn  0.741222 0.579422 -0.230756
vn  0.906967 0.399599 -0.443985
vn  0.942577 0.345098 -0.473884
vn  0.946932 0.468255 -0.192503
vn  1.087177 0.323313 -0.243570
vn  1.029129 0.337977 -0.348012
vn  0.905983 0.472192 -0.286851
vn  1.084642 0.322345 -0.252764
vn  1.129750 0.227239 -0.300214
vn  1.063627 0.258866 -0.394286
vn  1.019424 0.351785 -0.342537
vn  1.159070 0.119006 -0.329612
vn  1.161229 0.091715 -0.337606
vn  1.096114 0.106838 -0.446144
vn  1.094108 0.134774 -0.438229
vn  1.159519 0.095686 -0.339547
vn  1.150822 0.142643 -0.332812
vn  1.085165 0.157237 -0.440816
vn  1.094035 0.110400 -0.448081
vn  1.133679 0.201346 -0.320537
vn  1.103122 0.267155 -0.306845
vn  1.038713 0.281792 -0.410060
vn  1.066489 0.216597 -0.429669
vn  1.074624 0.315012 -0.292765
vn  1.038348 0.363443 -0.277959
vn  0.975676 0.376515 -0.377846
vn  1.010700 0.328093 -0.396218
vn  0.973527 0.433280 -0.249156
vn  0.847549 0.530734 -0.199151
vn  0.792145 0.542214 -0.284067
vn  0.912843 0.446110 -0.344287
vn  0.658515 0.626850 -0.132736
vn  0.426377 0.697184 -0.057886
vn  0.390727 0.703474 -0.107074
vn  0.612830 0.635579 -0.202133
vn  0.143192 0.736454 -0.112775
vn  -0.148277 -0.731998 -0.048345
vn  -0.647047 -0.633200 0.101191
vn  -0.807282 -0.535697 0.277853
vn  -0.987701 -0.418528 0.258340
vn  -0.931673 -0.427187 0.354113
vn  -1.107480 -0.292225 0.253693
vn  -1.016906 -0.316273 0.402433
vn  -1.164137 -0.169358 0.281611
vn  -1.103938 -0.138205 0.421035
vn  -1.111825 -0.094122 0.425703
vn  -1.162502 -0.143119 0.307137
vn  -1.159079 -0.123682 0.327020
vn  -1.101412 -0.055473 0.450001
vn  -1.096512 -0.107010 0.445482
vn  -1.145261 -0.151803 0.338139
vn  -1.152076 -0.153459 0.322634
vn  -1.056599 -0.290144 0.368828
vn  -1.097308 -0.120552 0.439323
vn  -1.027593 -0.389412 0.237959
vn  -0.807114 -0.559790 0.151898
vn  -0.777409 -0.561116 0.235604
vn  -0.937787 -0.451453 0.279728
vn  -0.961815 -0.453083 0.210690
vn  -0.758879 -0.584700 0.138428
vn  -0.708184 -0.596739 0.215819
vn  -0.902285 -0.468253 0.306387
vn  -0.166023 -0.730658 -0.048554
vn  1.083634 -0.281493 -0.285179
vn  1.083634 -0.281493 -0.285179
vn  1.083634 -0.281493 -0.285179
vn  1.083636 -0.281490 -0.285180
vn  1.033504 -0.271386 -0.385346
vn  0.470726 -0.642464 -0.263967
vn  1.033499 -0.271392 -0.385347
vn  1.033499 -0.271392 -0.385347
vn  1.033499 -0.271392 -0.385347
vn  0.667736 0.599982 -0.284286
vn  0.691595 0.583592 -0.310284
vn  0.693627 0.587141 -0.292834
vn  0.646904 0.592699 -0.344886
vn  0.646904 0.592699 -0.344886
vn  0.646904 0.592699 -0.344886
vn  0.646903 0.592697 -0.344893
vn  0.863068 0.463730 -0.386336
vn  0.954953 0.351238 -0.448989
vn  -0.917469 -0.348840 0.501086
vn  -0.917469 -0.348840 0.501086
vn  -0.917469 -0.348840 0.501086
vn  0.917469 0.348840 -0.501087
vn  0.672174 0.577006 -0.361962
vn  -0.806019 -0.484755 0.421897
vn  -0.806019 -0.484755 0.421897
vn  -0.806019 -0.484755 0.421897
vn  0.948240 0.374480 -0.424809
vn  0.986162 0.285637 -0.483066
vn  -0.917947 -0.348047 0.501457
vn  -0.917947 -0.348047 0.501457
vn  -0.917947 -0.348047 0.501457
vn  0.914039 0.399457 -0.434365
vn  0.907239 0.365003 -0.493439
vn  -0.907220 -0.365016 0.493445
vn  -0.907220 -0.365016 0.493445
vn  -0.907220 -0.365016 0.493445
vn  1.021892 0.147463 -0.531803
vn  1.015248 0.120390 -0.549322
vn  -0.975828 -0.142084 0.586416
vn  -0.975828 -0.142084 0.586416
vn  -0.975828 -0.142084 0.586416
vn  0.968320 0.136116 -0.596334
vn  0.966519 0.170943 -0.585069
vn  -0.969757 -0.177514 0.578629
vn  -0.969757 -0.177514 0.578629
vn  -0.969757 -0.177514 0.578629
vn  1.024971 0.121423 -0.537435
vn  1.004043 0.170231 -0.543237
vn  -0.972977 -0.144140 0.588739
vn  -0.972977 -0.144140 0.588739
vn  -0.972977 -0.144140 0.588739
vn  0.963973 0.142233 -0.598845
vn  0.970551 0.114155 -0.600280
vn  -0.976054 -0.118310 0.593455
vn  -0.976054 -0.118310 0.593455
vn  -0.976054 -0.118310 0.593455
vn  0.999216 0.227591 -0.515354
vn  0.958775 0.292532 -0.511361
vn  -0.936735 -0.256919 0.566846
vn  -0.925924 -0.271505 0.567385
vn  -0.943085 -0.252495 0.563167
vn  0.925493 0.282885 -0.558588
vn  0.950819 0.207527 -0.583626
vn  -0.957644 -0.207191 0.576511
vn  -0.957644 -0.207191 0.576511
vn  -0.957644 -0.207191 0.576511
vn  0.945422 0.337420 -0.479660
vn  0.898482 0.387985 -0.472933
vn  0.886022 0.361765 -0.522553
vn  0.886022 0.361765 -0.522553
vn  0.886022 0.361765 -0.522553
vn  0.872436 0.368364 -0.529838
vn  0.904737 0.318313 -0.549027
vn  0.913362 0.314117 -0.543608
vn  0.913362 0.314117 -0.543608
vn  0.913362 0.314117 -0.543608
vn  0.854232 0.454168 -0.419337
vn  0.725736 0.552031 -0.363451
vn  0.769603 0.496792 -0.442699
vn  0.769603 0.496792 -0.442699
vn  0.769603 0.496792 -0.442699
vn  0.751537 0.506408 -0.444089
vn  0.838055 0.416262 -0.504232
vn  0.852958 0.406615 -0.501255
vn  0.852958 0.406615 -0.501255
vn  0.852958 0.406615 -0.501255
vn  0.580562 0.637984 -0.254998
vn  0.352936 0.707810 -0.155651
vn  0.451479 0.677614 -0.238621
vn  0.451479 0.677614 -0.238621
vn  0.451479 0.677614 -0.238621
vn  0.425756 0.683838 -0.237547
vn  0.616511 0.602195 -0.353044
vn  0.635096 0.594119 -0.356055
vn  0.635096 0.594119 -0.356055
vn  0.635096 0.594119 -0.356055
vn  0.483682 0.606167 0.390042
vn  0.226590 0.728703 -0.112885
vn  0.245713 0.726034 -0.122822
vn  0.245713 0.726034 -0.122822
vn  0.245713 0.726034 -0.122822
vn  -0.208804 -0.731069 0.029458
vn  -0.387222 -0.704135 0.107824
vn  0.235727 0.727478 -0.117241
vn  0.235727 0.727478 -0.117241
vn  0.235727 0.727478 -0.117241
vn  -0.215798 -0.730026 0.109193
vn  0.105119 0.739387 -0.045968
vn  0.108574 0.739180 -0.044646
vn  -0.602534 -0.633161 0.240421
vn  -0.734902 -0.543953 0.373747
vn  0.647433 0.585278 -0.368644
vn  0.647433 0.585278 -0.368644
vn  0.647433 0.585278 -0.368644
vn  -0.625631 -0.595227 0.364660
vn  -0.430611 -0.681912 0.242909
vn  0.457136 0.674890 -0.247169
vn  0.457136 0.674890 -0.247169
vn  0.457136 0.674890 -0.247169
vn  -0.861214 -0.445059 0.427366
vn  -0.930760 -0.368362 0.458605
vn  0.858072 0.395600 -0.510872
vn  0.858072 0.395600 -0.510872
vn  0.858072 0.395600 -0.510873
vn  -0.841096 -0.407339 0.513675
vn  -0.758937 -0.497328 0.454315
vn  0.778258 0.485743 -0.454771
vn  0.778258 0.485743 -0.454771
vn  0.778258 0.485743 -0.454771
vn  -0.952851 -0.329492 0.479440
vn  -0.982466 -0.269300 0.503210
vn  -0.918039 -0.297595 0.553947
vn  -0.918039 -0.297595 0.553947
vn  -0.918039 -0.297595 0.553947
vn  -0.908475 -0.303038 0.559417
vn  -0.876407 -0.355970 0.540042
vn  -0.891241 -0.347702 0.533029
vn  -0.891241 -0.347702 0.533029
vn  -0.891241 -0.347702 0.533029
vn  -1.024543 -0.216480 0.490458
vn  -1.004189 -0.153135 0.550611
vn  -0.959020 -0.189511 0.584390
vn  -0.959020 -0.189511 0.584390
vn  -0.959020 -0.189511 0.584390
vn  -0.951822 -0.189854 0.591810
vn  -0.927231 -0.269654 0.567432
vn  -0.945772 -0.235960 0.571738
vn  -0.940612 -0.238679 0.575483
vn  -0.926276 -0.256204 0.578545
vn  -1.028962 -0.102842 0.537864
vn  -1.014837 -0.098186 0.555652
vn  -0.974851 -0.100050 0.599061
vn  -0.974851 -0.100050 0.599061
vn  -0.974851 -0.100050 0.599061
vn  -0.969237 -0.094891 0.605881
vn  -0.962508 -0.125584 0.605509
vn  -0.972479 -0.128112 0.594448
vn  -0.972479 -0.128112 0.594448
vn  -0.972479 -0.128112 0.594448
vn  -1.024616 -0.119584 0.538433
vn  -0.970531 -0.158968 0.585792
vn  -0.973179 -0.148294 0.587040
vn  -0.973179 -0.148294 0.587040
vn  -0.973179 -0.148294 0.587040
vn  -0.969785 -0.140803 0.593259
vn  -0.968319 -0.110848 0.603396
vn  -0.976771 -0.117861 0.592819
vn  -0.976771 -0.117861 0.592820
vn  -0.976771 -0.117861 0.592819
vn  -1.011881 -0.187681 0.524806
vn  -1.000935 -0.266558 0.481523
vn  -0.920602 -0.343650 0.503457
vn  -0.920602 -0.343650 0.503457
vn  -0.920602 -0.343650 0.503457
vn  -0.978046 -0.212740 0.550528
vn  -0.783017 -0.188350 0.737760
vn  -0.929761 -0.327761 0.510448
vn  -0.929761 -0.327761 0.510448
vn  -0.929761 -0.327761 0.510448
vn  -0.885365 -0.441942 0.398664
vn  -0.727505 -0.561197 0.331984
vn  -0.787289 -0.486905 0.441441
vn  -0.787289 -0.486905 0.441441
vn  -0.787289 -0.486905 0.441441
vn  -0.703571 -0.555724 0.383333
vn  -0.929348 -0.328495 0.510139
vn  -0.929348 -0.328493 0.510142
vn  -0.929348 -0.328493 0.510142
vn  -0.929348 -0.328493 0.510142
vn  -0.844672 -0.481691 0.373208
vn  -0.646898 -0.607174 0.288999
vn  -0.867287 -0.396297 0.499257
vn  -0.867287 -0.396297 0.499257
vn  -0.867287 -0.396297 0.499257
vn  -0.867286 -0.396297 0.499257
vn  -0.683704 -0.569433 0.369786
vn  -0.683705 -0.569434 0.369783
vn  -0.683705 -0.569434 0.369783
vn  -0.683705 -0.569434 0.369783
vn  -0.191738 -0.732742 0.029867
vn  0.968219 -0.261760 -0.482328
vn  0.968219 -0.261760 -0.482328
vn  0.968219 -0.261760 -0.482328
vn  0.968218 -0.261763 -0.482326
vn  0.889429 -0.252871 -0.573039
vn  0.889429 -0.252871 -0.573039
vn  0.889429 -0.252871 -0.573039
vn  0.889431 -0.252869 -0.573039
vn  0.889431 -0.252869 -0.573039
vn  0.889431 -0.252869 -0.573039
vn  -0.280019 -0.722181 0.106185
vn  -0.280017 -0.722181 0.106181
vn  -0.280017 -0.722181 0.106181
vn  -0.280017 -0.722181 0.106181
vn  0.906322 -0.062709 0.738100
vn  0.906322 -0.062709 0.738100
vn  0.296519 -0.534258 -0.598663
vn  0.964490 0.443143 0.224730
vn  0.379397 -0.641358 -0.335683
vn  -0.154217 0.663263 0.368013
vn  0.379397 -0.641358 -0.335683
vn  0.379396 -0.641358 -0.335683
vn  -0.278189 0.639542 0.392158
vn  -0.436874 -0.414292 0.785170
vn  0.590249 0.341432 -0.772627
vn  -0.236797 0.637079 0.414064
vn  -0.436874 -0.414292 0.785170
vn  0.454902 0.347091 -0.831730
vn  -0.192216 0.635698 0.431204
vn  -0.300102 -0.416859 0.829988
vn  0.314724 0.349776 -0.877081
vn  -0.099266 0.636033 0.450137
vn  -0.162641 -0.416706 0.860872
vn  0.173773 0.349687 -0.908293
vn  0.041687 0.966702 0.704661
vn  0.027368 0.634655 0.462621
vn  -0.052563 -0.218317 0.984725
vn  -0.068783 -0.285685 1.288590
vn  0.233141 0.567300 -0.670595
vn  -0.965408 -0.151779 0.593975
vn  -1.368023 -0.215077 0.841687
vn  -0.163598 0.736677 -0.104405
vn  0.077331 -0.739745 0.144449
vn  0.159770 -0.734427 0.165148
vn  0.077331 -0.739745 0.144449
vn  0.077331 -0.739745 0.144449
vn  -0.253990 0.728090 -0.055978
vn  0.250272 -0.728651 0.064143
vn  0.278404 -0.724704 0.041278
vn  -0.276454 0.724902 -0.039476
vn  0.294306 -0.722067 0.027205
vn  0.300894 -0.721130 0.026904
vn  -0.297502 0.721507 -0.024493
vn  0.314158 -0.718501 0.012059
vn  0.322659 -0.717153 0.010923
vn  -0.317874 0.717729 -0.008115
vn  0.333356 -0.714557 -0.004503
vn  0.343640 -0.712732 -0.006837
vn  -0.337317 0.713560 0.009827
vn  0.352031 -0.710126 -0.023075
vn  0.363513 -0.707828 -0.026864
vn  -0.355760 0.708935 0.029766
vn  0.369514 -0.705243 -0.043730
vn  0.381817 -0.702443 -0.049220
vn  -0.372704 0.703866 0.051769
vn  0.385471 -0.699826 -0.067091
vn  0.397946 -0.696556 -0.074371
vn  -0.387737 0.698303 0.076304
vn  0.399040 -0.693946 -0.093038
vn  0.411109 -0.690244 -0.102110
vn  -0.400064 0.692322 0.103222
vn  0.409399 -0.687592 -0.122006
vn  0.420375 -0.683558 -0.132652
vn  -0.408959 0.685927 0.132788
vn  0.415532 -0.680922 -0.153474
vn  0.424917 -0.676651 -0.165413
vn  -0.413544 0.679269 0.164479
vn  0.416424 -0.674013 -0.187445
vn  0.423760 -0.669654 -0.200188
vn  -0.412928 0.672435 0.198217
vn  0.411281 -0.667096 -0.222924
vn  0.416327 -0.662816 -0.235869
vn  -0.421189 0.664130 0.226272
vn  0.399237 -0.660345 -0.259372
vn  0.401927 -0.656435 -0.271478
vn  0.380760 -0.654083 -0.294788
vn  0.381837 -0.642507 -0.330731
vn  0.381837 -0.642507 -0.330731
vn  0.381837 -0.642507 -0.330731
vn  -0.870428 0.440549 -0.500920
vn  -1.174192 0.110178 -0.393935
vn  -0.219849 0.702874 0.200928
vn  -0.219849 0.702874 0.200928
vn  -0.219849 0.702874 0.200928
vn  -0.823146 0.135375 -0.788291
vn  -0.822429 0.136103 -0.788604
vn  -0.823146 0.135375 -0.788291
vn  -0.823146 0.135375 -0.788291
vn  1.151714 -0.232302 0.336375
vn  1.151714 -0.232302 0.336375
vn  1.151714 -0.232302 0.336375
vn  0.809849 -0.090038 0.804749
vn  0.809849 -0.090038 0.804749
vn  0.794013 -0.297550 -0.616443
vn  0.662348 -0.286308 -0.715752
vn  0.557647 -0.279212 -0.776236
vn  0.446575 -0.274647 -0.825623
vn  0.330590 -0.272590 -0.863741
vn  0.094785 -0.275540 -0.905150
vn  0.352145 -0.545696 0.693771
vn  0.671649 -0.533841 0.534642
vn  0.743501 -0.522719 0.486308
vn  0.811166 -0.510055 0.430815
vn  0.872329 -0.496080 0.369308
vn  0.925700 -0.481029 0.302518
vn  0.971164 -0.464778 0.229769
vn  1.007198 -0.447671 0.152103
vn  1.033164 -0.429646 0.068935
vn  1.047528 -0.411174 -0.018163
vn  1.049287 -0.392303 -0.109384
vn  1.037324 -0.373619 -0.202478
vn  1.010653 -0.355331 -0.297017
vn  0.969154 -0.338051 -0.390180
vn  0.912712 -0.321727 -0.481075
vn  -0.474162 0.312397 -0.884232
vn  -0.474162 0.312397 -0.884232
vn  0.492377 -0.209981 0.925449
vn  0.492377 -0.209981 0.925449
vn  -0.798143 -0.358044 0.614542
vn  -0.798544 -0.359066 0.613162
vn  0.870703 0.297896 -0.602358
vn  -0.687922 -0.368831 0.690459
vn  -0.687922 -0.368831 0.690459
vn  0.687371 0.367833 -0.691749
vn  -0.431528 -0.379602 0.816824
vn  -0.431528 -0.379602 0.816824
vn  0.563048 0.375975 -0.759822
vn  -0.431528 -0.379602 0.816824
vn  -0.434111 -0.381827 0.814048
vn  0.432830 0.381249 -0.815010
vn  -0.296999 -0.382546 0.858698
vn  -0.299018 -0.384151 0.856934
vn  0.298038 0.383733 -0.857517
vn  -0.161961 -0.382854 0.887523
vn  -0.163294 -0.383858 0.886569
vn  0.162540 0.383614 -0.886872
vn  0.146062 0.379859 -0.892174
vn  0.145863 0.379951 -0.892137
vn  -1.007580 -0.011247 0.571133
vn  -1.012725 -0.029706 0.565851
vn  -0.683555 -0.121173 -0.846070
vn  0.701021 0.082910 0.850057
vn  -0.859927 -0.088682 -0.751935
vn  0.768362 0.074374 0.815852
vn  -0.942519 -0.102237 -0.680911
vn  -0.942519 -0.102237 -0.680911
vn  0.858810 0.087888 0.753004
vn  -0.942519 -0.102237 -0.680911
vn  -0.939717 -0.104149 -0.682625
vn  0.940221 0.103275 0.682531
vn  -1.015132 -0.118783 -0.602051
vn  -1.011444 -0.121440 -0.604758
vn  1.012285 0.120327 0.604397
vn  -1.076559 -0.136706 -0.516819
vn  -1.072267 -0.140014 -0.520587
vn  1.073393 0.138695 0.519896
vn  -1.126718 -0.155998 -0.424599
vn  -1.122074 -0.159899 -0.429501
vn  1.123387 0.158400 0.428469
vn  -1.163973 -0.176288 -0.327087
vn  -1.159260 -0.180704 -0.333134
vn  1.160692 0.179071 0.331684
vn  -1.187745 -0.197536 -0.223802
vn  -1.183256 -0.202392 -0.230967
vn  1.184685 0.200659 0.229116
vn  -1.196623 -0.219273 -0.116958
vn  -1.192668 -0.224458 -0.125103
vn  1.193977 0.222684 0.122806
vn  -1.189752 -0.241336 -0.006449
vn  -1.186607 -0.246752 -0.015398
vn  1.187673 0.244960 0.012755
vn  -1.166354 -0.263143 0.104826
vn  -1.164253 -0.268642 0.095394
vn  1.164935 0.266913 -0.098374
vn  -1.125700 -0.284409 0.216505
vn  -1.124781 -0.289893 0.206884
vn  1.125024 0.288225 -0.210005
vn  -1.068202 -0.304504 0.325108
vn  -1.068491 -0.309806 0.315748
vn  1.068179 0.308272 -0.318991
vn  -0.993721 -0.323084 0.429904
vn  -0.995072 -0.327909 0.421479
vn  0.993689 0.326710 -0.425201
vn  -0.904990 -0.342323 0.523469
vn  0.820542 0.347608 -0.604711
vn  -0.807147 -0.343016 0.621177
vn  -0.184524 -0.567899 0.682155
vn  0.890426 0.154527 -0.664839
vn  0.701109 0.341712 -0.704829
vn  0.890426 0.154527 -0.664839
vn  0.890426 0.154527 -0.664839
vn  -0.811467 -0.384020 0.574180
vn  0.701109 0.341712 -0.704829
vn  0.701109 0.341712 -0.704829
vn  -0.431044 -0.412558 0.789120
vn  0.575686 0.349391 -0.774431
vn  0.580905 0.347012 -0.773467
vn  -0.436874 -0.414292 0.785170
vn  0.443712 0.354143 -0.831186
vn  0.447537 0.352501 -0.830852
vn  -0.300102 -0.416859 0.829988
vn  0.306918 0.356116 -0.874968
vn  0.309429 0.355084 -0.874982
vn  -0.162641 -0.416706 0.860872
vn  0.169282 0.355468 -0.905297
vn  0.101389 -0.410110 -0.794975
vn  0.144079 0.351245 -0.911925
vn  -1.058121 -0.080474 0.506296
vn  -1.035828 -0.059834 0.537317
vn  0.741919 0.056176 0.835495
vn  0.699138 0.034479 0.862361
vn  0.741919 0.056176 0.835495
vn  0.741919 0.056176 0.835495
vn  0.779244 0.042196 0.817204
vn  0.776720 0.039507 0.819242
vn  -0.918428 -0.138735 -0.685558
vn  0.868949 0.056601 0.754743
vn  0.867197 0.054575 0.756523
vn  -0.912998 -0.140041 -0.689505
vn  0.950637 0.072933 0.684115
vn  0.948340 0.069741 0.687153
vn  -0.981434 -0.156290 -0.617279
vn  1.023049 0.090841 0.605860
vn  1.020701 0.086695 0.610078
vn  -1.040357 -0.173827 -0.539015
vn  1.084587 0.110037 0.521212
vn  1.082541 0.104989 0.526633
vn  -1.089685 -0.192691 -0.453983
vn  1.135109 0.130514 0.429585
vn  1.133738 0.124684 0.436126
vn  -1.127832 -0.212538 -0.363521
vn  1.173025 0.151908 0.332502
vn  1.172655 0.145398 0.340049
vn  -1.154214 -0.233360 -0.266919
vn  1.197708 0.174139 0.229501
vn  1.198636 0.167122 0.237820
vn  -1.167311 -0.254723 -0.165759
vn  1.207742 0.196709 0.122563
vn  1.210159 0.189379 0.131344
vn  -1.165999 -0.276498 -0.059833
vn  1.202180 0.219432 0.011675
vn  1.206175 0.211990 0.020572
vn  -1.149024 -0.298122 0.048674
vn  1.180138 0.241681 -0.100558
vn  1.185623 0.234378 -0.091972
vn  -1.115175 -0.319327 0.159215
vn  1.140772 0.263195 -0.213547
vn  1.147568 0.256203 -0.205603
vn  -1.064053 -0.339450 0.268801
vn  1.084115 0.283399 -0.324288
vn  1.091941 0.276851 -0.317245
vn  -0.988487 -0.355195 0.392094
vn  1.009919 0.300698 -0.433111
vn  1.016163 0.296320 -0.428748
vn  -0.898151 -0.374870 0.491620
vn  0.920652 0.313945 -0.535562
vn  0.925214 0.311963 -0.532307
vn  -0.597243 0.116948 -0.910238
vn  1.103525 0.269899 -0.301853
vn  0.696130 0.336714 -0.712244
vn  0.583692 0.343700 -0.774460
vn  0.449995 0.348648 -0.832593
vn  0.311440 0.350748 -0.877341
vn  0.101463 -0.410125 -0.794951
vn  0.143646 0.345921 -0.915357
vn  -0.027413 -0.634601 -0.462749
vn  0.778186 0.036338 0.818988
vn  0.778186 0.036338 0.818988
vn  0.867419 0.050611 0.757315
vn  0.948205 0.066639 0.688204
vn  1.020218 0.084244 0.611545
vn  1.081824 0.103141 0.528537
vn  1.132912 0.123353 0.438482
vn  1.171860 0.144508 0.342819
vn  1.198016 0.166561 0.240959
vn  1.209860 0.189024 0.134744
vn  1.206320 0.211725 0.024102
vn  1.186310 0.234054 -0.088483
vn  1.148832 0.255717 -0.202345
vn  1.093727 0.276005 -0.314610
vn  1.018671 0.294149 -0.427431
vn  -0.132093 -0.737946 0.076535
vn  0.086491 0.381664 -0.898439
vn  0.092255 -0.221197 -0.937068
vn  0.116006 -0.679831 0.468555
vn  -0.048504 -0.684006 0.456491
vn  0.098534 0.739583 -0.038843
vn  0.100613 0.739315 -0.032125
vn  -0.027413 -0.634601 -0.462749
vn  -0.146132 -0.379487 0.892431
vn  -0.144476 -0.408380 0.870622
vn  -0.143197 -0.412820 0.867196
vn  0.047113 0.741804 -0.084479
vn  0.047113 0.741804 -0.084479
vn  0.056700 0.675572 0.352056
vn  0.056700 0.675572 0.352056
vn  -0.148277 -0.731998 -0.048345
vn  -0.148277 -0.731998 -0.048345
vn  -0.132093 -0.737946 0.076535
vn  -0.132093 -0.737946 0.076535
vn  -0.114652 0.664776 0.372444
vn  -0.114652 0.664776 0.372444
vn  -0.136634 -0.670467 -0.357978
vn  -0.136634 -0.670467 -0.357978
vn  -0.180906 -0.653567 -0.397942
vn  -0.180906 -0.653567 -0.397942
vn  0.134444 0.733024 0.047164
vn  0.134444 0.733024 0.047164
vn  -0.545655 0.590716 -0.512574
vn  0.054661 0.740843 -0.023563
vn  -0.053073 -0.740299 0.133075
vn  -0.056734 -0.737239 0.179798
vn  -0.048504 -0.684006 0.456491
vn  0.007929 -0.623171 -0.488075
vn  -0.004058 0.637714 0.454954
vn  -0.000098 -0.647746 -0.430483
vn  1.251056 0.055775 0.137503
vn  -0.018864 -0.690440 -0.304210
vn  -0.011942 -0.666325 -0.380756
vn  -0.031533 -0.724229 -0.150942
vn  0.039831 0.710261 0.224037
vn  -0.007148 -0.654666 -0.412766
vn  -0.030073 -0.716904 -0.192282
vn  -0.015148 -0.686840 -0.316748
vn  0.034060 0.725281 0.144140
vn  0.037027 0.730072 0.110679
vn  0.000758 -0.662097 -0.392453
vn  -0.039712 -0.733253 -0.084329
vn  -0.042900 -0.737898 -0.034647
vn  0.054832 0.740641 -0.018153
vn  -0.046071 -0.740334 0.005717
vn  0.640521 0.578616 -0.397150
vn  0.047113 0.741804 -0.084479
vn  0.084521 -0.221107 -0.937847
vn  -0.114652 0.664776 0.372444
vn  0.056700 0.675572 0.352056
vn  -0.180906 -0.653567 -0.397942
vn  0.134444 0.733024 0.047164
vn  -0.252082 -0.724260 -0.017605
vn  -0.210782 -0.730153 0.120073
vn  0.633184 0.301101 -0.776477
vn  -0.049233 0.569057 0.590651
vn  0.060835 0.442276 0.769008
vn  -0.474162 0.312397 -0.884232
vn  -0.242719 -0.671613 -0.324685
vn  -0.014127 -0.715899 -0.197989
vn  -0.597097 0.297346 -0.846104
vn  -0.659425 0.291655 -0.819738
vn  -0.457657 0.299162 -0.896975
vn  -0.528925 0.298192 -0.873371
vn  0.619102 -0.297866 0.835775
vn  0.518689 -0.303323 0.874202
vn  0.664253 -0.274702 0.827034
vn  -0.305322 0.312496 -0.926620
vn  -0.168538 0.300962 -0.950483
vn  0.405867 -0.273634 0.924542
vn  0.260256 -0.262131 0.958504
vn  -0.023502 0.279303 -0.964868
vn  0.064343 -0.291714 0.959423
vn  -0.322097 0.084757 0.950367
vn  -0.414415 0.058991 0.930291
vn  0.074123 -0.061616 -0.996828
vn  0.419586 -0.069219 -0.926388
vn  0.363599 -0.070850 -0.942800
vn  0.299303 -0.061580 -0.961327
vn  -0.501691 0.094434 0.890871
vn  -0.602232 0.103129 0.844914
vn  0.543739 -0.073242 -0.879469
vn  0.481030 -0.070838 -0.904828
vn  0.659622 -0.084965 -0.821301
vn  0.603948 -0.078487 -0.851117
vn  -0.726624 0.113797 0.774008
vn  -0.812560 0.120358 0.714301
vn  0.764136 -0.096939 -0.755922
vn  0.855991 -0.104783 -0.687172
vn  -0.948526 0.078780 0.615179
vn  -1.016622 0.076545 0.544517
vn  0.920608 -0.083912 -0.639603
vn  0.895103 -0.112715 -0.651934
vn  0.981081 -0.071414 -0.584860
vn  1.058155 -0.085407 -0.490830
vn  -1.098218 0.109098 0.424279
vn  -1.148213 0.145951 0.313787
vn  1.125193 -0.102078 -0.384661
vn  1.153715 -0.118164 -0.323022
vn  1.184144 -0.120410 -0.253841
vn  -1.187109 0.158457 0.209328
vn  -1.219986 0.161195 0.080353
vn  1.213358 -0.138008 -0.148301
vn  1.222026 -0.153529 -0.085008
vn  1.230029 -0.158502 -0.014870
vn  -1.225295 0.179479 -0.040986
vn  -1.214044 0.192841 -0.159618
vn  1.235324 -0.153932 0.060816
vn  1.236189 -0.146835 0.110022
vn  1.241031 -0.135163 0.085034
vn  1.219220 -0.171650 0.184650
vn  -1.178262 0.235764 -0.242119
vn  -1.156532 0.228003 -0.329522
vn  -1.098492 0.242208 -0.440854
vn  -1.132801 0.233606 -0.381136
vn  1.173814 -0.225893 0.279540
vn  1.125567 -0.241112 0.387861
vn  -1.026474 0.257855 -0.538236
vn  -0.937698 0.271165 -0.630932
vn  1.055914 -0.258091 0.495731
vn  0.975097 -0.270488 0.591115
vn  -0.838701 0.283633 -0.710369
vn  0.786695 -0.282887 0.749218
vn  0.788364 -0.263709 0.759940
vn  -0.787372 0.305621 -0.733015
vn  0.862372 -0.265635 0.703553
vn  0.781798 -0.290296 0.747688
vn  0.780498 -0.265956 0.763916
vn  0.780268 -0.247130 0.774587
vn  0.105385 0.278431 -0.956570
vn  -0.135919 -0.305568 0.939554
vn  -0.019732 0.112538 0.987258
vn  0.829914 0.277977 -0.654351
vn  0.770128 0.281298 -0.699764
vn  0.840643 0.275049 -0.647152
vn  0.661078 0.285873 -0.769637
vn  -0.823252 -0.262252 0.670328
vn  -0.766301 -0.292258 0.695271
vn  -0.696662 -0.279950 0.751288
vn  -0.605877 -0.272136 0.808228
vn  0.599586 0.286999 -0.803288
vn  0.508998 0.303733 -0.836928
vn  0.391513 0.295134 -0.886440
vn  -0.528432 -0.280015 0.841580
vn  -0.440150 -0.275442 0.879675
vn  0.248574 0.298356 -0.923527
vn  -0.308750 -0.301446 0.907505
vn  0.310744 0.076083 0.978088
vn  -0.287202 -0.061546 -0.985212
vn  -0.168514 -0.068837 -0.996806
vn  0.464828 0.064833 0.946196
vn  -0.410729 -0.066275 -0.960012
vn  -0.474404 -0.062873 -0.943901
vn  -0.543047 -0.075390 -0.918982
vn  0.665280 0.078292 0.868689
vn  -0.652133 -0.083926 -0.873146
vn  -0.761954 -0.094167 -0.813609
vn  0.874366 0.099914 0.737388
vn  -0.863466 -0.105858 -0.743254
vn  -0.942909 -0.123633 -0.671369
vn  1.031370 0.129199 0.578308
vn  -0.985127 -0.125765 -0.630162
vn  -0.942779 -0.235501 -0.599007
vn  -1.068513 -0.094960 -0.550006
vn  -1.097885 -0.118561 -0.497520
vn  1.170053 0.134476 0.356368
vn  1.122786 0.148842 0.437343
vn  1.199681 0.149827 0.259675
vn  -1.157218 -0.103951 -0.406363
vn  -1.191094 -0.116337 -0.321131
vn  1.211577 0.155616 0.205745
vn  1.217854 0.170892 0.136433
vn  1.219029 0.185361 0.030509
vn  -1.222933 -0.136985 -0.185662
vn  -1.235013 -0.139994 -0.086120
vn  -1.215811 -0.183801 0.051305
vn  1.214802 0.190723 -0.026560
vn  1.200350 0.205591 -0.094342
vn  1.170501 0.219299 -0.198608
vn  -1.144881 -0.235917 0.250006
vn  1.149413 0.224161 -0.255133
vn  1.117167 0.238080 -0.315056
vn  1.086885 0.249394 -0.363072
vn  1.052563 0.249880 -0.421859
vn  -1.074553 -0.243191 0.392055
vn  1.019475 0.253065 -0.468257
vn  0.971144 0.264546 -0.521375
vn  -0.935939 -0.259002 0.566161
vn  -0.927763 -0.266711 0.569142
vn  0.927949 0.286031 -0.553211
vn  -0.998657 -0.244717 0.503190
vn  -0.929841 -0.270244 0.564149
vn  -0.936331 -0.243217 0.576995
vn  -0.928379 -0.250145 0.580631
# 3124 vertex normals

g Yelmo_Samurai
s 1
f 2953/1202/2953 1123/3262/1123 1044/1204/1044
f 1044/1204/1044 1102/1205/1102 2953/1202/2953
f 207/3/207 415/2/415 2/5/2
f 2/5/2 416/6/416 207/3/207
f 22/7/22 417/8/417 207/3/207
f 207/3/207 416/6/416 22/7/22
f 1080/1206/1080 1102/1205/1102 1044/1204/1044
f 1044/1204/1044 1101/1207/1101 1080/1206/1080
f 208/11/208 416/6/416 2/5/2
f 2/5/2 419/10/419 208/11/208
f 3/12/3 209/17/209 420/13/420
f 420/13/420 208/11/208 3/12/3
f 208/11/208 419/10/419 3/12/3
f 23/14/23 421/15/421 208/11/208
f 209/17/209 24/20/24 424/21/424
f 209/17/209 424/21/424 23/14/23
f 420/13/420 209/17/209 23/14/23
f 208/11/208 420/13/420 23/14/23
f 208/11/208 421/15/421 22/7/22
f 22/7/22 416/6/416 208/11/208
f 422/16/422 4/18/4 209/17/209
f 209/17/209 3/12/3 422/16/422
f 4/18/4 423/19/423 209/17/209
f 209/17/209 423/19/423 24/20/24
f 210/23/210 423/19/423 4/18/4
f 4/18/4 425/22/425 210/23/210
f 210/23/210 425/22/425 5/24/5
f 5/24/5 426/25/426 210/23/210
f 210/23/210 426/25/426 25/26/25
f 25/26/25 427/27/427 210/23/210
f 24/20/24 423/19/423 210/23/210
f 210/23/210 427/27/427 24/20/24
f 211/29/211 426/25/426 5/24/5
f 6/30/6 429/31/429 211/29/211
f 211/29/211 5/24/5 428/28/428
f 6/30/6 211/29/211 428/28/428
f 25/26/25 426/25/426 211/29/211
f 211/29/211 429/31/429 26/32/26
f 211/29/211 26/32/26 430/33/430
f 25/26/25 211/29/211 430/33/430
f 6/30/6 431/34/431 212/35/212
f 212/35/212 429/31/429 6/30/6
f 7/36/7 432/37/432 2991/3495/2991
f 2991/3495/2991 2992/3496/2992 7/36/7
f 27/38/27 2993/3497/2993 2994/3498/2994
f 212/35/212 2991/3495/2991 2994/3498/2994
f 212/35/212 433/39/433 26/32/26
f 26/32/26 429/31/429 212/35/212
f 434/40/434 8/42/8 213/41/213
f 213/41/213 7/36/7 434/40/434
f 213/41/213 432/37/432 7/36/7
f 8/42/8 214/47/214 435/43/435
f 435/43/435 213/41/213 8/42/8
f 28/44/28 436/45/436 213/41/213
f 214/47/214 439/51/439 28/44/28
f 435/43/435 214/47/214 28/44/28
f 213/41/213 435/43/435 28/44/28
f 27/38/27 432/37/432 213/41/213
f 213/41/213 436/45/436 27/38/27
f 8/42/8 437/46/437 214/47/214
f 214/47/214 437/46/437 9/48/9
f 9/48/9 438/49/438 214/47/214
f 29/50/29 439/51/439 214/47/214
f 214/47/214 438/49/438 29/50/29
f 9/48/9 440/52/440 215/53/215
f 442/57/442 232/157/232 29/50/29
f 215/53/215 442/57/442 29/50/29
f 215/53/215 29/50/29 438/49/438
f 9/48/9 215/53/215 438/49/438
f 215/53/215 440/52/440 10/54/10
f 443/58/443 1391/1439/1391 1390/1438/1390
f 1390/1438/1390 216/59/216 443/58/443
f 31/61/31 2955/1442/2955 1390/1443/1390
f 445/62/445 12/63/12 32/64/32
f 32/64/32 446/65/446 445/62/445
f 31/61/31 11/60/11 445/62/445
f 445/62/445 446/65/446 31/61/31
f 12/63/12 447/3263/447 217/67/217
f 217/67/217 449/71/449 32/64/32
f 12/63/12 217/67/217 32/64/32
f 13/68/13 450/3264/450 448/69/448
f 13/68/13 448/69/448 217/67/217
f 13/68/13 217/67/217 447/66/447
f 2995/3499/2995 2996/3501/2996 451/76/451
f 451/76/451 448/73/448 450/72/450
f 2995/3499/2995 451/76/451 450/72/450
f 14/74/14 2995/3499/2995 450/72/450
f 14/74/14 2997/3503/2997 2995/3500/2995
f 218/79/218 452/78/452 15/80/15
f 15/80/15 453/81/453 218/79/218
f 218/79/218 453/81/453 33/82/33
f 33/83/33 3000/3506/3000 2996/3502/2996
f 2996/3502/2996 218/79/218 33/83/33
f 16/86/16 219/91/219 454/87/454
f 16/86/16 454/87/454 453/85/453
f 16/86/16 453/85/453 15/84/15
f 219/91/219 457/95/457 34/88/34
f 454/87/454 219/91/219 34/88/34
f 453/85/453 454/87/454 34/88/34
f 453/85/453 34/88/34 33/3266/33
f 16/86/16 455/90/455 219/91/219
f 17/92/17 220/97/220 456/93/456
f 17/92/17 456/93/456 219/91/219
f 17/92/17 219/91/219 455/90/455
f 35/94/35 457/95/457 219/91/219
f 35/94/35 219/91/219 456/93/456
f 35/94/35 456/93/456 220/97/220
f 458/96/458 18/98/18 220/97/220
f 220/97/220 17/92/17 458/96/458
f 18/98/18 221/103/221 459/99/459
f 459/99/459 220/97/220 18/98/18
f 460/101/460 35/94/35 220/97/220
f 220/97/220 36/100/36 460/101/460
f 459/99/459 221/103/221 36/100/36
f 36/100/36 220/97/220 459/99/459
f 18/98/18 461/102/461 221/103/221
f 19/104/19 462/105/462 221/103/221
f 221/103/221 461/102/461 19/104/19
f 37/106/37 463/107/463 221/103/221
f 221/103/221 462/105/462 37/106/37
f 221/103/221 463/107/463 36/100/36
f 19/104/19 464/108/464 222/109/222
f 222/109/222 462/105/462 19/104/19
f 222/109/222 464/108/464 20/110/20
f 20/110/20 465/111/465 222/109/222
f 38/112/38 466/113/466 222/109/222
f 222/109/222 465/111/465 38/112/38
f 37/106/37 462/105/462 222/109/222
f 222/109/222 466/113/466 37/106/37
f 20/110/20 467/114/467 1269/115/1269
f 468/120/468 1270/197/1270 38/112/38
f 1269/115/1269 468/120/468 38/112/38
f 1269/115/1269 38/112/38 465/111/465
f 1269/115/1269 465/111/465 20/110/20
f 830/116/830 831/117/831 223/115/223
f 1269/115/1269 467/114/467 832/118/832
f 833/119/833 468/120/468 1269/115/1269
f 1307/115/1307 834/121/834 835/122/835
f 1091/1208/1091 1104/1209/1104 1080/1206/1080
f 1080/1206/1080 1101/1207/1101 1091/1208/1091
f 224/123/224 417/8/417 22/7/22
f 22/7/22 469/125/469 224/123/224
f 40/126/40 470/127/470 224/123/224
f 224/123/224 469/125/469 40/126/40
f 1091/1208/1091 1103/1211/1103 1081/1210/1081
f 1081/1210/1081 1104/1209/1104 1091/1208/1091
f 22/7/22 421/15/421 225/129/225
f 225/129/225 469/125/469 22/7/22
f 41/131/41 473/132/473 225/129/225
f 41/131/41 225/129/225 472/130/472
f 41/131/41 472/130/472 226/133/226
f 40/126/40 469/125/469 225/129/225
f 225/129/225 473/132/473 40/126/40
f 24/20/24 474/134/474 226/133/226
f 225/129/225 421/15/421 23/14/23
f 472/130/472 225/129/225 23/14/23
f 226/133/226 472/130/472 23/14/23
f 226/133/226 23/14/23 424/21/424
f 24/20/24 226/133/226 424/21/424
f 475/136/475 41/131/41 226/133/226
f 42/135/42 475/136/475 226/133/226
f 42/135/42 226/133/226 474/134/474
f 24/20/24 427/27/427 227/137/227
f 227/137/227 474/134/474 24/20/24
f 25/26/25 476/138/476 227/137/227
f 227/137/227 427/27/427 25/26/25
f 227/137/227 476/138/476 43/139/43
f 43/139/43 477/140/477 227/137/227
f 227/137/227 477/140/477 42/135/42
f 42/135/42 474/134/474 227/137/227
f 228/141/228 476/138/476 25/26/25
f 26/32/26 478/142/478 228/141/228
f 228/141/228 25/26/25 430/33/430
f 26/32/26 228/141/228 430/33/430
f 43/139/43 476/138/476 228/141/228
f 228/141/228 478/142/478 44/143/44
f 228/141/228 44/143/44 479/144/479
f 43/139/43 228/141/228 479/144/479
f 229/145/229 478/142/478 26/32/26
f 26/32/26 433/39/433 229/145/229
f 27/38/27 230/149/230 480/146/480
f 27/38/27 480/146/480 2998/3504/2998
f 27/38/27 2998/3504/2998 2993/3497/2993
f 45/147/45 2999/3505/2999 2998/3504/2998
f 2998/3504/2998 480/146/480 230/149/230
f 230/149/230 482/150/482 46/151/46
f 2998/3504/2998 230/149/230 46/151/46
f 45/147/45 2998/3504/2998 46/151/46
f 45/147/45 46/151/46 483/152/483
f 229/145/229 481/148/481 44/143/44
f 44/143/44 478/142/478 229/145/229
f 27/38/27 436/45/436 230/149/230
f 230/149/230 436/45/436 28/44/28
f 28/44/28 482/150/482 230/149/230
f 28/44/28 439/51/439 231/153/231
f 231/153/231 482/150/482 28/44/28
f 29/50/29 484/154/484 231/153/231
f 231/153/231 439/51/439 29/50/29
f 231/153/231 484/154/484 47/155/47
f 47/155/47 485/156/485 231/153/231
f 231/153/231 485/156/485 46/151/46
f 46/151/46 482/150/482 231/153/231
f 232/157/232 484/154/484 29/50/29
f 47/155/47 484/154/484 232/157/232
f 1680/3480/1680 1677/3481/1677 1674/3482/1674
f 1744/1888/1744 1680/3480/1680 1674/3482/1674
f 1405/1458/1405 1744/1888/1744 1674/3482/1674
f 246/233/246 1405/1458/1405 1674/3482/1674
f 487/160/487 246/233/246 1674/3482/1674
f 1674/3482/1674 1675/3483/1675 1403/1456/1403
f 487/160/487 1674/3482/1674 1403/1456/1403
f 232/157/232 487/160/487 1403/1456/1403
f 47/155/47 232/157/232 1403/1456/1403
f 47/155/47 1403/1456/1403 515/232/515
f 30/56/30 1392/1440/1392 1393/1444/1393
f 48/159/48 486/158/486 1394/1445/1394
f 1394/1445/1394 1395/1446/1395 48/159/48
f 2956/1447/2956 1396/1448/1396 31/61/31
f 446/163/446 32/164/32 50/165/50
f 50/165/50 1407/166/1407 446/163/446
f 49/162/49 31/161/31 446/163/446
f 446/163/446 1407/166/1407 1682/3405/1682
f 1682/3405/1682 1588/3406/1588 1681/3272/1681
f 446/163/446 1682/3405/1682 1681/3272/1681
f 49/162/49 446/163/446 1681/3272/1681
f 233/167/233 50/165/50 32/164/32
f 32/164/32 449/3267/449 233/167/233
f 449/70/449 217/3265/217 448/73/448
f 449/70/449 448/73/448 451/77/451
f 449/70/449 451/77/451 488/170/488
f 449/70/449 488/170/488 233/3268/233
f 490/168/490 247/235/247 233/169/233
f 233/169/233 488/3269/488 490/168/490
f 489/171/489 490/172/490 488/170/488
f 488/170/488 451/76/451 489/171/489
f 3000/3507/3000 33/82/33 491/174/491
f 491/174/491 3001/3508/3001 3000/3507/3000
f 3003/3511/3003 248/238/248 490/172/490
f 3001/3509/3001 3003/3511/3003 490/172/490
f 489/173/489 3001/3509/3001 490/172/490
f 33/82/33 34/89/34 491/177/491
f 34/88/34 234/181/234 492/178/492
f 492/178/492 491/177/491 34/88/34
f 234/181/234 494/184/494 52/179/52
f 492/178/492 234/181/234 52/179/52
f 491/177/491 492/178/492 52/179/52
f 491/177/491 52/179/52 51/3271/51
f 34/88/34 457/95/457 234/181/234
f 35/94/35 235/185/235 493/182/493
f 35/94/35 493/182/493 234/181/234
f 35/94/35 234/181/234 457/95/457
f 53/183/53 494/184/494 234/181/234
f 236/189/236 498/192/498 54/187/54
f 495/186/495 236/189/236 54/187/54
f 235/185/235 495/186/495 54/187/54
f 235/185/235 54/187/54 496/188/496
f 235/185/235 496/188/496 53/183/53
f 493/182/493 235/185/235 53/183/53
f 234/181/234 493/182/493 53/183/53
f 460/101/460 36/100/36 235/185/235
f 235/185/235 35/94/35 460/101/460
f 36/100/36 236/189/236 495/186/495
f 495/186/495 235/185/235 36/100/36
f 36/100/36 463/107/463 236/189/236
f 37/106/37 497/190/497 236/189/236
f 236/189/236 463/107/463 37/106/37
f 55/191/55 498/192/498 236/189/236
f 236/189/236 497/190/497 55/191/55
f 237/193/237 497/190/497 37/106/37
f 37/106/37 466/113/466 237/193/237
f 38/112/38 499/194/499 237/193/237
f 237/193/237 466/113/466 38/112/38
f 237/193/237 499/194/499 56/195/56
f 56/195/56 500/196/500 237/193/237
f 237/193/237 500/196/500 55/191/55
f 55/191/55 497/190/497 237/193/237
f 1270/197/1270 499/194/499 38/112/38
f 836/198/836 837/199/837 238/197/238
f 1270/197/1270 468/120/468 838/200/838
f 839/201/839 501/202/501 1270/197/1270
f 1308/197/1308 840/203/840 841/204/841
f 1270/197/1270 501/202/501 56/195/56
f 56/195/56 499/194/499 1270/197/1270
f 1092/1212/1092 1106/1213/1106 1081/1210/1081
f 1081/1210/1081 1103/1211/1103 1092/1212/1092
f 40/126/40 502/207/502 239/205/239
f 239/205/239 470/127/470 40/126/40
f 58/208/58 503/209/503 239/205/239
f 239/205/239 502/207/502 58/208/58
f 1092/1212/1092 1105/1215/1105 1082/1214/1082
f 1082/1214/1082 1106/1213/1106 1092/1212/1092
f 40/126/40 473/132/473 240/211/240
f 240/211/240 502/207/502 40/126/40
f 41/131/41 241/215/241 505/212/505
f 505/212/505 240/211/240 41/131/41
f 240/211/240 473/132/473 41/131/41
f 59/213/59 506/214/506 240/211/240
f 505/212/505 241/215/241 59/213/59
f 59/213/59 240/211/240 505/212/505
f 240/211/240 506/214/506 58/208/58
f 58/208/58 502/207/502 240/211/240
f 475/136/475 42/135/42 241/215/241
f 241/215/241 41/131/41 475/136/475
f 42/135/42 507/216/507 241/215/241
f 508/218/508 59/213/59 241/215/241
f 241/215/241 60/217/60 508/218/508
f 241/215/241 507/216/507 60/217/60
f 42/135/42 477/140/477 242/219/242
f 242/219/242 507/216/507 42/135/42
f 43/139/43 509/220/509 242/219/242
f 242/219/242 477/140/477 43/139/43
f 242/219/242 509/220/509 61/221/61
f 61/221/61 510/222/510 242/219/242
f 60/217/60 507/216/507 242/219/242
f 242/219/242 510/222/510 60/217/60
f 44/143/44 511/224/511 243/223/243
f 243/223/243 509/220/509 43/139/43
f 243/223/243 43/139/43 479/144/479
f 44/143/44 243/223/243 479/144/479
f 512/226/512 61/221/61 243/223/243
f 62/225/62 512/226/512 243/223/243
f 62/225/62 243/223/243 511/224/511
f 61/221/61 509/220/509 243/223/243
f 44/143/44 481/148/481 511/227/511
f 45/147/45 513/228/513 3002/3510/3002
f 3002/3510/3002 2999/3505/2999 45/147/45
f 3002/3510/3002 3060/3587/3060 1400/1450/1400
f 511/227/511 3002/3510/3002 1400/1450/1400
f 62/225/62 511/227/511 1400/1450/1400
f 46/151/46 485/156/485 245/231/245
f 46/151/46 245/231/245 514/230/514
f 46/151/46 514/230/514 244/229/244
f 244/229/244 513/228/513 45/147/45
f 244/229/244 45/147/45 483/152/483
f 46/151/46 244/229/244 483/152/483
f 245/231/245 485/156/485 47/155/47
f 47/155/47 515/232/515 245/231/245
f 1402/1455/1402 1743/1887/1743 1401/1454/1401
f 1402/1455/1402 1401/1454/1401 245/231/245
f 1402/1455/1402 245/231/245 515/232/515
f 1402/1455/1402 515/232/515 1403/1456/1403
f 246/233/246 487/160/487 232/157/232
f 232/157/232 442/57/442 215/53/215
f 215/53/215 10/54/10 441/55/441
f 232/157/232 215/53/215 441/55/441
f 1404/1457/1404 1679/1803/1679 1744/1888/1744
f 48/159/48 1404/1457/1404 1744/1888/1744
f 486/158/486 48/159/48 1744/1888/1744
f 30/56/30 486/158/486 1744/1888/1744
f 441/55/441 30/56/30 1744/1888/1744
f 232/157/232 441/55/441 1744/1888/1744
f 246/233/246 232/157/232 1744/1888/1744
f 246/233/246 1744/1888/1744 1405/1458/1405
f 1406/1459/1406 48/159/48 1395/1446/1395
f 1395/1446/1395 1679/1803/1679 1406/1459/1406
f 50/165/50 1745/234/1745 1407/1460/1407
f 50/165/50 233/169/233 247/235/247
f 247/235/247 1745/234/1745 50/165/50
f 490/168/490 248/237/248 1408/236/1408
f 1408/236/1408 247/235/247 490/168/490
f 51/175/51 516/240/516 249/239/249
f 1752/1465/1752 1748/1898/1748 1409/1464/1409
f 1752/1465/1752 1409/1464/1409 249/239/249
f 1752/1465/1752 249/239/249 516/240/516
f 51/175/51 52/180/52 516/241/516
f 52/179/52 250/244/250 517/242/517
f 517/242/517 516/241/516 52/179/52
f 250/244/250 519/247/519 63/243/63
f 517/242/517 250/244/250 63/243/63
f 516/241/516 517/242/517 63/243/63
f 516/241/516 63/243/63 1410/1466/1410
f 516/241/516 1410/1466/1410 1411/1467/1411
f 516/241/516 1411/1467/1411 1752/1468/1752
f 52/179/52 494/184/494 250/244/250
f 250/244/250 494/184/494 53/183/53
f 64/246/64 519/247/519 250/244/250
f 64/246/64 250/244/250 518/245/518
f 64/246/64 518/245/518 251/248/251
f 496/188/496 54/187/54 251/248/251
f 53/183/53 496/188/496 251/248/251
f 53/183/53 251/248/251 518/245/518
f 53/183/53 518/245/518 250/244/250
f 521/251/521 64/246/64 251/248/251
f 65/250/65 521/251/521 251/248/251
f 65/250/65 251/248/251 520/249/520
f 65/250/65 520/249/520 252/252/252
f 54/187/54 498/192/498 252/252/252
f 54/187/54 252/252/252 520/249/520
f 54/187/54 520/249/520 251/248/251
f 55/191/55 522/253/522 252/252/252
f 252/252/252 498/192/498 55/191/55
f 66/254/66 523/255/523 252/252/252
f 252/252/252 522/253/522 66/254/66
f 252/252/252 523/255/523 65/250/65
f 55/191/55 500/196/500 253/256/253
f 253/256/253 522/253/522 55/191/55
f 56/195/56 524/257/524 253/256/253
f 253/256/253 500/196/500 56/195/56
f 67/258/67 525/259/525 253/256/253
f 253/256/253 524/257/524 67/258/67
f 66/254/66 522/253/522 253/256/253
f 253/256/253 525/259/525 66/254/66
f 56/195/56 501/202/501 1271/260/1271
f 1271/260/1271 524/257/524 56/195/56
f 842/261/842 843/262/843 254/260/254
f 1271/260/1271 501/202/501 844/263/844
f 845/264/845 526/265/526 1271/260/1271
f 1309/260/1309 846/266/846 847/267/847
f 1271/260/1271 526/265/526 67/258/67
f 67/258/67 524/257/524 1271/260/1271
f 1082/1214/1082 1105/1215/1105 1779/1469/1779
f 1082/1214/1082 1779/1469/1779 1780/1470/1780
f 1082/1214/1082 1780/1470/1780 2927/1471/2927
f 58/208/58 1781/1472/1781 1782/1473/1782
f 1412/1475/1412 1413/1476/1413 58/208/58
f 58/208/58 506/214/506 1412/1475/1412
f 60/217/60 510/222/510 1416/1483/1416
f 60/217/60 1416/1483/1416 1787/1484/1787
f 60/217/60 1787/1484/1787 1785/1481/1785
f 62/225/62 1421/1490/1421 1418/1487/1418
f 512/226/512 62/225/62 1418/1487/1418
f 61/221/61 512/226/512 1418/1487/1418
f 61/221/61 1418/1487/1418 1419/1488/1419
f 62/225/62 1420/1489/1420 1421/1490/1421
f 62/225/62 1400/1453/1400 1422/1491/1422
f 63/243/63 519/247/519 1789/1494/1789
f 63/243/63 1789/1494/1789 1790/1495/1790
f 63/243/63 1790/1495/1790 1423/1492/1423
f 63/243/63 1423/1492/1423 1424/1493/1424
f 65/250/65 523/255/523 1791/1502/1791
f 65/250/65 1791/1502/1791 1792/1503/1792
f 65/250/65 1792/1503/1792 1429/1500/1429
f 65/250/65 1429/1500/1429 1430/1501/1430
f 65/250/65 1430/1501/1430 1427/1498/1427
f 521/251/521 65/250/65 1427/1498/1427
f 64/246/64 521/251/521 1427/1498/1427
f 64/246/64 1427/1498/1427 1428/1499/1428
f 64/246/64 1428/1499/1428 1425/1496/1425
f 64/246/64 1425/1496/1425 1426/1497/1426
f 1793/1506/1793 1794/1507/1794 66/254/66
f 66/254/66 525/259/525 1793/1506/1793
f 1797/1510/1797 1798/1511/1798 67/258/67
f 67/258/67 526/265/526 1797/1510/1797
f 1433/1512/1433 1799/1969/1799 1800/1513/1800
f 1800/1513/1800 848/268/848 1433/1512/1433
f 2986/1517/2986 1802/1971/1802 1803/1518/1803
f 1803/1518/1803 68/271/68 2986/1517/2986
f 70/272/70 527/273/527 1437/1519/1437
f 70/272/70 1437/1519/1437 1438/1520/1438
f 70/272/70 1438/1520/1438 1439/1521/1439
f 70/272/70 1439/1521/1439 1806/1523/1806
f 70/272/70 1806/1523/1806 1441/1524/1441
f 71/274/71 1442/1525/1442 1443/1526/1443
f 72/275/72 268/341/268 528/276/528
f 1809/1984/1809 1865/2092/1865 1808/1983/1808
f 1445/1528/1445 1809/1984/1809 1808/1983/1808
f 528/276/528 1445/1528/1445 1808/1983/1808
f 72/275/72 528/276/528 1808/1983/1808
f 72/275/72 1808/1983/1808 1446/1529/1446
f 1444/1527/1444 1807/1980/1807 1865/2092/1865
f 71/274/71 1444/1527/1444 1865/2092/1865
f 1865/2092/1865 1809/1984/1809 1445/1528/1445
f 71/274/71 1865/2092/1865 1445/1528/1445
f 71/274/71 1445/1528/1445 528/276/528
f 71/274/71 528/276/528 268/341/268
f 1447/1530/1447 1436/1531/1436 850/277/850
f 850/277/850 529/278/529 1447/1530/1447
f 531/284/531 73/285/73 255/280/255
f 255/280/255 74/283/74 531/284/531
f 73/285/73 532/281/532 255/280/255
f 69/270/69 527/273/527 256/286/256
f 256/286/256 530/282/530 69/270/69
f 70/272/70 257/290/257 533/287/533
f 70/272/70 533/287/533 256/286/256
f 70/272/70 256/286/256 527/273/527
f 75/288/75 534/289/534 256/286/256
f 533/287/533 257/290/257 75/288/75
f 75/288/75 256/286/256 533/287/533
f 256/286/256 534/289/534 74/283/74
f 74/283/74 530/282/530 256/286/256
f 1449/1535/1449 1450/1536/1450 257/290/257
f 1441/1524/1441 1449/1535/1449 257/290/257
f 1441/1524/1441 257/290/257 70/272/70
f 536/293/536 75/288/75 257/290/257
f 76/292/76 536/293/536 257/290/257
f 76/292/76 257/290/257 535/291/535
f 76/292/76 535/291/535 258/294/258
f 76/292/76 258/294/258 537/295/537
f 258/296/258 1452/1541/1452 259/297/259
f 258/296/258 259/297/259 538/298/538
f 538/298/538 565/3281/565 563/3274/563
f 538/298/538 563/3274/563 537/3273/537
f 258/296/258 538/298/538 537/3273/537
f 538/301/538 259/300/259 1453/302/1453
f 538/301/538 1453/302/1453 3004/3512/3004
f 538/301/538 3004/3512/3004 3005/3514/3005
f 260/306/260 1454/3275/1454 1831/307/1831
f 1831/307/1831 77/308/77 260/306/260
f 3004/3513/3004 3062/3591/3062 1454/3276/1454
f 3004/3513/3004 1454/3276/1454 260/306/260
f 539/304/539 3004/3513/3004 260/306/260
f 77/308/77 1831/307/1831 1455/1544/1455
f 79/311/79 274/387/274 540/312/540
f 79/311/79 540/312/540 1456/1545/1456
f 79/311/79 1456/1545/1456 1457/1546/1457
f 261/313/261 1462/1550/1462 1461/1549/1461
f 261/313/261 1460/1548/1460 1464/1552/1464
f 80/315/80 542/316/542 261/313/261
f 262/317/262 3008/3518/3008 3007/3517/3007
f 262/317/262 3007/3517/3007 544/320/544
f 262/317/262 544/320/544 80/315/80
f 541/314/541 262/317/262 80/315/80
f 261/313/261 541/314/541 80/315/80
f 261/313/261 79/311/79 1458/1547/1458
f 1458/1547/1458 1462/1550/1462 261/313/261
f 261/313/261 542/316/542 79/311/79
f 262/317/262 3009/3519/3009 3008/3518/3008
f 1470/1558/1470 1469/1557/1469 263/321/263
f 1467/1555/1467 1470/1558/1470 263/321/263
f 1467/1555/1467 263/321/263 543/318/543
f 263/321/263 1469/1557/1469 1472/1560/1472
f 263/321/263 1472/1560/1472 1471/1559/1471
f 263/321/263 1471/1559/1471 545/322/545
f 263/321/263 545/322/545 82/323/82
f 82/323/82 546/324/546 263/321/263
f 263/321/263 546/324/546 81/319/81
f 81/319/81 543/318/543 263/321/263
f 264/325/264 545/322/545 1471/1559/1471
f 264/325/264 1471/1559/1471 1474/1562/1474
f 264/325/264 1474/1562/1474 1473/1561/1473
f 264/325/264 1473/1561/1473 1476/1564/1476
f 264/325/264 1476/1564/1476 1475/1563/1475
f 1477/1565/1477 1479/1568/1479 265/329/265
f 1478/1566/1478 1477/1565/1477 265/329/265
f 1475/1563/1475 1478/1566/1478 265/329/265
f 1475/1563/1475 265/329/265 547/326/547
f 264/325/264 1475/1563/1475 547/326/547
f 548/328/548 82/323/82 264/325/264
f 264/325/264 83/327/83 548/328/548
f 547/326/547 265/329/265 83/327/83
f 83/327/83 264/325/264 547/326/547
f 82/323/82 545/322/545 264/325/264
f 550/332/550 83/327/83 265/329/265
f 265/329/265 84/331/84 550/332/550
f 549/330/549 266/333/266 84/331/84
f 84/331/84 265/329/265 549/330/549
f 266/333/266 1481/1570/1481 1480/1569/1480
f 1480/1569/1480 1857/1571/1857 266/333/266
f 552/336/552 84/331/84 266/333/266
f 266/333/266 85/335/85 552/336/552
f 551/334/551 267/337/267 85/335/85
f 85/335/85 266/333/266 551/334/551
f 71/274/71 553/338/553 267/337/267
f 267/337/267 1482/1572/1482 1442/1525/1442
f 71/274/71 267/337/267 1442/1525/1442
f 267/337/267 553/338/553 86/339/86
f 86/339/86 554/340/554 267/337/267
f 267/337/267 554/340/554 85/335/85
f 268/341/268 553/338/553 71/274/71
f 72/275/72 555/342/555 268/341/268
f 268/341/268 555/342/555 87/343/87
f 87/343/87 556/344/556 268/341/268
f 86/339/86 553/338/553 268/341/268
f 268/341/268 556/344/556 86/339/86
f 72/275/72 1446/1529/1446 1448/1534/1448
f 72/275/72 1448/1534/1448 1447/1530/1447
f 72/275/72 1447/1530/1447 529/278/529
f 72/275/72 529/278/529 1272/345/1272
f 72/275/72 1272/345/1272 555/342/555
f 852/346/852 853/347/853 269/345/269
f 1272/345/1272 529/278/529 854/348/854
f 855/349/855 557/350/557 1272/345/1272
f 1310/345/1310 856/351/856 857/352/857
f 1272/345/1272 557/350/557 87/343/87
f 87/343/87 555/342/555 1272/345/1272
f 531/284/531 74/283/74 270/353/270
f 270/353/270 73/285/73 531/284/531
f 270/353/270 560/354/560 73/285/73
f 558/355/558 89/356/89 270/353/270
f 270/353/270 74/283/74 558/355/558
f 1036/1165/1036 1062/1166/1062 1108/1217/1108
f 1083/1216/1083 1036/1165/1036 1108/1217/1108
f 1083/1216/1083 1108/1217/1108 1093/1218/1093
f 1093/1218/1093 1107/1219/1107 1083/1216/1083
f 74/283/74 534/289/534 271/359/271
f 271/359/271 558/355/558 74/283/74
f 75/288/75 272/363/272 561/360/561
f 561/360/561 271/359/271 75/288/75
f 271/359/271 534/289/534 75/288/75
f 90/361/90 562/362/562 271/359/271
f 561/360/561 272/363/272 90/361/90
f 90/361/90 271/359/271 561/360/561
f 271/359/271 562/362/562 89/356/89
f 89/356/89 558/355/558 271/359/271
f 76/292/76 537/295/537 563/367/563
f 76/292/76 563/367/563 272/3278/272
f 272/3278/272 75/3279/75 536/3280/536
f 76/292/76 272/3278/272 536/3280/536
f 564/366/564 90/361/90 272/363/272
f 272/363/272 91/365/91 564/366/564
f 272/363/272 563/364/563 91/365/91
f 566/370/566 567/371/567 565/369/565
f 565/369/565 538/301/538 566/370/566
f 3005/3514/3005 3010/3520/3010 566/373/566
f 566/373/566 538/301/538 3005/3514/3005
f 566/373/566 3010/3521/3010 3011/3522/3011
f 3016/3528/3016 597/450/597 567/371/567
f 3011/3523/3011 3016/3528/3016 567/371/567
f 566/373/566 3011/3523/3011 567/371/567
f 539/304/539 260/309/260 273/377/273
f 273/377/273 260/309/260 77/308/77
f 273/377/273 77/378/77 92/379/92
f 600/383/600 569/384/569 1455/381/1455
f 1455/381/1455 78/3283/78 600/383/600
f 1455/381/1455 569/384/569 92/379/92
f 92/379/92 77/378/77 1455/381/1455
f 1483/1574/1483 1970/2137/1970 1484/1575/1484
f 1484/1575/1484 600/383/600 1483/1574/1483
f 93/386/93 1485/1578/1485 1486/1579/1486
f 570/388/570 94/389/94 274/387/274
f 274/387/274 79/311/79 570/388/570
f 94/389/94 289/463/289 571/390/571
f 571/390/571 274/387/274 94/389/94
f 79/311/79 542/316/542 275/391/275
f 275/391/275 570/388/570 79/311/79
f 275/391/275 542/316/542 80/315/80
f 95/393/95 573/394/573 275/391/275
f 95/393/95 275/391/275 572/392/572
f 95/393/95 572/392/572 276/395/276
f 276/395/276 3015/3527/3015 3014/3526/3014
f 276/395/276 3014/3526/3014 575/398/575
f 95/393/95 276/395/276 575/398/575
f 94/389/94 570/388/570 275/391/275
f 275/391/275 573/394/573 94/389/94
f 3007/3517/3007 3013/3525/3013 276/395/276
f 544/320/544 3007/3517/3007 276/395/276
f 80/315/80 544/320/544 276/395/276
f 80/315/80 276/395/276 572/392/572
f 80/315/80 572/392/572 275/391/275
f 81/319/81 574/396/574 3012/3524/3012
f 3012/3524/3012 3013/3525/3013 81/319/81
f 276/395/276 3012/3524/3012 3015/3527/3015
f 277/399/277 574/396/574 81/319/81
f 81/319/81 546/324/546 277/399/277
f 277/399/277 546/324/546 82/323/82
f 82/323/82 576/400/576 277/399/277
f 97/401/97 577/402/577 277/399/277
f 277/399/277 576/400/576 97/401/97
f 277/399/277 577/402/577 96/397/96
f 96/397/96 574/396/574 277/399/277
f 548/328/548 83/327/83 278/403/278
f 278/403/278 82/323/82 548/328/548
f 278/403/278 576/400/576 82/323/82
f 579/406/579 97/401/97 278/403/278
f 278/403/278 98/405/98 579/406/579
f 279/407/279 99/409/99 581/410/581
f 279/407/279 581/410/581 98/405/98
f 578/404/578 279/407/279 98/405/98
f 278/403/278 578/404/578 98/405/98
f 97/401/97 576/400/576 278/403/278
f 580/408/580 280/411/280 99/409/99
f 99/409/99 279/407/279 580/408/580
f 552/336/552 85/335/85 280/411/280
f 84/331/84 552/336/552 280/411/280
f 84/331/84 280/411/280 580/408/580
f 84/331/84 580/408/580 279/407/279
f 578/404/578 278/403/278 83/327/83
f 279/407/279 578/404/578 83/327/83
f 279/407/279 83/327/83 550/332/550
f 84/331/84 279/407/279 550/332/550
f 85/335/85 281/415/281 582/412/582
f 582/412/582 280/411/280 85/335/85
f 583/414/583 99/409/99 280/411/280
f 100/413/100 583/414/583 280/411/280
f 100/413/100 280/411/280 582/412/582
f 100/413/100 582/412/582 281/415/281
f 85/335/85 554/340/554 281/415/281
f 86/339/86 584/416/584 281/415/281
f 281/415/281 554/340/554 86/339/86
f 281/415/281 584/416/584 101/417/101
f 101/417/101 585/418/585 281/415/281
f 281/415/281 585/418/585 100/413/100
f 86/339/86 556/344/556 282/419/282
f 282/419/282 101/417/101 584/416/584
f 584/416/584 86/339/86 282/419/282
f 586/420/586 102/421/102 282/419/282
f 282/419/282 87/343/87 586/420/586
f 282/419/282 556/344/556 87/343/87
f 102/421/102 297/495/297 587/422/587
f 587/422/587 282/419/282 102/421/102
f 297/495/297 620/498/620 116/493/116
f 297/495/297 116/493/116 617/492/617
f 297/495/297 617/492/617 101/417/101
f 587/422/587 297/495/297 101/417/101
f 282/419/282 587/422/587 101/417/101
f 87/343/87 557/350/557 1273/423/1273
f 1273/423/1273 102/421/102 586/420/586
f 87/343/87 1273/423/1273 586/420/586
f 858/424/858 859/425/859 283/423/283
f 1273/423/1273 557/350/557 860/426/860
f 861/427/861 588/428/588 1273/423/1273
f 1311/423/1311 862/429/862 863/430/863
f 1273/423/1273 588/428/588 102/421/102
f 1083/1216/1083 1107/1219/1107 1094/1220/1094
f 1094/1220/1094 1110/1221/1110 1083/1216/1083
f 589/433/589 104/434/104 284/431/284
f 89/356/89 589/433/589 284/431/284
f 89/356/89 284/431/284 559/357/559
f 89/356/89 559/357/559 270/353/270
f 104/434/104 590/435/590 284/431/284
f 1094/1220/1094 1109/1223/1109 1084/1222/1084
f 1084/1222/1084 1110/1221/1110 1094/1220/1094
f 285/437/285 589/433/589 89/356/89
f 89/356/89 562/362/562 285/437/285
f 90/361/90 286/441/286 592/438/592
f 592/438/592 285/437/285 90/361/90
f 285/437/285 562/362/562 90/361/90
f 105/439/105 593/440/593 285/437/285
f 286/441/286 106/443/106 595/444/595
f 286/441/286 595/444/595 105/439/105
f 592/438/592 286/441/286 105/439/105
f 285/437/285 592/438/592 105/439/105
f 285/437/285 593/440/593 104/434/104
f 104/434/104 589/433/589 285/437/285
f 564/366/564 91/365/91 286/441/286
f 286/441/286 90/361/90 564/366/564
f 91/365/91 594/442/594 286/441/286
f 286/441/286 594/442/594 106/443/106
f 91/368/91 563/3282/563 565/369/565
f 91/368/91 565/369/565 567/372/567
f 91/368/91 567/372/567 596/446/596
f 91/368/91 596/446/596 594/3285/594
f 597/447/597 598/448/598 596/446/596
f 596/446/596 567/371/567 597/447/597
f 597/450/597 3016/3529/3016 3017/3530/3017
f 3017/3531/3017 3020/3535/3020 598/448/598
f 598/448/598 597/450/597 3017/3531/3017
f 568/375/568 273/380/273 287/454/287
f 287/454/287 273/380/273 92/379/92
f 287/454/287 92/455/92 107/456/107
f 600/459/600 601/460/601 569/458/569
f 569/458/569 601/460/601 107/456/107
f 107/456/107 92/455/92 569/458/569
f 288/461/288 600/383/600 2959/1576/2959
f 2959/1576/2959 1488/1580/1488 288/461/288
f 288/461/288 1488/1580/1488 1490/1582/1490
f 288/461/288 1489/1581/1489 1492/1584/1492
f 2960/1585/2960 1493/1586/1493 93/386/93
f 603/464/603 109/465/109 289/463/289
f 289/463/289 94/389/94 603/464/603
f 290/467/290 603/464/603 94/389/94
f 94/389/94 573/394/573 290/467/290
f 95/393/95 291/471/291 605/468/605
f 95/393/95 605/468/605 290/467/290
f 95/393/95 290/467/290 573/394/573
f 606/470/606 290/467/290 605/468/605
f 605/468/605 291/471/291 3018/3532/3018
f 3018/3532/3018 3019/3533/3019 608/474/608
f 605/468/605 3018/3532/3018 608/474/608
f 606/470/606 605/468/605 608/474/608
f 110/469/110 606/470/606 608/474/608
f 290/467/290 606/470/606 109/465/109
f 109/465/109 603/464/603 290/467/290
f 96/397/96 607/472/607 3018/3532/3018
f 3018/3532/3018 3014/3526/3014 96/397/96
f 292/475/292 607/472/607 96/397/96
f 96/397/96 577/402/577 292/475/292
f 292/475/292 577/402/577 97/401/97
f 97/401/97 609/476/609 292/475/292
f 292/475/292 609/476/609 112/477/112
f 112/477/112 610/478/610 292/475/292
f 111/473/111 607/472/607 292/475/292
f 292/475/292 610/478/610 111/473/111
f 579/406/579 98/405/98 293/479/293
f 97/401/97 579/406/579 293/479/293
f 97/401/97 293/479/293 609/476/609
f 612/482/612 112/477/112 293/479/293
f 113/481/113 612/482/612 293/479/293
f 113/481/113 293/479/293 611/480/611
f 113/481/113 611/480/611 294/483/294
f 112/477/112 609/476/609 293/479/293
f 581/410/581 99/409/99 294/483/294
f 98/405/98 581/410/581 294/483/294
f 98/405/98 294/483/294 611/480/611
f 98/405/98 611/480/611 293/479/293
f 614/486/614 113/481/113 294/483/294
f 294/483/294 114/485/114 614/486/614
f 613/484/613 295/487/295 114/485/114
f 114/485/114 294/483/294 613/484/613
f 583/414/583 100/413/100 295/487/295
f 99/409/99 583/414/583 295/487/295
f 99/409/99 295/487/295 613/484/613
f 99/409/99 613/484/613 294/483/294
f 100/413/100 296/491/296 615/488/615
f 615/488/615 295/487/295 100/413/100
f 616/490/616 114/485/114 295/487/295
f 295/487/295 115/489/115 616/490/616
f 615/488/615 296/491/296 115/489/115
f 115/489/115 295/487/295 615/488/615
f 100/413/100 585/418/585 296/491/296
f 296/491/296 585/418/585 101/417/101
f 101/417/101 617/492/617 296/491/296
f 296/491/296 617/492/617 116/493/116
f 116/493/116 618/494/618 296/491/296
f 296/491/296 618/494/618 115/489/115
f 102/421/102 619/496/619 297/495/297
f 297/495/297 619/496/619 117/497/117
f 117/497/117 620/498/620 297/495/297
f 102/421/102 588/428/588 1274/499/1274
f 1274/499/1274 619/496/619 102/421/102
f 864/500/864 865/501/865 298/499/298
f 1274/499/1274 588/428/588 866/502/866
f 867/503/867 621/504/621 1274/499/1274
f 1312/499/1312 868/505/868 869/506/869
f 117/497/117 619/496/619 1274/499/1274
f 621/504/621 1275/577/1275 117/497/117
f 117/497/117 1274/499/1274 621/504/621
f 1095/1224/1095 1112/1225/1112 1084/1222/1084
f 1084/1222/1084 1109/1223/1109 1095/1224/1095
f 104/434/104 622/509/622 299/507/299
f 299/507/299 590/435/590 104/434/104
f 299/507/299 622/509/622 119/510/119
f 119/510/119 623/511/623 299/507/299
f 1095/1224/1095 1111/1227/1111 1085/1226/1085
f 1085/1226/1085 1112/1225/1112 1095/1224/1095
f 300/513/300 622/509/622 104/434/104
f 104/434/104 593/440/593 300/513/300
f 105/439/105 301/517/301 625/514/625
f 625/514/625 300/513/300 105/439/105
f 300/513/300 593/440/593 105/439/105
f 120/515/120 626/516/626 300/513/300
f 301/517/301 121/519/121 628/520/628
f 301/517/301 628/520/628 120/515/120
f 625/514/625 301/517/301 120/515/120
f 300/513/300 625/514/625 120/515/120
f 300/513/300 626/516/626 119/510/119
f 119/510/119 622/509/622 300/513/300
f 595/444/595 106/443/106 301/517/301
f 301/517/301 105/439/105 595/444/595
f 106/443/106 627/518/627 301/517/301
f 301/517/301 627/518/627 121/519/121
f 106/445/106 594/3286/594 596/446/596
f 106/445/106 596/446/596 598/449/598
f 106/445/106 598/449/598 629/522/629
f 106/445/106 629/522/629 627/3290/627
f 3020/3534/3020 3021/3536/3021 631/524/631
f 3020/3534/3020 631/524/631 629/522/629
f 598/448/598 3020/3534/3020 629/522/629
f 599/527/599 302/530/302 632/528/632
f 632/528/632 630/526/630 599/527/599
f 632/529/632 663/605/663 3026/3543/3026
f 632/529/632 3026/3543/3026 3021/3537/3021
f 630/526/630 632/529/632 3021/3537/3021
f 599/452/599 287/457/287 302/530/302
f 302/530/302 287/457/287 107/456/107
f 302/530/302 107/531/107 122/532/122
f 696/613/696 665/3298/665 633/612/633
f 600/535/600 696/613/696 633/612/633
f 600/535/600 633/612/633 601/3292/601
f 601/534/601 633/536/633 122/532/122
f 122/532/122 107/531/107 601/534/601
f 303/537/303 1494/1587/1494 1496/1589/1496
f 123/543/123 320/618/320 636/544/636
f 123/543/123 636/544/636 304/541/304
f 604/466/604 289/463/289 109/465/109
f 304/541/304 604/466/604 109/465/109
f 304/541/304 109/465/109 635/542/635
f 123/543/123 304/541/304 635/542/635
f 305/545/305 635/542/635 109/465/109
f 109/465/109 606/470/606 305/545/305
f 124/547/124 638/548/638 305/545/305
f 124/547/124 305/545/305 637/546/637
f 124/547/124 637/546/637 306/549/306
f 123/543/123 635/542/635 305/545/305
f 305/545/305 638/548/638 123/543/123
f 3019/3533/3019 3023/3539/3023 306/549/306
f 608/474/608 3019/3533/3019 306/549/306
f 110/469/110 608/474/608 306/549/306
f 110/469/110 306/549/306 637/546/637
f 110/469/110 637/546/637 305/545/305
f 110/469/110 305/545/305 606/470/606
f 111/473/111 3022/3538/3022 3023/3539/3023
f 640/552/640 124/547/124 306/549/306
f 125/551/125 640/552/640 306/549/306
f 125/551/125 306/549/306 639/550/639
f 111/473/111 610/478/610 307/553/307
f 307/553/307 3024/3540/3024 3022/3538/3022
f 111/473/111 307/553/307 3022/3538/3022
f 112/477/112 641/554/641 307/553/307
f 307/553/307 610/478/610 112/477/112
f 307/553/307 641/554/641 126/555/126
f 126/555/126 642/556/642 307/553/307
f 125/551/125 639/550/639 3024/3540/3024
f 3024/3540/3024 3025/3541/3025 125/551/125
f 612/482/612 113/481/113 308/557/308
f 112/477/112 612/482/612 308/557/308
f 112/477/112 308/557/308 641/554/641
f 644/560/644 126/555/126 308/557/308
f 127/559/127 644/560/644 308/557/308
f 127/559/127 308/557/308 643/558/643
f 127/559/127 643/558/643 309/561/309
f 126/555/126 641/554/641 308/557/308
f 614/486/614 114/485/114 309/561/309
f 113/481/113 614/486/614 309/561/309
f 113/481/113 309/561/309 643/558/643
f 113/481/113 643/558/643 308/557/308
f 646/564/646 127/559/127 309/561/309
f 128/563/128 646/564/646 309/561/309
f 128/563/128 309/561/309 645/562/645
f 128/563/128 645/562/645 310/565/310
f 647/566/647 311/569/311 129/567/129
f 310/565/310 647/566/647 129/567/129
f 310/565/310 129/567/129 648/568/648
f 128/563/128 310/565/310 648/568/648
f 115/489/115 618/494/618 311/569/311
f 115/489/115 311/569/311 647/566/647
f 115/489/115 647/566/647 310/565/310
f 645/562/645 309/561/309 114/485/114
f 310/565/310 645/562/645 114/485/114
f 310/565/310 114/485/114 616/490/616
f 115/489/115 310/565/310 616/490/616
f 116/493/116 649/570/649 311/569/311
f 311/569/311 618/494/618 116/493/116
f 311/569/311 649/570/649 130/571/130
f 130/571/130 650/572/650 311/569/311
f 311/569/311 650/572/650 129/567/129
f 116/493/116 620/498/620 312/573/312
f 312/573/312 649/570/649 116/493/116
f 312/573/312 620/498/620 117/497/117
f 117/497/117 651/574/651 312/573/312
f 312/573/312 651/574/651 131/575/131
f 131/575/131 652/576/652 312/573/312
f 312/573/312 652/576/652 130/571/130
f 130/571/130 649/570/649 312/573/312
f 1275/577/1275 131/575/131 651/574/651
f 651/574/651 117/497/117 1275/577/1275
f 870/578/870 871/579/871 313/577/313
f 1275/577/1275 621/504/621 872/580/872
f 873/581/873 653/582/653 1275/577/1275
f 1313/577/1313 874/583/874 875/584/875
f 653/582/653 1276/653/1276 131/575/131
f 131/575/131 1275/577/1275 653/582/653
f 1096/1228/1096 1114/1229/1114 1085/1226/1085
f 1085/1226/1085 1111/1227/1111 1096/1228/1096
f 119/510/119 654/587/654 314/585/314
f 314/585/314 623/511/623 119/510/119
f 133/588/133 655/589/655 314/585/314
f 314/585/314 654/587/654 133/588/133
f 1096/1228/1096 1113/1231/1113 1086/1230/1086
f 1086/1230/1086 1114/1229/1114 1096/1228/1096
f 315/591/315 654/587/654 119/510/119
f 119/510/119 626/516/626 315/591/315
f 134/593/134 658/594/658 315/591/315
f 659/596/659 661/3295/661 135/597/135
f 316/595/316 659/596/659 135/597/135
f 316/595/316 135/597/135 660/598/660
f 316/595/316 660/598/660 134/593/134
f 657/592/657 316/595/316 134/593/134
f 315/591/315 657/592/657 134/593/134
f 133/588/133 654/587/654 315/591/315
f 315/591/315 658/594/658 133/588/133
f 628/520/628 121/519/121 316/595/316
f 120/515/120 628/520/628 316/595/316
f 120/515/120 316/595/316 657/592/657
f 120/515/120 657/592/657 315/591/315
f 120/515/120 315/591/315 626/516/626
f 121/519/121 659/596/659 316/595/316
f 121/521/121 627/3291/627 629/522/629
f 121/521/121 629/522/629 631/525/631
f 121/521/121 631/525/631 662/602/662
f 121/521/121 662/602/662 659/3296/659
f 3027/3544/3027 664/604/664 662/602/662
f 3026/3542/3026 3027/3544/3027 662/602/662
f 631/524/631 3026/3542/3026 662/602/662
f 632/528/632 302/533/302 317/608/317
f 317/608/317 302/533/302 122/532/122
f 317/608/317 122/609/122 136/610/136
f 663/607/663 632/606/632 317/608/317
f 136/610/136 122/609/122 633/612/633
f 633/612/633 665/614/665 136/610/136
f 318/615/318 1497/1591/1497 1499/1592/1499
f 319/616/319 1500/1594/1500 2964/1593/2964
f 666/619/666 137/620/137 320/618/320
f 320/618/320 123/543/123 666/619/666
f 123/543/123 638/548/638 321/621/321
f 321/621/321 666/619/666 123/543/123
f 138/623/138 668/624/668 321/621/321
f 667/622/667 322/625/322 138/623/138
f 138/623/138 321/621/321 667/622/667
f 321/621/321 668/624/668 137/620/137
f 137/620/137 666/619/666 321/621/321
f 640/552/640 125/551/125 322/625/322
f 124/547/124 640/552/640 322/625/322
f 124/547/124 322/625/322 667/622/667
f 124/547/124 667/622/667 321/621/321
f 124/547/124 321/621/321 638/548/638
f 125/551/125 669/626/669 322/625/322
f 670/628/670 138/623/138 322/625/322
f 139/627/139 670/628/670 322/625/322
f 139/627/139 322/625/322 669/626/669
f 3025/3541/3025 3028/3546/3028 669/626/669
f 669/626/669 125/551/125 3025/3541/3025
f 126/555/126 671/630/671 323/629/323
f 323/629/323 642/556/642 126/555/126
f 323/629/323 671/630/671 140/631/140
f 140/631/140 672/632/672 323/629/323
f 3028/3546/3028 3029/3547/3029 139/627/139
f 139/627/139 669/626/669 3028/3546/3028
f 3029/3547/3029 323/629/323 672/632/672
f 672/632/672 3030/3548/3030 3029/3547/3029
f 644/560/644 127/559/127 324/633/324
f 324/633/324 126/555/126 644/560/644
f 324/633/324 671/630/671 126/555/126
f 674/636/674 140/631/140 324/633/324
f 324/633/324 141/635/141 674/636/674
f 325/637/325 142/639/142 676/640/676
f 325/637/325 676/640/676 141/635/141
f 673/634/673 325/637/325 141/635/141
f 324/633/324 673/634/673 141/635/141
f 140/631/140 671/630/671 324/633/324
f 327/645/327 680/648/680 143/643/143
f 677/642/677 327/645/327 143/643/143
f 326/641/326 677/642/677 143/643/143
f 326/641/326 143/643/143 678/644/678
f 326/641/326 678/644/678 142/639/142
f 675/638/675 326/641/326 142/639/142
f 325/637/325 675/638/675 142/639/142
f 129/567/129 650/572/650 327/645/327
f 129/567/129 327/645/327 677/642/677
f 129/567/129 677/642/677 326/641/326
f 673/634/673 324/633/324 127/559/127
f 325/637/325 673/634/673 127/559/127
f 325/637/325 127/559/127 646/564/646
f 325/637/325 646/564/646 128/563/128
f 675/638/675 325/637/325 128/563/128
f 326/641/326 675/638/675 128/563/128
f 326/641/326 128/563/128 648/568/648
f 129/567/129 326/641/326 648/568/648
f 130/571/130 679/646/679 327/645/327
f 327/645/327 650/572/650 130/571/130
f 144/647/144 680/648/680 327/645/327
f 327/645/327 679/646/679 144/647/144
f 328/649/328 679/646/679 130/571/130
f 130/571/130 652/576/652 328/649/328
f 131/575/131 681/650/681 328/649/328
f 328/649/328 652/576/652 131/575/131
f 328/649/328 681/650/681 145/651/145
f 145/651/145 682/652/682 328/649/328
f 144/647/144 679/646/679 328/649/328
f 328/649/328 682/652/682 144/647/144
f 1276/653/1276 145/651/145 681/650/681
f 681/650/681 131/575/131 1276/653/1276
f 876/654/876 877/655/877 329/653/329
f 1276/653/1276 653/582/653 878/656/878
f 879/657/879 683/658/683 1276/653/1276
f 1314/653/1314 880/659/880 881/660/881
f 1277/733/1277 713/730/713 145/651/145
f 683/658/683 1277/733/1277 145/651/145
f 1276/653/1276 683/658/683 145/651/145
f 1097/1232/1097 1116/1233/1116 1086/1230/1086
f 1086/1230/1086 1113/1231/1113 1097/1232/1097
f 330/661/330 655/589/655 133/588/133
f 133/588/133 684/663/684 330/661/330
f 147/664/147 685/665/685 330/661/330
f 330/661/330 684/663/684 147/664/147
f 1097/1232/1097 1115/1235/1115 1087/1234/1087
f 1087/1234/1087 1116/1233/1116 1097/1232/1097
f 133/588/133 658/594/658 331/667/331
f 331/667/331 684/663/684 133/588/133
f 331/667/331 658/594/658 134/593/134
f 148/669/148 688/670/688 331/667/331
f 148/669/148 331/667/331 687/668/687
f 148/669/148 687/668/687 332/671/332
f 689/672/689 691/3309/691 149/673/149
f 332/671/332 689/672/689 149/673/149
f 332/671/332 149/673/149 690/674/690
f 148/669/148 332/671/332 690/674/690
f 331/667/331 688/670/688 147/664/147
f 147/664/147 684/663/684 331/667/331
f 135/597/135 661/3307/661 689/3308/689
f 135/597/135 689/3308/689 332/671/332
f 687/668/687 331/667/331 134/593/134
f 332/671/332 687/668/687 134/593/134
f 332/671/332 134/593/134 660/598/660
f 135/597/135 332/671/332 660/598/660
f 659/600/659 662/3297/662 664/601/664
f 661/599/661 659/600/659 664/601/664
f 661/599/661 664/601/664 692/677/692
f 661/599/661 692/677/692 689/3310/689
f 3032/3551/3032 694/681/694 692/679/692
f 3031/3549/3031 3032/3551/3032 692/679/692
f 664/604/664 3031/3549/3031 692/679/692
f 695/685/695 725/766/725 3036/3557/3036
f 695/685/695 3036/3557/3036 3032/3552/3032
f 693/682/693 695/685/695 3032/3552/3032
f 663/607/663 317/611/317 333/686/333
f 663/607/663 333/686/333 693/683/693
f 693/683/693 3031/3550/3031 3027/3545/3027
f 663/607/663 693/683/693 3027/3545/3027
f 333/686/333 317/611/317 136/610/136
f 333/686/333 136/687/136 150/688/150
f 695/684/695 693/683/693 333/686/333
f 665/690/665 349/693/349 150/688/150
f 150/688/150 136/687/136 665/690/665
f 334/694/334 1501/1596/1501 1504/1599/1504
f 2966/1601/2966 2189/2490/2189 1505/1600/1505
f 1505/1600/1505 335/695/335 2966/1601/2966
f 152/699/152 698/700/698 320/697/320
f 320/697/320 137/698/137 152/699/152
f 320/697/320 698/700/698 697/696/697
f 137/698/137 668/3322/668 336/701/336
f 336/701/336 700/704/700 152/699/152
f 137/698/137 336/701/336 152/699/152
f 153/703/153 700/704/700 336/701/336
f 337/705/337 701/706/701 154/707/154
f 337/705/337 154/707/154 702/708/702
f 337/705/337 702/708/702 153/703/153
f 699/702/699 337/705/337 153/703/153
f 336/701/336 699/702/699 153/703/153
f 670/628/670 139/627/139 337/705/337
f 138/623/138 670/628/670 337/705/337
f 138/623/138 337/705/337 699/702/699
f 138/623/138 699/702/699 336/701/336
f 138/623/138 336/701/336 668/624/668
f 139/627/139 701/706/701 337/705/337
f 3030/3548/3030 3033/3553/3033 701/706/701
f 701/706/701 139/627/139 3030/3548/3030
f 140/631/140 703/710/703 338/709/338
f 338/709/338 672/632/672 140/631/140
f 338/709/338 703/710/703 155/711/155
f 155/711/155 704/712/704 338/709/338
f 3033/3553/3033 3034/3554/3034 154/707/154
f 154/707/154 701/706/701 3033/3553/3033
f 3034/3554/3034 338/709/338 704/712/704
f 704/712/704 3035/3555/3035 3034/3554/3034
f 674/636/674 141/635/141 339/713/339
f 140/631/140 674/636/674 339/713/339
f 140/631/140 339/713/339 703/710/703
f 705/714/705 340/717/340 156/715/156
f 156/715/156 339/713/339 705/714/705
f 155/711/155 703/710/703 339/713/339
f 339/713/339 156/715/156 706/716/706
f 155/711/155 339/713/339 706/716/706
f 142/639/142 341/721/341 707/718/707
f 142/639/142 707/718/707 340/717/340
f 705/714/705 339/713/339 141/635/141
f 340/717/340 705/714/705 141/635/141
f 340/717/340 141/635/141 676/640/676
f 142/639/142 340/717/340 676/640/676
f 708/720/708 156/715/156 340/717/340
f 340/717/340 157/719/157 708/720/708
f 707/718/707 341/721/341 157/719/157
f 157/719/157 340/717/340 707/718/707
f 678/644/678 143/643/143 341/721/341
f 341/721/341 142/639/142 678/644/678
f 710/724/710 157/719/157 341/721/341
f 158/723/158 710/724/710 341/721/341
f 158/723/158 341/721/341 709/722/709
f 158/723/158 709/722/709 342/725/342
f 158/723/158 342/725/342 712/728/712
f 143/643/143 680/648/680 342/725/342
f 143/643/143 342/725/342 709/722/709
f 143/643/143 709/722/709 341/721/341
f 144/647/144 711/726/711 342/725/342
f 342/725/342 680/648/680 144/647/144
f 342/725/342 711/726/711 159/727/159
f 159/727/159 712/728/712 342/725/342
f 144/647/144 682/652/682 343/729/343
f 343/729/343 711/726/711 144/647/144
f 145/651/145 713/730/713 343/729/343
f 343/729/343 682/652/682 145/651/145
f 160/731/160 714/732/714 343/729/343
f 343/729/343 713/730/713 160/731/160
f 343/729/343 714/732/714 159/727/159
f 159/727/159 711/726/711 343/729/343
f 882/734/882 883/735/883 344/733/344
f 1277/733/1277 683/658/683 884/736/884
f 885/737/885 715/738/715 1277/733/1277
f 1315/733/1315 886/739/886 887/740/887
f 160/731/160 713/730/713 1277/733/1277
f 1277/733/1277 715/738/715 160/731/160
f 1098/1236/1098 1118/1237/1118 1087/1234/1087
f 1087/1234/1087 1115/1235/1115 1098/1236/1098
f 345/741/345 685/665/685 147/664/147
f 147/664/147 716/743/716 345/741/345
f 162/744/162 717/745/717 345/741/345
f 345/741/345 716/743/716 162/744/162
f 1098/1236/1098 1117/1239/1117 1088/1238/1088
f 1088/1238/1088 1118/1237/1118 1098/1236/1098
f 147/664/147 688/670/688 346/747/346
f 346/747/346 716/743/716 147/664/147
f 148/669/148 347/751/347 719/748/719
f 719/748/719 346/747/346 148/669/148
f 346/747/346 688/670/688 148/669/148
f 163/749/163 720/750/720 346/747/346
f 163/749/163 346/747/346 719/748/719
f 163/749/163 719/748/719 347/751/347
f 347/751/347 721/752/721 164/753/164
f 347/751/347 164/753/164 722/754/722
f 163/749/163 347/751/347 722/754/722
f 162/744/162 716/743/716 346/747/346
f 346/747/346 720/750/720 162/744/162
f 149/673/149 721/752/721 347/751/347
f 347/751/347 148/669/148 690/674/690
f 149/673/149 347/751/347 690/674/690
f 149/673/149 691/676/691 721/755/721
f 691/675/691 689/3311/689 692/677/692
f 691/675/691 692/677/692 694/678/694
f 691/675/691 694/678/694 724/759/724
f 691/675/691 724/759/724 721/3323/721
f 724/756/724 165/3324/165 723/757/723
f 723/757/723 721/755/721 724/756/724
f 721/755/721 723/758/723 164/753/164
f 3036/3556/3036 3037/3558/3037 726/764/726
f 726/764/726 165/3325/165 724/762/724
f 3036/3556/3036 726/764/726 724/762/724
f 694/681/694 3036/3556/3036 724/762/724
f 166/769/166 365/848/365 756/845/756
f 756/845/756 3042/3565/3042 3037/3559/3037
f 166/769/166 756/845/756 3037/3559/3037
f 725/766/725 166/769/166 3037/3559/3037
f 695/684/695 333/689/333 348/770/348
f 348/770/348 728/773/728 166/768/166
f 348/770/348 166/768/166 725/767/725
f 348/770/348 725/767/725 695/684/695
f 348/770/348 333/689/333 150/688/150
f 150/688/150 727/771/727 348/770/348
f 167/772/167 728/773/728 348/770/348
f 348/770/348 727/771/727 167/772/167
f 795/942/795 1289/1053/1289 199/937/199
f 385/939/385 795/942/795 199/937/199
f 385/939/385 199/937/199 792/936/792
f 385/939/385 792/936/792 183/854/183
f 763/859/763 385/939/385 183/854/183
f 367/856/367 763/859/763 183/854/183
f 367/856/367 183/854/183 760/853/760
f 367/856/367 760/853/760 167/772/167
f 730/776/730 367/856/367 167/772/167
f 349/774/349 730/776/730 167/772/167
f 349/774/349 167/772/167 727/771/727
f 349/774/349 727/771/727 150/688/150
f 1503/3329/1503 2969/3332/2969 350/3318/350
f 350/3318/350 168/3331/168 729/3330/729
f 350/3318/350 729/3330/729 151/3315/151
f 600/535/600 288/3299/288 602/3300/602
f 600/535/600 602/3300/602 303/3301/303
f 600/535/600 303/3301/303 634/3302/634
f 600/535/600 634/3302/634 318/615/318
f 696/613/696 600/535/600 318/615/318
f 318/615/318 1499/3317/1499 2965/3314/2965
f 2965/3314/2965 1502/3316/1502 334/3303/334
f 318/615/318 2965/3314/2965 334/3303/334
f 696/613/696 318/615/318 334/3303/334
f 151/3315/151 696/613/696 334/3303/334
f 350/3318/350 151/3315/151 334/3303/334
f 1503/3329/1503 350/3318/350 334/3303/334
f 350/777/350 1506/1602/1506 1509/1605/1509
f 351/778/351 1510/1607/1510 1507/1606/1507
f 698/780/698 152/781/152 169/782/169
f 169/782/169 731/783/731 698/780/698
f 731/863/731 764/3349/764 796/862/796
f 731/863/731 796/862/796 697/779/697
f 698/3337/698 731/863/731 697/779/697
f 352/784/352 169/782/169 152/781/152
f 152/781/152 700/3338/700 352/784/352
f 153/703/153 702/3339/702 732/785/732
f 732/785/732 733/3340/733 352/784/352
f 153/703/153 732/785/732 352/784/352
f 153/703/153 352/784/352 700/704/700
f 732/788/732 702/708/702 154/707/154
f 3035/3555/3035 3038/3560/3038 732/791/732
f 732/791/732 154/707/154 3035/3555/3035
f 155/711/155 734/792/734 3039/3561/3039
f 3039/3561/3039 3040/3562/3040 155/711/155
f 732/791/732 3038/3560/3038 3040/3562/3040
f 732/791/732 3039/3561/3039 3041/3563/3041
f 3041/3564/3041 3046/3570/3046 733/789/733
f 733/789/733 732/791/732 3041/3564/3041
f 706/716/706 156/715/156 353/795/353
f 353/795/353 155/711/155 706/716/706
f 353/795/353 734/792/734 155/711/155
f 170/3341/170 734/3342/734 353/795/353
f 156/715/156 354/798/354 735/796/735
f 353/795/353 156/715/156 735/796/735
f 353/795/353 735/796/735 737/797/737
f 170/3341/170 353/795/353 737/797/737
f 156/715/156 708/720/708 354/798/354
f 171/800/171 737/801/737 354/798/354
f 171/800/171 354/798/354 736/799/736
f 171/800/171 736/799/736 355/802/355
f 737/797/737 735/796/735 354/798/354
f 710/724/710 158/723/158 355/802/355
f 157/719/157 710/724/710 355/802/355
f 157/719/157 355/802/355 736/799/736
f 157/719/157 736/799/736 354/798/354
f 157/719/157 354/798/354 708/720/708
f 739/805/739 171/800/171 355/802/355
f 355/802/355 172/804/172 739/805/739
f 738/803/738 356/806/356 172/804/172
f 172/804/172 355/802/355 738/803/738
f 158/723/158 712/728/712 356/806/356
f 158/723/158 356/806/356 738/803/738
f 158/723/158 738/803/738 355/802/355
f 159/727/159 740/807/740 356/806/356
f 356/806/356 712/728/712 159/727/159
f 173/808/173 741/809/741 356/806/356
f 356/806/356 740/807/740 173/808/173
f 356/806/356 741/809/741 172/804/172
f 159/727/159 714/732/714 357/810/357
f 357/810/357 740/807/740 159/727/159
f 160/731/160 742/811/742 357/810/357
f 357/810/357 714/732/714 160/731/160
f 174/812/174 743/813/743 357/810/357
f 357/810/357 742/811/742 174/812/174
f 173/808/173 740/807/740 357/810/357
f 357/810/357 743/813/743 173/808/173
f 1278/814/1278 742/811/742 160/731/160
f 160/731/160 715/738/715 1278/814/1278
f 888/815/888 889/816/889 358/814/358
f 1278/814/1278 715/738/715 890/817/890
f 891/818/891 744/819/744 1278/814/1278
f 1316/814/1316 892/820/892 893/821/893
f 174/812/174 742/811/742 1278/814/1278
f 1278/814/1278 744/819/744 174/812/174
f 1099/1240/1099 1120/1241/1120 1088/1238/1088
f 1088/1238/1088 1117/1239/1117 1099/1240/1099
f 162/744/162 745/824/745 359/822/359
f 359/822/359 717/745/717 162/744/162
f 176/825/176 746/826/746 359/822/359
f 359/822/359 745/824/745 176/825/176
f 1099/1240/1099 1119/1243/1119 1089/1242/1089
f 1089/1242/1089 1120/1241/1120 1099/1240/1099
f 162/744/162 720/750/720 360/828/360
f 360/828/360 745/824/745 162/744/162
f 177/830/177 749/831/749 360/828/360
f 177/830/177 360/828/360 748/829/748
f 177/830/177 748/829/748 361/832/361
f 176/825/176 745/824/745 360/828/360
f 360/828/360 749/831/749 176/825/176
f 164/753/164 750/833/750 361/832/361
f 360/828/360 720/750/720 163/749/163
f 748/829/748 360/828/360 163/749/163
f 361/832/361 748/829/748 163/749/163
f 361/832/361 163/749/163 722/754/722
f 164/753/164 361/832/361 722/754/722
f 751/835/751 177/830/177 361/832/361
f 361/832/361 178/834/178 751/835/751
f 361/832/361 750/833/750 178/834/178
f 362/836/362 750/833/750 164/753/164
f 164/753/164 723/758/723 362/836/362
f 723/757/723 752/837/752 362/836/362
f 362/836/362 752/837/752 179/838/179
f 179/838/179 753/839/753 362/836/362
f 362/836/362 753/839/753 178/834/178
f 178/834/178 750/833/750 362/836/362
f 165/761/165 754/3343/754 363/840/363
f 723/757/723 165/761/165 363/840/363
f 723/757/723 363/840/363 752/837/752
f 755/843/755 179/838/179 363/840/363
f 180/842/180 755/843/755 363/840/363
f 180/842/180 363/840/363 754/841/754
f 179/838/179 752/837/752 363/840/363
f 364/844/364 754/841/754 165/760/165
f 165/760/165 726/765/726 364/844/364
f 364/844/364 726/764/726 3042/3565/3042
f 3042/3565/3042 3043/3566/3043 364/844/364
f 181/846/181 3044/3567/3044 3045/3568/3045
f 364/844/364 3043/3566/3043 3045/3568/3045
f 180/842/180 754/841/754 364/844/364
f 364/844/364 757/847/757 180/842/180
f 166/768/166 366/852/366 758/849/758
f 758/849/758 365/848/365 166/768/166
f 759/851/759 181/846/181 365/848/365
f 365/848/365 182/850/182 759/851/759
f 758/849/758 366/852/366 182/850/182
f 182/850/182 365/848/365 758/849/758
f 181/846/181 756/845/756 365/848/365
f 166/768/166 728/773/728 366/852/366
f 167/772/167 760/853/760 366/852/366
f 366/852/366 728/773/728 167/772/167
f 366/852/366 760/853/760 183/854/183
f 183/854/183 761/855/761 366/852/366
f 366/852/366 761/855/761 182/850/182
f 762/3344/762 184/3345/184 367/3327/367
f 168/3326/168 762/3344/762 367/3327/367
f 168/3326/168 367/3327/367 730/3328/730
f 168/3326/168 730/3328/730 349/693/349
f 665/690/665 696/691/696 151/692/151
f 349/693/349 665/690/665 151/692/151
f 349/693/349 151/692/151 729/3313/729
f 168/3326/168 349/693/349 729/3313/729
f 368/860/368 1511/1609/1511 1514/1612/1514
f 369/861/369 2971/1614/2971 1515/1613/1515
f 185/865/185 764/866/764 731/863/731
f 731/863/731 169/864/169 185/865/185
f 169/782/169 352/787/352 370/867/370
f 352/786/352 733/790/733 765/870/765
f 765/870/765 370/3350/370 352/786/352
f 370/867/370 766/869/766 185/865/185
f 185/865/185 169/864/169 370/867/370
f 3046/3569/3046 3047/3571/3047 767/872/767
f 3046/3569/3046 767/872/767 765/870/765
f 733/789/733 3046/3569/3046 765/870/765
f 186/876/186 388/956/388 3050/3576/3050
f 186/876/186 3050/3576/3050 3047/3572/3047
f 371/874/371 186/876/186 3047/3572/3047
f 737/797/737 372/881/372 371/878/371
f 371/878/371 170/3352/170 737/797/737
f 371/877/371 769/880/769 186/875/186
f 372/881/372 737/801/737 171/800/171
f 187/883/187 769/884/769 372/881/372
f 187/883/187 372/881/372 768/882/768
f 187/883/187 768/882/768 373/885/373
f 373/885/373 188/887/188 771/888/771
f 187/883/187 373/885/373 771/888/771
f 769/879/769 371/878/371 372/881/372
f 739/805/739 172/804/172 373/885/373
f 171/800/171 739/805/739 373/885/373
f 171/800/171 373/885/373 768/882/768
f 171/800/171 768/882/768 372/881/372
f 770/886/770 374/889/374 188/887/188
f 188/887/188 373/885/373 770/886/770
f 172/804/172 741/809/741 374/889/374
f 172/804/172 374/889/374 770/886/770
f 172/804/172 770/886/770 373/885/373
f 173/808/173 772/890/772 374/889/374
f 374/889/374 741/809/741 173/808/173
f 189/891/189 773/892/773 374/889/374
f 374/889/374 772/890/772 189/891/189
f 374/889/374 773/892/773 188/887/188
f 173/808/173 743/813/743 375/893/375
f 375/893/375 772/890/772 173/808/173
f 375/893/375 743/813/743 174/812/174
f 174/812/174 774/894/774 375/893/375
f 190/895/190 775/896/775 375/893/375
f 375/893/375 774/894/774 190/895/190
f 375/893/375 775/896/775 189/891/189
f 189/891/189 772/890/772 375/893/375
f 174/812/174 744/819/744 1279/897/1279
f 1279/897/1279 774/894/774 174/812/174
f 894/898/894 895/899/895 376/897/376
f 1279/897/1279 744/819/744 896/900/896
f 897/901/897 776/902/776 1279/897/1279
f 1317/897/1317 898/903/898 899/904/899
f 190/895/190 774/894/774 1279/897/1279
f 1339/1140/1339 1029/1148/1029 829/1133/829
f 1339/1140/1339 829/1133/829 206/978/206
f 809/985/809 1339/1140/1339 206/978/206
f 1280/980/1280 809/985/809 206/978/206
f 1280/980/1280 206/978/206 807/977/807
f 1280/980/1280 807/977/807 190/895/190
f 776/902/776 1280/980/1280 190/895/190
f 1279/897/1279 776/902/776 190/895/190
f 1100/1244/1100 1122/1245/1122 1089/1242/1089
f 1089/1242/1089 1119/1243/1119 1100/1244/1100
f 176/825/176 777/907/777 377/905/377
f 377/905/377 746/826/746 176/825/176
f 377/905/377 777/907/777 192/908/192
f 192/908/192 778/909/778 377/905/377
f 1100/1244/1100 1121/1247/1121 1090/1246/1090
f 1090/1246/1090 1122/1245/1122 1100/1244/1100
f 378/911/378 777/907/777 176/825/176
f 176/825/176 749/831/749 378/911/378
f 177/830/177 379/915/379 780/912/780
f 780/912/780 378/911/378 177/830/177
f 378/911/378 749/831/749 177/830/177
f 193/913/193 781/914/781 378/911/378
f 379/915/379 782/916/782 194/917/194
f 379/915/379 194/917/194 783/918/783
f 379/915/379 783/918/783 193/913/193
f 780/912/780 379/915/379 193/913/193
f 378/911/378 780/912/780 193/913/193
f 192/908/192 777/907/777 378/911/378
f 378/911/378 781/914/781 192/908/192
f 751/835/751 178/834/178 379/915/379
f 379/915/379 177/830/177 751/835/751
f 178/834/178 782/916/782 379/915/379
f 178/834/178 753/839/753 380/919/380
f 380/919/380 782/916/782 178/834/178
f 380/919/380 753/839/753 179/838/179
f 179/838/179 784/920/784 380/919/380
f 195/921/195 785/922/785 380/919/380
f 380/919/380 784/920/784 195/921/195
f 194/917/194 782/916/782 380/919/380
f 380/919/380 785/922/785 194/917/194
f 180/842/180 786/924/786 381/923/381
f 381/923/381 784/920/784 179/838/179
f 381/923/381 179/838/179 755/843/755
f 180/842/180 381/923/381 755/843/755
f 195/921/195 784/920/784 381/923/381
f 381/923/381 786/924/786 196/925/196
f 381/923/381 196/925/196 787/926/787
f 195/921/195 381/923/381 787/926/787
f 180/842/180 757/847/757 382/927/382
f 382/927/382 786/924/786 180/842/180
f 788/928/788 3048/3573/3048 3044/3567/3044
f 3044/3567/3044 181/846/181 788/928/788
f 3049/3574/3049 3048/3573/3048 788/928/788
f 788/928/788 197/929/197 3049/3574/3049
f 382/927/382 789/930/789 196/925/196
f 196/925/196 786/924/786 382/927/382
f 759/851/759 182/850/182 383/931/383
f 181/846/181 759/851/759 383/931/383
f 181/846/181 383/931/383 788/928/788
f 182/850/182 384/935/384 790/932/790
f 790/932/790 383/931/383 182/850/182
f 197/929/197 788/928/788 383/931/383
f 790/932/790 384/935/384 198/933/198
f 383/931/383 790/932/790 198/933/198
f 383/931/383 198/933/198 791/934/791
f 197/929/197 383/931/383 791/934/791
f 182/850/182 761/855/761 384/935/384
f 183/854/183 792/936/792 384/935/384
f 384/935/384 761/855/761 183/854/183
f 199/937/199 793/938/793 384/935/384
f 384/935/384 792/936/792 199/937/199
f 384/935/384 793/938/793 198/933/198
f 794/940/794 200/941/200 385/939/385
f 184/858/184 794/940/794 385/939/385
f 184/858/184 385/939/385 763/859/763
f 184/858/184 763/859/763 367/856/367
f 200/941/200 1289/1053/1289 795/942/795
f 795/942/795 385/939/385 200/941/200
f 386/943/386 1519/1617/1519 2973/1616/2973
f 764/945/764 185/946/185 201/947/201
f 201/947/201 1292/948/1292 764/945/764
f 1292/948/1292 971/3374/971 820/3360/820
f 1292/948/1292 820/3360/820 796/944/796
f 764/945/764 1292/948/1292 796/944/796
f 185/946/185 766/3361/766 387/949/387
f 387/949/387 798/951/798 201/947/201
f 185/946/185 387/949/387 201/947/201
f 766/868/766 370/3351/370 765/870/765
f 766/868/766 765/870/765 767/873/767
f 766/868/766 767/873/767 797/952/797
f 766/868/766 797/952/797 387/3362/387
f 797/952/797 799/955/799 798/950/798
f 798/950/798 387/3363/387 797/952/797
f 3050/3575/3050 3051/3577/3051 799/954/799
f 3050/3575/3050 799/954/799 797/952/797
f 767/872/767 3050/3575/3050 797/952/797
f 186/875/186 800/957/800 388/956/388
f 388/956/388 800/957/800 202/958/202
f 202/959/202 1295/1092/1295 3056/3583/3056
f 202/959/202 3056/3583/3056 3051/3578/3051
f 388/956/388 202/959/202 3051/3578/3051
f 769/879/769 389/964/389 800/961/800
f 800/961/800 186/3364/186 769/879/769
f 800/960/800 802/963/802 202/958/202
f 187/883/187 390/968/390 801/965/801
f 801/965/801 389/964/389 187/883/187
f 389/964/389 769/884/769 187/883/187
f 203/966/203 802/967/802 389/964/389
f 203/966/203 389/964/389 801/965/801
f 203/966/203 801/965/801 390/968/390
f 802/962/802 800/961/800 389/964/389
f 188/887/188 391/972/391 803/969/803
f 188/887/188 803/969/803 390/968/390
f 390/968/390 187/883/187 771/888/771
f 188/887/188 390/968/390 771/888/771
f 804/971/804 203/966/203 390/968/390
f 204/970/204 804/971/804 390/968/390
f 204/970/204 390/968/390 803/969/803
f 204/970/204 803/969/803 391/972/391
f 204/970/204 391/972/391 806/975/806
f 188/887/188 773/892/773 391/972/391
f 391/972/391 773/892/773 189/891/189
f 189/891/189 805/973/805 391/972/391
f 391/972/391 805/973/805 205/974/205
f 205/974/205 806/975/806 391/972/391
f 392/976/392 805/973/805 189/891/189
f 189/891/189 775/896/775 392/976/392
f 190/895/190 807/977/807 392/976/392
f 392/976/392 775/896/775 190/895/190
f 206/978/206 808/979/808 392/976/392
f 392/976/392 807/977/807 206/978/206
f 205/974/205 805/973/805 392/976/392
f 392/976/392 808/979/808 205/974/205
f 900/981/900 901/982/901 393/980/393
f 1280/980/1280 776/902/776 902/983/902
f 903/984/903 809/985/809 1280/980/1280
f 1318/980/1318 904/986/904 905/987/905
f 1090/1246/1090 1121/1247/1121 1044/1248/1044
f 1044/1248/1044 1123/1249/1123 1090/1246/1090
f 1281/988/1281 778/909/778 192/908/192
f 192/908/192 810/990/810 1281/988/1281
f 906/991/906 907/992/907 394/988/394
f 1281/988/1281 810/990/810 908/993/908
f 192/908/192 781/914/781 1282/997/1282
f 1282/997/1282 810/990/810 192/908/192
f 193/913/193 1283/1005/1283 812/998/812
f 193/913/193 812/998/812 1282/997/1282
f 193/913/193 1282/997/1282 781/914/781
f 913/1000/913 912/999/912 395/997/395
f 1282/997/1282 812/998/812 914/1001/914
f 915/1002/915 810/990/810 1282/997/1282
f 916/1003/916 1319/997/1319 917/1004/917
f 783/918/783 194/917/194 1283/1005/1283
f 1283/1005/1283 193/913/193 783/918/783
f 194/917/194 813/1006/813 1283/1005/1283
f 919/1008/919 918/1007/918 396/1005/396
f 1283/1005/1283 813/1006/813 920/1009/920
f 921/1010/921 812/998/812 1283/1005/1283
f 922/1011/922 1320/1005/1320 923/1012/923
f 1284/1013/1284 813/1006/813 194/917/194
f 194/917/194 785/922/785 1284/1013/1284
f 195/921/195 814/1014/814 1284/1013/1284
f 1284/1013/1284 785/922/785 195/921/195
f 925/1016/925 924/1015/924 397/1013/397
f 1284/1013/1284 814/1014/814 926/1017/926
f 927/1018/927 813/1006/813 1284/1013/1284
f 928/1019/928 1321/1013/1321 929/1020/929
f 1285/1021/1285 814/1014/814 195/921/195
f 196/925/196 815/1022/815 1285/1021/1285
f 1285/1021/1285 195/921/195 787/926/787
f 196/925/196 1285/1021/1285 787/926/787
f 931/1024/931 930/1023/930 398/1021/398
f 1285/1021/1285 815/1022/815 932/1025/932
f 933/1026/933 814/1014/814 1285/1021/1285
f 934/1027/934 1322/1021/1322 935/1028/935
f 1286/1029/1286 815/1022/815 196/925/196
f 196/925/196 789/930/789 1286/1029/1286
f 197/929/197 816/1030/816 3052/3579/3052
f 3052/3579/3052 3049/3574/3049 197/929/197
f 399/1029/399 937/1032/937 3053/3580/3053
f 3053/3580/3053 3054/3581/3054 399/1029/399
f 1286/1029/1286 3052/3579/3052 3055/3582/3055
f 939/1034/939 815/1022/815 1286/1029/1286
f 940/1035/940 1323/1029/1323 941/1036/941
f 942/1039/942 943/1040/943 400/1037/400
f 1287/1037/1287 817/1038/817 944/1041/944
f 945/1042/945 816/1030/816 1287/1037/1287
f 1324/1037/1324 946/1043/946 947/1044/947
f 198/933/198 793/938/793 1288/1045/1288
f 198/933/198 1288/1045/1288 817/1038/817
f 198/933/198 817/1038/817 1287/1037/1287
f 1287/1037/1287 816/1030/816 197/929/197
f 1287/1037/1287 197/929/197 791/934/791
f 198/933/198 1287/1037/1287 791/934/791
f 199/937/199 818/1046/818 1288/1045/1288
f 1288/1045/1288 793/938/793 199/937/199
f 948/1047/948 949/1048/949 401/1045/401
f 1288/1045/1288 818/1046/818 950/1049/950
f 951/1050/951 817/1038/817 1288/1045/1288
f 1325/1045/1325 952/1051/952 953/1052/953
f 1289/1053/1289 957/1058/957 818/1046/818
f 818/1046/818 199/937/199 1289/1053/1289
f 819/1054/819 956/1057/956 1289/1053/1289
f 1289/1053/1289 200/941/200 819/1054/819
f 954/1055/954 955/1056/955 402/1053/402
f 1326/1053/1326 958/1059/958 959/1060/959
f 1290/1061/1290 1520/1619/1520 1522/1622/1522
f 1327/1061/1327 962/1063/962 963/1064/963
f 1291/1065/1291 2990/1624/2990 1523/1623/1523
f 820/3370/820 966/3371/966 1291/3359/1291
f 796/862/796 820/3370/820 1291/3359/1291
f 2536/3390/2536 2541/3491/2541 2537/3492/2537
f 2537/3492/2537 2338/3493/2338 2983/3494/2983
f 2536/3390/2536 2537/3492/2537 2983/3494/2983
f 2536/3390/2536 2983/3494/2983 1518/3372/1518
f 1523/3389/1523 2536/3390/2536 1518/3372/1518
f 1291/3359/1291 1523/3389/1523 1518/3372/1518
f 1518/3372/1518 1517/3373/1517 386/3346/386
f 1291/3359/1291 1518/3372/1518 386/3346/386
f 796/862/796 1291/3359/1291 386/3346/386
f 386/3346/386 2973/3388/2973 1516/3357/1516
f 1516/3357/1516 2972/3358/2972 369/861/369
f 386/3346/386 1516/3357/1516 369/861/369
f 796/862/796 386/3346/386 369/861/369
f 796/862/796 369/861/369 697/779/697
f 965/1067/965 964/1066/964 404/1065/404
f 967/1068/967 1328/1065/1328 1521/1626/1521
f 1521/1626/1521 2543/2884/2543 2542/2889/2542
f 1521/1626/1521 2542/2889/2542 1524/1627/1524
f 967/1068/967 1521/1626/1521 1524/1627/1524
f 201/947/201 821/1070/821 1292/1069/1292
f 969/1072/969 968/1071/968 405/1069/405
f 1292/1069/1292 821/1070/821 970/1073/970
f 972/1074/972 1329/1069/1329 973/1075/973
f 201/947/201 798/951/798 1293/1076/1293
f 1293/1076/1293 821/1070/821 201/947/201
f 798/950/798 822/1077/822 1293/1076/1293
f 975/1079/975 974/1078/974 406/1076/406
f 1293/1076/1293 822/1077/822 976/1080/976
f 977/1081/977 821/1070/821 1293/1076/1293
f 978/1082/978 1330/1076/1330 979/1083/979
f 1294/1084/1294 822/1077/822 798/950/798
f 798/950/798 799/955/799 1294/1084/1294
f 799/954/799 823/1085/823 1294/1084/1294
f 980/1086/980 981/1087/981 407/1084/407
f 1294/1084/1294 823/1085/823 982/1088/982
f 983/1089/983 822/1077/822 1294/1084/1294
f 1331/1084/1331 984/1090/984 985/1091/985
f 202/958/202 824/1093/824 1295/1092/1295
f 986/1094/986 987/1095/987 408/1092/408
f 1295/1092/1295 824/1093/824 988/1096/988
f 3056/3583/3056 3057/3584/3057 989/1097/989
f 989/1097/989 823/1085/823 3056/3583/3056
f 1332/1092/1332 990/1098/990 3058/3585/3058
f 3058/3585/3058 3059/3586/3059 1332/1092/1332
f 802/963/802 825/3375/825 1296/1100/1296
f 202/958/202 802/963/802 1296/1100/1296
f 202/958/202 1296/1100/1296 824/1093/824
f 992/1102/992 993/1103/993 409/1100/409
f 1296/1100/1296 825/1101/825 994/1104/994
f 995/1105/995 824/1093/824 1296/1100/1296
f 1333/1100/1333 996/1106/996 997/1107/997
f 1297/1108/1297 825/1101/825 802/962/802
f 998/1110/998 999/1111/999 410/1108/410
f 1297/1108/1297 826/1109/826 1000/1112/1000
f 1001/1113/1001 825/1101/825 1297/1108/1297
f 1334/1108/1334 1002/1114/1002 1003/1115/1003
f 804/971/804 204/970/204 1298/1116/1298
f 203/966/203 804/971/804 1298/1116/1298
f 203/966/203 1298/1116/1298 826/1109/826
f 203/966/203 826/1109/826 1297/1108/1297
f 203/966/203 1297/1108/1297 802/967/802
f 204/970/204 1299/1124/1299 827/1117/827
f 827/1117/827 1298/1116/1298 204/970/204
f 1004/1118/1004 1005/1119/1005 411/1116/411
f 1298/1116/1298 827/1117/827 1006/1120/1006
f 1007/1121/1007 826/1109/826 1298/1116/1298
f 1335/1116/1335 1008/1122/1008 1009/1123/1009
f 204/970/204 806/975/806 1299/1124/1299
f 1299/1124/1299 806/975/806 205/974/205
f 205/974/205 828/1125/828 1299/1124/1299
f 1010/1126/1010 1011/1127/1011 412/1124/412
f 1299/1124/1299 828/1125/828 1012/1128/1012
f 1013/1129/1013 827/1117/827 1299/1124/1299
f 1336/1124/1336 1014/1130/1014 1015/1131/1015
f 205/974/205 808/979/808 1300/1132/1300
f 1300/1132/1300 828/1125/828 205/974/205
f 1300/1132/1300 808/979/808 206/978/206
f 206/978/206 829/1133/829 1300/1132/1300
f 1016/1134/1016 1017/1135/1017 413/1132/413
f 1300/1132/1300 829/1133/829 1018/1136/1018
f 1019/1137/1019 828/1125/828 1300/1132/1300
f 1337/1132/1337 1020/1138/1020 1021/1139/1021
f 1022/1141/1022 1023/1142/1023 414/1140/414
f 1339/1140/1339 809/985/809 1024/1143/1024
f 1025/1144/1025 1026/1145/1026 1301/1140/1301
f 1338/1140/1338 1027/1146/1027 1028/1147/1028
f 1340/1140/1340 1030/1149/1030 1031/1150/1031
s 0
f 1/1/1 415/2/415 1044/1152/1044
f 1044/1152/1044 1304/1151/1304 1/1/1
f 415/2/415 207/3/207 1044/1153/1044
f 1191/1298/1191 1203/1300/1203 1250/1345/1250
f 1215/1342/1215 1191/1298/1191 1250/1345/1250
f 1227/1343/1227 1215/1342/1215 1250/1345/1250
f 1216/1344/1216 1227/1343/1227 1250/1345/1250
f 1250/1345/1250 1239/1346/1239 1216/1344/1216
f 2910/1630/2910 2933/1629/2933 1218/1352/1218
f 1241/1354/1241 2910/1630/2910 1218/1352/1218
f 1252/1353/1252 1241/1354/1241 1218/1352/1218
f 1252/1353/1252 1218/1352/1218 1229/1351/1229
f 1228/1347/1228 1216/1344/1216 1239/1346/1239
f 1228/1347/1228 1239/1346/1239 1251/1349/1251
f 1217/1348/1217 1228/1347/1228 1251/1349/1251
f 1217/1348/1217 1251/1349/1251 1240/1350/1240
f 1229/1351/1229 1217/1348/1217 1240/1350/1240
f 1252/1353/1252 1229/1351/1229 1240/1350/1240
f 503/209/503 2669/1474/2669 2670/1628/2670
f 503/209/503 2670/1628/2670 1059/1164/1059
f 1055/1156/1055 1044/1153/1044 207/3/207
f 1055/1156/1055 207/3/207 417/8/417
f 1045/1157/1045 1055/1156/1055 417/8/417
f 1045/1157/1045 417/8/417 224/123/224
f 1057/1160/1057 1045/1157/1045 224/123/224
f 1057/1160/1057 224/123/224 470/127/470
f 1046/1161/1046 1057/1160/1057 470/127/470
f 1046/1161/1046 470/127/470 239/205/239
f 1059/1164/1059 1046/1161/1046 239/205/239
f 503/209/503 1059/1164/1059 239/205/239
f 560/354/560 270/353/270 1047/1167/1047
f 1047/1167/1047 1062/1166/1062 560/354/560
f 270/353/270 559/357/559 1061/1168/1061
f 1061/1168/1061 1047/1167/1047 270/353/270
f 88/358/88 560/354/560 1062/1166/1062
f 1062/1166/1062 1036/1165/1036 88/358/88
f 559/357/559 284/431/284 1048/1169/1048
f 1048/1169/1048 1061/1168/1061 559/357/559
f 1230/1356/1230 1219/1355/1219 1242/1357/1242
f 1242/1357/1242 1253/1359/1253 1230/1356/1230
f 1063/1172/1063 1048/1169/1048 284/431/284
f 1063/1172/1063 284/431/284 590/435/590
f 377/905/377 778/909/778 1075/1196/1075
f 377/905/377 1075/1196/1075 1054/1193/1054
f 746/826/746 377/905/377 1054/1193/1054
f 746/826/746 1054/1193/1054 1073/1192/1073
f 359/822/359 746/826/746 1073/1192/1073
f 359/822/359 1073/1192/1073 1053/1189/1053
f 717/745/717 359/822/359 1053/1189/1053
f 717/745/717 1053/1189/1053 1071/1188/1071
f 345/741/345 717/745/717 1071/1188/1071
f 345/741/345 1071/1188/1071 1052/1185/1052
f 685/665/685 345/741/345 1052/1185/1052
f 685/665/685 1052/1185/1052 1069/1184/1069
f 330/661/330 685/665/685 1069/1184/1069
f 330/661/330 1069/1184/1069 1051/1181/1051
f 655/589/655 330/661/330 1051/1181/1051
f 655/589/655 1051/1181/1051 1067/1180/1067
f 314/585/314 655/589/655 1067/1180/1067
f 314/585/314 1067/1180/1067 1050/1177/1050
f 623/511/623 314/585/314 1050/1177/1050
f 623/511/623 1050/1177/1050 1065/1176/1065
f 299/507/299 623/511/623 1065/1176/1065
f 299/507/299 1065/1176/1065 1049/1173/1049
f 590/435/590 299/507/299 1049/1173/1049
f 1063/1172/1063 590/435/590 1049/1173/1049
f 778/909/778 1281/988/1281 1044/1197/1044
f 1044/1197/1044 1075/1196/1075 778/909/778
f 1260/1386/1260 1261/1388/1261 1238/1387/1238
f 1260/1386/1260 1238/1387/1238 1237/1385/1237
f 1220/1358/1220 1230/1356/1230 1253/1359/1253
f 1220/1358/1220 1253/1359/1253 1243/1360/1243
f 1231/1361/1231 1220/1358/1220 1243/1360/1243
f 1231/1361/1231 1243/1360/1243 1254/1363/1254
f 1221/1362/1221 1231/1361/1231 1254/1363/1254
f 1221/1362/1221 1254/1363/1254 1244/1364/1244
f 1232/1365/1232 1221/1362/1221 1244/1364/1244
f 1232/1365/1232 1244/1364/1244 1255/1367/1255
f 1222/1366/1222 1232/1365/1232 1255/1367/1255
f 1222/1366/1222 1255/1367/1255 1245/1368/1245
f 1233/1369/1233 1222/1366/1222 1245/1368/1245
f 1233/1369/1233 1245/1368/1245 1256/1371/1256
f 1223/1370/1223 1233/1369/1233 1256/1371/1256
f 1223/1370/1223 1256/1371/1256 1246/1372/1246
f 1234/1373/1234 1223/1370/1223 1246/1372/1246
f 1234/1373/1234 1246/1372/1246 1257/1375/1257
f 1224/1374/1224 1234/1373/1234 1257/1375/1257
f 1224/1374/1224 1257/1375/1257 1247/1376/1247
f 1235/1377/1235 1224/1374/1224 1247/1376/1247
f 1235/1377/1235 1247/1376/1247 1258/1379/1258
f 1225/1378/1225 1235/1377/1235 1258/1379/1258
f 1225/1378/1225 1258/1379/1258 1248/1380/1248
f 1236/1381/1236 1225/1378/1225 1248/1380/1248
f 1236/1381/1236 1248/1380/1248 1259/1383/1259
f 1226/1382/1226 1236/1381/1236 1259/1383/1259
f 1226/1382/1226 1259/1383/1259 1249/1384/1249
f 1237/1385/1237 1226/1382/1226 1249/1384/1249
f 1260/1386/1260 1237/1385/1237 1249/1384/1249
f 1281/988/1281 909/994/909 1078/1199/1078
f 1078/1199/1078 1044/1197/1044 1281/988/1281
f 1263/988/1263 910/995/910 1262/1200/1262
f 1302/995/1302 1303/996/1303 1079/1201/1079
f 1079/1201/1079 1305/1200/1305 1302/995/1302
f 911/996/911 1264/988/1264 1265/1197/1265
f 1305/1197/1305 1079/1201/1079 1303/996/1303
f 1266/1203/1266 1267/1202/1267 1032/1151/1032
f 1056/1154/1056 1304/1151/1304 2953/1202/2953
f 2953/1202/2953 1102/1205/1102 1056/1154/1056
f 1033/1155/1033 1056/1154/1056 1102/1205/1102
f 1102/1205/1102 1080/1206/1080 1033/1155/1033
f 1058/1158/1058 1033/1155/1033 1080/1206/1080
f 1080/1206/1080 1104/1209/1104 1058/1158/1058
f 1034/1159/1034 1058/1158/1058 1104/1209/1104
f 1104/1209/1104 1081/1210/1081 1034/1159/1034
f 1060/1162/1060 1034/1159/1034 1081/1210/1081
f 1081/1210/1081 1106/1213/1106 1060/1162/1060
f 1035/1163/1035 1060/1162/1060 1106/1213/1106
f 1106/1213/1106 1082/1214/1082 1035/1163/1035
f 1059/1164/1059 2670/1628/2670 1779/1469/1779
f 1059/1164/1059 1779/1469/1779 1105/1215/1105
f 1101/1207/1101 1044/1153/1044 1055/1156/1055
f 1091/1208/1091 1101/1207/1101 1055/1156/1055
f 1091/1208/1091 1055/1156/1055 1045/1157/1045
f 1103/1211/1103 1091/1208/1091 1045/1157/1045
f 1103/1211/1103 1045/1157/1045 1057/1160/1057
f 1092/1212/1092 1103/1211/1103 1057/1160/1057
f 1092/1212/1092 1057/1160/1057 1046/1161/1046
f 1105/1215/1105 1092/1212/1092 1046/1161/1046
f 1059/1164/1059 1105/1215/1105 1046/1161/1046
f 1062/1166/1062 1047/1167/1047 1093/1218/1093
f 1093/1218/1093 1108/1217/1108 1062/1166/1062
f 1047/1167/1047 1061/1168/1061 1107/1219/1107
f 1107/1219/1107 1093/1218/1093 1047/1167/1047
f 1094/1220/1094 1107/1219/1107 1061/1168/1061
f 1094/1220/1094 1061/1168/1061 1048/1169/1048
f 1075/1196/1075 1044/1248/1044 1121/1247/1121
f 1054/1193/1054 1075/1196/1075 1121/1247/1121
f 1054/1193/1054 1121/1247/1121 1100/1244/1100
f 1073/1192/1073 1054/1193/1054 1100/1244/1100
f 1073/1192/1073 1100/1244/1100 1119/1243/1119
f 1053/1189/1053 1073/1192/1073 1119/1243/1119
f 1053/1189/1053 1119/1243/1119 1099/1240/1099
f 1071/1188/1071 1053/1189/1053 1099/1240/1099
f 1071/1188/1071 1099/1240/1099 1117/1239/1117
f 1052/1185/1052 1071/1188/1071 1117/1239/1117
f 1052/1185/1052 1117/1239/1117 1098/1236/1098
f 1069/1184/1069 1052/1185/1052 1098/1236/1098
f 1069/1184/1069 1098/1236/1098 1115/1235/1115
f 1051/1181/1051 1069/1184/1069 1115/1235/1115
f 1051/1181/1051 1115/1235/1115 1097/1232/1097
f 1067/1180/1067 1051/1181/1051 1097/1232/1097
f 1067/1180/1067 1097/1232/1097 1113/1231/1113
f 1050/1177/1050 1067/1180/1067 1113/1231/1113
f 1050/1177/1050 1113/1231/1113 1096/1228/1096
f 1065/1176/1065 1050/1177/1050 1096/1228/1096
f 1065/1176/1065 1096/1228/1096 1111/1227/1111
f 1049/1173/1049 1065/1176/1065 1111/1227/1111
f 1049/1173/1049 1111/1227/1111 1095/1224/1095
f 1063/1172/1063 1049/1173/1049 1095/1224/1095
f 1063/1172/1063 1095/1224/1095 1109/1223/1109
f 1048/1169/1048 1063/1172/1063 1109/1223/1109
f 1094/1220/1094 1048/1169/1048 1109/1223/1109
f 1064/1170/1064 1036/1165/1036 1083/1216/1083
f 1083/1216/1083 1110/1221/1110 1064/1170/1064
f 1037/1171/1037 1064/1170/1064 1110/1221/1110
f 1110/1221/1110 1084/1222/1084 1037/1171/1037
f 1066/1174/1066 1037/1171/1037 1084/1222/1084
f 1084/1222/1084 1112/1225/1112 1066/1174/1066
f 1038/1175/1038 1066/1174/1066 1112/1225/1112
f 1112/1225/1112 1085/1226/1085 1038/1175/1038
f 1068/1178/1068 1038/1175/1038 1085/1226/1085
f 1085/1226/1085 1114/1229/1114 1068/1178/1068
f 1039/1179/1039 1068/1178/1068 1114/1229/1114
f 1114/1229/1114 1086/1230/1086 1039/1179/1039
f 1070/1182/1070 1039/1179/1039 1086/1230/1086
f 1086/1230/1086 1116/1233/1116 1070/1182/1070
f 1040/1183/1040 1070/1182/1070 1116/1233/1116
f 1116/1233/1116 1087/1234/1087 1040/1183/1040
f 1072/1186/1072 1040/1183/1040 1087/1234/1087
f 1087/1234/1087 1118/1237/1118 1072/1186/1072
f 1041/1187/1041 1072/1186/1072 1118/1237/1118
f 1118/1237/1118 1088/1238/1088 1041/1187/1041
f 1074/1190/1074 1041/1187/1041 1088/1238/1088
f 1088/1238/1088 1120/1241/1120 1074/1190/1074
f 1042/1191/1042 1074/1190/1074 1120/1241/1120
f 1120/1241/1120 1089/1242/1089 1042/1191/1042
f 1076/1194/1076 1042/1191/1042 1089/1242/1089
f 1089/1242/1089 1122/1245/1122 1076/1194/1076
f 1043/1195/1043 1076/1194/1076 1122/1245/1122
f 1122/1245/1122 1090/1246/1090 1043/1195/1043
f 1077/1198/1077 1043/1195/1043 1090/1246/1090
f 1090/1246/1090 1123/1249/1123 1077/1198/1077
f 1078/1199/1078 1077/1198/1077 1123/1249/1123
f 1123/1249/1123 2953/1250/2953 1078/1199/1078
f 1268/1197/1268 1306/1199/1306 2985/1250/2985
f 1/1/1 1304/1151/1304 1146/1252/1146
f 1146/1252/1146 1124/1251/1124 1/1/1
f 1124/1251/1124 1170/1297/1170 1135/1253/1135
f 1124/1251/1124 1135/1253/1135 418/4/418
f 1124/1251/1124 418/4/418 1/1/1
f 1304/1151/1304 1056/1154/1056 1158/1255/1158
f 1158/1255/1158 1146/1252/1146 1304/1151/1304
f 21/9/21 418/4/418 1135/1253/1135
f 1135/1253/1135 1125/1254/1125 21/9/21
f 1056/1154/1056 1033/1155/1033 1147/1256/1147
f 1147/1256/1147 1158/1255/1158 1056/1154/1056
f 1033/1155/1033 1058/1158/1058 1159/1259/1159
f 1159/1259/1159 1147/1256/1147 1033/1155/1033
f 1058/1158/1058 1034/1159/1034 1148/1260/1148
f 1148/1260/1148 1159/1259/1159 1058/1158/1058
f 1034/1159/1034 1060/1162/1060 1160/1263/1160
f 1160/1263/1160 1148/1260/1148 1034/1159/1034
f 1060/1162/1060 1035/1163/1035 1149/1264/1149
f 1149/1264/1149 1160/1263/1160 1060/1162/1060
f 1149/1264/1149 1035/1163/1035 2781/1631/2781
f 2781/1631/2781 2782/1634/2782 1149/1264/1149
f 1036/1165/1036 1064/1170/1064 1161/1267/1161
f 1161/1267/1161 1150/1266/1150 1036/1165/1036
f 1064/1170/1064 1037/1171/1037 1151/1268/1151
f 1151/1268/1151 1161/1267/1161 1064/1170/1064
f 1037/1171/1037 1066/1174/1066 1162/1271/1162
f 1162/1271/1162 1151/1268/1151 1037/1171/1037
f 1066/1174/1066 1038/1175/1038 1152/1272/1152
f 1152/1272/1152 1162/1271/1162 1066/1174/1066
f 1038/1175/1038 1068/1178/1068 1163/1275/1163
f 1163/1275/1163 1152/1272/1152 1038/1175/1038
f 1068/1178/1068 1039/1179/1039 1153/1276/1153
f 1153/1276/1153 1163/1275/1163 1068/1178/1068
f 1039/1179/1039 1070/1182/1070 1164/1279/1164
f 1164/1279/1164 1153/1276/1153 1039/1179/1039
f 1070/1182/1070 1040/1183/1040 1154/1280/1154
f 1154/1280/1154 1164/1279/1164 1070/1182/1070
f 1040/1183/1040 1072/1186/1072 1165/1283/1165
f 1165/1283/1165 1154/1280/1154 1040/1183/1040
f 1072/1186/1072 1041/1187/1041 1155/1284/1155
f 1155/1284/1155 1165/1283/1165 1072/1186/1072
f 1041/1187/1041 1074/1190/1074 1166/1287/1166
f 1166/1287/1166 1155/1284/1155 1041/1187/1041
f 1074/1190/1074 1042/1191/1042 1156/1288/1156
f 1156/1288/1156 1166/1287/1166 1074/1190/1074
f 1042/1191/1042 1076/1194/1076 1167/1291/1167
f 1167/1291/1167 1156/1288/1156 1042/1191/1042
f 1076/1194/1076 1043/1195/1043 1157/1292/1157
f 1157/1292/1157 1167/1291/1167 1076/1194/1076
f 1043/1195/1043 1077/1198/1077 1168/1294/1168
f 1168/1294/1168 1157/1292/1157 1043/1195/1043
f 1077/1198/1077 1078/1199/1078 1169/1296/1169
f 1169/1296/1169 1168/1294/1168 1077/1198/1077
f 1078/1199/1078 909/994/909 1145/1295/1145
f 1145/1295/1145 1169/1296/1169 1078/1199/1078
f 1191/1298/1191 1170/1297/1170 1124/1251/1124
f 1191/1298/1191 1124/1251/1124 1146/1252/1146
f 1191/1298/1191 1146/1252/1146 1341/1389/1341
f 1191/1298/1191 1341/1389/1341 1354/1402/1354
f 1353/1401/1353 1354/1402/1354 1341/1389/1341
f 1353/1401/1353 1341/1389/1341 1342/1390/1342
f 1342/1390/1342 1343/1391/1343 1352/1400/1352
f 1353/1401/1353 1342/1390/1342 1352/1400/1352
f 1125/1254/1125 1135/1253/1135 1170/1297/1170
f 1170/1297/1170 1171/1299/1171 1125/1254/1125
f 1343/1391/1343 1344/1392/1344 1351/1399/1351
f 1351/1399/1351 1352/1400/1352 1343/1391/1343
f 1344/1392/1344 1345/1393/1345 1350/1398/1350
f 1350/1398/1350 1351/1399/1351 1344/1392/1344
f 1345/1393/1345 1346/1394/1346 1349/1397/1349
f 1349/1397/1349 1350/1398/1350 1345/1393/1345
f 1346/1394/1346 1347/1395/1347 1348/1396/1348
f 1348/1396/1348 1349/1397/1349 1346/1394/1346
f 1348/1396/1348 1347/1395/1347 1525/1637/1525
f 1525/1637/1525 2851/1638/2851 1348/1396/1348
f 1355/1403/1355 1356/1404/1356 1387/1435/1387
f 1387/1435/1387 1388/1436/1388 1355/1403/1355
f 1356/1404/1356 1357/1405/1357 1386/1434/1386
f 1386/1434/1386 1387/1435/1387 1356/1404/1356
f 1357/1405/1357 1358/1406/1358 1385/1433/1385
f 1385/1433/1385 1386/1434/1386 1357/1405/1357
f 1358/1406/1358 1359/1407/1359 1384/1432/1384
f 1384/1432/1384 1385/1433/1385 1358/1406/1358
f 1359/1407/1359 1360/1408/1360 1383/1431/1383
f 1383/1431/1383 1384/1432/1384 1359/1407/1359
f 1360/1408/1360 1361/1409/1361 1382/1430/1382
f 1382/1430/1382 1383/1431/1383 1360/1408/1360
f 1361/1409/1361 1362/1410/1362 1381/1429/1381
f 1381/1429/1381 1382/1430/1382 1361/1409/1361
f 1362/1410/1362 1363/1411/1363 1380/1428/1380
f 1380/1428/1380 1381/1429/1381 1362/1410/1362
f 1363/1411/1363 1364/1412/1364 1379/1427/1379
f 1379/1427/1379 1380/1428/1380 1363/1411/1363
f 1364/1412/1364 1365/1413/1365 1378/1426/1378
f 1378/1426/1378 1379/1427/1379 1364/1412/1364
f 1365/1413/1365 1366/1414/1366 1377/1425/1377
f 1377/1425/1377 1378/1426/1378 1365/1413/1365
f 1366/1414/1366 1367/1415/1367 1376/1424/1376
f 1376/1424/1376 1377/1425/1377 1366/1414/1366
f 1367/1415/1367 1368/1416/1368 1375/1423/1375
f 1375/1423/1375 1376/1424/1376 1367/1415/1367
f 1368/1416/1368 1369/1417/1369 1374/1422/1374
f 1374/1422/1374 1375/1423/1375 1368/1416/1368
f 1369/1417/1369 1370/1418/1370 1373/1421/1373
f 1373/1421/1373 1374/1422/1374 1369/1417/1369
f 1370/1418/1370 1371/1419/1371 1372/1420/1372
f 1372/1420/1372 1373/1421/1373 1370/1418/1370
f 1170/1297/1170 1215/1342/1215 1227/1343/1227
f 1170/1297/1170 1191/1298/1191 1215/1342/1215
f 1203/1300/1203 1192/1301/1192 1239/1346/1239
f 1239/1346/1239 1250/1345/1250 1203/1300/1203
f 1216/1344/1216 1228/1347/1228 1181/1302/1181
f 471/124/471 21/9/21 1125/1254/1125
f 1136/1257/1136 471/124/471 1125/1254/1125
f 1136/1257/1136 1125/1254/1125 1171/1299/1171
f 1181/1302/1181 1136/1257/1136 1171/1299/1171
f 1216/1344/1216 1181/1302/1181 1171/1299/1171
f 1171/1299/1171 1170/1297/1170 1227/1343/1227
f 1216/1344/1216 1171/1299/1171 1227/1343/1227
f 1192/1301/1192 1204/1304/1204 1251/1349/1251
f 1251/1349/1251 1239/1346/1239 1192/1301/1192
f 1228/1347/1228 1217/1348/1217 1172/1303/1172
f 39/128/39 471/124/471 1136/1257/1136
f 1126/1258/1126 39/128/39 1136/1257/1136
f 1126/1258/1126 1136/1257/1136 1181/1302/1181
f 1172/1303/1172 1126/1258/1126 1181/1302/1181
f 1228/1347/1228 1172/1303/1172 1181/1302/1181
f 1204/1304/1204 1193/1305/1193 1240/1350/1240
f 1240/1350/1240 1251/1349/1251 1204/1304/1204
f 1217/1348/1217 1229/1351/1229 1182/1306/1182
f 504/206/504 39/128/39 1126/1258/1126
f 1137/1261/1137 504/206/504 1126/1258/1126
f 1137/1261/1137 1126/1258/1126 1172/1303/1172
f 1182/1306/1182 1137/1261/1137 1172/1303/1172
f 1217/1348/1217 1182/1306/1182 1172/1303/1172
f 1193/1305/1193 1205/1308/1205 1252/1353/1252
f 1252/1353/1252 1240/1350/1240 1193/1305/1193
f 1229/1351/1229 1218/1352/1218 1173/1307/1173
f 57/210/57 504/206/504 1137/1261/1137
f 1127/1262/1127 57/210/57 1137/1261/1137
f 1127/1262/1127 1137/1261/1137 1182/1306/1182
f 1173/1307/1173 1127/1262/1127 1182/1306/1182
f 1229/1351/1229 1173/1307/1173 1182/1306/1182
f 1205/1308/1205 1194/1309/1194 1241/1354/1241
f 1241/1354/1241 1252/1353/1252 1205/1308/1205
f 1241/1354/1241 1194/1309/1194 2909/1636/2909
f 2909/1636/2909 2910/1630/2910 1241/1354/1241
f 1242/1357/1242 1219/1355/1219 1174/1310/1174
f 88/358/88 1036/1165/1036 1150/1266/1150
f 1128/1265/1128 88/358/88 1150/1266/1150
f 1128/1265/1128 1150/1266/1150 1195/1311/1195
f 1174/1310/1174 1128/1265/1128 1195/1311/1195
f 1242/1357/1242 1174/1310/1174 1195/1311/1195
f 1253/1359/1253 1242/1357/1242 1195/1311/1195
f 1253/1359/1253 1195/1311/1195 1206/1312/1206
f 1206/1312/1206 1196/1313/1196 1243/1360/1243
f 1253/1359/1253 1206/1312/1206 1243/1360/1243
f 1220/1358/1220 1231/1361/1231 1183/1314/1183
f 1138/1269/1138 624/508/624 103/436/103
f 1183/1314/1183 1138/1269/1138 103/436/103
f 1220/1358/1220 1183/1314/1183 103/436/103
f 591/432/591 88/358/88 1128/1265/1128
f 103/436/103 591/432/591 1128/1265/1128
f 1128/1265/1128 1174/1310/1174 1219/1355/1219
f 103/436/103 1128/1265/1128 1219/1355/1219
f 103/436/103 1219/1355/1219 1230/1356/1230
f 1220/1358/1220 103/436/103 1230/1356/1230
f 1196/1313/1196 1207/1316/1207 1254/1363/1254
f 1254/1363/1254 1243/1360/1243 1196/1313/1196
f 1231/1361/1231 1221/1362/1221 1175/1315/1175
f 118/512/118 624/508/624 1138/1269/1138
f 1129/1270/1129 118/512/118 1138/1269/1138
f 1129/1270/1129 1138/1269/1138 1183/1314/1183
f 1175/1315/1175 1129/1270/1129 1183/1314/1183
f 1231/1361/1231 1175/1315/1175 1183/1314/1183
f 1207/1316/1207 1197/1317/1197 1244/1364/1244
f 1244/1364/1244 1254/1363/1254 1207/1316/1207
f 1221/1362/1221 1232/1365/1232 1184/1318/1184
f 656/586/656 118/512/118 1129/1270/1129
f 1139/1273/1139 656/586/656 1129/1270/1129
f 1139/1273/1139 1129/1270/1129 1175/1315/1175
f 1184/1318/1184 1139/1273/1139 1175/1315/1175
f 1221/1362/1221 1184/1318/1184 1175/1315/1175
f 1197/1317/1197 1208/1320/1208 1255/1367/1255
f 1255/1367/1255 1244/1364/1244 1197/1317/1197
f 1232/1365/1232 1222/1366/1222 1176/1319/1176
f 132/590/132 656/586/656 1139/1273/1139
f 1130/1274/1130 132/590/132 1139/1273/1139
f 1130/1274/1130 1139/1273/1139 1184/1318/1184
f 1176/1319/1176 1130/1274/1130 1184/1318/1184
f 1232/1365/1232 1176/1319/1176 1184/1318/1184
f 1208/1320/1208 1198/1321/1198 1245/1368/1245
f 1245/1368/1245 1255/1367/1255 1208/1320/1208
f 1222/1366/1222 1233/1369/1233 1185/1322/1185
f 686/662/686 132/590/132 1130/1274/1130
f 1140/1277/1140 686/662/686 1130/1274/1130
f 1140/1277/1140 1130/1274/1130 1176/1319/1176
f 1185/1322/1185 1140/1277/1140 1176/1319/1176
f 1222/1366/1222 1185/1322/1185 1176/1319/1176
f 1198/1321/1198 1209/1324/1209 1256/1371/1256
f 1256/1371/1256 1245/1368/1245 1198/1321/1198
f 1233/1369/1233 1223/1370/1223 1177/1323/1177
f 146/666/146 686/662/686 1140/1277/1140
f 1131/1278/1131 146/666/146 1140/1277/1140
f 1131/1278/1131 1140/1277/1140 1185/1322/1185
f 1177/1323/1177 1131/1278/1131 1185/1322/1185
f 1233/1369/1233 1177/1323/1177 1185/1322/1185
f 1209/1324/1209 1199/1325/1199 1246/1372/1246
f 1246/1372/1246 1256/1371/1256 1209/1324/1209
f 1223/1370/1223 1234/1373/1234 1186/1326/1186
f 718/742/718 146/666/146 1131/1278/1131
f 1141/1281/1141 718/742/718 1131/1278/1131
f 1141/1281/1141 1131/1278/1131 1177/1323/1177
f 1186/1326/1186 1141/1281/1141 1177/1323/1177
f 1223/1370/1223 1186/1326/1186 1177/1323/1177
f 1199/1325/1199 1210/1328/1210 1257/1375/1257
f 1257/1375/1257 1246/1372/1246 1199/1325/1199
f 1234/1373/1234 1224/1374/1224 1178/1327/1178
f 161/746/161 718/742/718 1141/1281/1141
f 1132/1282/1132 161/746/161 1141/1281/1141
f 1132/1282/1132 1141/1281/1141 1186/1326/1186
f 1178/1327/1178 1132/1282/1132 1186/1326/1186
f 1234/1373/1234 1178/1327/1178 1186/1326/1186
f 1210/1328/1210 1200/1329/1200 1247/1376/1247
f 1247/1376/1247 1257/1375/1257 1210/1328/1210
f 1224/1374/1224 1235/1377/1235 1187/1330/1187
f 747/823/747 161/746/161 1132/1282/1132
f 1142/1285/1142 747/823/747 1132/1282/1132
f 1142/1285/1142 1132/1282/1132 1178/1327/1178
f 1187/1330/1187 1142/1285/1142 1178/1327/1178
f 1224/1374/1224 1187/1330/1187 1178/1327/1178
f 1200/1329/1200 1211/1332/1211 1258/1379/1258
f 1258/1379/1258 1247/1376/1247 1200/1329/1200
f 1235/1377/1235 1225/1378/1225 1179/1331/1179
f 175/827/175 747/823/747 1142/1285/1142
f 1133/1286/1133 175/827/175 1142/1285/1142
f 1133/1286/1133 1142/1285/1142 1187/1330/1187
f 1179/1331/1179 1133/1286/1133 1187/1330/1187
f 1235/1377/1235 1179/1331/1179 1187/1330/1187
f 1211/1332/1211 1201/1333/1201 1248/1380/1248
f 1248/1380/1248 1258/1379/1258 1211/1332/1211
f 1225/1378/1225 1236/1381/1236 1188/1334/1188
f 779/906/779 175/827/175 1133/1286/1133
f 1143/1289/1143 779/906/779 1133/1286/1133
f 1143/1289/1143 1133/1286/1133 1179/1331/1179
f 1188/1334/1188 1143/1289/1143 1179/1331/1179
f 1225/1378/1225 1188/1334/1188 1179/1331/1179
f 1201/1333/1201 1212/1336/1212 1259/1383/1259
f 1259/1383/1259 1248/1380/1248 1201/1333/1201
f 1236/1381/1236 1226/1382/1226 1180/1335/1180
f 191/910/191 779/906/779 1143/1289/1143
f 1134/1290/1134 191/910/191 1143/1289/1143
f 1134/1290/1134 1143/1289/1143 1188/1334/1188
f 1180/1335/1180 1134/1290/1134 1188/1334/1188
f 1236/1381/1236 1180/1335/1180 1188/1334/1188
f 1212/1336/1212 1202/1337/1202 1249/1384/1249
f 1249/1384/1249 1259/1383/1259 1212/1336/1212
f 1226/1382/1226 1237/1385/1237 1189/1338/1189
f 811/989/811 191/910/191 1134/1290/1134
f 1144/1293/1144 811/989/811 1134/1290/1134
f 1144/1293/1144 1134/1290/1134 1180/1335/1180
f 1189/1338/1189 1144/1293/1144 1180/1335/1180
f 1226/1382/1226 1189/1338/1189 1180/1335/1180
f 1202/1337/1202 1213/1339/1213 1260/1386/1260
f 1260/1386/1260 1249/1384/1249 1202/1337/1202
f 1237/1385/1237 1238/1387/1238 1190/1340/1190
f 909/994/909 811/989/811 1144/1293/1144
f 1145/1295/1145 909/994/909 1144/1293/1144
f 1145/1295/1145 1144/1293/1144 1189/1338/1189
f 1190/1340/1190 1145/1295/1145 1189/1338/1189
f 1237/1385/1237 1190/1340/1190 1189/1338/1189
f 1213/1339/1213 1214/1341/1214 1261/1388/1261
f 1261/1388/1261 1260/1386/1260 1213/1339/1213
f 1238/1387/1238 1261/1388/1261 1214/1341/1214
f 1169/1296/1169 1145/1295/1145 1190/1340/1190
f 1214/1341/1214 1169/1296/1169 1190/1340/1190
f 1238/1387/1238 1214/1341/1214 1190/1340/1190
f 1342/1390/1342 1341/1389/1341 1146/1252/1146
f 1146/1252/1146 1158/1255/1158 1342/1390/1342
f 2782/1634/2782 1525/1637/1525 1347/1395/1347
f 1343/1391/1343 1342/1390/1342 1158/1255/1158
f 1343/1391/1343 1158/1255/1158 1147/1256/1147
f 1344/1392/1344 1343/1391/1343 1147/1256/1147
f 1344/1392/1344 1147/1256/1147 1159/1259/1159
f 1345/1393/1345 1344/1392/1344 1159/1259/1159
f 1345/1393/1345 1159/1259/1159 1148/1260/1148
f 1346/1394/1346 1345/1393/1345 1148/1260/1148
f 1346/1394/1346 1148/1260/1148 1160/1263/1160
f 1347/1395/1347 1346/1394/1346 1160/1263/1160
f 1347/1395/1347 1160/1263/1160 1149/1264/1149
f 2782/1634/2782 1347/1395/1347 1149/1264/1149
f 1349/1397/1349 1348/1396/1348 1194/1309/1194
f 1194/1309/1194 1205/1308/1205 1349/1397/1349
f 1350/1398/1350 1349/1397/1349 1205/1308/1205
f 1205/1308/1205 1193/1305/1193 1350/1398/1350
f 1351/1399/1351 1350/1398/1350 1193/1305/1193
f 1193/1305/1193 1204/1304/1204 1351/1399/1351
f 1352/1400/1352 1351/1399/1351 1204/1304/1204
f 1204/1304/1204 1192/1301/1192 1352/1400/1352
f 1353/1401/1353 1352/1400/1352 1192/1301/1192
f 1192/1301/1192 1203/1300/1203 1353/1401/1353
f 1354/1402/1354 1353/1401/1353 1203/1300/1203
f 1203/1300/1203 1191/1298/1191 1354/1402/1354
f 1356/1404/1356 1355/1403/1355 1150/1266/1150
f 1150/1266/1150 1161/1267/1161 1356/1404/1356
f 1168/1294/1168 1169/1296/1169 1371/1419/1371
f 1168/1294/1168 1371/1419/1371 1370/1418/1370
f 1357/1405/1357 1356/1404/1356 1161/1267/1161
f 1357/1405/1357 1161/1267/1161 1151/1268/1151
f 1358/1406/1358 1357/1405/1357 1151/1268/1151
f 1358/1406/1358 1151/1268/1151 1162/1271/1162
f 1359/1407/1359 1358/1406/1358 1162/1271/1162
f 1359/1407/1359 1162/1271/1162 1152/1272/1152
f 1360/1408/1360 1359/1407/1359 1152/1272/1152
f 1360/1408/1360 1152/1272/1152 1163/1275/1163
f 1361/1409/1361 1360/1408/1360 1163/1275/1163
f 1361/1409/1361 1163/1275/1163 1153/1276/1153
f 1362/1410/1362 1361/1409/1361 1153/1276/1153
f 1362/1410/1362 1153/1276/1153 1164/1279/1164
f 1363/1411/1363 1362/1410/1362 1164/1279/1164
f 1363/1411/1363 1164/1279/1164 1154/1280/1154
f 1364/1412/1364 1363/1411/1363 1154/1280/1154
f 1364/1412/1364 1154/1280/1154 1165/1283/1165
f 1365/1413/1365 1364/1412/1364 1165/1283/1165
f 1365/1413/1365 1165/1283/1165 1155/1284/1155
f 1366/1414/1366 1365/1413/1365 1155/1284/1155
f 1366/1414/1366 1155/1284/1155 1166/1287/1166
f 1367/1415/1367 1366/1414/1366 1166/1287/1166
f 1367/1415/1367 1166/1287/1166 1156/1288/1156
f 1368/1416/1368 1367/1415/1367 1156/1288/1156
f 1368/1416/1368 1156/1288/1156 1167/1291/1167
f 1369/1417/1369 1368/1416/1368 1167/1291/1167
f 1369/1417/1369 1167/1291/1167 1157/1292/1157
f 1370/1418/1370 1369/1417/1369 1157/1292/1157
f 1168/1294/1168 1370/1418/1370 1157/1292/1157
f 1372/1420/1372 1371/1419/1371 1169/1296/1169
f 1169/1296/1169 1214/1341/1214 1372/1420/1372
f 1373/1421/1373 1372/1420/1372 1214/1341/1214
f 1214/1341/1214 1213/1339/1213 1373/1421/1373
f 1374/1422/1374 1373/1421/1373 1213/1339/1213
f 1213/1339/1213 1202/1337/1202 1374/1422/1374
f 1375/1423/1375 1374/1422/1374 1202/1337/1202
f 1202/1337/1202 1212/1336/1212 1375/1423/1375
f 1376/1424/1376 1375/1423/1375 1212/1336/1212
f 1212/1336/1212 1201/1333/1201 1376/1424/1376
f 1377/1425/1377 1376/1424/1376 1201/1333/1201
f 1201/1333/1201 1211/1332/1211 1377/1425/1377
f 1378/1426/1378 1377/1425/1377 1211/1332/1211
f 1211/1332/1211 1200/1329/1200 1378/1426/1378
f 1208/1320/1208 1197/1317/1197 1384/1432/1384
f 1208/1320/1208 1384/1432/1384 1383/1431/1383
f 1379/1427/1379 1378/1426/1378 1200/1329/1200
f 1379/1427/1379 1200/1329/1200 1210/1328/1210
f 1380/1428/1380 1379/1427/1379 1210/1328/1210
f 1380/1428/1380 1210/1328/1210 1199/1325/1199
f 1381/1429/1381 1380/1428/1380 1199/1325/1199
f 1381/1429/1381 1199/1325/1199 1209/1324/1209
f 1382/1430/1382 1381/1429/1381 1209/1324/1209
f 1382/1430/1382 1209/1324/1209 1198/1321/1198
f 1383/1431/1383 1382/1430/1382 1198/1321/1198
f 1208/1320/1208 1383/1431/1383 1198/1321/1198
f 1385/1433/1385 1384/1432/1384 1197/1317/1197
f 1197/1317/1197 1207/1316/1207 1385/1433/1385
f 1386/1434/1386 1385/1433/1385 1207/1316/1207
f 1207/1316/1207 1196/1313/1196 1386/1434/1386
f 1387/1435/1387 1386/1434/1386 1196/1313/1196
f 1196/1313/1196 1206/1312/1206 1387/1435/1387
f 1388/1436/1388 1387/1435/1387 1206/1312/1206
f 1206/1312/1206 1195/1311/1195 1388/1436/1388
f 1355/1403/1355 1388/1436/1388 1195/1311/1195
f 1195/1311/1195 1150/1266/1150 1355/1403/1355
s 1
f 1389/1437/1389 216/59/216 1390/1438/1390
f 11/60/11 31/61/31 1390/1441/1390
f 444/3377/444 11/60/11 1390/1441/1390
f 1391/3376/1391 444/3377/444 1390/1441/1390
f 486/158/486 30/56/30 1393/1444/1393
f 1393/1444/1393 1394/1445/1394 486/158/486
f 2955/1442/2955 31/61/31 1396/1448/1396
f 49/162/49 1397/1449/1397 2956/1447/2956
f 2956/1447/2956 31/161/31 49/162/49
f 1399/1452/1399 513/228/513 244/229/244
f 1399/1452/1399 244/229/244 514/230/514
f 514/230/514 245/231/245 1401/1454/1401
f 1401/1454/1401 1743/1887/1743 1742/1886/1742
f 514/230/514 1401/1454/1401 1742/1886/1742
f 1399/1452/1399 514/230/514 1742/1886/1742
f 1399/1452/1399 1742/1886/1742 1741/1885/1741
f 1399/1452/1399 1741/1885/1741 1740/1880/1740
f 1406/1459/1406 1679/1803/1679 1404/1457/1404
f 1404/1457/1404 48/159/48 1406/1459/1406
f 248/238/248 3003/3511/3003 3061/3589/3061
f 3061/3589/3061 1747/3378/1747 248/238/248
f 248/237/248 1747/1463/1747 1408/1461/1408
f 503/209/503 58/208/58 1782/1473/1782
f 1782/1473/1782 2669/1474/2669 503/209/503
f 1781/1472/1781 58/208/58 1413/1476/1413
f 1412/1475/1412 506/214/506 59/213/59
f 60/217/60 1785/1481/1785 1786/1482/1786
f 60/217/60 1786/1482/1786 1784/1479/1784
f 508/218/508 60/217/60 1784/1479/1784
f 59/213/59 508/218/508 1784/1479/1784
f 59/213/59 1784/1479/1784 1415/1480/1415
f 59/213/59 1415/1480/1415 1783/1477/1783
f 59/213/59 1783/1477/1783 1414/1478/1414
f 1412/1475/1412 59/213/59 1414/1478/1414
f 1416/1483/1416 510/222/510 61/221/61
f 61/221/61 1788/1485/1788 1417/1486/1417
f 1416/1483/1416 61/221/61 1417/1486/1417
f 1788/1485/1788 61/221/61 1419/1488/1419
f 1420/1489/1420 62/225/62 1422/1491/1422
f 64/246/64 1426/1497/1426 1789/1494/1789
f 1789/1494/1789 519/247/519 64/246/64
f 1791/1502/1791 523/255/523 66/254/66
f 66/254/66 1431/1504/1431 1432/1505/1432
f 1791/1502/1791 66/254/66 1432/1505/1432
f 1431/1504/1431 66/254/66 1794/1507/1794
f 1793/1506/1793 525/259/525 67/258/67
f 67/258/67 1795/1508/1795 1796/1509/1796
f 1793/1506/1793 67/258/67 1796/1509/1796
f 1795/1508/1795 67/258/67 1798/1511/1798
f 1797/1510/1797 526/265/526 849/269/849
f 1797/1510/1797 849/269/849 2978/1514/2978
f 1797/1510/1797 2978/1514/2978 2928/3249/2928
f 1797/1510/1797 2928/3249/2928 1775/1925/1775
f 1434/1515/1434 1801/1970/1801 1435/1516/1435
f 1435/1516/1435 69/270/69 1434/1515/1434
f 1437/1519/1437 527/273/527 69/270/69
f 69/270/69 1435/1516/1435 1440/1522/1440
f 1437/1519/1437 69/270/69 1440/1522/1440
f 1444/1527/1444 71/274/71 1443/1526/1443
f 2957/1532/2957 851/279/851 2930/1533/2930
f 1450/1538/1450 258/294/258 535/291/535
f 535/291/535 257/290/257 1450/1538/1450
f 1451/1537/1451 258/294/258 1450/1538/1450
f 1452/1539/1452 258/296/258 1451/1540/1451
f 259/299/259 1452/1543/1452 1453/1542/1453
f 1458/1547/1458 79/311/79 1457/1546/1457
f 320/3294/320 697/3306/697 108/3287/108
f 636/3293/636 320/3294/320 108/3287/108
f 304/3289/304 636/3293/636 108/3287/108
f 604/3288/604 304/3289/304 108/3287/108
f 289/463/289 604/3288/604 108/3287/108
f 289/463/289 108/3287/108 93/386/93
f 571/390/571 289/463/289 93/386/93
f 274/387/274 571/390/571 93/386/93
f 274/387/274 93/386/93 1487/385/1487
f 274/387/274 1487/385/1487 1459/3284/1459
f 540/3380/540 274/387/274 1459/3284/1459
f 1456/3379/1456 540/3380/540 1459/3284/1459
f 1460/1548/1460 261/313/261 1461/1549/1461
f 1464/1552/1464 1463/1551/1463 1466/1554/1466
f 1466/1554/1466 1465/1553/1465 3006/3515/3006
f 1464/1552/1464 1466/1554/1466 3006/3515/3006
f 3006/3515/3006 3009/3519/3009 262/317/262
f 1464/1552/1464 3006/3515/3006 262/317/262
f 1464/1552/1464 262/317/262 541/314/541
f 261/313/261 1464/1552/1464 541/314/541
f 265/329/265 1479/1568/1479 1856/1567/1856
f 1856/1567/1856 1481/1570/1481 266/333/266
f 1856/1567/1856 266/333/266 549/330/549
f 265/329/265 1856/1567/1856 549/330/549
f 551/334/551 266/333/266 1857/1573/1857
f 1857/1573/1857 267/337/267 551/334/551
f 1482/1572/1482 267/337/267 1857/1573/1857
f 1483/1574/1483 600/382/600 78/310/78
f 1483/1574/1483 78/310/78 1832/2031/1832
f 1970/2136/1970 1483/1574/1483 1832/2031/1832
f 2959/1576/2959 600/383/600 1484/1575/1484
f 93/386/93 1486/1579/1486 2958/1577/2958
f 2958/1577/2958 1487/385/1487 93/386/93
f 1489/1581/1489 288/461/288 1490/1582/1490
f 288/461/288 1492/1584/1492 2961/1583/2961
f 2961/1583/2961 1495/1588/1495 303/537/303
f 2961/1583/2961 303/537/303 602/462/602
f 288/461/288 2961/1583/2961 602/462/602
f 1485/1578/1485 93/386/93 1493/1586/1493
f 2960/3382/2960 93/3383/93 108/539/108
f 369/3336/369 1515/3385/1515 1508/3347/1508
f 1508/3347/1508 2968/3348/2968 351/3321/351
f 369/3336/369 1508/3347/1508 351/3321/351
f 697/617/697 369/3336/369 351/3321/351
f 2967/3334/2967 2966/3335/2966 335/3304/335
f 1507/3333/1507 2967/3334/2967 335/3304/335
f 351/3321/351 1507/3333/1507 335/3304/335
f 697/617/697 351/3321/351 335/3304/335
f 335/3304/335 1505/3384/1505 1498/3319/1498
f 1498/3319/1498 2963/3320/2963 319/616/319
f 335/3304/335 1498/3319/1498 319/616/319
f 697/617/697 335/3304/335 319/616/319
f 108/539/108 697/617/697 319/616/319
f 319/616/319 2964/1593/2964 2962/1590/2962
f 319/616/319 2962/1590/2962 1495/540/1495
f 108/539/108 319/616/319 1495/540/1495
f 108/539/108 1495/540/1495 2961/3305/2961
f 108/539/108 2961/3305/2961 1492/3381/1492
f 2960/3382/2960 108/539/108 1492/3381/1492
f 1494/1587/1494 303/537/303 1495/1588/1495
f 1500/1594/1500 319/616/319 2963/1595/2963
f 1502/1597/1502 2188/2485/2188 1501/1596/1501
f 1501/1596/1501 334/694/334 1502/1597/1502
f 334/694/334 1504/1599/1504 1503/1598/1503
f 1506/1602/1506 350/777/350 2969/1603/2969
f 1510/1607/1510 351/778/351 2968/1608/2968
f 1511/1609/1511 368/860/368 1512/1610/1512
f 368/860/368 1514/1612/1514 1513/1611/1513
f 2971/1614/2971 369/861/369 2972/1615/2972
f 1519/1617/1519 386/943/386 1517/1618/1517
f 1520/1619/1520 1290/1061/1290 2987/1620/2987
f 2990/1624/2990 1291/1065/1291 2975/1625/2975
s 0
f 1035/1163/1035 1082/1214/1082 2927/1471/2927
f 2927/1471/2927 1721/1861/1721 2743/3062/2743
f 2927/1471/2927 2743/3062/2743 2781/1631/2781
f 1035/1163/1035 2927/1471/2927 2781/1631/2781
f 2934/1632/2934 57/210/57 1127/1262/1127
f 1218/1352/1218 2933/1629/2933 2936/1635/2936
f 1173/1307/1173 1218/1352/1218 2936/1635/2936
f 1173/1307/1173 2936/1635/2936 2935/1633/2935
f 1127/1262/1127 1173/1307/1173 2935/1633/2935
f 2934/1632/2934 1127/1262/1127 2935/1633/2935
f 2909/1636/2909 1194/1309/1194 1348/1396/1348
f 2909/1636/2909 1348/1396/1348 2851/1638/2851
f 2909/1636/2909 2851/1638/2851 2850/3167/2850
f 2909/1636/2909 2850/3167/2850 2908/3226/2908
s 1
f 1526/1639/1526 2444/3391/2444 2976/1641/2976
f 2976/1641/2976 1527/1640/1527 1526/1639/1526
f 1529/1642/1529 1531/1644/1531 1530/1643/1530
f 1531/1644/1531 1529/1642/1529 1532/1645/1532
f 1533/1646/1533 1530/1643/1530 1531/1644/1531
f 1531/1644/1531 1534/1647/1534 1533/1646/1533
f 1535/1648/1535 1526/1639/1526 1527/1640/1527
f 1526/1639/1526 1535/1648/1535 1536/1649/1536
f 1529/1642/1529 1538/1651/1538 1537/1650/1537
f 1538/1651/1538 1529/1642/1529 1530/1643/1530
f 1539/1652/1539 1537/1650/1537 1538/1651/1538
f 1539/1652/1539 1538/1651/1538 1540/1653/1540
f 1539/1652/1539 1540/1653/1540 1544/1657/1544
f 1547/1660/1547 1546/1659/1546 1544/1657/1544
f 1548/1661/1548 1547/1660/1547 1544/1657/1544
f 1541/1654/1541 1548/1661/1548 1544/1657/1544
f 1541/1654/1541 1544/1657/1544 1540/1653/1540
f 1541/1654/1541 1540/1653/1540 1538/1651/1538
f 1541/1654/1541 1538/1651/1538 1542/1655/1542
f 1533/1646/1533 1538/1651/1538 1530/1643/1530
f 1538/1651/1538 1533/1646/1533 1542/1655/1542
f 1543/1656/1543 1539/1652/1539 1544/1657/1544
f 1545/1658/1545 1543/1656/1543 1544/1657/1544
f 1545/1658/1545 1544/1657/1544 1546/1659/1546
f 1545/1658/1545 1550/1663/1550 1549/1662/1549
f 1550/1663/1550 1545/1658/1545 1546/1659/1546
f 1551/1664/1551 1550/1663/1550 1552/1665/1552
f 1550/1663/1550 1551/1664/1551 1549/1662/1549
f 1553/1666/1553 1550/1663/1550 1554/1667/1554
f 1550/1663/1550 1553/1666/1553 1552/1665/1552
f 1547/1660/1547 1554/1667/1554 1550/1663/1550
f 1550/1663/1550 1546/1659/1546 1547/1660/1547
f 1551/1664/1551 1552/1665/1552 1556/1669/1556
f 1556/1669/1556 1557/1670/1557 1555/1668/1555
f 1551/1664/1551 1556/1669/1556 1555/1668/1555
f 1557/1670/1557 1556/1669/1556 1558/1671/1558
f 1559/1672/1559 1558/1671/1558 1556/1669/1556
f 1560/1673/1560 1559/1672/1559 1556/1669/1556
f 1553/1666/1553 1560/1673/1560 1556/1669/1556
f 1553/1666/1553 1556/1669/1556 1552/1665/1552
f 1557/1670/1557 1562/1675/1562 1561/1674/1561
f 1562/1675/1562 1557/1670/1557 1558/1671/1558
f 1564/1677/1564 1563/1676/1563 3063/3593/3063
f 3063/3593/3063 3064/3594/3064 1564/1677/1564
f 3063/3593/3063 3065/3595/3065 1561/1674/1561
f 1561/1674/1561 1562/1675/1562 3063/3593/3063
f 1564/1677/1564 3064/3594/3064 3066/3596/3066
f 3066/3596/3066 1565/1678/1565 1564/1677/1564
f 1559/1672/1559 1562/1675/1562 1558/1671/1558
f 1562/1675/1562 1559/1672/1559 1566/1679/1566
f 1568/1681/1568 1569/1682/1569 1567/1680/1567
f 1567/1680/1567 1563/1676/1563 1568/1681/1568
f 1568/1681/1568 1563/1676/1563 1564/1677/1564
f 1571/1684/1571 1578/1691/1578 1574/1687/1574
f 1571/1684/1571 1574/1687/1574 1570/1683/1570
f 1571/1684/1571 1570/1683/1570 1568/1681/1568
f 1571/1684/1571 1568/1681/1568 1572/1685/1572
f 1565/1678/1565 1568/1681/1568 1564/1677/1564
f 1568/1681/1568 1565/1678/1565 1572/1685/1572
f 1569/1682/1569 1568/1681/1568 1570/1683/1570
f 1569/1682/1569 1570/1683/1570 1574/1687/1574
f 1569/1682/1569 1574/1687/1574 1573/1686/1573
f 1575/1688/1575 1574/1687/1574 1576/1689/1576
f 1574/1687/1574 1575/1688/1575 1573/1686/1573
f 1577/1690/1577 1576/1689/1576 1574/1687/1574
f 1574/1687/1574 1578/1691/1578 1577/1690/1577
f 1576/1689/1576 1577/1690/1577 1580/1693/1580
f 1575/1688/1575 1576/1689/1576 1580/1693/1580
f 1575/1688/1575 1580/1693/1580 1579/1692/1579
f 1581/1694/1581 1579/1692/1579 1580/1693/1580
f 1582/1695/1582 1581/1694/1581 1580/1693/1580
f 1583/1696/1583 1582/1695/1582 1580/1693/1580
f 1583/1696/1583 1580/1693/1580 1584/1697/1584
f 1583/1696/1583 1584/1697/1584 1677/1801/1677
f 1577/1690/1577 1677/1801/1677 1584/1697/1584
f 1584/1697/1584 1580/1693/1580 1577/1690/1577
f 1582/1695/1582 1583/1696/1583 1586/1699/1586
f 1581/1694/1581 1582/1695/1582 1586/1699/1586
f 1581/1694/1581 1586/1699/1586 1585/1698/1585
f 2937/1701/2937 2938/1700/2938 2977/1698/2977
f 1585/1698/1585 1586/1699/1586 1390/1701/1390
f 1392/1440/1392 30/56/30 441/55/441
f 441/55/441 10/54/10 443/58/443
f 441/55/441 443/58/443 216/59/216
f 216/59/216 1389/1437/1389 1586/1699/1586
f 441/55/441 216/59/216 1586/1699/1586
f 1392/1440/1392 441/55/441 1586/1699/1586
f 1392/1440/1392 1586/1699/1586 1583/1696/1583
f 1588/1706/1588 1390/1708/1390 2955/1707/2955
f 1591/1711/1591 1590/1710/1590 1589/1709/1589
f 1589/1709/1589 1682/1712/1682 1591/1711/1591
f 1588/1706/1588 1682/1712/1682 1589/1709/1589
f 1589/1709/1589 1587/1704/1587 1588/1706/1588
f 1591/1711/1591 1595/1717/1595 1593/1713/1593
f 1590/1710/1590 1591/1711/1591 1593/1713/1593
f 1590/1710/1590 1593/1713/1593 1592/3392/1592
f 1595/1716/1595 1599/1723/1599 1597/1719/1597
f 1597/1719/1597 1593/1715/1593 1595/1716/1595
f 1594/1714/1594 1592/3393/1592 1593/1715/1593
f 1596/1718/1596 1594/1714/1594 1593/1715/1593
f 1593/1715/1593 1597/1719/1597 3068/3598/3068
f 1596/1718/1596 1593/1715/1593 3068/3598/3068
f 1598/1720/1598 1596/1718/1596 3068/3598/3068
f 1598/1720/1598 3068/3598/3068 3067/3597/3067
f 1601/1725/1601 1602/1726/1602 1600/1724/1600
f 3068/3599/3068 1597/1721/1597 1599/1722/1599
f 1599/1722/1599 3069/3600/3069 3068/3599/3068
f 3069/3600/3069 3070/3601/3070 1603/1729/1603
f 1603/1729/1603 1601/1725/1601 3069/3600/3069
f 1605/1731/1605 1611/3399/1611 1607/3397/1607
f 1603/1728/1603 1605/1731/1605 1607/3397/1607
f 1601/1727/1601 1603/1728/1603 1607/3397/1607
f 1602/1726/1602 1601/1727/1601 1607/3397/1607
f 1604/3396/1604 1602/1726/1602 1607/3397/1607
f 1604/3396/1604 1607/3397/1607 1606/3398/1606
f 1608/1734/1608 1606/1732/1606 1607/1733/1607
f 1608/1734/1608 1607/1733/1607 1609/1735/1609
f 1608/1734/1608 1609/1735/1609 1613/1739/1613
f 1610/1736/1610 1613/1739/1613 1609/1735/1609
f 1610/1736/1610 1609/1735/1609 1607/1733/1607
f 1610/1736/1610 1607/1733/1607 1611/1737/1611
f 1613/1739/1613 1614/1740/1614 1612/1738/1612
f 1612/1738/1612 1608/1734/1608 1613/1739/1613
f 1615/1741/1615 1619/1745/1619 1614/1740/1614
f 1614/1740/1614 1613/1739/1613 1615/1741/1615
f 1616/1742/1616 1623/1749/1623 1619/1745/1619
f 1616/1742/1616 1619/1745/1619 1615/1741/1615
f 1616/1742/1616 1615/1741/1615 1613/1739/1613
f 1613/1739/1613 1610/1736/1610 1617/1743/1617
f 1616/1742/1616 1613/1739/1613 1617/1743/1617
f 1614/1740/1614 1619/1745/1619 1618/1744/1618
f 1620/1746/1620 1618/1744/1618 1619/1745/1619
f 1619/1745/1619 1621/1747/1621 1620/1746/1620
f 1622/1748/1622 1621/1747/1621 1619/1745/1619
f 1619/1745/1619 1623/1749/1623 1622/1748/1622
f 1620/1746/1620 1621/1747/1621 1625/1751/1625
f 1625/1751/1625 1624/1750/1624 1620/1746/1620
f 1626/1752/1626 1625/1751/1625 1627/1753/1627
f 1625/1751/1625 1626/1752/1626 1624/1750/1624
f 1628/1754/1628 1625/1751/1625 1629/1755/1629
f 1625/1751/1625 1628/1754/1628 1627/1753/1627
f 1622/1748/1622 1625/1751/1625 1621/1747/1621
f 1625/1751/1625 1622/1748/1622 1629/1755/1629
f 1628/1754/1628 1705/1847/1705 1637/1762/1637
f 1628/1754/1628 1637/1762/1637 1631/1757/1631
f 1627/1753/1627 1628/1754/1628 1631/1757/1631
f 1626/1752/1626 1627/1753/1627 1631/1757/1631
f 1626/1752/1626 1631/1757/1631 1630/1756/1630
f 1632/1758/1632 1634/1757/1634 1633/1759/1633
f 1631/1757/1631 1635/1760/1635 1630/1756/1630
f 1636/1761/1636 1631/1757/1631 1637/1762/1637
f 1638/1757/1638 1640/1764/1640 1639/1763/1639
f 1535/1648/1535 1642/1766/1642 1641/1765/1641
f 1641/1765/1641 1536/1649/1536 1535/1648/1535
f 1533/1646/1533 1534/1647/1534 1644/1768/1644
f 1644/1768/1644 1643/1767/1643 1533/1646/1533
f 1645/1769/1645 1644/1768/1644 1646/1770/1646
f 1644/1768/1644 1645/1769/1645 1643/1767/1643
f 1647/1771/1647 1648/1772/1648 1641/1765/1641
f 1641/1765/1641 1642/1766/1642 1647/1771/1647
f 1533/1646/1533 1649/1773/1649 1542/1655/1542
f 1649/1773/1649 1533/1646/1533 1643/1767/1643
f 1650/1774/1650 1653/1777/1653 1541/1654/1541
f 1541/1654/1541 1649/1773/1649 1650/1774/1650
f 1649/1773/1649 1541/1654/1541 1542/1655/1542
f 1651/1775/1651 1649/1773/1649 1652/1776/1652
f 1651/1775/1651 1653/1777/1653 1650/1774/1650
f 1650/1774/1650 1649/1773/1649 1651/1775/1651
f 1645/1769/1645 1652/1776/1652 1649/1773/1649
f 1649/1773/1649 1643/1767/1643 1645/1769/1645
f 1653/1777/1653 1547/1660/1547 1548/1661/1548
f 1548/1661/1548 1541/1654/1541 1653/1777/1653
f 1547/1660/1547 1653/1777/1653 1654/1778/1654
f 1653/1777/1653 1651/1775/1651 1656/1780/1656
f 1656/1780/1656 1655/1779/1655 1653/1777/1653
f 1653/1777/1653 1655/1779/1655 1654/1778/1654
f 1547/1660/1547 1654/1778/1654 1657/1781/1657
f 1657/1781/1657 1554/1667/1554 1547/1660/1547
f 1553/1666/1553 1554/1667/1554 1657/1781/1657
f 1657/1781/1657 1658/1782/1658 1553/1666/1553
f 1659/1783/1659 1657/1781/1657 1660/1784/1660
f 1657/1781/1657 1659/1783/1659 1658/1782/1658
f 1655/1779/1655 1660/1784/1660 1657/1781/1657
f 1657/1781/1657 1654/1778/1654 1655/1779/1655
f 1553/1666/1553 1658/1782/1658 1661/1785/1661
f 1560/1673/1560 1553/1666/1553 1661/1785/1661
f 1559/1672/1559 1560/1673/1560 1661/1785/1661
f 1559/1672/1559 1661/1785/1661 1662/1786/1662
f 1661/1785/1661 1663/1787/1663 1662/1786/1662
f 1664/1788/1664 1663/1787/1663 1661/1785/1661
f 1659/1783/1659 1664/1788/1664 1661/1785/1661
f 1659/1783/1659 1661/1785/1661 1658/1782/1658
f 1559/1672/1559 1662/1786/1662 1665/1789/1665
f 1665/1789/1665 1566/1679/1566 1559/1672/1559
f 3066/3596/3066 1566/1679/1566 1665/1789/1665
f 1665/1789/1665 3071/3603/3071 3066/3596/3066
f 1667/1791/1667 1672/1796/1672 1671/1795/1671
f 1671/1795/1671 1670/1794/1670 1669/1793/1669
f 1669/1793/1669 1666/1790/1666 3072/3604/3072
f 1671/1795/1671 1669/1793/1669 3072/3604/3072
f 1667/1791/1667 1671/1795/1671 3072/3604/3072
f 1667/1791/1667 3072/3604/3072 3073/3605/3073
f 1663/1787/1663 1668/1792/1668 1665/1789/1665
f 1665/1789/1665 1662/1786/1662 1663/1787/1663
f 3071/3603/3071 3072/3604/3072 1666/1790/1666
f 1565/1678/1565 3071/3603/3071 1666/1790/1666
f 1565/1678/1565 1666/1790/1666 1669/1793/1669
f 1565/1678/1565 1669/1793/1669 1572/1685/1572
f 1571/1684/1571 1669/1793/1669 1670/1794/1670
f 1669/1793/1669 1571/1684/1571 1572/1685/1572
f 1571/1684/1571 1673/1797/1673 1578/1691/1578
f 1673/1797/1673 1571/1684/1571 1670/1794/1670
f 1577/1690/1577 1673/1797/1673 1674/1798/1674
f 1673/1797/1673 1577/1690/1577 1578/1691/1578
f 1675/1799/1675 1674/1798/1674 1673/1797/1673
f 1673/1797/1673 1676/1800/1676 1675/1799/1675
f 1671/1795/1671 1676/1800/1676 1673/1797/1673
f 1673/1797/1673 1670/1794/1670 1671/1795/1671
f 1677/1801/1677 1577/1690/1577 1674/1798/1674
f 1678/1802/1678 1583/1696/1583 1677/1801/1677
f 1679/1803/1679 1678/1802/1678 1677/1801/1677
f 1679/1803/1679 1677/1801/1677 1680/1804/1680
f 1679/1803/1679 1680/1804/1680 1744/1888/1744
f 1583/1696/1583 1393/1805/1393 1392/1703/1392
f 1679/1803/1679 1395/1807/1395 1394/1806/1394
f 1394/1806/1394 1678/1802/1678 1679/1803/1679
f 1588/1706/1588 1396/1810/1396 2956/1809/2956
f 1682/1814/1682 1683/1816/1683 1591/1815/1591
f 1591/1815/1591 1683/1816/1683 1684/1818/1684
f 1684/1818/1684 1595/3400/1595 1591/1815/1591
f 1684/1819/1684 1685/1820/1685 1599/1822/1599
f 1599/1822/1599 1595/1716/1595 1684/1819/1684
f 3070/3602/3070 1599/1823/1599 1685/1824/1685
f 1685/1824/1685 3074/3606/3074 3070/3602/3070
f 3074/3606/3074 3075/3607/3075 1686/1828/1686
f 1686/1828/1686 1603/1825/1603 3074/3606/3074
f 1686/1827/1686 1688/1830/1688 1687/1829/1687
f 1687/1829/1687 1689/3402/1689 1605/3401/1605
f 1686/1827/1686 1687/1829/1687 1605/3401/1605
f 1603/1826/1603 1686/1827/1686 1605/3401/1605
f 1605/1730/1605 1689/1831/1689 1611/1737/1611
f 1691/1833/1691 1689/1831/1689 1692/1834/1692
f 1691/1833/1691 1693/1835/1693 1690/1832/1690
f 1690/1832/1690 1689/1831/1689 1691/1833/1691
f 1689/1831/1689 1687/1829/1687 1692/1834/1692
f 1610/1736/1610 1611/1737/1611 1689/1831/1689
f 1610/1736/1610 1689/1831/1689 1690/1832/1690
f 1610/1736/1610 1690/1832/1690 1693/1835/1693
f 1617/1743/1617 1610/1736/1610 1693/1835/1693
f 1616/1742/1616 1617/1743/1617 1693/1835/1693
f 1616/1742/1616 1693/1835/1693 1694/1836/1694
f 1616/1742/1616 1694/1836/1694 1697/1839/1697
f 1695/1837/1695 1700/1842/1700 1697/1839/1697
f 1695/1837/1695 1697/1839/1697 1694/1836/1694
f 1695/1837/1695 1694/1836/1694 1693/1835/1693
f 1693/1835/1693 1691/1833/1691 1696/1838/1696
f 1695/1837/1695 1693/1835/1693 1696/1838/1696
f 1616/1742/1616 1697/1839/1697 1623/1749/1623
f 1622/1748/1622 1697/1839/1697 1698/1840/1698
f 1697/1839/1697 1622/1748/1622 1623/1749/1623
f 1699/1841/1699 1697/1839/1697 1700/1842/1700
f 1697/1839/1697 1699/1841/1699 1698/1840/1698
f 1622/1748/1622 1698/1840/1698 1701/1843/1701
f 1701/1843/1701 1629/1755/1629 1622/1748/1622
f 1628/1754/1628 1701/1843/1701 1702/1844/1702
f 1701/1843/1701 1628/1754/1628 1629/1755/1629
f 1703/1845/1703 1701/1843/1701 1704/1846/1704
f 1701/1843/1701 1703/1845/1703 1702/1844/1702
f 1699/1841/1699 1701/1843/1701 1698/1840/1698
f 1701/1843/1701 1699/1841/1699 1704/1846/1704
f 1705/1847/1705 1628/1754/1628 1702/1844/1702
f 1706/1848/1706 1708/1847/1708 1707/1849/1707
f 1705/1847/1705 1709/1850/1709 1637/1762/1637
f 1710/1851/1710 1705/1847/1705 1711/1852/1711
f 1712/1847/1712 1714/1854/1714 1713/1853/1713
f 1703/1845/1703 1711/1852/1711 1705/1847/1705
f 1705/1847/1705 1702/1844/1702 1703/1845/1703
f 1647/1771/1647 1716/1856/1716 1715/1855/1715
f 1715/1855/1715 1648/1772/1648 1647/1771/1647
f 1645/1769/1645 1646/1770/1646 1718/1858/1718
f 1718/1858/1718 1717/1857/1717 1645/1769/1645
f 1719/1859/1719 1718/1858/1718 1720/1860/1720
f 1718/1858/1718 1719/1859/1719 1717/1857/1717
f 1721/1861/1721 1722/1862/1722 1715/1855/1715
f 1715/1855/1715 1716/1856/1716 1721/1861/1721
f 1645/1769/1645 1723/1863/1723 1652/1776/1652
f 1723/1863/1723 1645/1769/1645 1717/1857/1717
f 1651/1775/1651 1652/1776/1652 1723/1863/1723
f 1651/1775/1651 1723/1863/1723 1724/1864/1724
f 1651/1775/1651 1724/1864/1724 1727/1867/1727
f 1730/1870/1730 1729/1869/1729 1727/1867/1727
f 1725/1865/1725 1730/1870/1730 1727/1867/1727
f 1725/1865/1725 1727/1867/1727 1724/1864/1724
f 1725/1865/1725 1724/1864/1724 1723/1863/1723
f 1725/1865/1725 1723/1863/1723 1726/1866/1726
f 1719/1859/1719 1723/1863/1723 1717/1857/1717
f 1723/1863/1723 1719/1859/1719 1726/1866/1726
f 1656/1780/1656 1651/1775/1651 1727/1867/1727
f 1655/1779/1655 1656/1780/1656 1727/1867/1727
f 1655/1779/1655 1727/1867/1727 1728/1868/1728
f 1727/1867/1727 1729/1869/1729 1728/1868/1728
f 1655/1779/1655 1728/1868/1728 1731/1871/1731
f 1731/1871/1731 1660/1784/1660 1655/1779/1655
f 1659/1783/1659 1731/1871/1731 1732/1872/1732
f 1731/1871/1731 1659/1783/1659 1660/1784/1660
f 1733/1873/1733 1731/1871/1731 1734/1874/1734
f 1731/1871/1731 1733/1873/1733 1732/1872/1732
f 1729/1869/1729 1734/1874/1734 1731/1871/1731
f 1731/1871/1731 1728/1868/1728 1729/1869/1729
f 1659/1783/1659 1732/1872/1732 1735/1875/1735
f 1735/1875/1735 1663/1787/1663 1664/1788/1664
f 1659/1783/1659 1735/1875/1735 1664/1788/1664
f 1663/1787/1663 1735/1875/1735 1736/1876/1736
f 1737/1877/1737 1736/1876/1736 1735/1875/1735
f 1735/1875/1735 1733/1873/1733 1738/1878/1738
f 1737/1877/1737 1735/1875/1735 1738/1878/1738
f 1733/1873/1733 1735/1875/1735 1732/1872/1732
f 1663/1787/1663 1736/1876/1736 1739/1879/1739
f 1739/1879/1739 1668/1792/1668 1663/1787/1663
f 1667/1791/1667 3073/3605/3073 3076/3608/3076
f 3076/3608/3076 1740/1880/1740 1667/1791/1667
f 1398/1882/1398 1399/1881/1399 1740/1880/1740
f 1398/1882/1398 1740/1880/1740 3076/3608/3076
f 1398/1882/1398 3076/3608/3076 3060/3588/3060
f 1737/1877/1737 1739/1879/1739 1736/1876/1736
f 1400/1883/1400 1739/1879/1739 1737/1877/1737
f 1667/1791/1667 1740/1880/1740 1741/1885/1741
f 1672/1796/1672 1667/1791/1667 1741/1885/1741
f 1671/1795/1671 1672/1796/1672 1741/1885/1741
f 1671/1795/1671 1741/1885/1741 1742/1886/1742
f 1671/1795/1671 1742/1886/1742 1743/1887/1743
f 1671/1795/1671 1743/1887/1743 1676/1800/1676
f 1402/3403/1402 1403/3404/1403 1675/1799/1675
f 1675/1799/1675 1676/1800/1676 1743/1887/1743
f 1402/3403/1402 1675/1799/1675 1743/1887/1743
f 1683/1816/1683 1682/1817/1682 1407/1890/1407
f 1407/1890/1407 1745/3407/1745 1683/1816/1683
f 1683/1816/1683 1745/1891/1745 1746/1892/1746
f 1746/1892/1746 1684/1821/1684 1683/1816/1683
f 1746/1892/1746 1408/1893/1408 1747/1897/1747
f 1747/1897/1747 3061/3590/3061 3077/3609/3077
f 1746/1892/1746 1747/1897/1747 3077/3609/3077
f 1685/1820/1685 1746/1892/1746 3077/3609/3077
f 1746/1892/1746 1685/1820/1685 1684/1821/1684
f 1685/1824/1685 3077/3610/3077 3075/3607/3075
f 1749/1901/1749 1687/1829/1687 1688/1830/1688
f 1749/1901/1749 1688/1830/1688 1686/1827/1686
f 1749/1901/1749 1686/1827/1686 1748/1899/1748
f 1749/1901/1749 1748/1899/1748 1752/1900/1752
f 1749/1901/1749 1752/1900/1752 1411/3410/1411
f 1749/1901/1749 1411/3410/1411 1410/3411/1410
f 1749/1901/1749 1410/3411/1410 1751/3412/1751
f 1751/1903/1751 1753/1904/1753 1750/1902/1750
f 1750/1902/1750 1749/1901/1749 1751/1903/1751
f 1687/1829/1687 1749/1901/1749 1750/1902/1750
f 1687/1829/1687 1750/1902/1750 1753/1904/1753
f 1687/1829/1687 1753/1904/1753 1692/1834/1692
f 1691/1833/1691 1692/1834/1692 1753/1904/1753
f 1691/1833/1691 1753/1904/1753 1754/1905/1754
f 1691/1833/1691 1754/1905/1754 1757/1908/1757
f 1755/1906/1755 1757/1908/1757 1754/1905/1754
f 1755/1906/1755 1754/1905/1754 1753/1904/1753
f 1755/1906/1755 1753/1904/1753 1756/1907/1756
f 1753/1904/1753 1751/1903/1751 1756/1907/1756
f 1757/1908/1757 1695/1837/1695 1696/1838/1696
f 1696/1838/1696 1691/1833/1691 1757/1908/1757
f 1758/1909/1758 1761/1912/1761 1695/1837/1695
f 1695/1837/1695 1757/1908/1757 1758/1909/1758
f 1757/1908/1757 1755/1906/1755 1760/1911/1760
f 1760/1911/1760 1759/1910/1759 1757/1908/1757
f 1759/1910/1759 1761/1912/1761 1758/1909/1758
f 1758/1909/1758 1757/1908/1757 1759/1910/1759
f 1695/1837/1695 1761/1912/1761 1700/1842/1700
f 1699/1841/1699 1761/1912/1761 1762/1913/1762
f 1761/1912/1761 1699/1841/1699 1700/1842/1700
f 1763/1914/1763 1761/1912/1761 1764/1915/1764
f 1761/1912/1761 1763/1914/1763 1762/1913/1762
f 1761/1912/1761 1759/1910/1759 1764/1915/1764
f 1699/1841/1699 1765/1916/1765 1704/1846/1704
f 1765/1916/1765 1699/1841/1699 1762/1913/1762
f 1703/1845/1703 1704/1846/1704 1765/1916/1765
f 1765/1916/1765 1766/1917/1766 1703/1845/1703
f 1767/1918/1767 1766/1917/1766 1765/1916/1765
f 1765/1916/1765 1768/1919/1768 1767/1918/1767
f 1763/1914/1763 1768/1919/1768 1765/1916/1765
f 1765/1916/1765 1762/1913/1762 1763/1914/1763
f 1703/1845/1703 1766/1917/1766 1769/1920/1769
f 1769/1920/1769 1711/1852/1711 1703/1845/1703
f 1770/1921/1770 1772/1920/1772 1771/1922/1771
f 1769/1920/1769 1773/1923/1773 1711/1852/1711
f 1774/1924/1774 1769/1920/1769 1775/1925/1775
f 1776/1920/1776 1778/1927/1778 1777/1926/1777
f 1767/1918/1767 1775/1925/1775 1769/1920/1769
f 1769/1920/1769 1766/1917/1766 1767/1918/1767
f 1721/1861/1721 2927/3248/2927 1780/1929/1780
f 1721/1861/1721 1780/1929/1780 1779/1928/1779
f 1721/1861/1721 1779/1928/1779 1722/1862/1722
f 1720/1860/1720 2669/2994/2669 1782/1931/1782
f 1719/1859/1719 1720/1860/1720 1782/1931/1782
f 1719/1859/1719 1782/1931/1782 1781/1930/1781
f 1719/1859/1719 1781/1930/1781 1413/1933/1413
f 1719/1859/1719 1413/1933/1413 1412/1932/1412
f 1719/1859/1719 1412/1932/1412 1726/1866/1726
f 1725/1865/1725 1726/1866/1726 1412/1932/1412
f 1725/1865/1725 1412/1932/1412 1414/1935/1414
f 1725/1865/1725 1414/1935/1414 1783/1934/1783
f 1725/1865/1725 1783/1934/1783 1415/1937/1415
f 1729/1869/1729 1786/1939/1786 1785/1938/1785
f 1729/1869/1729 1785/1938/1785 1787/1941/1787
f 1729/1869/1729 1787/1941/1787 1416/1940/1416
f 1729/1869/1729 1416/1940/1416 1734/1874/1734
f 1733/1873/1733 1417/1943/1417 1788/1942/1788
f 1733/1873/1733 1419/1945/1419 1418/1944/1418
f 1738/1878/1738 1733/1873/1733 1418/1944/1418
f 1737/1877/1737 1738/1878/1738 1418/1944/1418
f 1737/1877/1737 1418/1944/1418 1421/1947/1421
f 1737/1877/1737 1421/1947/1421 1420/1946/1420
f 1737/1877/1737 1420/1946/1420 1422/1948/1422
f 1422/1948/1422 1400/1884/1400 1737/1877/1737
f 1410/1466/1410 63/243/63 1424/1950/1424
f 1751/1903/1751 1410/1466/1410 1424/1950/1424
f 1751/1903/1751 1424/1950/1424 1423/1949/1423
f 1751/1903/1751 1423/1949/1423 1790/1952/1790
f 1751/1903/1751 1790/1952/1790 1789/1951/1789
f 1751/1903/1751 1789/1951/1789 1756/1907/1756
f 1429/1957/1429 1792/1960/1792 1759/1910/1759
f 1759/1910/1759 1430/1958/1430 1429/1957/1429
f 1791/1959/1791 1764/1915/1764 1759/1910/1759
f 1759/1910/1759 1792/1960/1792 1791/1959/1791
f 1763/1914/1763 1764/1915/1764 1791/1959/1791
f 1763/1914/1763 1791/1959/1791 1432/1962/1432
f 1763/1914/1763 1432/1962/1432 1431/1961/1431
f 1763/1914/1763 1431/1961/1431 1794/1964/1794
f 1763/1914/1763 1794/1964/1794 1793/1963/1793
f 1763/1914/1763 1793/1963/1793 1768/1919/1768
f 1767/1918/1767 1768/1919/1768 1793/1963/1793
f 1767/1918/1767 1793/1963/1793 1796/1966/1796
f 1767/1918/1767 1796/1966/1796 1795/1965/1795
f 1767/1918/1767 1795/1965/1795 1798/1968/1798
f 1767/1918/1767 1798/1968/1798 1797/1967/1797
f 1767/1918/1767 1797/1967/1797 1775/1925/1775
f 1801/1970/1801 1805/1973/1805 1437/1974/1437
f 1801/1970/1801 1437/1974/1437 1440/1977/1440
f 1801/1970/1801 1440/1977/1440 1435/1976/1435
f 1804/1972/1804 1441/2002/1441 1806/1979/1806
f 1804/1972/1804 1806/1979/1806 1439/1978/1439
f 1804/1972/1804 1439/1978/1439 1438/1975/1438
f 1804/1972/1804 1438/1975/1438 1437/1974/1437
f 1804/1972/1804 1437/1974/1437 1805/1973/1805
f 1807/1980/1807 1444/1985/1444 1443/1982/1443
f 1443/1982/1443 1442/1981/1442 1807/1980/1807
f 1447/1988/1447 1811/1987/1811 1810/1986/1810
f 1810/1986/1810 1436/1989/1436 1447/1988/1447
f 1808/1983/1808 1448/1991/1448 1446/1990/1446
f 1813/1993/1813 1812/1992/1812 1801/1970/1801
f 1434/1515/1434 69/270/69 530/282/530
f 530/282/530 74/283/74 255/280/255
f 1434/1515/1434 530/282/530 255/280/255
f 255/280/255 532/281/532 68/271/68
f 255/280/255 68/271/68 1803/1518/1803
f 1434/1515/1434 255/280/255 1803/1518/1803
f 1801/1970/1801 1434/1515/1434 1803/1518/1803
f 1813/1993/1813 1801/1970/1801 1803/1518/1803
f 1802/1971/1802 1813/1993/1813 1803/1518/1803
f 1812/1992/1812 1815/1995/1815 1814/1994/1814
f 1814/1994/1814 1801/1970/1801 1812/1992/1812
f 1812/1992/1812 1817/1997/1817 1816/1996/1816
f 1816/1996/1816 1815/1995/1815 1812/1992/1812
f 1817/1997/1817 1812/1992/1812 1813/1993/1813
f 1801/1970/1801 1818/1998/1818 1805/1973/1805
f 1818/1998/1818 1801/1970/1801 1814/1994/1814
f 1804/1972/1804 1805/1973/1805 1818/1998/1818
f 1804/1972/1804 1818/1998/1818 1819/1999/1819
f 1804/1972/1804 1819/1999/1819 1822/2004/1822
f 1823/2006/1823 1826/2009/1826 1825/2008/1825
f 1823/2006/1823 1825/2008/1825 1822/2004/1822
f 1824/2007/1824 1823/2006/1823 1822/2004/1822
f 1820/2000/1820 1824/2007/1824 1822/2004/1822
f 1820/2000/1820 1822/2004/1822 1819/1999/1819
f 1820/2000/1820 1819/1999/1819 1818/1998/1818
f 1820/2000/1820 1818/1998/1818 1821/2001/1821
f 1815/1995/1815 1821/2001/1821 1818/1998/1818
f 1818/1998/1818 1814/1994/1814 1815/1995/1815
f 1441/2002/1441 1804/1972/1804 1822/2004/1822
f 1822/2004/1822 1450/2005/1450 1449/2003/1449
f 1441/2002/1441 1822/2004/1822 1449/2003/1449
f 1450/2005/1450 1822/2004/1822 1825/2008/1825
f 1825/2008/1825 1826/2009/1826 1450/2005/1450
f 1826/2009/1826 1823/2006/1823 1827/2013/1827
f 1828/2019/1828 1452/2021/1452 1826/2014/1826
f 1826/2014/1826 1829/2017/1829 1828/2019/1828
f 1826/2014/1826 1827/2012/1827 1829/2018/1829
f 3062/3592/3062 1453/2026/1453 1828/3413/1828
f 3078/3611/3078 3062/3592/3062 1828/3413/1828
f 1829/3414/1829 3078/3611/3078 1828/3413/1828
f 1830/2028/1830 1831/2030/1831 1454/2027/1454
f 1454/2027/1454 1899/2029/1899 1830/2028/1830
f 1832/3277/1832 78/310/78 1455/3415/1455
f 1455/2032/1455 1831/2030/1831 1830/2028/1830
f 1833/2033/1833 1458/2045/1458 1457/2036/1457
f 1833/2033/1833 1457/2036/1457 1456/2035/1456
f 1833/2033/1833 1456/2035/1456 1834/2034/1834
f 1833/2033/1833 1834/2034/1834 1902/2143/1902
f 1835/2037/1835 1460/2040/1460 1461/2039/1461
f 1461/2039/1461 1462/2038/1462 1835/2037/1835
f 1836/2042/1836 1835/2037/1835 1837/2043/1837
f 1835/2037/1835 1836/2042/1836 1841/2052/1841
f 1841/2052/1841 3079/3613/3079 3080/3614/3080
f 1835/2037/1835 1841/2052/1841 3080/3614/3080
f 1835/2037/1835 3080/3614/3080 1839/2046/1839
f 1835/2037/1835 1839/2046/1839 1838/2044/1838
f 1833/2033/1833 1837/2043/1837 1835/2037/1835
f 1458/2045/1458 1833/2033/1833 1835/2037/1835
f 1458/2045/1458 1835/2037/1835 1462/2038/1462
f 1464/2041/1464 1460/2040/1460 1835/2037/1835
f 1463/2047/1463 1464/2041/1464 1835/2037/1835
f 1463/2047/1463 1835/2037/1835 1838/2044/1838
f 1463/2047/1463 1838/2044/1838 1839/2046/1839
f 1463/2047/1463 1839/2046/1839 1466/2048/1466
f 1467/2055/1467 1842/2053/1842 1843/2054/1843
f 1843/2054/1843 1469/2057/1469 1470/2056/1470
f 1467/2055/1467 1843/2054/1843 1470/2056/1470
f 1843/2054/1843 1472/2058/1472 1469/2057/1469
f 1844/2059/1844 1846/2061/1846 1843/2054/1843
f 1843/2054/1843 1845/2060/1845 1844/2059/1844
f 1840/2051/1840 1845/2060/1845 1843/2054/1843
f 1843/2054/1843 1842/2053/1842 1840/2051/1840
f 1847/2062/1847 1476/2066/1476 1473/2065/1473
f 1847/2062/1847 1473/2065/1473 1474/2064/1474
f 1847/2062/1847 1474/2064/1474 1471/2063/1471
f 1847/2062/1847 1471/2063/1471 1846/2061/1846
f 1848/2067/1848 1851/2070/1851 1850/2069/1850
f 1848/2067/1848 1850/2069/1850 1847/2062/1847
f 1847/2062/1847 1844/2059/1844 1849/2068/1849
f 1848/2067/1848 1847/2062/1847 1849/2068/1849
f 1844/2059/1844 1847/2062/1847 1846/2061/1846
f 1475/2071/1475 1476/2066/1476 1847/2062/1847
f 1475/2071/1475 1847/2062/1847 1850/2069/1850
f 1475/2071/1475 1850/2069/1850 1851/2070/1851
f 1475/2071/1475 1851/2070/1851 1478/2072/1478
f 1851/2070/1851 1848/2067/1848 1853/2076/1853
f 1853/2076/1853 1852/2075/1852 1851/2070/1851
f 1852/2075/1852 1855/2078/1855 1854/2077/1854
f 1854/2077/1854 1851/2070/1851 1852/2075/1852
f 1855/2078/1855 1857/2082/1857 1480/2081/1480
f 1855/2078/1855 1480/2081/1480 1481/2080/1481
f 1855/2078/1855 1481/2080/1481 1856/2079/1856
f 1477/2073/1477 1478/2072/1478 1851/2070/1851
f 1479/2074/1479 1477/2073/1477 1851/2070/1851
f 1856/2079/1856 1479/2074/1479 1851/2070/1851
f 1856/2079/1856 1851/2070/1851 1854/2077/1854
f 1855/2078/1855 1856/2079/1856 1854/2077/1854
f 1855/2078/1855 1852/2075/1852 1859/2084/1859
f 1859/2084/1859 1858/2083/1858 1855/2078/1855
f 1858/2083/1858 1861/2086/1861 1860/2085/1860
f 1860/2085/1860 1855/2078/1855 1858/2083/1858
f 1860/2085/1860 1861/2086/1861 1857/2082/1857
f 1857/2082/1857 1855/2078/1855 1860/2085/1860
f 1442/1981/1442 1482/2089/1482 1861/2086/1861
f 1861/2086/1861 1862/2088/1862 1807/1980/1807
f 1442/1981/1442 1861/2086/1861 1807/1980/1807
f 1863/2090/1863 1862/2088/1862 1861/2086/1861
f 1861/2086/1861 1864/2091/1864 1863/2090/1863
f 1861/2086/1861 1858/2083/1858 1864/2091/1864
f 1865/2092/1865 1807/1980/1807 1862/2088/1862
f 1808/1983/1808 1865/2092/1865 1866/2093/1866
f 1867/2094/1867 1866/2093/1866 1865/2092/1865
f 1865/2092/1865 1868/2095/1868 1867/2094/1867
f 1863/2090/1863 1865/2092/1865 1862/2088/1862
f 1865/2092/1865 1863/2090/1863 1868/2095/1868
f 1869/2096/1869 1808/1983/1808 1866/2093/1866
f 1870/2097/1870 1872/2096/1872 1871/2098/1871
f 1869/2096/1869 1873/2099/1873 1811/1987/1811
f 1874/2100/1874 1869/2096/1869 1875/2101/1875
f 1876/2096/1876 1878/2103/1878 1877/2102/1877
f 1867/2094/1867 1875/2101/1875 1869/2096/1869
f 1869/2096/1869 1866/2093/1866 1867/2094/1867
f 1879/2104/1879 1815/1995/1815 1816/1996/1816
f 1816/1996/1816 1817/1997/1817 1879/2104/1879
f 1879/2104/1879 1817/1997/1817 1880/2105/1880
f 1879/2104/1879 1882/2107/1882 1881/2106/1881
f 1881/2106/1881 1815/1995/1815 1879/2104/1879
f 1886/2111/1886 1884/2109/1884 1887/2112/1887
f 1815/1995/1815 1888/2113/1888 1821/2001/1821
f 1888/2113/1888 1815/1995/1815 1881/2106/1881
f 1889/2114/1889 1892/2117/1892 1820/2000/1820
f 1820/2000/1820 1888/2113/1888 1889/2114/1889
f 1888/2113/1888 1820/2000/1820 1821/2001/1821
f 1895/2120/1895 1894/2119/1894 1892/2117/1892
f 1890/2115/1890 1895/2120/1895 1892/2117/1892
f 1890/2115/1890 1892/2117/1892 1889/2114/1889
f 1890/2115/1890 1889/2114/1889 1888/2113/1888
f 1890/2115/1890 1888/2113/1888 1891/2116/1891
f 1882/2107/1882 1891/2116/1891 1888/2113/1888
f 1888/2113/1888 1881/2106/1881 1882/2107/1882
f 1892/2117/1892 1823/2006/1823 1824/2007/1824
f 1824/2007/1824 1820/2000/1820 1892/2117/1892
f 1893/2121/1893 1827/2013/1827 1823/2006/1823
f 1823/2006/1823 1892/3416/1892 1893/2121/1893
f 1892/2117/1892 1894/2119/1894 1893/2118/1893
f 1896/2122/1896 1829/3417/1829 1827/2012/1827
f 1827/2012/1827 1893/2121/1893 1896/2122/1896
f 1893/2121/1893 1894/2123/1894 1896/2122/1896
f 1896/2124/1896 1894/2123/1894 1897/2125/1897
f 1898/2128/1898 3078/3612/3078 3081/3615/3081
f 3085/3620/3085 3081/3616/3081 1896/3418/1896
f 1964/2208/1964 3085/3620/3085 1896/3418/1896
f 1897/2127/1897 1964/2208/1964 1896/3418/1896
f 1899/2131/1899 1900/2133/1900 1830/2132/1830
f 1455/2135/1455 1969/2138/1969 1970/2137/1970
f 1970/2137/1970 1832/3419/1832 1455/2135/1455
f 1900/2133/1900 1969/2138/1969 1455/2135/1455
f 1455/2135/1455 1830/2132/1830 1900/2133/1900
f 1901/2140/1901 1486/2142/1486 1485/2141/1485
f 1903/2145/1903 1833/2033/1833 1902/2143/1902
f 1904/2146/1904 1903/2145/1903 1902/2143/1902
f 1904/2146/1904 1902/2143/1902 1905/2147/1905
f 1904/2146/1904 1905/2147/1905 1973/2229/1973
f 1972/3423/1972 2043/3424/2043 1973/2229/1973
f 1901/2140/1901 1972/3423/1972 1973/2229/1973
f 1901/2140/1901 1973/2229/1973 1905/2147/1905
f 1901/2140/1901 1905/2147/1905 1902/2143/1902
f 1834/3484/1834 1456/3485/1456 1459/3420/1459
f 1902/2143/1902 1834/3484/1834 1459/3420/1459
f 1902/2143/1902 1459/3420/1459 1487/2144/1487
f 1901/2140/1901 1902/2143/1902 1487/2144/1487
f 1833/2033/1833 1903/2145/1903 1906/2148/1906
f 1906/2148/1906 1837/2043/1837 1833/2033/1833
f 1836/2042/1836 1837/2043/1837 1906/2148/1906
f 1836/2042/1836 1906/2148/1906 1907/2149/1907
f 1836/2042/1836 1907/2149/1907 1910/2152/1910
f 1908/2150/1908 1906/2148/1906 1909/2151/1909
f 1913/2155/1913 3084/3619/3084 3083/3618/3083
f 1913/2155/1913 3083/3618/3083 1910/2152/1910
f 1908/2150/1908 1913/2155/1913 1910/2152/1910
f 1908/2150/1908 1910/2152/1910 1907/2149/1907
f 1906/2148/1906 1908/2150/1908 1907/2149/1907
f 1904/2146/1904 1906/2148/1906 1903/2145/1903
f 1906/2148/1906 1904/2146/1904 1909/2151/1909
f 1840/2051/1840 3079/3613/3079 3082/3617/3082
f 3082/3617/3082 1911/2153/1911 1840/2051/1840
f 1910/2152/1910 3083/3618/3083 3082/3617/3082
f 1840/2051/1840 1911/2153/1911 1914/2156/1914
f 1914/2156/1914 1845/2060/1845 1840/2051/1840
f 1844/2059/1844 1914/2156/1914 1915/2157/1915
f 1914/2156/1914 1844/2059/1844 1845/2060/1845
f 1916/2158/1916 1915/2157/1915 1914/2156/1914
f 1914/2156/1914 1917/2159/1917 1916/2158/1916
f 1912/2154/1912 1917/2159/1917 1914/2156/1914
f 1914/2156/1914 1911/2153/1911 1912/2154/1912
f 1918/2160/1918 1848/2067/1848 1849/2068/1849
f 1849/2068/1849 1844/2059/1844 1918/2160/1918
f 1918/2160/1918 1844/2059/1844 1915/2157/1915
f 1919/2161/1919 1922/2164/1922 1848/2067/1848
f 1848/2067/1848 1918/2160/1918 1919/2161/1919
f 1918/2160/1918 1916/2158/1916 1921/2163/1921
f 1921/2163/1921 1920/2162/1920 1918/2160/1918
f 1925/2167/1925 1924/2166/1924 1922/2164/1922
f 1920/2162/1920 1925/2167/1925 1922/2164/1922
f 1920/2162/1920 1922/2164/1922 1919/2161/1919
f 1918/2160/1918 1920/2162/1920 1919/2161/1919
f 1916/2158/1916 1918/2160/1918 1915/2157/1915
f 1922/2164/1922 1852/2075/1852 1853/2076/1853
f 1853/2076/1853 1848/2067/1848 1922/2164/1922
f 1923/2165/1923 1926/2168/1926 1852/2075/1852
f 1852/2075/1852 1922/2164/1922 1923/2165/1923
f 1929/2171/1929 1928/2170/1928 1926/2168/1926
f 1924/2166/1924 1929/2171/1929 1926/2168/1926
f 1924/2166/1924 1926/2168/1926 1923/2165/1923
f 1922/2164/1922 1924/2166/1924 1923/2165/1923
f 1926/2168/1926 1858/2083/1858 1859/2084/1859
f 1859/2084/1859 1852/2075/1852 1926/2168/1926
f 1928/2170/1928 1930/2172/1930 1927/2169/1927
f 1927/2169/1927 1926/2168/1926 1928/2170/1928
f 1858/2083/1858 1926/2168/1926 1927/2169/1927
f 1858/2083/1858 1927/2169/1927 1930/2172/1930
f 1858/2083/1858 1930/2172/1930 1864/2091/1864
f 1863/2090/1863 1930/2172/1930 1931/2173/1931
f 1930/2172/1930 1863/2090/1863 1864/2091/1864
f 1932/2174/1932 1931/2173/1931 1930/2172/1930
f 1930/2172/1930 1933/2175/1933 1932/2174/1932
f 1930/2172/1930 1928/2170/1928 1933/2175/1933
f 1863/2090/1863 1934/2176/1934 1868/2095/1868
f 1931/2173/1931 1932/2174/1932 1934/2176/1934
f 1934/2176/1934 1863/2090/1863 1931/2173/1931
f 1934/2176/1934 1936/2178/1936 1935/2177/1935
f 1935/2177/1935 1867/2094/1867 1934/2176/1934
f 1934/2176/1934 1867/2094/1867 1868/2095/1868
f 1937/2179/1937 2004/2261/2004 1936/2178/1936
f 1936/2178/1936 1934/2176/1934 1937/2179/1937
f 2001/2258/2001 2002/2259/2002 2004/2261/2004
f 1932/2174/1932 2001/2258/2001 2004/2261/2004
f 1932/2174/1932 2004/2261/2004 1937/2179/1937
f 1934/2176/1934 1932/2174/1932 1937/2179/1937
f 1935/2177/1935 1936/2178/1936 1938/2180/1938
f 1867/2094/1867 1935/2177/1935 1938/2180/1938
f 1867/2094/1867 1938/2180/1938 1875/2101/1875
f 1939/2181/1939 1941/2180/1941 1940/2182/1940
f 1938/2180/1938 1942/2183/1942 1875/2101/1875
f 1943/2184/1943 1938/2180/1938 1944/2185/1944
f 1945/2180/1945 1947/2187/1947 1946/2186/1946
f 1938/2180/1938 1936/2178/1936 1944/2185/1944
f 1884/2109/1884 1948/2188/1948 1887/2112/1887
f 1948/2188/1948 1884/2109/1884 1949/2189/1949
f 1882/2107/1882 1879/2104/1879 1883/2108/1883
f 1882/2107/1882 1883/2108/1883 1951/2191/1951
f 1950/2190/1950 1882/2107/1882 1951/2191/1951
f 1952/2192/1952 1950/2190/1950 1951/2191/1951
f 1952/2192/1952 1951/2191/1951 1953/2193/1953
f 1954/2194/1954 1955/2195/1955 1948/2188/1948
f 1948/2188/1948 1949/2189/1949 1954/2194/1954
f 1882/2107/1882 1950/2190/1950 1956/2196/1956
f 1956/2196/1956 1891/2116/1891 1882/2107/1882
f 1958/2198/1958 1956/2196/1956 1959/2199/1959
f 1958/2198/1958 1960/2200/1960 1957/2197/1957
f 1957/2197/1957 1956/2196/1956 1958/2198/1958
f 1952/2192/1952 1959/2199/1959 1956/2196/1956
f 1956/2196/1956 1950/2190/1950 1952/2192/1952
f 1890/2115/1890 1891/2116/1891 1956/2196/1956
f 1890/2115/1890 1956/2196/1956 1957/2197/1957
f 1890/2115/1890 1957/2197/1957 1960/2200/1960
f 1960/2200/1960 1894/2119/1894 1895/2120/1895
f 1890/2115/1890 1960/2200/1960 1895/2120/1895
f 1894/2119/1894 1960/2200/1960 1961/2201/1961
f 1962/2202/1962 1961/2201/1961 1960/2200/1960
f 1960/2200/1960 1958/2198/1958 1963/2203/1963
f 1962/2202/1962 1960/2200/1960 1963/2203/1963
f 1894/2123/1894 1961/2204/1961 1964/2205/1964
f 1962/2206/1962 1965/3421/1965 1964/2205/1964
f 1964/2205/1964 1961/2204/1961 1962/2206/1962
f 1894/2123/1894 1964/2207/1964 1897/2125/1897
f 3088/3624/3088 3085/3621/3085 1964/3422/1964
f 2034/2293/2034 3088/3624/3088 1964/3422/1964
f 1965/2209/1965 2034/2293/2034 1964/3422/1964
f 1898/2129/1898 1966/2211/1966 1967/2214/1967
f 1967/2214/1967 1899/2134/1899 1898/2129/1898
f 1967/2214/1967 1900/2133/1900 1899/2134/1899
f 1967/2214/1967 1968/2216/1968 1900/2215/1900
f 1968/2216/1968 1969/2218/1969 1900/2215/1900
f 1971/2221/1971 1488/2220/1488 2959/2219/2959
f 2959/2219/2959 1970/2137/1970 1971/2221/1971
f 1971/2221/1971 1490/2222/1490 1488/2220/1488
f 1971/2221/1971 1492/2224/1492 1489/2223/1489
f 1901/2140/1901 1493/2227/1493 2960/2226/2960
f 1973/2229/1973 1975/2231/1975 1974/2230/1974
f 1974/2230/1974 1904/2146/1904 1973/2229/1973
f 1904/2146/1904 1976/2233/1976 1909/2151/1909
f 1976/2233/1976 1904/2146/1904 1974/2230/1974
f 1977/2234/1977 1980/2237/1980 1908/2150/1908
f 1908/2150/1908 1976/2233/1976 1977/2234/1977
f 1976/2233/1976 1908/2150/1908 1909/2151/1909
f 1978/2235/1978 1980/2237/1980 1977/2234/1977
f 1978/2235/1978 1977/2234/1977 1976/2233/1976
f 1978/2235/1978 1976/2233/1976 1979/2236/1979
f 1975/2231/1975 1976/2233/1976 1974/2230/1974
f 1976/2233/1976 1975/2231/1975 1979/2236/1979
f 1912/2154/1912 3084/3619/3084 3086/3622/3086
f 3086/3622/3086 1981/2238/1981 1912/2154/1912
f 1981/2238/1981 3086/3622/3086 3087/3623/3087
f 3087/3623/3087 1982/2239/1982 1981/2238/1981
f 1912/2154/1912 1981/2238/1981 1984/2241/1984
f 1984/2241/1984 1917/2159/1917 1912/2154/1912
f 1916/2158/1916 1984/2241/1984 1985/2242/1985
f 1984/2241/1984 1916/2158/1916 1917/2159/1917
f 1986/2243/1986 1985/2242/1985 1984/2241/1984
f 1984/2241/1984 1987/2244/1987 1986/2243/1986
f 1982/2239/1982 1987/2244/1987 1984/2241/1984
f 1984/2241/1984 1981/2238/1981 1982/2239/1982
f 1988/2245/1988 1920/2162/1920 1921/2163/1921
f 1921/2163/1921 1916/2158/1916 1988/2245/1988
f 1988/2245/1988 1916/2158/1916 1985/2242/1985
f 1989/2246/1989 1992/2249/1992 1920/2162/1920
f 1920/2162/1920 1988/2245/1988 1989/2246/1989
f 1988/2245/1988 1986/2243/1986 1991/2248/1991
f 1991/2248/1991 1990/2247/1990 1988/2245/1988
f 1995/2252/1995 1994/2251/1994 1992/2249/1992
f 1990/2247/1990 1995/2252/1995 1992/2249/1992
f 1990/2247/1990 1992/2249/1992 1989/2246/1989
f 1988/2245/1988 1990/2247/1990 1989/2246/1989
f 1986/2243/1986 1988/2245/1988 1985/2242/1985
f 1992/2249/1992 1924/2166/1924 1925/2167/1925
f 1925/2167/1925 1920/2162/1920 1992/2249/1992
f 1993/2250/1993 1996/2253/1996 1924/2166/1924
f 1924/2166/1924 1992/2249/1992 1993/2250/1993
f 1994/2251/1994 1996/2253/1996 1993/2250/1993
f 1993/2250/1993 1992/2249/1992 1994/2251/1994
f 1996/2253/1996 1994/2251/1994 1999/2256/1999
f 1999/2256/1999 1998/2255/1998 1996/2253/1996
f 1998/2255/1998 2000/2257/2000 1997/2254/1997
f 1997/2254/1997 1996/2253/1996 1998/2255/1998
f 1929/2171/1929 1924/2166/1924 1996/2253/1996
f 1928/2170/1928 1929/2171/1929 1996/2253/1996
f 1928/2170/1928 1996/2253/1996 1997/2254/1997
f 1928/2170/1928 1997/2254/1997 2000/2257/2000
f 1928/2170/1928 2000/2257/2000 1933/2175/1933
f 1932/2174/1932 1933/2175/1933 2000/2257/2000
f 2000/2257/2000 2001/2258/2001 1932/2174/1932
f 2002/2259/2002 2000/2257/2000 2003/2260/2003
f 2000/2257/2000 2002/2259/2002 2001/2258/2001
f 2000/2257/2000 1998/2255/1998 2003/2260/2003
f 1936/2178/1936 2004/2261/2004 2005/2262/2005
f 2006/2263/2006 2004/2261/2004 2007/2264/2007
f 2004/2261/2004 2006/2263/2006 2005/2262/2005
f 2004/2261/2004 2002/2259/2002 2007/2264/2007
f 1936/2178/1936 2008/2265/2008 1944/2185/1944
f 2008/2265/2008 1936/2178/1936 2005/2262/2005
f 2009/2266/2009 2011/2265/2011 2010/2267/2010
f 2008/2265/2008 2012/2268/2012 1944/2185/1944
f 2013/2269/2013 2008/2265/2008 2014/2270/2014
f 2015/2265/2015 2017/2272/2017 2016/2271/2016
f 2006/2263/2006 2008/2265/2008 2005/2262/2005
f 2140/2437/2140 2209/2518/2209 2212/2521/2212
f 2140/2437/2140 2212/2521/2212 2148/2444/2148
f 2140/2437/2140 2148/2444/2148 2142/2439/2142
f 2139/2436/2139 2140/2437/2140 2142/2439/2142
f 2074/2348/2074 2139/2436/2139 2142/2439/2142
f 2074/2348/2074 2142/2439/2142 2082/2355/2082
f 2074/2348/2074 2082/2355/2082 2076/2350/2076
f 2073/2347/2073 2074/2348/2074 2076/2350/2076
f 2006/2263/2006 2073/2347/2073 2076/2350/2076
f 2006/2263/2006 2076/2350/2076 2014/2270/2014
f 2008/2265/2008 2006/2263/2006 2014/2270/2014
f 1954/2194/1954 2019/2274/2019 2018/2273/2018
f 2018/2273/2018 1955/2195/1955 1954/2194/1954
f 1952/2192/1952 2021/2276/2021 2020/2275/2020
f 2021/2276/2021 1952/2192/1952 1953/2193/1953
f 2022/2277/2022 2021/2276/2021 2023/2278/2023
f 2021/2276/2021 2022/2277/2022 2020/2275/2020
f 2024/2279/2024 2025/2280/2025 2018/2273/2018
f 2018/2273/2018 2019/2274/2019 2024/2279/2024
f 1952/2192/1952 2020/2275/2020 2026/2281/2026
f 2026/2281/2026 1959/2199/1959 1952/2192/1952
f 2026/2281/2026 1958/2198/1958 1959/2199/1959
f 2028/2283/2028 2026/2281/2026 2029/2284/2029
f 2032/2287/2032 2031/2286/2031 2030/2285/2030
f 2033/2288/2033 2032/2287/2032 2030/2285/2030
f 2028/2283/2028 2033/2288/2033 2030/2285/2030
f 2028/2283/2028 2030/2285/2030 2027/2282/2027
f 2026/2281/2026 2028/2283/2028 2027/2282/2027
f 2022/2277/2022 2029/2284/2029 2026/2281/2026
f 2026/2281/2026 2020/2275/2020 2022/2277/2022
f 1958/2198/1958 2026/2281/2026 2027/2282/2027
f 1958/2198/1958 2027/2282/2027 2030/2285/2030
f 2030/2285/2030 1962/2202/1962 1963/2203/1963
f 1958/2198/1958 2030/2285/2030 1963/2203/1963
f 1962/2202/1962 2030/2285/2030 2031/2286/2031
f 2034/2290/2034 1965/3425/1965 1962/2206/1962
f 1962/2206/1962 2031/2289/2031 2034/2290/2034
f 2032/2291/2032 2035/3426/2035 2034/2290/2034
f 2034/2290/2034 2031/2289/2031 2032/2291/2032
f 3091/3628/3091 3088/3625/3088 2034/3427/2034
f 2103/2381/2103 3091/3628/3091 2034/3427/2034
f 2035/2294/2035 2103/2381/2103 2034/3427/2034
f 1966/2212/1966 2037/2299/2037 1967/2217/1967
f 2037/2299/2037 1966/2212/1966 2036/2296/2036
f 2037/2299/2037 1968/2216/1968 1967/2217/1967
f 2037/2299/2037 2038/2301/2038 1968/2300/1968
f 2038/2301/2038 1969/2303/1969 1968/2300/1968
f 1969/2303/1969 2038/2301/2038 2108/2306/2108
f 1970/2304/1970 2039/2305/2039 2112/2394/2112
f 2112/2394/2112 1497/1591/1497 318/615/318
f 318/615/318 634/538/634 303/537/303
f 318/615/318 303/537/303 1496/1589/1496
f 2112/2394/2112 318/615/318 1496/1589/1496
f 2112/2394/2112 1496/1589/1496 2040/2307/2040
f 1970/2304/1970 2112/2394/2112 2040/2307/2040
f 1970/2304/1970 2040/2307/2040 1971/3429/1971
f 1491/2308/1491 1971/2225/1971 2040/2307/2040
f 2980/2307/2980 2939/2309/2939 2940/2308/2940
f 2040/2307/2040 1496/2311/1496 1494/2310/1494
f 1975/2231/1975 2043/2315/2043 2041/2316/2041
f 2043/2315/2043 1975/2231/1975 1973/2232/1973
f 2043/2315/2043 2042/2317/2042 2041/2316/2041
f 1975/2231/1975 2044/2318/2044 1979/2236/1979
f 2044/2318/2044 1975/2231/1975 2041/2316/2041
f 2044/2318/2044 1978/2235/1978 1979/2236/1979
f 2046/2320/2046 2044/2318/2044 2047/2321/2047
f 2046/2320/2046 2051/2325/2051 3090/3627/3090
f 3090/3627/3090 3089/3626/3089 2048/2322/2048
f 2046/2320/2046 3090/3627/3090 2048/2322/2048
f 2046/2320/2046 2048/2322/2048 2045/2319/2045
f 2044/2318/2044 2046/2320/2046 2045/2319/2045
f 2042/2317/2042 2047/2321/2047 2044/2318/2044
f 2044/2318/2044 2041/2316/2041 2042/2317/2042
f 1982/2239/1982 3087/3623/3087 3089/3626/3089
f 3089/3626/3089 2049/2323/2049 1982/2239/1982
f 1982/2239/1982 2052/2326/2052 1987/2244/1987
f 2052/2326/2052 1982/2239/1982 2049/2323/2049
f 1986/2243/1986 2052/2326/2052 2053/2327/2053
f 2052/2326/2052 1986/2243/1986 1987/2244/1987
f 2054/2328/2054 2052/2326/2052 2055/2329/2055
f 2052/2326/2052 2054/2328/2054 2053/2327/2053
f 2050/2324/2050 2052/2326/2052 2049/2323/2049
f 2052/2326/2052 2050/2324/2050 2055/2329/2055
f 1986/2243/1986 2053/2327/2053 2056/2330/2056
f 1991/2248/1991 1986/2243/1986 2056/2330/2056
f 1990/2247/1990 1991/2248/1991 2056/2330/2056
f 1990/2247/1990 2056/2330/2056 2057/2331/2057
f 1990/2247/1990 2057/2331/2057 2060/2334/2060
f 2063/2337/2063 2062/2336/2062 2060/2334/2060
f 2058/2332/2058 2063/2337/2063 2060/2334/2060
f 2058/2332/2058 2060/2334/2060 2057/2331/2057
f 2056/2330/2056 2058/2332/2058 2057/2331/2057
f 2059/2333/2059 2058/2332/2058 2056/2330/2056
f 2054/2328/2054 2059/2333/2059 2056/2330/2056
f 2054/2328/2054 2056/2330/2056 2053/2327/2053
f 2060/2334/2060 1994/2251/1994 1995/2252/1995
f 1995/2252/1995 1990/2247/1990 2060/2334/2060
f 2062/2336/2062 2064/2338/2064 2061/2335/2061
f 2061/2335/2061 2060/2334/2060 2062/2336/2062
f 1994/2251/1994 2060/2334/2060 2061/2335/2061
f 1994/2251/1994 2061/2335/2061 2064/2338/2064
f 2064/2338/2064 1998/2255/1998 1999/2256/1999
f 1994/2251/1994 2064/2338/2064 1999/2256/1999
f 2064/2338/2064 2062/2336/2062 2067/2341/2067
f 2067/2341/2067 2066/2340/2066 2064/2338/2064
f 2066/2340/2066 2071/2345/2071 2068/2342/2068
f 2066/2340/2066 2068/2342/2068 2065/2339/2065
f 2064/2338/2064 2066/2340/2066 2065/2339/2065
f 1998/2255/1998 2064/2338/2064 2065/2339/2065
f 1998/2255/1998 2065/2339/2065 2068/2342/2068
f 1998/2255/1998 2068/2342/2068 2003/2260/2003
f 2002/2259/2002 2068/2342/2068 2069/2343/2069
f 2068/2342/2068 2002/2259/2002 2003/2260/2003
f 2070/2344/2070 2068/2342/2068 2071/2345/2071
f 2068/2342/2068 2070/2344/2070 2069/2343/2069
f 2002/2259/2002 2069/2343/2069 2072/2346/2072
f 2072/2346/2072 2007/2264/2007 2002/2259/2002
f 2006/2263/2006 2007/2264/2007 2072/2346/2072
f 2072/2346/2072 2073/2347/2073 2006/2263/2006
f 2074/2348/2074 2073/2347/2073 2072/2346/2072
f 2072/2346/2072 2075/2349/2075 2074/2348/2074
f 2070/2344/2070 2072/2346/2072 2069/2343/2069
f 2072/2346/2072 2070/2344/2070 2075/2349/2075
f 2077/2351/2077 2079/2350/2079 2078/2352/2078
f 2076/2350/2076 2080/2353/2080 2014/2270/2014
f 2081/2354/2081 2076/2350/2076 2082/2355/2082
f 2083/2350/2083 2085/2357/2085 2084/2356/2084
f 2024/2279/2024 2087/2359/2087 2086/2358/2086
f 2086/2358/2086 2025/2280/2025 2024/2279/2024
f 2022/2277/2022 2023/2278/2023 2089/2361/2089
f 2089/2361/2089 2088/2360/2088 2022/2277/2022
f 2090/2362/2090 2088/2360/2088 2089/2361/2089
f 2089/2361/2089 2091/2363/2091 2090/2362/2090
f 2092/2364/2092 2093/2365/2093 2086/2358/2086
f 2086/2358/2086 2087/2359/2087 2092/2364/2092
f 2022/2277/2022 2088/2360/2088 2094/2366/2094
f 2094/2366/2094 2029/2284/2029 2022/2277/2022
f 2100/2372/2100 2102/3432/2102 2099/2371/2099
f 2100/2372/2100 2099/2371/2099 2098/2370/2098
f 2101/2373/2101 2100/2372/2100 2098/2370/2098
f 2096/2368/2096 2101/2373/2101 2098/2370/2098
f 2096/2368/2096 2098/2370/2098 2095/2367/2095
f 2096/2368/2096 2095/2367/2095 2094/2366/2094
f 2096/2368/2096 2094/2366/2094 2097/2369/2097
f 2090/2362/2090 2097/2369/2097 2094/2366/2094
f 2094/2366/2094 2088/2360/2088 2090/2362/2090
f 2028/2283/2028 2029/2284/2029 2094/2366/2094
f 2028/2283/2028 2094/2366/2094 2095/2367/2095
f 2028/2283/2028 2095/2367/2095 2098/2370/2098
f 2033/2288/2033 2028/2283/2028 2098/2370/2098
f 2032/2287/2032 2033/2288/2033 2098/2370/2098
f 2032/2287/2032 2098/2370/2098 2099/2371/2099
f 2032/2291/2032 2099/2374/2099 2103/2375/2103
f 2102/2376/2102 2104/3433/2104 2103/2375/2103
f 2103/2375/2103 2099/2374/2099 2102/2376/2102
f 2032/2291/2032 2103/2378/2103 2035/2292/2035
f 2036/2297/2036 2106/2386/2106 2037/2302/2037
f 2106/2386/2106 2036/2297/2036 2105/2384/2105
f 2106/2386/2106 2038/2301/2038 2037/2302/2037
f 2106/2386/2106 2107/2388/2107 2038/2387/2038
f 2039/2305/2039 1970/2304/1970 1969/2303/1969
f 2039/2305/2039 1969/2303/1969 2108/2306/2108
f 2109/3428/2109 2039/2305/2039 2108/2306/2108
f 2110/3435/2110 2109/3428/2109 2108/2306/2108
f 2110/3435/2110 2108/2306/2108 2111/3436/2111
f 2110/3435/2110 2111/3436/2111 2184/3437/2184
f 2107/2388/2107 2184/2481/2184 2111/2393/2111
f 2107/2388/2107 2111/2393/2111 2108/2390/2108
f 2107/2388/2107 2108/2390/2108 2038/2387/2038
f 2109/2391/2109 2110/2392/2110 2112/2394/2112
f 2112/2394/2112 2039/2305/2039 2109/2391/2109
f 2112/2394/2112 1499/2396/1499 1497/2395/1497
f 2112/2394/2112 2110/2392/2110 2185/2482/2185
f 2185/2482/2185 2186/2483/2186 2188/2485/2188
f 2188/2485/2188 1502/2487/1502 2965/2486/2965
f 2185/2482/2185 2188/2485/2188 2965/2486/2965
f 2112/2394/2112 2185/2482/2185 2965/2486/2965
f 2112/2394/2112 2965/2486/2965 1499/2396/1499
f 2989/2397/2989 2964/2399/2964 1500/2398/1500
f 2114/2405/2114 2042/2404/2042 2043/2403/2043
f 2043/2403/2043 2190/2406/2190 2114/2405/2114
f 2264/2401/2264 2043/2403/2043 1972/2400/1972
f 2043/2403/2043 2264/2401/2264 2190/2406/2190
f 2114/2405/2114 2117/2410/2117 2115/2407/2115
f 2042/2404/2042 2114/2405/2114 2115/2407/2115
f 2042/2404/2042 2115/2407/2115 2047/3439/2047
f 2115/2407/2115 2046/2320/2046 2047/2321/2047
f 2120/2414/2120 2119/3440/2119 2118/2411/2118
f 2117/2409/2117 2120/2414/2120 2118/2411/2118
f 2117/2409/2117 2118/2411/2118 2116/2408/2116
f 2115/2407/2115 2117/2409/2117 2116/2408/2116
f 2046/2320/2046 2115/2407/2115 2116/2408/2116
f 2046/2320/2046 2116/2408/2116 2118/2411/2118
f 2118/2411/2118 3092/3630/3092 3090/3627/3090
f 2118/2411/2118 3090/3627/3090 2051/2325/2051
f 2046/2320/2046 2118/2411/2118 2051/2325/2051
f 2050/2324/2050 3092/3630/3092 3093/3631/3093
f 2050/2324/2050 2121/2415/2121 2055/2329/2055
f 3093/3631/3093 3094/3632/3094 2121/2415/2121
f 2121/2415/2121 2050/2324/2050 3093/3631/3093
f 2054/2328/2054 2055/2329/2055 2121/2415/2121
f 2121/2415/2121 2122/2416/2122 2054/2328/2054
f 2121/2415/2121 2123/2417/2123 2122/2416/2122
f 3094/3632/3094 2119/2412/2119 2120/2413/2120
f 2120/2413/2120 3095/3633/3095 3094/3632/3094
f 3095/3633/3095 3099/3637/3099 2123/2418/2123
f 2123/2418/2123 2121/2415/2121 3095/3633/3095
f 2124/2419/2124 2054/2328/2054 2122/2416/2122
f 2123/2417/2123 2129/2422/2129 2124/2419/2124
f 2124/2419/2124 2122/2416/2122 2123/2417/2123
f 2059/2333/2059 2054/2328/2054 2124/2419/2124
f 2058/2332/2058 2059/2333/2059 2124/2419/2124
f 2124/2419/2124 2129/2421/2129 2125/2420/2125
f 2058/2332/2058 2124/2419/2124 2125/2420/2125
f 2058/2332/2058 2125/2420/2125 2126/2423/2126
f 2126/2423/2126 2062/2336/2062 2063/2337/2063
f 2058/2332/2058 2126/2423/2126 2063/2337/2063
f 2127/2424/2127 2130/2427/2130 2062/2336/2062
f 2062/2336/2062 2126/2423/2126 2127/2424/2127
f 2133/2430/2133 2132/2429/2132 2130/2427/2130
f 2128/2425/2128 2133/2430/2133 2130/2427/2130
f 2128/2425/2128 2130/2427/2130 2127/2424/2127
f 2128/2425/2128 2127/2424/2127 2126/2423/2126
f 2126/2423/2126 2125/3441/2125 2129/2426/2129
f 2128/2425/2128 2126/2423/2126 2129/2426/2129
f 2132/2429/2132 2134/2431/2134 2131/2428/2131
f 2131/2428/2131 2130/2427/2130 2132/2429/2132
f 2067/2341/2067 2062/2336/2062 2130/2427/2130
f 2066/2340/2066 2067/2341/2067 2130/2427/2130
f 2066/2340/2066 2130/2427/2130 2131/2428/2131
f 2066/2340/2066 2131/2428/2131 2134/2431/2134
f 2066/2340/2066 2134/2431/2134 2071/2345/2071
f 2070/2344/2070 2071/2345/2071 2134/2431/2134
f 2134/2431/2134 2135/2432/2135 2070/2344/2070
f 2136/2433/2136 2134/2431/2134 2137/2434/2137
f 2134/2431/2134 2136/2433/2136 2135/2432/2135
f 2134/2431/2134 2132/2429/2132 2137/2434/2137
f 2070/2344/2070 2135/2432/2135 2138/2435/2138
f 2138/2435/2138 2075/2349/2075 2070/2344/2070
f 2074/2348/2074 2138/2435/2138 2139/2436/2139
f 2138/2435/2138 2074/2348/2074 2075/2349/2075
f 2140/2437/2140 2139/2436/2139 2138/2435/2138
f 2138/2435/2138 2141/2438/2141 2140/2437/2140
f 2136/2433/2136 2141/2438/2141 2138/2435/2138
f 2138/2435/2138 2135/2432/2135 2136/2433/2136
f 2143/2440/2143 2145/2439/2145 2144/2441/2144
f 2142/2439/2142 2146/2442/2146 2082/2355/2082
f 2147/2443/2147 2142/2439/2142 2148/2444/2148
f 2149/2439/2149 2151/2446/2151 2150/2445/2150
f 2092/2364/2092 2153/2448/2153 2152/2447/2152
f 2152/2447/2152 2093/2365/2093 2092/2364/2092
f 2090/2362/2090 2091/2363/2091 2155/2450/2155
f 2155/2450/2155 2154/2449/2154 2090/2362/2090
f 2156/2451/2156 2154/2449/2154 2155/2450/2155
f 2155/2450/2155 2157/2452/2157 2156/2451/2156
f 2158/2453/2158 2159/2454/2159 2152/2447/2152
f 2152/2447/2152 2153/2448/2153 2158/2453/2158
f 2090/2362/2090 2160/2455/2160 2097/2369/2097
f 2160/2455/2160 2090/2362/2090 2154/2449/2154
f 2096/2368/2096 2097/2369/2097 2160/2455/2160
f 2096/2368/2096 2160/2455/2160 2161/2456/2161
f 2096/2368/2096 2161/2456/2161 2164/2459/2164
f 2162/2457/2162 2160/2455/2160 2163/2458/2163
f 2162/2457/2162 2164/2459/2164 2161/2456/2161
f 2161/2456/2161 2160/2455/2160 2162/2457/2162
f 2156/2451/2156 2163/2458/2163 2160/2455/2160
f 2160/2455/2160 2154/2449/2154 2156/2451/2156
f 2101/2373/2101 2096/2368/2096 2164/2459/2164
f 2100/2372/2100 2101/2373/2101 2164/2459/2164
f 2100/2372/2100 2164/2459/2164 2165/2460/2165
f 2100/2372/2100 2165/2460/2165 2168/2463/2168
f 2164/2459/2164 2162/2457/2162 2167/2462/2167
f 2167/2462/2167 2166/2461/2166 2164/2459/2164
f 2166/2461/2166 2170/2465/2170 2168/2463/2168
f 2166/2461/2166 2168/2463/2168 2165/2460/2165
f 2164/2459/2164 2166/2461/2166 2165/2460/2165
f 2100/2372/2100 2168/2463/2168 2102/2377/2102
f 2169/2464/2169 2168/2463/2168 2170/2465/2170
f 2102/2376/2102 2168/2466/2168 2104/2380/2104
f 2168/2466/2168 2171/2468/2171 2172/2467/2172
f 2172/2467/2172 2104/2379/2104 2168/2466/2168
f 2171/2468/2171 2168/2466/2168 2169/2464/2169
f 2171/2468/2171 2169/2464/2169 2239/2546/2239
f 2171/2468/2171 2239/2546/2239 2242/2549/2242
f 2104/2382/2104 2172/2469/2172 3096/3634/3096
f 3096/3634/3096 3097/3635/3097 2104/2382/2104
f 2174/2471/2174 2173/2470/2173 3096/3634/3096
f 3096/3634/3096 3098/3636/3098 2174/2471/2174
f 2172/2469/2172 2171/2468/2171 2175/2472/2175
f 2178/2475/2178 2180/2477/2180 2177/2474/2177
f 2178/2475/2178 2177/2474/2177 2176/2473/2176
f 2179/2476/2179 2178/2475/2178 2176/2473/2176
f 2174/2471/2174 2179/2476/2179 2176/2473/2176
f 2174/2471/2174 2176/2473/2176 2173/2470/2173
f 2105/2385/2105 3091/3629/3091 3097/3635/3097
f 3097/3635/3097 2173/2470/2173 2176/2473/2176
f 2176/2473/2176 2177/3442/2177 2180/3443/2180
f 3097/3635/3097 2176/2473/2176 2180/3443/2180
f 2105/2385/2105 3097/3635/3097 2180/3443/2180
f 2105/2385/2105 2180/3443/2180 2106/3444/2106
f 2107/2388/2107 2106/2389/2106 2180/2477/2180
f 2180/2477/2180 2181/2478/2181 2107/2388/2107
f 2182/2479/2182 2181/2478/2181 2180/2477/2180
f 2180/2477/2180 2183/2480/2183 2182/2479/2182
f 2180/2477/2180 2178/2475/2178 2183/2480/2183
f 2181/2478/2181 2182/2479/2182 2184/2481/2184
f 2184/2481/2184 2107/2388/2107 2181/2478/2181
f 2185/2482/2185 2110/2392/2110 2184/2481/2184
f 2186/2483/2186 2185/2482/2185 2184/2481/2184
f 2186/2483/2186 2184/2481/2184 2187/2484/2187
f 2186/2483/2186 2187/2484/2187 2258/2565/2258
f 2182/2479/2182 2258/2565/2258 2187/2484/2187
f 2187/2484/2187 2184/2481/2184 2182/2479/2182
f 2188/2485/2188 1504/2489/1504 1501/2488/1501
f 2188/2485/2188 2186/2483/2186 2259/2566/2259
f 2259/2566/2259 2260/2567/2260 2334/2656/2334
f 2334/2656/2334 2335/2657/2335 2337/2659/2337
f 2259/2566/2259 2334/2656/2334 2337/2659/2337
f 2337/2659/2337 1512/2661/1512 2970/2660/2970
f 2970/2660/2970 1509/2573/1509 2262/2569/2262
f 2337/2659/2337 2970/2660/2970 2262/2569/2262
f 2259/2566/2259 2337/2659/2337 2262/2569/2262
f 2262/2569/2262 2969/2571/2969 1503/2570/1503
f 2259/2566/2259 2262/2569/2262 1503/2570/1503
f 2188/2485/2188 2259/2566/2259 1503/2570/1503
f 2188/2485/2188 1503/2570/1503 1504/2489/1504
f 2190/2492/2190 2191/2494/2191 2114/2493/2114
f 2114/2405/2114 2191/3448/2191 2192/2496/2192
f 2192/2496/2192 2117/2410/2117 2114/2405/2114
f 2192/2497/2192 2194/3449/2194 2193/2498/2193
f 2117/2409/2117 2192/2497/2192 2193/2498/2193
f 2117/2409/2117 2193/2498/2193 2120/2414/2120
f 3099/3638/3099 3100/3639/3100 2195/2501/2195
f 2195/2501/2195 2123/2417/2123 3099/3638/3099
f 2194/2499/2194 2268/2588/2268 3104/3644/3104
f 2194/2499/2194 3104/3644/3104 3100/3640/3100
f 2193/2500/2193 2194/2499/2194 3100/3640/3100
f 2202/2511/2202 2207/2516/2207 2204/2513/2204
f 2202/2511/2202 2204/2513/2204 2201/2510/2201
f 2202/2511/2202 2201/2510/2201 2200/2509/2200
f 2203/2512/2203 2202/2511/2202 2200/2509/2200
f 2198/2507/2198 2203/2512/2203 2200/2509/2200
f 2198/2507/2198 2200/2509/2200 2197/2506/2197
f 2198/2507/2198 2197/2506/2197 2196/2505/2196
f 2198/2507/2198 2196/2505/2196 2199/2508/2199
f 2196/2505/2196 2195/2504/2195 2199/2508/2199
f 2129/2422/2129 2123/2417/2123 2195/2503/2195
f 2129/2422/2129 2195/2503/2195 2196/3450/2196
f 2128/3451/2128 2129/2422/2129 2196/3450/2196
f 2128/3451/2128 2196/3450/2196 2197/3452/2197
f 2128/3451/2128 2197/3452/2197 2200/3453/2200
f 2200/3453/2200 2132/3455/2132 2133/3454/2133
f 2128/3451/2128 2200/3453/2200 2133/3454/2133
f 2201/2510/2201 2204/2513/2204 2132/2429/2132
f 2132/2429/2132 2200/2509/2200 2201/2510/2201
f 2132/2429/2132 2204/2513/2204 2137/2434/2137
f 2136/2433/2136 2204/2513/2204 2205/2514/2205
f 2204/2513/2204 2136/2433/2136 2137/2434/2137
f 2206/2515/2206 2204/2513/2204 2207/2516/2207
f 2204/2513/2204 2206/2515/2206 2205/2514/2205
f 2136/2433/2136 2208/2517/2208 2141/2438/2141
f 2208/2517/2208 2136/2433/2136 2205/2514/2205
f 2140/2437/2140 2208/2517/2208 2209/2518/2209
f 2208/2517/2208 2140/2437/2140 2141/2438/2141
f 2210/2519/2210 2208/2517/2208 2211/2520/2211
f 2208/2517/2208 2210/2519/2210 2209/2518/2209
f 2206/2515/2206 2211/2520/2211 2208/2517/2208
f 2208/2517/2208 2205/2514/2205 2206/2515/2206
f 2213/2522/2213 2215/2521/2215 2214/2523/2214
f 2212/2521/2212 2216/2524/2216 2148/2444/2148
f 2217/2525/2217 2212/2521/2212 2218/2526/2218
f 2219/2521/2219 2221/2528/2221 2220/2527/2220
f 2210/2519/2210 2212/2521/2212 2209/2518/2209
f 2212/2521/2212 2210/2519/2210 2218/2526/2218
f 2158/2453/2158 2223/2530/2223 2222/2529/2222
f 2222/2529/2222 2159/2454/2159 2158/2453/2158
f 2156/2451/2156 2157/2452/2157 2225/2532/2225
f 2225/2532/2225 2224/2531/2224 2156/2451/2156
f 2226/2533/2226 2224/2531/2224 2225/2532/2225
f 2225/2532/2225 2227/2534/2227 2226/2533/2226
f 2228/2535/2228 2229/2536/2229 2222/2529/2222
f 2222/2529/2222 2223/2530/2223 2228/2535/2228
f 2156/2451/2156 2224/2531/2224 2230/2537/2230
f 2230/2537/2230 2163/2458/2163 2156/2451/2156
f 2231/2538/2231 2234/2541/2234 2162/2457/2162
f 2162/2457/2162 2230/2537/2230 2231/2538/2231
f 2230/2537/2230 2162/2457/2162 2163/2458/2163
f 2232/2539/2232 2234/2541/2234 2231/2538/2231
f 2232/2539/2232 2231/2538/2231 2230/2537/2230
f 2232/2539/2232 2230/2537/2230 2233/2540/2233
f 2226/2533/2226 2230/2537/2230 2224/2531/2224
f 2230/2537/2230 2226/2533/2226 2233/2540/2233
f 2167/2462/2167 2162/2457/2162 2234/2541/2234
f 2166/2461/2166 2167/2462/2167 2234/2541/2234
f 2166/2461/2166 2234/2541/2234 2235/2542/2235
f 2236/2543/2236 2235/2542/2235 2234/2541/2234
f 2234/2541/2234 2232/2539/2232 2237/2544/2237
f 2236/2543/2236 2234/2541/2234 2237/2544/2237
f 2166/2461/2166 2238/2545/2238 2170/2465/2170
f 2238/2545/2238 2166/2461/2166 2235/2542/2235
f 2169/2464/2169 2238/2545/2238 2239/2546/2239
f 2238/2545/2238 2169/2464/2169 2170/2465/2170
f 2240/2547/2240 2238/2545/2238 2241/2548/2241
f 2238/2545/2238 2240/2547/2240 2239/2546/2239
f 2236/2543/2236 2238/2545/2238 2235/2542/2235
f 2238/2545/2238 2236/2543/2236 2241/2548/2241
f 2171/2468/2171 2242/2549/2242 2243/2550/2243
f 2242/2549/2242 2240/2547/2240 2245/2552/2245
f 2245/2552/2245 2244/2551/2244 2242/2549/2242
f 2242/2549/2242 2244/2551/2244 2243/2550/2243
f 2240/2547/2240 2242/2549/2242 2239/2546/2239
f 2171/2468/2171 2246/2553/2246 2175/2472/2175
f 2246/2553/2246 2171/2468/2171 2243/2550/2243
f 2247/2554/2247 2174/2471/2174 3101/3641/3101
f 3101/3641/3101 3102/3642/3102 2247/2554/2247
f 3098/3636/3098 2175/2472/2175 2246/2553/2246
f 2246/2553/2246 3101/3641/3101 3098/3636/3098
f 2248/2555/2248 2247/2554/2247 3102/3642/3102
f 3102/3642/3102 3103/3643/3103 2248/2555/2248
f 2244/2551/2244 2246/2553/2246 2243/2550/2243
f 2246/2553/2246 2244/2551/2244 2249/2556/2249
f 2250/2557/2250 2174/2471/2174 2247/2554/2247
f 2252/2559/2252 2257/2564/2257 2254/2561/2254
f 2252/2559/2252 2254/2561/2254 2251/2558/2251
f 2250/2557/2250 2252/2559/2252 2251/2558/2251
f 2253/2560/2253 2252/2559/2252 2250/2557/2250
f 2248/2555/2248 2253/2560/2253 2250/2557/2250
f 2248/2555/2248 2250/2557/2250 2247/2554/2247
f 2179/2476/2179 2174/2471/2174 2250/2557/2250
f 2178/2475/2178 2179/2476/2179 2250/2557/2250
f 2178/2475/2178 2250/2557/2250 2251/2558/2251
f 2178/2475/2178 2251/2558/2251 2254/2561/2254
f 2178/2475/2178 2254/2561/2254 2183/2480/2183
f 2182/2479/2182 2183/2480/2183 2254/2561/2254
f 2254/2561/2254 2255/2562/2255 2182/2479/2182
f 2256/2563/2256 2254/2561/2254 2257/2564/2257
f 2254/2561/2254 2256/2563/2256 2255/2562/2255
f 2255/2562/2255 2256/2563/2256 2258/2565/2258
f 2258/2565/2258 2182/2479/2182 2255/2562/2255
f 2331/2653/2331 2403/2750/2403 2336/2658/2336
f 2331/2653/2331 2336/2658/2336 2333/2655/2333
f 2330/2652/2330 2331/2653/2331 2333/2655/2333
f 2256/2563/2256 2330/2652/2330 2333/2655/2333
f 2256/2563/2256 2333/2655/2333 2261/2568/2261
f 2258/2565/2258 2256/2563/2256 2261/2568/2261
f 2262/2569/2262 1509/2573/1509 1506/2572/1506
f 2263/2574/2263 1507/2576/1507 1510/2575/1510
f 2264/2491/2264 2266/2578/2266 2190/2495/2190
f 2266/2578/2266 2265/3460/2265 2191/2494/2191
f 2191/2494/2191 2190/2495/2190 2266/2578/2266
f 2265/2580/2265 2267/2584/2267 2192/2581/2192
f 2192/2581/2192 2191/2579/2191 2265/2580/2265
f 2267/2583/2267 2269/2587/2269 2268/2585/2268
f 2192/2582/2192 2267/2583/2267 2268/2585/2268
f 2192/2582/2192 2268/2585/2268 2194/3461/2194
f 3104/3645/3104 3105/3646/3105 2270/2591/2270
f 2195/2504/2195 3104/3645/3104 2270/2591/2270
f 2195/2504/2195 2270/2591/2270 2271/2592/2271
f 2195/2504/2195 2271/2592/2271 2199/3463/2199
f 3105/3647/3105 2268/2588/2268 2269/2586/2269
f 2269/2586/2269 3106/3648/3106 3105/3647/3105
f 2270/2591/2270 2274/2593/2274 2271/2592/2271
f 2271/2595/2271 2198/2507/2198 2199/2508/2199
f 2278/2602/2278 2277/2601/2277 2275/2599/2275
f 2273/2597/2273 2278/2602/2278 2275/2599/2275
f 2273/2597/2273 2275/2599/2275 2272/2596/2272
f 2273/2597/2273 2272/2596/2272 2271/2595/2271
f 2273/2597/2273 2271/2595/2271 2274/2598/2274
f 2277/2601/2277 2282/2606/2282 2279/2603/2279
f 2277/2601/2277 2279/2603/2279 2276/2600/2276
f 2275/2599/2275 2277/2601/2277 2276/2600/2276
f 2198/2507/2198 2271/2595/2271 2272/2596/2272
f 2198/2507/2198 2272/2596/2272 2275/2599/2275
f 2203/2512/2203 2198/2507/2198 2275/2599/2275
f 2202/2511/2202 2203/2512/2203 2275/2599/2275
f 2202/2511/2202 2275/2599/2275 2276/2600/2276
f 2202/2511/2202 2276/2600/2276 2279/2603/2279
f 2202/2511/2202 2279/2603/2279 2207/2516/2207
f 2206/2515/2206 2279/2603/2279 2280/2604/2280
f 2279/2603/2279 2206/2515/2206 2207/2516/2207
f 2281/2605/2281 2280/2604/2280 2279/2603/2279
f 2279/2603/2279 2282/2606/2282 2281/2605/2281
f 2206/2515/2206 2283/2607/2283 2211/2520/2211
f 2283/2607/2283 2206/2515/2206 2280/2604/2280
f 2210/2519/2210 2283/2607/2283 2284/2608/2284
f 2283/2607/2283 2210/2519/2210 2211/2520/2211
f 2285/2609/2285 2284/2608/2284 2283/2607/2283
f 2283/2607/2283 2286/2610/2286 2285/2609/2285
f 2281/2605/2281 2286/2610/2286 2283/2607/2283
f 2283/2607/2283 2280/2604/2280 2281/2605/2281
f 2210/2519/2210 2287/2611/2287 2218/2526/2218
f 2287/2611/2287 2210/2519/2210 2284/2608/2284
f 2288/2612/2288 2290/2611/2290 2289/2613/2289
f 2287/2611/2287 2291/2614/2291 2218/2526/2218
f 2292/2615/2292 2287/2611/2287 2293/2616/2293
f 2294/2611/2294 2296/2618/2296 2295/2617/2295
f 2285/2609/2285 2287/2611/2287 2284/2608/2284
f 2287/2611/2287 2285/2609/2285 2293/2616/2293
f 2228/2535/2228 2298/2620/2298 2297/2619/2297
f 2297/2619/2297 2229/2536/2229 2228/2535/2228
f 2226/2533/2226 2300/2622/2300 2299/2621/2299
f 2300/2622/2300 2226/2533/2226 2227/2534/2227
f 2301/2623/2301 2299/2621/2299 2300/2622/2300
f 2300/2622/2300 2302/2624/2302 2301/2623/2301
f 2303/2625/2303 2304/2626/2304 2297/2619/2297
f 2297/2619/2297 2298/2620/2298 2303/2625/2303
f 2226/2533/2226 2305/2627/2305 2233/2540/2233
f 2305/2627/2305 2226/2533/2226 2299/2621/2299
f 2306/2628/2306 2309/2631/2309 2232/2539/2232
f 2232/2539/2232 2305/2627/2305 2306/2628/2306
f 2305/2627/2305 2232/2539/2232 2233/2540/2233
f 2311/2633/2311 2310/2632/2310 2309/2631/2309
f 2312/2634/2312 2311/2633/2311 2309/2631/2309
f 2307/2629/2307 2312/2634/2312 2309/2631/2309
f 2307/2629/2307 2309/2631/2309 2306/2628/2306
f 2307/2629/2307 2306/2628/2306 2305/2627/2305
f 2307/2629/2307 2305/2627/2305 2308/2630/2308
f 2301/2623/2301 2305/2627/2305 2299/2621/2299
f 2305/2627/2305 2301/2623/2301 2308/2630/2308
f 2309/2631/2309 2236/2543/2236 2237/2544/2237
f 2237/2544/2237 2232/2539/2232 2309/2631/2309
f 2236/2543/2236 2309/2631/2309 2310/2632/2310
f 2236/2543/2236 2310/2632/2310 2313/2635/2313
f 2313/2635/2313 2241/2548/2241 2236/2543/2236
f 2240/2547/2240 2241/2548/2241 2313/2635/2313
f 2313/2635/2313 2314/2636/2314 2240/2547/2240
f 2315/2637/2315 2313/2635/2313 2316/2638/2316
f 2313/2635/2313 2315/2637/2315 2314/2636/2314
f 2311/2633/2311 2313/2635/2313 2310/2632/2310
f 2313/2635/2313 2311/2633/2311 2316/2638/2316
f 2240/2547/2240 2314/2636/2314 2317/2639/2317
f 2245/2552/2245 2240/2547/2240 2317/2639/2317
f 2244/2551/2244 2245/2552/2245 2317/2639/2317
f 2244/2551/2244 2317/2639/2317 2318/2640/2318
f 2317/2639/2317 2319/2641/2319 2318/2640/2318
f 2320/2642/2320 2319/2641/2319 2317/2639/2317
f 2315/2637/2315 2320/2642/2320 2317/2639/2317
f 2315/2637/2315 2317/2639/2317 2314/2636/2314
f 2244/2551/2244 2321/2643/2321 2249/2556/2249
f 2321/2643/2321 2244/2551/2244 2318/2640/2318
f 2322/2644/2322 2248/2555/2248 3107/3650/3107
f 3107/3650/3107 3108/3651/3108 2322/2644/2322
f 3103/3643/3103 2249/2556/2249 2321/2643/2321
f 2321/2643/2321 3107/3650/3107 3103/3643/3103
f 2323/2645/2323 2322/2644/2322 3108/3651/3108
f 3108/3651/3108 3109/3652/3109 2323/2645/2323
f 2319/2641/2319 2321/2643/2321 2318/2640/2318
f 2321/2643/2321 2319/2641/2319 2324/2646/2324
f 2325/2647/2325 2248/2555/2248 2322/2644/2322
f 2253/2560/2253 2248/2555/2248 2325/2647/2325
f 2252/2559/2252 2253/2560/2253 2325/2647/2325
f 2252/2559/2252 2325/2647/2325 2326/2648/2326
f 2252/2559/2252 2326/2648/2326 2329/2651/2329
f 2325/2647/2325 2323/2645/2323 2328/2650/2328
f 2328/2650/2328 2327/2649/2327 2325/2647/2325
f 2327/2649/2327 2332/2654/2332 2329/2651/2329
f 2327/2649/2327 2329/2651/2329 2326/2648/2326
f 2325/2647/2325 2327/2649/2327 2326/2648/2326
f 2323/2645/2323 2325/2647/2325 2322/2644/2322
f 2252/2559/2252 2329/2651/2329 2257/2564/2257
f 2256/2563/2256 2329/2651/2329 2330/2652/2330
f 2329/2651/2329 2256/2563/2256 2257/2564/2257
f 2331/2653/2331 2329/2651/2329 2332/2654/2332
f 2329/2651/2329 2331/2653/2331 2330/2652/2330
f 2259/2566/2259 2186/2483/2186 2258/2565/2258
f 2260/2567/2260 2259/2566/2259 2258/2565/2258
f 2260/2567/2260 2258/2565/2258 2261/2568/2261
f 2260/2567/2260 2261/2568/2261 2333/2655/2333
f 2334/2656/2334 2260/2567/2260 2333/2655/2333
f 2335/2657/2335 2334/2656/2334 2333/2655/2333
f 2335/2657/2335 2333/2655/2333 2336/2658/2336
f 2335/2657/2335 2336/2658/2336 2403/2750/2403
f 2337/2659/2337 1514/2663/1514 1511/2662/1511
f 2338/2664/2338 1515/2666/1515 2971/2665/2971
f 2339/2674/2339 2265/2673/2265 2266/2672/2266
f 2266/2672/2266 2409/2675/2409 2339/2674/2339
f 2537/2668/2537 2409/2675/2409 2266/2672/2266
f 2266/2672/2266 2264/2667/2264 2537/2668/2537
f 2339/2674/2339 2340/2679/2340 2267/2676/2267
f 2267/2676/2267 2265/2673/2265 2339/2674/2339
f 2340/2678/2340 2269/2680/2269 2267/2677/2267
f 2269/2680/2269 2340/2678/2340 2413/2683/2413
f 2413/2682/2413 3110/3653/3110 3106/3649/3106
f 3106/3649/3106 2269/2681/2269 2413/2682/2413
f 2270/2589/2270 2341/2688/2341 2274/2594/2274
f 2344/2689/2344 2343/3467/2343 2341/2688/2341
f 2415/2686/2415 2344/2689/2344 2341/2688/2341
f 2415/2686/2415 2341/2688/2341 2270/2685/2270
f 2273/2597/2273 2274/2598/2274 2341/2690/2341
f 2273/2597/2273 2341/2690/2341 2342/2691/2342
f 2273/2597/2273 2342/2691/2342 2345/2694/2345
f 2348/2697/2348 2347/2696/2347 2345/2694/2345
f 2343/2692/2343 2348/2697/2348 2345/2694/2345
f 2343/2692/2343 2345/2694/2345 2342/2691/2342
f 2341/2690/2341 2343/2692/2343 2342/2691/2342
f 2345/2694/2345 2277/2601/2277 2278/2602/2278
f 2278/2602/2278 2273/2597/2273 2345/2694/2345
f 2347/2696/2347 2349/2698/2349 2346/2695/2346
f 2346/2695/2346 2345/2694/2345 2347/2696/2347
f 2277/2601/2277 2345/2694/2345 2346/2695/2346
f 2277/2601/2277 2346/2695/2346 2349/2698/2349
f 2277/2601/2277 2349/2698/2349 2282/2606/2282
f 2281/2605/2281 2282/2606/2282 2349/2698/2349
f 2349/2698/2349 2350/2699/2350 2281/2605/2281
f 2351/2700/2351 2350/2699/2350 2349/2698/2349
f 2349/2698/2349 2352/2701/2352 2351/2700/2351
f 2349/2698/2349 2347/2696/2347 2352/2701/2352
f 2281/2605/2281 2353/2702/2353 2286/2610/2286
f 2353/2702/2353 2281/2605/2281 2350/2699/2350
f 2285/2609/2285 2286/2610/2286 2353/2702/2353
f 2353/2702/2353 2354/2703/2354 2285/2609/2285
f 2355/2704/2355 2353/2702/2353 2356/2705/2356
f 2353/2702/2353 2355/2704/2355 2354/2703/2354
f 2351/2700/2351 2356/2705/2356 2353/2702/2353
f 2353/2702/2353 2350/2699/2350 2351/2700/2351
f 2285/2609/2285 2354/2703/2354 2357/2706/2357
f 2357/2706/2357 2293/2616/2293 2285/2609/2285
f 2358/2707/2358 2360/2706/2360 2359/2708/2359
f 2357/2706/2357 2361/2709/2361 2293/2616/2293
f 2362/2710/2362 2357/2706/2357 2363/2711/2363
f 2364/2706/2364 2366/2713/2366 2365/2712/2365
f 2355/2704/2355 2357/2706/2357 2354/2703/2354
f 2431/2793/2431 2432/2794/2432 2434/2796/2434
f 2355/2704/2355 2431/2793/2431 2434/2796/2434
f 2355/2704/2355 2434/2796/2434 2363/2711/2363
f 2357/2706/2357 2355/2704/2355 2363/2711/2363
f 2303/2625/2303 2368/2715/2368 2367/2714/2367
f 2367/2714/2367 2304/2626/2304 2303/2625/2303
f 2301/2623/2301 2302/2624/2302 2370/2717/2370
f 2370/2717/2370 2369/2716/2369 2301/2623/2301
f 2371/2718/2371 2369/2716/2369 2370/2717/2370
f 2370/2717/2370 2372/2719/2372 2371/2718/2371
f 2373/2720/2373 2374/2721/2374 2367/2714/2367
f 2367/2714/2367 2368/2715/2368 2373/2720/2373
f 2301/2623/2301 2375/2722/2375 2308/2630/2308
f 2375/2722/2375 2301/2623/2301 2369/2716/2369
f 2307/2629/2307 2308/2630/2308 2375/2722/2375
f 2307/2629/2307 2375/2722/2375 2376/2723/2376
f 2307/2629/2307 2376/2723/2376 2379/2726/2379
f 2377/2724/2377 2375/2722/2375 2378/2725/2378
f 2381/2728/2381 2380/2727/2380 2379/2726/2379
f 2382/2729/2382 2381/2728/2381 2379/2726/2379
f 2377/2724/2377 2382/2729/2382 2379/2726/2379
f 2377/2724/2377 2379/2726/2379 2376/2723/2376
f 2375/2722/2375 2377/2724/2377 2376/2723/2376
f 2371/2718/2371 2375/2722/2375 2369/2716/2369
f 2375/2722/2375 2371/2718/2371 2378/2725/2378
f 2312/2634/2312 2307/2629/2307 2379/2726/2379
f 2311/2633/2311 2312/2634/2312 2379/2726/2379
f 2311/2633/2311 2379/2726/2379 2380/2727/2380
f 2311/2633/2311 2380/2727/2380 2383/2730/2383
f 2383/2730/2383 2316/2638/2316 2311/2633/2311
f 2315/2637/2315 2383/2730/2383 2384/2731/2384
f 2383/2730/2383 2315/2637/2315 2316/2638/2316
f 2385/2732/2385 2384/2731/2384 2383/2730/2383
f 2383/2730/2383 2386/2733/2386 2385/2732/2385
f 2381/2728/2381 2386/2733/2386 2383/2730/2383
f 2383/2730/2383 2380/2727/2380 2381/2728/2381
f 2315/2637/2315 2384/2731/2384 2387/2734/2387
f 2320/2642/2320 2315/2637/2315 2387/2734/2387
f 2319/2641/2319 2320/2642/2320 2387/2734/2387
f 2319/2641/2319 2387/2734/2387 2388/2735/2388
f 2389/2736/2389 2388/2735/2388 2387/2734/2387
f 2387/2734/2387 2385/2732/2385 2390/2737/2390
f 2389/2736/2389 2387/2734/2387 2390/2737/2390
f 2385/2732/2385 2387/2734/2387 2384/2731/2384
f 2319/2641/2319 2391/2738/2391 2324/2646/2324
f 2391/2738/2391 2319/2641/2319 2388/2735/2388
f 2392/2739/2392 2323/2645/2323 3111/3655/3111
f 3111/3655/3111 3112/3656/3112 2392/2739/2392
f 3109/3652/3109 2324/2646/2324 2391/2738/2391
f 2391/2738/2391 3111/3655/3111 3109/3652/3109
f 2393/2740/2393 3113/3657/3113 3114/3658/3114
f 2391/2738/2391 3113/3657/3113 3112/3656/3112
f 2389/2736/2389 2391/2738/2391 2388/2735/2388
f 2391/2738/2391 2389/2736/2389 2394/2741/2394
f 2395/2742/2395 2323/2645/2323 2392/2739/2392
f 2397/2744/2397 2402/2749/2402 2399/2746/2399
f 2397/2744/2397 2399/2746/2399 2396/2743/2396
f 2397/2744/2397 2396/2743/2396 2395/2742/2395
f 2395/2742/2395 2393/2740/2393 2398/2745/2398
f 2397/2744/2397 2395/2742/2395 2398/2745/2398
f 2393/2740/2393 2395/2742/2395 2392/2739/2392
f 2328/2650/2328 2323/2645/2323 2395/2742/2395
f 2327/2649/2327 2328/2650/2328 2395/2742/2395
f 2327/2649/2327 2395/2742/2395 2396/2743/2396
f 2327/2649/2327 2396/2743/2396 2399/2746/2399
f 2327/2649/2327 2399/2746/2399 2332/2654/2332
f 2331/2653/2331 2399/2746/2399 2400/2747/2400
f 2399/2746/2399 2331/2653/2331 2332/2654/2332
f 2401/2748/2401 2400/2747/2400 2399/2746/2399
f 2399/2746/2399 2402/2749/2402 2401/2748/2401
f 2400/2747/2400 2401/2748/2401 2403/2750/2403
f 2403/2750/2403 2331/2653/2331 2400/2747/2400
f 2512/2861/2512 2527/2873/2527 2521/2868/2521
f 2401/2748/2401 2512/2861/2512 2521/2868/2521
f 2401/2748/2401 2521/2868/2521 2406/2753/2406
f 2403/2750/2403 2401/2748/2401 2406/2753/2406
f 2404/2751/2404 2405/2752/2405 2407/2754/2407
f 2407/2754/2407 2335/2657/2335 2404/2751/2404
f 2405/3475/2405 2531/3368/2531 2987/3369/2987
f 1290/3356/1290 961/3367/961 819/3366/819
f 819/3366/819 200/3355/200 794/3354/794
f 1290/3356/1290 819/3366/819 794/3354/794
f 2987/3369/2987 1290/3356/1290 794/3354/794
f 794/3354/794 184/858/184 762/857/762
f 762/857/762 168/775/168 350/777/350
f 794/3354/794 762/857/762 350/777/350
f 350/777/350 1509/1605/1509 2970/1604/2970
f 2970/1604/2970 1512/1610/1512 368/860/368
f 350/777/350 2970/1604/2970 368/860/368
f 794/3354/794 350/777/350 368/860/368
f 2987/3369/2987 794/3354/794 368/860/368
f 1513/3353/1513 1514/3489/1514 2337/3468/2337
f 368/860/368 1513/3353/1513 2337/3468/2337
f 2337/3468/2337 2335/3469/2335 2407/3386/2407
f 2337/3468/2337 2407/3386/2407 1517/3387/1517
f 368/860/368 2337/3468/2337 1517/3387/1517
f 368/860/368 1517/3387/1517 1518/3365/1518
f 2987/3369/2987 368/860/368 1518/3365/1518
f 2405/3475/2405 2987/3369/2987 1518/3365/1518
f 2407/3474/2407 2405/3475/2405 1518/3365/1518
f 2983/2756/2983 2973/2758/2973 1519/2757/1519
f 2941/2762/2941 2942/2761/2942 2408/2760/2408
f 2409/2763/2409 2410/2765/2410 2339/2764/2339
f 2410/2765/2410 2412/2770/2412 2411/2767/2411
f 2339/2764/2339 2410/2765/2410 2411/2767/2411
f 2339/2764/2339 2411/2767/2411 2340/3470/2340
f 2413/2771/2413 2340/2678/2340 2411/2768/2411
f 2412/2769/2412 2414/2774/2414 2413/2771/2413
f 2413/2771/2413 2411/2768/2411 2412/2769/2412
f 3110/3654/3110 2413/2772/2413 2414/2773/2414
f 2414/2773/2414 3115/3659/3115 3110/3654/3110
f 3121/3665/3121 2574/2913/2574 2416/2777/2416
f 3115/3659/3115 3121/3665/3121 2416/2777/2416
f 2415/2775/2415 3115/3659/3115 2416/2777/2416
f 2417/3473/2417 2418/3472/2418 2344/2689/2344
f 2416/3471/2416 2417/3473/2417 2344/2689/2344
f 2415/2686/2415 2416/3471/2416 2344/2689/2344
f 2418/2780/2418 2343/2692/2343 2344/2693/2344
f 2420/2782/2420 2418/2780/2418 2421/2783/2421
f 2420/2782/2420 2422/2784/2422 2419/2781/2419
f 2419/2781/2419 2418/2780/2418 2420/2782/2420
f 2418/2780/2418 2417/2778/2417 2421/2783/2421
f 2343/2692/2343 2418/2780/2418 2419/2781/2419
f 2343/2692/2343 2419/2781/2419 2422/2784/2422
f 2348/2697/2348 2343/2692/2343 2422/2784/2422
f 2347/2696/2347 2348/2697/2348 2422/2784/2422
f 2347/2696/2347 2422/2784/2422 2423/2785/2423
f 2347/2696/2347 2423/2785/2423 2426/2788/2426
f 2422/2784/2422 2420/2782/2420 2425/2787/2425
f 2425/2787/2425 2424/2786/2424 2422/2784/2422
f 2424/2786/2424 2429/2791/2429 2426/2788/2426
f 2424/2786/2424 2426/2788/2426 2423/2785/2423
f 2422/2784/2422 2424/2786/2424 2423/2785/2423
f 2347/2696/2347 2426/2788/2426 2352/2701/2352
f 2351/2700/2351 2426/2788/2426 2427/2789/2427
f 2426/2788/2426 2351/2700/2351 2352/2701/2352
f 2428/2790/2428 2426/2788/2426 2429/2791/2429
f 2426/2788/2426 2428/2790/2428 2427/2789/2427
f 2351/2700/2351 2427/2789/2427 2430/2792/2430
f 2430/2792/2430 2356/2705/2356 2351/2700/2351
f 2355/2704/2355 2356/2705/2356 2430/2792/2430
f 2430/2792/2430 2431/2793/2431 2355/2704/2355
f 2432/2794/2432 2430/2792/2430 2433/2795/2433
f 2430/2792/2430 2432/2794/2432 2431/2793/2431
f 2428/2790/2428 2430/2792/2430 2427/2789/2427
f 2430/2792/2430 2428/2790/2428 2433/2795/2433
f 2435/2797/2435 2437/2796/2437 2436/2798/2436
f 2434/2796/2434 2438/2799/2438 2363/2711/2363
f 2439/2800/2439 2434/2796/2434 2440/2801/2440
f 2441/2796/2441 2443/2803/2443 2442/2802/2442
f 2432/2794/2432 2634/2961/2634 2440/2801/2440
f 2440/2801/2440 2434/2796/2434 2432/2794/2432
f 2373/2720/2373 1526/2804/1526 2374/2721/2374
f 1526/2804/1526 2373/2720/2373 2444/2805/2444
f 2371/2718/2371 2372/2719/2372 2446/2807/2446
f 2446/2807/2446 2445/2806/2445 2371/2718/2371
f 2447/2808/2447 2449/2807/2449 2448/2809/2448
f 2446/2807/2446 2450/2810/2450 2445/2806/2445
f 2371/2718/2371 2451/2812/2451 2378/2725/2378
f 2451/2812/2451 2371/2718/2371 2445/2806/2445
f 2377/2724/2377 2378/2725/2378 2451/2812/2451
f 2377/2724/2377 2451/2812/2451 2452/2813/2452
f 2377/2724/2377 2452/2813/2452 2461/2820/2461
f 2453/2814/2453 2455/2812/2455 2454/2815/2454
f 2451/2812/2451 2456/2816/2456 2452/2813/2452
f 2457/2817/2457 2451/2812/2451 2445/2806/2445
f 2458/2818/2458 2460/2819/2460 2459/2812/2459
f 2382/2729/2382 2377/2724/2377 2461/2820/2461
f 2381/2728/2381 2382/2729/2382 2461/2820/2461
f 2381/2728/2381 2461/2820/2461 2462/2821/2462
f 2463/2822/2463 2465/2820/2465 2464/2823/2464
f 2461/2820/2461 2466/2824/2466 2462/2821/2462
f 2467/2825/2467 2461/2820/2461 2452/2813/2452
f 2468/2826/2468 2470/2827/2470 2469/2820/2469
f 2381/2728/2381 2462/2821/2462 2471/2828/2471
f 2471/2828/2471 2386/2733/2386 2381/2728/2381
f 2385/2732/2385 2386/2733/2386 2471/2828/2471
f 2471/2828/2471 2472/2829/2472 2385/2732/2385
f 2473/2830/2473 2475/2828/2475 2474/2831/2474
f 2471/2828/2471 2476/2832/2476 2472/2829/2472
f 2477/2833/2477 2471/2828/2471 2462/2821/2462
f 2478/2834/2478 2480/2835/2480 2479/2828/2479
f 2481/2836/2481 2385/2732/2385 2472/2829/2472
f 2390/2737/2390 2385/2732/2385 2481/2836/2481
f 2389/2736/2389 2390/2737/2390 2481/2836/2481
f 2389/2736/2389 2481/2836/2481 2482/2837/2482
f 2483/2838/2483 2485/2836/2485 2484/2839/2484
f 2481/2836/2481 2486/2840/2486 2482/2837/2482
f 2487/2841/2487 2481/2836/2481 2472/2829/2472
f 2488/2842/2488 2490/2843/2490 2489/2836/2489
f 2389/2736/2389 2482/2837/2482 2491/2844/2491
f 2491/2844/2491 2394/2741/2394 2389/2736/2389
f 2492/2845/2492 2393/2740/2393 3116/3660/3116
f 3116/3660/3116 3117/3661/3117 2492/2845/2492
f 3114/3658/3114 2394/2741/2394 2491/2844/2491
f 2491/2844/2491 3116/3660/3116 3114/3658/3114
f 2493/2846/2493 2495/2844/2495 3118/3662/3118
f 3118/3662/3118 3119/3663/3119 2493/2846/2493
f 2491/2844/2491 3120/3664/3120 3117/3661/3117
f 2497/2849/2497 2491/2844/2491 2482/2837/2482
f 2498/2850/2498 2500/2851/2500 2499/2844/2499
f 2501/2852/2501 2393/2740/2393 2492/2845/2492
f 2503/2854/2503 2505/2852/2505 2504/2855/2504
f 2501/2852/2501 2506/2856/2506 2502/2853/2502
f 2507/2857/2507 2501/2852/2501 2492/2845/2492
f 2508/2852/2508 2510/2859/2510 2509/2858/2509
f 2398/2745/2398 2393/2740/2393 2501/2852/2501
f 2397/2744/2397 2398/2745/2398 2501/2852/2501
f 2397/2744/2397 2501/2852/2501 2502/2853/2502
f 2397/2744/2397 2502/2853/2502 2511/2860/2511
f 2397/2744/2397 2511/2860/2511 2402/2749/2402
f 2401/2748/2401 2402/2749/2402 2511/2860/2511
f 2511/2860/2511 2512/2861/2512 2401/2748/2401
f 2513/2862/2513 2515/2860/2515 2514/2863/2514
f 2511/2860/2511 2516/2864/2516 2512/2861/2512
f 2517/2865/2517 2511/2860/2511 2502/2853/2502
f 2518/2860/2518 2520/2867/2520 2519/2866/2519
f 2404/2751/2404 2335/2657/2335 2403/2750/2403
f 2405/2752/2405 2404/2751/2404 2403/2750/2403
f 2405/2752/2405 2403/2750/2403 2406/2753/2406
f 2405/2752/2405 2406/2753/2406 2521/2868/2521
f 2521/2868/2521 2526/2872/2526 2522/2869/2522
f 2405/2752/2405 2521/2868/2521 2522/2869/2522
f 2523/2870/2523 2525/2868/2525 2524/2871/2524
f 2528/2868/2528 2530/2875/2530 2529/2874/2529
f 2522/2869/2522 2532/2881/2532 2531/2876/2531
f 2531/2876/2531 2405/2752/2405 2522/2869/2522
f 2531/2876/2531 1522/2880/1522 1520/2879/1520
f 2533/2876/2533 2535/2883/2535 2534/2882/2534
f 2536/2884/2536 1523/2886/1523 2990/2885/2990
f 2538/2887/2538 2540/2884/2540 2539/2888/2539
f 2537/2759/2537 2550/3476/2550 2544/2890/2544
f 2544/2890/2544 2409/2766/2409 2537/2759/2537
f 2410/2765/2410 2409/2766/2409 2544/2890/2544
f 2544/2890/2544 2545/2891/2545 2410/2765/2410
f 2546/2892/2546 2548/2890/2548 2547/2893/2547
f 2544/2890/2544 2549/2894/2549 2545/2891/2545
f 2551/2895/2551 2553/2896/2553 2552/2890/2552
f 2410/2765/2410 2545/2891/2545 2554/2897/2554
f 2554/2897/2554 2412/2770/2412 2410/2765/2410
f 2412/2769/2412 2554/2897/2554 2555/2898/2555
f 2556/2899/2556 2558/2897/2558 2557/2900/2557
f 2554/2897/2554 2559/2901/2559 2555/2898/2555
f 2560/2902/2560 2554/2897/2554 2545/2891/2545
f 2561/2903/2561 2563/2904/2563 2562/2897/2562
f 2412/2769/2412 2555/2898/2555 2564/2905/2564
f 2564/2905/2564 2414/2774/2414 2412/2769/2412
f 2414/2773/2414 2564/2905/2564 2565/2906/2565
f 2566/2907/2566 2568/2905/2568 2567/2908/2567
f 2564/2905/2564 2569/2909/2569 2565/2906/2565
f 2570/2910/2570 2564/2905/2564 2555/2898/2555
f 2571/2905/2571 2573/2912/2573 2572/2911/2572
f 2416/2776/2416 2574/2913/2574 2575/2914/2575
f 2576/2915/2576 2578/2913/2578 2577/2916/2577
f 2574/2913/2574 2579/2917/2579 2575/2914/2575
f 3121/3665/3121 2565/2906/2565 2580/2918/2580
f 2580/2918/2580 3122/3666/3122 3121/3665/3121
f 2582/2919/2582 2581/2913/2581 3123/3667/3123
f 3123/3667/3123 3124/3668/3124 2582/2919/2582
f 2416/2776/2416 2575/2914/2575 2584/2921/2584
f 2585/3477/2585 2594/3478/2594 2417/2779/2417
f 2584/2921/2584 2585/3477/2585 2417/2779/2417
f 2416/2776/2416 2584/2921/2584 2417/2779/2417
f 2586/2923/2586 2588/2921/2588 2587/2924/2587
f 2584/2921/2584 2589/2925/2589 2585/2922/2585
f 2590/2926/2590 2584/2921/2584 2575/2914/2575
f 2591/2921/2591 2593/2928/2593 2592/2927/2592
f 2417/2778/2417 2594/2929/2594 2421/2783/2421
f 2595/2930/2595 2604/2937/2604 2420/2782/2420
f 2420/2782/2420 2594/2929/2594 2595/2930/2595
f 2594/2929/2594 2420/2782/2420 2421/2783/2421
f 2596/2931/2596 2598/2929/2598 2597/2932/2597
f 2594/2929/2594 2599/2933/2599 2595/2930/2595
f 2600/2934/2600 2594/2929/2594 2585/2922/2585
f 2601/2929/2601 2603/2936/2603 2602/2935/2602
f 2604/2937/2604 2424/2786/2424 2425/2787/2425
f 2425/2787/2425 2420/2782/2420 2604/2937/2604
f 2606/2939/2606 2608/2937/2608 2607/2940/2607
f 2604/2937/2604 2609/2941/2609 2605/2938/2605
f 2610/2942/2610 2604/2937/2604 2595/2930/2595
f 2611/2937/2611 2613/2944/2613 2612/2943/2612
f 2424/2786/2424 2604/2937/2604 2605/2938/2605
f 2424/2786/2424 2605/2938/2605 2614/2945/2614
f 2424/2786/2424 2614/2945/2614 2429/2791/2429
f 2428/2790/2428 2429/2791/2429 2614/2945/2614
f 2614/2945/2614 2615/2946/2615 2428/2790/2428
f 2616/2947/2616 2618/2945/2618 2617/2948/2617
f 2614/2945/2614 2619/2949/2619 2615/2946/2615
f 2620/2950/2620 2614/2945/2614 2605/2938/2605
f 2621/2945/2621 2623/2952/2623 2622/2951/2622
f 2428/2790/2428 2624/2953/2624 2433/2795/2433
f 2624/2953/2624 2428/2790/2428 2615/2946/2615
f 2432/2794/2432 2433/2795/2433 2624/2953/2624
f 2624/2953/2624 2625/2954/2625 2432/2794/2432
f 2626/2955/2626 2628/2953/2628 2627/2956/2627
f 2624/2953/2624 2629/2957/2629 2625/2954/2625
f 2630/2958/2630 2624/2953/2624 2615/2946/2615
f 2631/2953/2631 2633/2960/2633 2632/2959/2632
f 2625/2954/2625 2645/2969/2645 2634/2961/2634
f 2634/2961/2634 2432/2794/2432 2625/2954/2625
f 2635/2962/2635 2637/2961/2637 2636/2963/2636
f 2634/2961/2634 2638/2964/2638 2440/2801/2440
f 2639/2965/2639 2641/2961/2641 2640/2966/2640
f 2642/2961/2642 2644/2968/2644 2643/2967/2643
f 2646/2961/2646 2648/2971/2648 2647/2970/2647
s 0
f 2649/2972/2649 2650/2974/2650 1526/2973/1526
f 1526/2973/1526 1532/1645/1532 2649/2972/2649
f 1532/1645/1532 1526/2975/1526 1531/1644/1531
f 2655/2980/2655 2656/2981/2656 2653/2978/2653
f 2653/2978/2653 2651/2976/2651 2655/2980/2655
f 2670/2995/2670 2669/2994/2669 1720/1860/1720
f 2666/2991/2666 2670/2995/2670 1720/1860/1720
f 2666/2991/2666 1720/1860/1720 1718/1858/1718
f 1531/1644/1531 1526/2975/1526 2654/2979/2654
f 1534/1647/1534 1531/1644/1531 2654/2979/2654
f 1534/1647/1534 2654/2979/2654 2657/2982/2657
f 1644/1768/1644 1534/1647/1534 2657/2982/2657
f 1644/1768/1644 2657/2982/2657 2660/2985/2660
f 1646/1770/1646 1644/1768/1644 2660/2985/2660
f 1646/1770/1646 2660/2985/2660 2663/2988/2663
f 1718/1858/1718 1646/1770/1646 2663/2988/2663
f 2666/2991/2666 1718/1858/1718 2663/2988/2663
f 1880/2105/1880 2672/2997/2672 2671/2996/2671
f 2671/2996/2671 1879/2104/1879 1880/2105/1880
f 1879/2104/1879 2671/2996/2671 2673/2998/2673
f 2673/2998/2673 1883/2108/1883 1879/2104/1879
f 2674/2999/2674 2675/3000/2675 2672/2997/2672
f 2672/2997/2672 1880/2105/1880 2674/2999/2674
f 1883/2108/1883 2673/2998/2673 2676/3001/2676
f 2676/3001/2676 1951/2191/1951 1883/2108/1883
f 2677/3002/2677 2680/3005/2680 2679/3004/2679
f 2679/3004/2679 2678/3003/2678 2677/3002/2677
f 2680/3005/2680 2677/3002/2677 2682/3007/2682
f 2722/3048/2722 2723/3049/2723 2721/3047/2721
f 2720/3046/2720 2722/3048/2722 2721/3047/2721
f 2720/3046/2720 2721/3047/2721 2719/3044/2719
f 2718/3043/2718 2720/3046/2720 2719/3044/2719
f 2718/3043/2718 2719/3044/2719 2716/3041/2716
f 2715/3040/2715 2718/3043/2718 2716/3041/2716
f 2715/3040/2715 2716/3041/2716 2713/3038/2713
f 2712/3037/2712 2715/3040/2715 2713/3038/2713
f 2712/3037/2712 2713/3038/2713 2710/3035/2710
f 2709/3034/2709 2712/3037/2712 2710/3035/2710
f 2709/3034/2709 2710/3035/2710 2707/3032/2707
f 2706/3031/2706 2709/3034/2709 2707/3032/2707
f 2706/3031/2706 2707/3032/2707 2704/3029/2704
f 2703/3028/2703 2706/3031/2706 2704/3029/2704
f 2703/3028/2703 2704/3029/2704 2701/3026/2701
f 2700/3025/2700 2703/3028/2703 2701/3026/2701
f 2700/3025/2700 2701/3026/2701 2698/3023/2698
f 2697/3022/2697 2700/3025/2700 2698/3023/2698
f 2697/3022/2697 2698/3023/2698 2695/3020/2695
f 2694/3019/2694 2697/3022/2697 2695/3020/2695
f 2694/3019/2694 2695/3020/2695 2692/3017/2692
f 2691/3016/2691 2694/3019/2694 2692/3017/2692
f 2691/3016/2691 2692/3017/2692 2689/3014/2689
f 2688/3013/2688 2691/3016/2691 2689/3014/2689
f 2688/3013/2688 2689/3014/2689 2686/3011/2686
f 2685/3010/2685 2688/3013/2688 2686/3011/2686
f 2685/3010/2685 2686/3011/2686 2683/3008/2683
f 2682/3007/2682 2685/3010/2685 2683/3008/2683
f 2680/3005/2680 2682/3007/2682 2683/3008/2683
f 2717/3042/2717 2372/2719/2372 2370/2717/2370
f 1951/2191/1951 2676/3001/2676 2681/3006/2681
f 1953/2193/1953 1951/2191/1951 2681/3006/2681
f 1953/2193/1953 2681/3006/2681 2684/3009/2684
f 2021/2276/2021 1953/2193/1953 2684/3009/2684
f 2021/2276/2021 2684/3009/2684 2687/3012/2687
f 2023/2278/2023 2021/2276/2021 2687/3012/2687
f 2023/2278/2023 2687/3012/2687 2690/3015/2690
f 2089/2361/2089 2023/2278/2023 2690/3015/2690
f 2089/2361/2089 2690/3015/2690 2693/3018/2693
f 2091/2363/2091 2089/2361/2089 2693/3018/2693
f 2091/2363/2091 2693/3018/2693 2696/3021/2696
f 2155/2450/2155 2091/2363/2091 2696/3021/2696
f 2155/2450/2155 2696/3021/2696 2699/3024/2699
f 2157/2452/2157 2155/2450/2155 2699/3024/2699
f 2157/2452/2157 2699/3024/2699 2702/3027/2702
f 2225/2532/2225 2157/2452/2157 2702/3027/2702
f 2225/2532/2225 2702/3027/2702 2705/3030/2705
f 2227/2534/2227 2225/2532/2225 2705/3030/2705
f 2227/2534/2227 2705/3030/2705 2708/3033/2708
f 2300/2622/2300 2227/2534/2227 2708/3033/2708
f 2300/2622/2300 2708/3033/2708 2711/3036/2711
f 2302/2624/2302 2300/2622/2300 2711/3036/2711
f 2302/2624/2302 2711/3036/2711 2714/3039/2714
f 2370/2717/2370 2302/2624/2302 2714/3039/2714
f 2717/3042/2717 2370/2717/2370 2714/3039/2714
f 2372/2719/2372 2717/3042/2717 1526/3045/1526
f 1526/3045/1526 2446/2807/2446 2372/2719/2372
f 2446/2807/2446 1526/3045/1526 2725/3051/2725
f 2725/3051/2725 2724/3050/2724 2446/2807/2446
f 2726/2807/2726 2728/3053/2728 2727/3052/2727
f 2729/3052/2729 2732/3053/2732 2731/3055/2731
f 2731/3055/2731 2730/3054/2730 2729/3052/2729
f 2733/3054/2733 2735/3045/2735 2734/2807/2734
f 2732/3045/2732 2730/3054/2730 2731/3055/2731
f 2736/3056/2736 2737/2974/2737 1528/1641/1528
f 2738/3057/2738 1527/1640/1527 2976/1641/2976
f 2976/1641/2976 2650/2974/2650 2738/3057/2738
f 2739/3058/2739 1535/1648/1535 1527/1640/1527
f 1527/1640/1527 2738/3057/2738 2739/3058/2739
f 2740/3059/2740 1642/1766/1642 1535/1648/1535
f 1535/1648/1535 2739/3058/2739 2740/3059/2740
f 2741/3060/2741 1647/1771/1647 1642/1766/1642
f 1642/1766/1642 2740/3059/2740 2741/3060/2741
f 2742/3061/2742 1716/1856/1716 1647/1771/1647
f 1647/1771/1647 2741/3060/2741 2742/3061/2742
f 2743/3062/2743 1721/1861/1721 1716/1856/1716
f 1716/1856/1716 2742/3061/2742 2743/3062/2743
f 1779/1928/1779 2670/2995/2670 2666/2991/2666
f 1722/1862/1722 1779/1928/1779 2666/2991/2666
f 1722/1862/1722 2666/2991/2666 2663/2988/2663
f 2654/2979/2654 1526/2975/1526 1536/1649/1536
f 2654/2979/2654 1536/1649/1536 1641/1765/1641
f 2657/2982/2657 2654/2979/2654 1641/1765/1641
f 2657/2982/2657 1641/1765/1641 1648/1772/1648
f 2660/2985/2660 2657/2982/2657 1648/1772/1648
f 2660/2985/2660 1648/1772/1648 1715/1855/1715
f 2663/2988/2663 2660/2985/2660 1715/1855/1715
f 1722/1862/1722 2663/2988/2663 1715/1855/1715
s 1
f 1885/2110/1885 2672/2997/2672 2675/3000/2675
f 1885/2110/1885 2675/3000/2675 1884/2109/1884
f 1885/2110/1885 1884/2109/1884 1886/2111/1886
s 0
f 2672/2997/2672 1885/2110/1885 1886/2111/1886
f 1886/2111/1886 2671/2996/2671 2672/2997/2672
f 2671/2996/2671 1886/2111/1886 1887/2112/1887
f 1887/2112/1887 2673/2998/2673 2671/2996/2671
f 2744/3063/2744 1949/2189/1949 1884/2109/1884
f 1884/2109/1884 2675/3000/2675 2744/3063/2744
f 2745/3064/2745 1954/2194/1954 1949/2189/1949
f 1949/2189/1949 2744/3063/2744 2745/3064/2745
f 2746/3065/2746 2019/2274/2019 1954/2194/1954
f 1954/2194/1954 2745/3064/2745 2746/3065/2746
f 2747/3066/2747 2024/2279/2024 2019/2274/2019
f 2019/2274/2019 2746/3065/2746 2747/3066/2747
f 2748/3067/2748 2087/2359/2087 2024/2279/2024
f 2024/2279/2024 2747/3066/2747 2748/3067/2748
f 2749/3068/2749 2092/2364/2092 2087/2359/2087
f 2087/2359/2087 2748/3067/2748 2749/3068/2749
f 2750/3069/2750 2153/2448/2153 2092/2364/2092
f 2092/2364/2092 2749/3068/2749 2750/3069/2750
f 2751/3070/2751 2158/2453/2158 2153/2448/2153
f 2153/2448/2153 2750/3069/2750 2751/3070/2751
f 2752/3071/2752 2223/2530/2223 2158/2453/2158
f 2158/2453/2158 2751/3070/2751 2752/3071/2752
f 2753/3072/2753 2228/2535/2228 2223/2530/2223
f 2223/2530/2223 2752/3071/2752 2753/3072/2753
f 2754/3073/2754 2298/2620/2298 2228/2535/2228
f 2228/2535/2228 2753/3072/2753 2754/3073/2754
f 2755/3074/2755 2303/2625/2303 2298/2620/2298
f 2298/2620/2298 2754/3073/2754 2755/3074/2755
f 2756/3075/2756 2368/2715/2368 2303/2625/2303
f 2303/2625/2303 2755/3074/2755 2756/3075/2756
f 2757/3076/2757 2373/2720/2373 2368/2715/2368
f 2368/2715/2368 2756/3075/2756 2757/3076/2757
f 2374/2721/2374 1526/2804/1526 2717/3042/2717
f 2374/2721/2374 2717/3042/2717 2714/3039/2714
f 2673/2998/2673 1887/2112/1887 1948/2188/1948
f 2676/3001/2676 2673/2998/2673 1948/2188/1948
f 2676/3001/2676 1948/2188/1948 1955/2195/1955
f 2681/3006/2681 2676/3001/2676 1955/2195/1955
f 2681/3006/2681 1955/2195/1955 2018/2273/2018
f 2684/3009/2684 2681/3006/2681 2018/2273/2018
f 2684/3009/2684 2018/2273/2018 2025/2280/2025
f 2687/3012/2687 2684/3009/2684 2025/2280/2025
f 2687/3012/2687 2025/2280/2025 2086/2358/2086
f 2690/3015/2690 2687/3012/2687 2086/2358/2086
f 2690/3015/2690 2086/2358/2086 2093/2365/2093
f 2693/3018/2693 2690/3015/2690 2093/2365/2093
f 2693/3018/2693 2093/2365/2093 2152/2447/2152
f 2696/3021/2696 2693/3018/2693 2152/2447/2152
f 2696/3021/2696 2152/2447/2152 2159/2454/2159
f 2699/3024/2699 2696/3021/2696 2159/2454/2159
f 2699/3024/2699 2159/2454/2159 2222/2529/2222
f 2702/3027/2702 2699/3024/2699 2222/2529/2222
f 2702/3027/2702 2222/2529/2222 2229/2536/2229
f 2705/3030/2705 2702/3027/2702 2229/2536/2229
f 2705/3030/2705 2229/2536/2229 2297/2619/2297
f 2708/3033/2708 2705/3030/2705 2297/2619/2297
f 2708/3033/2708 2297/2619/2297 2304/2626/2304
f 2711/3036/2711 2708/3033/2708 2304/2626/2304
f 2711/3036/2711 2304/2626/2304 2367/2714/2367
f 2714/3039/2714 2711/3036/2711 2367/2714/2367
f 2374/2721/2374 2714/3039/2714 2367/2714/2367
f 2758/3077/2758 2444/2805/2444 2373/2720/2373
f 2373/2720/2373 2757/3076/2757 2758/3077/2758
f 2725/3051/2725 2976/2811/2976 2444/2805/2444
f 2444/2805/2444 2758/3077/2758 2725/3051/2725
f 2759/3045/2759 2988/2811/2988 2760/3051/2760
f 2649/2972/2649 2762/3079/2762 2761/3078/2761
f 2761/3078/2761 2650/2974/2650 2649/2972/2649
f 2762/3079/2762 2649/2972/2649 2763/3080/2763
f 2762/3079/2762 2763/3080/2763 2764/3081/2764
f 2762/3079/2762 2764/3081/2764 2830/3147/2830
f 2650/2974/2650 2761/3078/2761 2765/3082/2765
f 2765/3082/2765 2738/3057/2738 2650/2974/2650
f 2766/3083/2766 2767/3084/2767 2764/3081/2764
f 2764/3081/2764 2763/3080/2763 2766/3083/2766
f 2738/3057/2738 2765/3082/2765 2768/3085/2768
f 2768/3085/2768 2739/3058/2739 2738/3057/2738
f 2739/3058/2739 2768/3085/2768 2771/3088/2771
f 2771/3088/2771 2740/3059/2740 2739/3058/2739
f 2770/3087/2770 2769/3086/2769 2772/3089/2772
f 2770/3087/2770 2772/3089/2772 2773/3090/2773
f 2842/3159/2842 2661/2986/2661 2658/2983/2658
f 2842/3159/2842 2658/2983/2658 2839/3156/2839
f 2773/3090/2773 2842/3159/2842 2839/3156/2839
f 2770/3087/2770 2773/3090/2773 2839/3156/2839
f 2740/3059/2740 2771/3088/2771 2774/3091/2774
f 2774/3091/2774 2741/3060/2741 2740/3059/2740
f 2773/3090/2773 2772/3089/2772 2775/3092/2775
f 2773/3090/2773 2775/3092/2775 2776/3093/2776
f 2845/3162/2845 2664/2989/2664 2661/2986/2661
f 2845/3162/2845 2661/2986/2661 2842/3159/2842
f 2776/3093/2776 2845/3162/2845 2842/3159/2842
f 2773/3090/2773 2776/3093/2776 2842/3159/2842
f 2741/3060/2741 2774/3091/2774 2777/3094/2777
f 2777/3094/2777 2742/3061/2742 2741/3060/2741
f 2776/3093/2776 2775/3092/2775 2778/3095/2778
f 2776/3093/2776 2778/3095/2778 2779/3096/2779
f 2848/3165/2848 2667/2992/2667 2664/2989/2664
f 2848/3165/2848 2664/2989/2664 2845/3162/2845
f 2779/3096/2779 2848/3165/2848 2845/3162/2845
f 2776/3093/2776 2779/3096/2779 2845/3162/2845
f 2742/3061/2742 2777/3094/2777 2780/3097/2780
f 2780/3097/2780 2743/3062/2743 2742/3061/2742
f 2780/3097/2780 2782/3099/2782 2781/3098/2781
f 2781/3098/2781 2743/3062/2743 2780/3097/2780
f 2783/3100/2783 2675/3000/2675 2674/2999/2674
f 2783/3100/2783 2674/2999/2674 2784/3101/2784
f 2852/3170/2852 2678/3003/2678 2679/3004/2679
f 2852/3170/2852 2679/3004/2679 2853/3171/2853
f 2784/3101/2784 2852/3170/2852 2853/3171/2853
f 2783/3100/2783 2784/3101/2784 2853/3171/2853
f 2675/3000/2675 2783/3100/2783 2786/3103/2786
f 2786/3103/2786 2744/3063/2744 2675/3000/2675
f 2744/3063/2744 2786/3103/2786 2788/3105/2788
f 2788/3105/2788 2745/3064/2745 2744/3063/2744
f 2745/3064/2745 2788/3105/2788 2791/3108/2791
f 2791/3108/2791 2746/3065/2746 2745/3064/2745
f 2790/3107/2790 2789/3106/2789 2792/3109/2792
f 2790/3107/2790 2792/3109/2792 2793/3110/2793
f 2863/3181/2863 2688/3013/2688 2685/3010/2685
f 2863/3181/2863 2685/3010/2685 2860/3178/2860
f 2793/3110/2793 2863/3181/2863 2860/3178/2860
f 2790/3107/2790 2793/3110/2793 2860/3178/2860
f 2746/3065/2746 2791/3108/2791 2794/3111/2794
f 2794/3111/2794 2747/3066/2747 2746/3065/2746
f 2793/3110/2793 2792/3109/2792 2795/3112/2795
f 2793/3110/2793 2795/3112/2795 2796/3113/2796
f 2866/3184/2866 2691/3016/2691 2688/3013/2688
f 2866/3184/2866 2688/3013/2688 2863/3181/2863
f 2796/3113/2796 2866/3184/2866 2863/3181/2863
f 2793/3110/2793 2796/3113/2796 2863/3181/2863
f 2747/3066/2747 2794/3111/2794 2797/3114/2797
f 2797/3114/2797 2748/3067/2748 2747/3066/2747
f 2796/3113/2796 2795/3112/2795 2798/3115/2798
f 2796/3113/2796 2798/3115/2798 2799/3116/2799
f 2869/3187/2869 2694/3019/2694 2691/3016/2691
f 2869/3187/2869 2691/3016/2691 2866/3184/2866
f 2799/3116/2799 2869/3187/2869 2866/3184/2866
f 2796/3113/2796 2799/3116/2799 2866/3184/2866
f 2748/3067/2748 2797/3114/2797 2800/3117/2800
f 2800/3117/2800 2749/3068/2749 2748/3067/2748
f 2799/3116/2799 2798/3115/2798 2801/3118/2801
f 2799/3116/2799 2801/3118/2801 2802/3119/2802
f 2872/3190/2872 2697/3022/2697 2694/3019/2694
f 2872/3190/2872 2694/3019/2694 2869/3187/2869
f 2802/3119/2802 2872/3190/2872 2869/3187/2869
f 2799/3116/2799 2802/3119/2802 2869/3187/2869
f 2749/3068/2749 2800/3117/2800 2803/3120/2803
f 2803/3120/2803 2750/3069/2750 2749/3068/2749
f 2802/3119/2802 2801/3118/2801 2804/3121/2804
f 2802/3119/2802 2804/3121/2804 2805/3122/2805
f 2875/3193/2875 2700/3025/2700 2697/3022/2697
f 2875/3193/2875 2697/3022/2697 2872/3190/2872
f 2805/3122/2805 2875/3193/2875 2872/3190/2872
f 2802/3119/2802 2805/3122/2805 2872/3190/2872
f 2750/3069/2750 2803/3120/2803 2806/3123/2806
f 2806/3123/2806 2751/3070/2751 2750/3069/2750
f 2805/3122/2805 2804/3121/2804 2807/3124/2807
f 2805/3122/2805 2807/3124/2807 2808/3125/2808
f 2878/3196/2878 2703/3028/2703 2700/3025/2700
f 2878/3196/2878 2700/3025/2700 2875/3193/2875
f 2808/3125/2808 2878/3196/2878 2875/3193/2875
f 2805/3122/2805 2808/3125/2808 2875/3193/2875
f 2751/3070/2751 2806/3123/2806 2809/3126/2809
f 2809/3126/2809 2752/3071/2752 2751/3070/2751
f 2808/3125/2808 2807/3124/2807 2810/3127/2810
f 2808/3125/2808 2810/3127/2810 2811/3128/2811
f 2881/3199/2881 2706/3031/2706 2703/3028/2703
f 2881/3199/2881 2703/3028/2703 2878/3196/2878
f 2811/3128/2811 2881/3199/2881 2878/3196/2878
f 2808/3125/2808 2811/3128/2811 2878/3196/2878
f 2752/3071/2752 2809/3126/2809 2812/3129/2812
f 2812/3129/2812 2753/3072/2753 2752/3071/2752
f 2811/3128/2811 2810/3127/2810 2813/3130/2813
f 2811/3128/2811 2813/3130/2813 2814/3131/2814
f 2884/3202/2884 2709/3034/2709 2706/3031/2706
f 2884/3202/2884 2706/3031/2706 2881/3199/2881
f 2814/3131/2814 2884/3202/2884 2881/3199/2881
f 2811/3128/2811 2814/3131/2814 2881/3199/2881
f 2753/3072/2753 2812/3129/2812 2815/3132/2815
f 2815/3132/2815 2754/3073/2754 2753/3072/2753
f 2814/3131/2814 2813/3130/2813 2816/3133/2816
f 2814/3131/2814 2816/3133/2816 2817/3134/2817
f 2887/3205/2887 2712/3037/2712 2709/3034/2709
f 2887/3205/2887 2709/3034/2709 2884/3202/2884
f 2817/3134/2817 2887/3205/2887 2884/3202/2884
f 2814/3131/2814 2817/3134/2817 2884/3202/2884
f 2754/3073/2754 2815/3132/2815 2818/3135/2818
f 2818/3135/2818 2755/3074/2755 2754/3073/2754
f 2817/3134/2817 2816/3133/2816 2819/3136/2819
f 2817/3134/2817 2819/3136/2819 2820/3137/2820
f 2890/3208/2890 2715/3040/2715 2712/3037/2712
f 2890/3208/2890 2712/3037/2712 2887/3205/2887
f 2820/3137/2820 2890/3208/2890 2887/3205/2887
f 2817/3134/2817 2820/3137/2820 2887/3205/2887
f 2755/3074/2755 2818/3135/2818 2821/3138/2821
f 2821/3138/2821 2756/3075/2756 2755/3074/2755
f 2820/3137/2820 2819/3136/2819 2822/3139/2822
f 2820/3137/2820 2822/3139/2822 2823/3140/2823
f 2893/3211/2893 2718/3043/2718 2715/3040/2715
f 2893/3211/2893 2715/3040/2715 2890/3208/2890
f 2823/3140/2823 2893/3211/2893 2890/3208/2890
f 2820/3137/2820 2823/3140/2823 2890/3208/2890
f 2756/3075/2756 2821/3138/2821 2824/3141/2824
f 2824/3141/2824 2757/3076/2757 2756/3075/2756
f 2823/3140/2823 2822/3139/2822 2825/3142/2825
f 2823/3140/2823 2825/3142/2825 2826/3143/2826
f 2826/3143/2826 2896/3214/2896 2893/3211/2893
f 2823/3140/2823 2826/3143/2826 2893/3211/2893
f 2757/3076/2757 2824/3141/2824 2827/3144/2827
f 2827/3144/2827 2758/3077/2758 2757/3076/2757
f 2826/3143/2826 2825/3142/2825 2724/3050/2724
f 2826/3143/2826 2724/3050/2724 2828/3145/2828
f 2899/3217/2899 2722/3048/2722 2720/3046/2720
f 2899/3217/2899 2720/3046/2720 2896/3214/2896
f 2828/3145/2828 2899/3217/2899 2896/3214/2896
f 2826/3143/2826 2828/3145/2828 2896/3214/2896
f 2758/3077/2758 2827/3144/2827 2829/3146/2829
f 2829/3146/2829 2725/3051/2725 2758/3077/2758
f 2725/3051/2725 2829/3146/2829 2828/3145/2828
f 2828/3145/2828 2724/3050/2724 2725/3051/2725
f 2767/3084/2767 2836/3153/2836 2830/3147/2830
f 2830/3147/2830 2764/3081/2764 2767/3084/2767
f 2838/3155/2838 2837/3154/2837 2833/3150/2833
f 2832/3149/2832 2835/3152/2835 2834/3151/2834
f 2833/3150/2833 2832/3149/2832 2834/3151/2834
f 2838/3155/2838 2833/3150/2833 2834/3151/2834
f 2837/3154/2837 2838/3155/2838 2841/3158/2841
f 2841/3158/2841 2840/3157/2840 2837/3154/2837
f 2840/3157/2840 2841/3158/2841 2844/3161/2844
f 2844/3161/2844 2843/3160/2843 2840/3157/2840
f 2843/3160/2843 2844/3161/2844 2847/3164/2847
f 2847/3164/2847 2846/3163/2846 2843/3160/2843
f 2846/3163/2846 2847/3164/2847 2850/3167/2850
f 2850/3167/2850 2849/3166/2849 2846/3163/2846
f 2850/3167/2850 2851/3169/2851 1525/3168/1525
f 1525/3168/1525 2849/3166/2849 2850/3167/2850
f 2852/3170/2852 2784/3101/2784 2674/2999/2674
f 2852/3170/2852 2674/2999/2674 2785/3102/2785
f 2787/3104/2787 2789/3106/2789 2790/3107/2790
f 2785/3102/2785 2787/3104/2787 2790/3107/2790
f 2860/3178/2860 2685/3010/2685 2682/3007/2682
f 2790/3107/2790 2860/3178/2860 2682/3007/2682
f 2785/3102/2785 2790/3107/2790 2682/3007/2682
f 2852/3170/2852 2785/3102/2785 2682/3007/2682
f 2852/3170/2852 2682/3007/2682 2677/3002/2677
f 2852/3170/2852 2677/3002/2677 2678/3003/2678
f 2854/3172/2854 2857/3175/2857 2856/3174/2856
f 2856/3174/2856 2855/3173/2855 2854/3172/2854
f 2855/3173/2855 2856/3174/2856 2859/3177/2859
f 2859/3177/2859 2858/3176/2858 2855/3173/2855
f 2858/3176/2858 2859/3177/2859 2862/3180/2862
f 2862/3180/2862 2861/3179/2861 2858/3176/2858
f 2861/3179/2861 2862/3180/2862 2865/3183/2865
f 2865/3183/2865 2864/3182/2864 2861/3179/2861
f 2864/3182/2864 2865/3183/2865 2868/3186/2868
f 2868/3186/2868 2867/3185/2867 2864/3182/2864
f 2867/3185/2867 2868/3186/2868 2871/3189/2871
f 2871/3189/2871 2870/3188/2870 2867/3185/2867
f 2870/3188/2870 2871/3189/2871 2874/3192/2874
f 2874/3192/2874 2873/3191/2873 2870/3188/2870
f 2873/3191/2873 2874/3192/2874 2877/3195/2877
f 2877/3195/2877 2876/3194/2876 2873/3191/2873
f 2876/3194/2876 2877/3195/2877 2880/3198/2880
f 2880/3198/2880 2879/3197/2879 2876/3194/2876
f 2879/3197/2879 2880/3198/2880 2883/3201/2883
f 2883/3201/2883 2882/3200/2882 2879/3197/2879
f 2882/3200/2882 2883/3201/2883 2886/3204/2886
f 2886/3204/2886 2885/3203/2885 2882/3200/2882
f 2885/3203/2885 2886/3204/2886 2889/3207/2889
f 2889/3207/2889 2888/3206/2888 2885/3203/2885
f 2888/3206/2888 2889/3207/2889 2892/3210/2892
f 2892/3210/2892 2891/3209/2891 2888/3206/2888
f 2891/3209/2891 2892/3210/2892 2895/3213/2895
f 2895/3213/2895 2894/3212/2894 2891/3209/2891
f 2894/3212/2894 2895/3213/2895 2898/3216/2898
f 2898/3216/2898 2897/3215/2897 2894/3212/2894
f 2897/3215/2897 2898/3216/2898 2901/3219/2901
f 2901/3219/2901 2900/3218/2900 2897/3215/2897
f 2899/3217/2899 2828/3145/2828 2829/3146/2829
f 2899/3217/2899 2829/3146/2829 2902/3220/2902
f 2902/3220/2902 2723/3049/2723 2722/3048/2722
f 2899/3217/2899 2902/3220/2902 2722/3048/2722
f 2830/3147/2830 2651/2976/2651 2652/2977/2652
f 2830/3147/2830 2652/2977/2652 2831/3148/2831
f 2653/2978/2653 2903/3221/2903 2831/3148/2831
f 2653/2978/2653 2831/3148/2831 2652/2977/2652
f 2653/2978/2653 2652/2977/2652 2651/2976/2651
f 2651/2976/2651 2830/3147/2830 2836/3153/2836
f 2767/3084/2767 2766/3083/2766 2769/3086/2769
f 2767/3084/2767 2769/3086/2769 2770/3087/2770
f 2836/3153/2836 2767/3084/2767 2770/3087/2770
f 2836/3153/2836 2770/3087/2770 2839/3156/2839
f 2839/3156/2839 2658/2983/2658 2655/2980/2655
f 2836/3153/2836 2839/3156/2839 2655/2980/2655
f 2651/2976/2651 2836/3153/2836 2655/2980/2655
f 2903/3221/2903 2653/2978/2653 2656/2981/2656
f 2656/2981/2656 2904/3222/2904 2903/3221/2903
f 2904/3222/2904 2656/2981/2656 2659/2984/2659
f 2659/2984/2659 2905/3223/2905 2904/3222/2904
f 2905/3223/2905 2659/2984/2659 2662/2987/2662
f 2662/2987/2662 2906/3224/2906 2905/3223/2905
f 2906/3224/2906 2662/2987/2662 2665/2990/2665
f 2665/2990/2665 2907/3225/2907 2906/3224/2906
f 2907/3225/2907 2665/2990/2665 2668/2993/2668
f 2668/2993/2668 2908/3226/2908 2907/3225/2907
f 2668/2993/2668 2910/3228/2910 2909/3227/2909
f 2909/3227/2909 2908/3226/2908 2668/2993/2668
f 2683/3008/2683 2912/3230/2912 2911/3229/2911
f 2853/3171/2853 2679/3004/2679 2680/3005/2680
f 2911/3229/2911 2853/3171/2853 2680/3005/2680
f 2683/3008/2683 2911/3229/2911 2680/3005/2680
f 2912/3230/2912 2683/3008/2683 2686/3011/2686
f 2686/3011/2686 2913/3231/2913 2912/3230/2912
f 2913/3231/2913 2686/3011/2686 2689/3014/2689
f 2689/3014/2689 2914/3232/2914 2913/3231/2913
f 2914/3232/2914 2689/3014/2689 2692/3017/2692
f 2692/3017/2692 2915/3233/2915 2914/3232/2914
f 2915/3233/2915 2692/3017/2692 2695/3020/2695
f 2695/3020/2695 2916/3234/2916 2915/3233/2915
f 2916/3234/2916 2695/3020/2695 2698/3023/2698
f 2698/3023/2698 2917/3235/2917 2916/3234/2916
f 2917/3235/2917 2698/3023/2698 2701/3026/2701
f 2701/3026/2701 2918/3236/2918 2917/3235/2917
f 2918/3236/2918 2701/3026/2701 2704/3029/2704
f 2704/3029/2704 2919/3237/2919 2918/3236/2918
f 2919/3237/2919 2704/3029/2704 2707/3032/2707
f 2707/3032/2707 2920/3238/2920 2919/3237/2919
f 2920/3238/2920 2707/3032/2707 2710/3035/2710
f 2710/3035/2710 2921/3239/2921 2920/3238/2920
f 2921/3239/2921 2710/3035/2710 2713/3038/2713
f 2713/3038/2713 2922/3240/2922 2921/3239/2921
f 2922/3240/2922 2713/3038/2713 2716/3041/2716
f 2716/3041/2716 2923/3241/2923 2922/3240/2922
f 2923/3241/2923 2716/3041/2716 2719/3044/2719
f 2719/3044/2719 2924/3242/2924 2923/3241/2923
f 2896/3214/2896 2720/3046/2720 2718/3043/2718
f 2718/3043/2718 2893/3211/2893 2896/3214/2896
f 2924/3242/2924 2719/3044/2719 2721/3047/2721
f 2721/3047/2721 2925/3243/2925 2924/3242/2924
f 2925/3243/2925 2721/3047/2721 2723/3049/2723
f 2723/3049/2723 2902/3220/2902 2925/3243/2925
f 2833/3150/2833 2765/3082/2765 2761/3078/2761
f 2761/3078/2761 2832/3149/2832 2833/3150/2833
f 2765/3082/2765 2833/3150/2833 2837/3154/2837
f 2849/3166/2849 1525/3168/1525 2782/3099/2782
f 2849/3166/2849 2782/3099/2782 2780/3097/2780
f 2849/3166/2849 2780/3097/2780 2777/3094/2777
f 2846/3163/2846 2849/3166/2849 2777/3094/2777
f 2846/3163/2846 2777/3094/2777 2774/3091/2774
f 2843/3160/2843 2846/3163/2846 2774/3091/2774
f 2843/3160/2843 2774/3091/2774 2771/3088/2771
f 2840/3157/2840 2843/3160/2843 2771/3088/2771
f 2840/3157/2840 2771/3088/2771 2768/3085/2768
f 2837/3154/2837 2840/3157/2840 2768/3085/2768
f 2765/3082/2765 2837/3154/2837 2768/3085/2768
f 2847/3164/2847 2907/3225/2907 2908/3226/2908
f 2908/3226/2908 2850/3167/2850 2847/3164/2847
f 2844/3161/2844 2906/3224/2906 2907/3225/2907
f 2907/3225/2907 2847/3164/2847 2844/3161/2844
f 2841/3158/2841 2905/3223/2905 2906/3224/2906
f 2906/3224/2906 2844/3161/2844 2841/3158/2841
f 2838/3155/2838 2904/3222/2904 2905/3223/2905
f 2905/3223/2905 2841/3158/2841 2838/3155/2838
f 2834/3151/2834 2903/3221/2903 2904/3222/2904
f 2904/3222/2904 2838/3155/2838 2834/3151/2834
f 2835/3152/2835 2831/3148/2831 2903/3221/2903
f 2903/3221/2903 2834/3151/2834 2835/3152/2835
f 2831/3148/2831 2835/3152/2835 2832/3149/2832
f 2831/3148/2831 2832/3149/2832 2761/3078/2761
f 2831/3148/2831 2761/3078/2761 2762/3079/2762
f 2831/3148/2831 2762/3079/2762 2830/3147/2830
f 2855/3173/2855 2786/3103/2786 2783/3100/2783
f 2783/3100/2783 2854/3172/2854 2855/3173/2855
f 2786/3103/2786 2855/3173/2855 2858/3176/2858
f 2900/3218/2900 2829/3146/2829 2827/3144/2827
f 2897/3215/2897 2900/3218/2900 2827/3144/2827
f 2897/3215/2897 2827/3144/2827 2824/3141/2824
f 2894/3212/2894 2897/3215/2897 2824/3141/2824
f 2894/3212/2894 2824/3141/2824 2821/3138/2821
f 2891/3209/2891 2894/3212/2894 2821/3138/2821
f 2891/3209/2891 2821/3138/2821 2818/3135/2818
f 2888/3206/2888 2891/3209/2891 2818/3135/2818
f 2888/3206/2888 2818/3135/2818 2815/3132/2815
f 2885/3203/2885 2888/3206/2888 2815/3132/2815
f 2885/3203/2885 2815/3132/2815 2812/3129/2812
f 2882/3200/2882 2885/3203/2885 2812/3129/2812
f 2882/3200/2882 2812/3129/2812 2809/3126/2809
f 2879/3197/2879 2882/3200/2882 2809/3126/2809
f 2879/3197/2879 2809/3126/2809 2806/3123/2806
f 2876/3194/2876 2879/3197/2879 2806/3123/2806
f 2876/3194/2876 2806/3123/2806 2803/3120/2803
f 2873/3191/2873 2876/3194/2876 2803/3120/2803
f 2873/3191/2873 2803/3120/2803 2800/3117/2800
f 2870/3188/2870 2873/3191/2873 2800/3117/2800
f 2870/3188/2870 2800/3117/2800 2797/3114/2797
f 2867/3185/2867 2870/3188/2870 2797/3114/2797
f 2867/3185/2867 2797/3114/2797 2794/3111/2794
f 2864/3182/2864 2867/3185/2867 2794/3111/2794
f 2864/3182/2864 2794/3111/2794 2791/3108/2791
f 2861/3179/2861 2864/3182/2864 2791/3108/2791
f 2861/3179/2861 2791/3108/2791 2788/3105/2788
f 2858/3176/2858 2861/3179/2861 2788/3105/2788
f 2786/3103/2786 2858/3176/2858 2788/3105/2788
f 2901/3219/2901 2902/3220/2902 2829/3146/2829
f 2829/3146/2829 2900/3218/2900 2901/3219/2901
f 2898/3216/2898 2925/3243/2925 2902/3220/2902
f 2902/3220/2902 2901/3219/2901 2898/3216/2898
f 2895/3213/2895 2924/3242/2924 2925/3243/2925
f 2925/3243/2925 2898/3216/2898 2895/3213/2895
f 2892/3210/2892 2923/3241/2923 2924/3242/2924
f 2924/3242/2924 2895/3213/2895 2892/3210/2892
f 2889/3207/2889 2922/3240/2922 2923/3241/2923
f 2923/3241/2923 2892/3210/2892 2889/3207/2889
f 2886/3204/2886 2921/3239/2921 2922/3240/2922
f 2922/3240/2922 2889/3207/2889 2886/3204/2886
f 2883/3201/2883 2920/3238/2920 2921/3239/2921
f 2921/3239/2921 2886/3204/2886 2883/3201/2883
f 2920/3238/2920 2883/3201/2883 2880/3198/2880
f 2865/3183/2865 2914/3232/2914 2915/3233/2915
f 2868/3186/2868 2865/3183/2865 2915/3233/2915
f 2868/3186/2868 2915/3233/2915 2916/3234/2916
f 2871/3189/2871 2868/3186/2868 2916/3234/2916
f 2871/3189/2871 2916/3234/2916 2917/3235/2917
f 2874/3192/2874 2871/3189/2871 2917/3235/2917
f 2874/3192/2874 2917/3235/2917 2918/3236/2918
f 2877/3195/2877 2874/3192/2874 2918/3236/2918
f 2877/3195/2877 2918/3236/2918 2919/3237/2919
f 2880/3198/2880 2877/3195/2877 2919/3237/2919
f 2920/3238/2920 2880/3198/2880 2919/3237/2919
f 2862/3180/2862 2913/3231/2913 2914/3232/2914
f 2914/3232/2914 2865/3183/2865 2862/3180/2862
f 2859/3177/2859 2912/3230/2912 2913/3231/2913
f 2913/3231/2913 2862/3180/2862 2859/3177/2859
f 2856/3174/2856 2911/3229/2911 2912/3230/2912
f 2912/3230/2912 2859/3177/2859 2856/3174/2856
f 2857/3175/2857 2853/3171/2853 2911/3229/2911
f 2911/3229/2911 2856/3174/2856 2857/3175/2857
f 2854/3172/2854 2783/3100/2783 2853/3171/2853
f 2853/3171/2853 2857/3175/2857 2854/3172/2854
s 1
f 1389/1702/1389 1390/1701/1390 1586/1699/1586
f 2943/3244/2943 2944/3246/2944 2926/3245/2926
f 1390/1705/1390 1588/1706/1588 1587/1704/1587
f 1587/1704/1587 2984/3479/2984 1390/1705/1390
f 1678/1802/1678 1394/1806/1394 1393/1805/1393
f 1393/1805/1393 1583/1696/1583 1678/1802/1678
f 2955/1707/2955 1396/1810/1396 1588/1706/1588
f 1681/1811/1681 1588/1808/1588 2956/1809/2956
f 2956/1809/2956 1397/1813/1397 1681/1811/1681
f 1397/1812/1397 49/1889/49 1681/1811/1681
f 247/1895/247 1408/1894/1408 1746/1892/1746
f 1745/3247/1745 247/1896/247 1746/1892/1746
f 1784/1936/1784 1786/1939/1786 1729/1869/1729
f 1784/1936/1784 1729/1869/1729 1730/1870/1730
f 1784/1936/1784 1730/1870/1730 1725/1865/1725
f 1784/1936/1784 1725/1865/1725 1415/1937/1415
f 1733/1873/1733 1734/1874/1734 1416/1940/1416
f 1416/1940/1416 1417/1943/1417 1733/1873/1733
f 1788/1942/1788 1419/1945/1419 1733/1873/1733
f 1755/1906/1755 1756/1907/1756 1789/1951/1789
f 1789/1951/1789 1426/1954/1426 1755/1906/1755
f 1427/1955/1427 1430/1958/1430 1759/1910/1759
f 1427/1955/1427 1759/1910/1759 1760/1911/1760
f 1427/1955/1427 1760/1911/1760 1755/1906/1755
f 1755/1906/1755 1426/1954/1426 1425/1953/1425
f 1755/1906/1755 1425/1953/1425 1428/1956/1428
f 1427/1955/1427 1755/1906/1755 1428/1956/1428
f 2957/3250/2957 2930/3252/2930 2929/3251/2929
f 1447/1988/1447 1448/1991/1448 1808/1983/1808
f 1808/1983/1808 1869/2096/1869 1811/1987/1811
f 1447/1988/1447 1808/1983/1808 1811/1987/1811
f 1451/2011/1451 1450/2010/1450 1826/2009/1826
f 1452/2016/1452 1451/2015/1451 1826/2014/1826
f 1453/2024/1453 1452/2022/1452 1828/2020/1828
f 3080/3614/3080 3006/3516/3006 1465/2049/1465
f 3080/3614/3080 1465/2049/1465 1466/2048/1466
f 1839/2046/1839 3080/3614/3080 1466/2048/1466
f 1471/2063/1471 1472/2058/1472 1843/2054/1843
f 1843/2054/1843 1846/2061/1846 1471/2063/1471
f 1482/2089/1482 1857/2087/1857 1861/2086/1861
f 2959/2219/2959 1484/2139/1484 1970/2137/1970
f 1901/2140/1901 1487/2144/1487 2958/3253/2958
f 2958/3253/2958 1486/2142/1486 1901/2140/1901
f 1489/2223/1489 1490/2222/1490 1971/2221/1971
f 2945/2308/2945 2946/2224/2946 2979/2221/2979
f 1485/2141/1485 1493/2227/1493 1901/2140/1901
f 1494/2310/1494 1495/2309/1495 2040/2307/2040
f 2947/3254/2947 2948/2313/2948 2113/2312/2113
f 2981/2312/2981 2949/2228/2949 2950/3254/2950
f 2962/2314/2962 2964/2399/2964 2989/2397/2989
f 2989/2397/2989 1495/3487/1495 2962/2314/2962
f 1500/2398/1500 2963/2402/2963 2989/2397/2989
f 1506/2572/1506 2969/2571/2969 2262/2569/2262
f 1510/2575/1510 2968/2577/2968 2263/2574/2263
f 1511/2662/1511 1512/2661/1512 2337/2659/2337
f 1508/3466/1508 1515/3490/1515 2338/3456/2338
f 2338/3456/2338 2537/3464/2537 2264/2401/2264
f 1972/2400/1972 1901/3486/1901 2960/3431/2960
f 1972/2400/1972 2960/3431/2960 1492/3430/1492
f 1972/2400/1972 1492/3430/1492 2989/2397/2989
f 2264/2401/2264 1972/2400/1972 2989/2397/2989
f 2989/2397/2989 2963/3446/2963 1498/3447/1498
f 1498/3447/1498 1505/3488/1505 2189/3438/2189
f 2989/2397/2989 1498/3447/1498 2189/3438/2189
f 2264/2401/2264 2989/2397/2989 2189/3438/2189
f 2189/3438/2189 2966/3457/2966 2967/3458/2967
f 2189/3438/2189 2967/3458/2967 1507/3459/1507
f 2189/3438/2189 1507/3459/1507 2263/3445/2263
f 2264/2401/2264 2189/3438/2189 2263/3445/2263
f 2338/3456/2338 2264/2401/2264 2263/3445/2263
f 1508/3466/1508 2338/3456/2338 2263/3445/2263
f 1508/3466/1508 2263/3445/2263 2968/3465/2968
f 2971/2665/2971 2972/2671/2972 2338/2664/2338
f 2951/2877/2951 2952/2755/2952 2982/2754/2982
f 1516/2670/1516 2973/2758/2973 2983/2756/2983
f 1516/2670/1516 2983/2756/2983 2338/2669/2338
f 1516/2670/1516 2338/2669/2338 2972/2671/2972
f 1519/2757/1519 1517/2762/1517 2983/2756/2983
f 1520/2879/1520 2987/2878/2987 2531/2876/2531
f 2932/2876/2932 2931/3256/2931 2954/3255/2954
f 2954/3255/2954 960/1062/960 403/1061/403
f 2954/3255/2954 403/1061/403 2974/1621/2974
f 2932/2876/2932 2954/3255/2954 2974/1621/2974
f 2990/2885/2990 2975/3257/2975 2536/2884/2536
s 0
f 2667/2992/2667 2933/3258/2933 2910/3228/2910
f 2667/2992/2667 2910/3228/2910 2668/2993/2668
f 2667/2992/2667 2668/2993/2668 2665/2990/2665
f 2656/2981/2656 2655/2980/2655 2658/2983/2658
f 2659/2984/2659 2656/2981/2656 2658/2983/2658
f 2659/2984/2659 2658/2983/2658 2661/2986/2661
f 2662/2987/2662 2659/2984/2659 2661/2986/2661
f 2662/2987/2662 2661/2986/2661 2664/2989/2664
f 2665/2990/2665 2662/2987/2662 2664/2989/2664
f 2667/2992/2667 2665/2990/2665 2664/2989/2664
f 2936/3261/2936 2933/3258/2933 2667/2992/2667
f 2936/3261/2936 2667/2992/2667 2848/3165/2848
f 2779/3096/2779 2778/3095/2778 2934/3259/2934
f 2779/3096/2779 2934/3259/2934 2935/3260/2935
f 2848/3165/2848 2779/3096/2779 2935/3260/2935
f 2936/3261/2936 2848/3165/2848 2935/3260/2935
s 1
f 212/35/212 431/34/431 2992/3496/2992
f 2992/3496/2992 2991/3495/2991 212/35/212
f 212/35/212 2994/3498/2994 2993/3497/2993
f 2993/3497/2993 433/39/433 212/35/212
f 2991/3495/2991 432/37/432 27/38/27
f 27/38/27 2994/3498/2994 2991/3495/2991
f 2995/3499/2995 218/75/218 2996/3501/2996
f 2995/3500/2995 2997/3503/2997 452/78/452
f 452/78/452 218/79/218 2995/3500/2995
f 3000/3506/3000 489/173/489 451/76/451
f 451/76/451 2996/3502/2996 3000/3506/3000
f 229/145/229 433/39/433 2993/3497/2993
f 2993/3497/2993 2998/3504/2998 229/145/229
f 481/148/481 229/145/229 2998/3504/2998
f 2998/3504/2998 2999/3505/2999 481/148/481
f 3001/3508/3001 489/173/489 3000/3507/3000
f 51/176/51 249/239/249 3003/3511/3003
f 491/3270/491 51/176/51 3003/3511/3003
f 3001/3509/3001 491/3270/491 3003/3511/3003
f 3002/3510/3002 511/227/511 481/148/481
f 481/148/481 2999/3505/2999 3002/3510/3002
f 3002/3510/3002 513/228/513 1399/1452/1399
f 3002/3510/3002 1399/1452/1399 1398/1451/1398
f 3002/3510/3002 1398/1451/1398 3060/3587/3060
f 3004/3512/3004 539/305/539 3005/3514/3005
f 3004/3513/3004 1453/303/1453 3062/3591/3062
f 3008/3518/3008 81/319/81 3007/3517/3007
f 3008/3518/3008 3009/3519/3009 543/318/543
f 543/318/543 81/319/81 3008/3518/3008
f 3005/3514/3005 539/305/539 3010/3520/3010
f 539/374/539 273/377/273 568/375/568
f 3010/3521/3010 539/374/539 568/375/568
f 3010/3521/3010 568/375/568 3011/3522/3011
f 3011/3523/3011 568/376/568 3016/3528/3016
f 3015/3527/3015 96/397/96 3014/3526/3014
f 3007/3517/3007 81/319/81 3013/3525/3013
f 3012/3524/3012 276/395/276 3013/3525/3013
f 3012/3524/3012 574/396/574 96/397/96
f 96/397/96 3015/3527/3015 3012/3524/3012
f 568/451/568 287/454/287 599/452/599
f 3016/3529/3016 568/451/568 599/452/599
f 3016/3529/3016 599/452/599 3017/3530/3017
f 599/453/599 630/526/630 3020/3535/3020
f 3020/3535/3020 3017/3531/3017 599/453/599
f 607/472/607 111/473/111 3019/3533/3019
f 3019/3533/3019 3018/3532/3018 607/472/607
f 291/471/291 95/393/95 575/398/575
f 291/471/291 575/398/575 3014/3526/3014
f 3018/3532/3018 291/471/291 3014/3526/3014
f 3020/3534/3020 630/523/630 3021/3536/3021
f 3026/3543/3026 631/524/631 3021/3537/3021
f 3019/3533/3019 111/473/111 3023/3539/3023
f 306/549/306 3023/3539/3023 3022/3538/3022
f 3022/3538/3022 639/550/639 306/549/306
f 3024/3540/3024 639/550/639 3022/3538/3022
f 307/553/307 642/556/642 3025/3541/3025
f 3025/3541/3025 3024/3540/3024 307/553/307
f 3026/3542/3026 663/603/663 3027/3544/3027
f 642/556/642 323/629/323 3028/3546/3028
f 3028/3546/3028 3025/3541/3025 642/556/642
f 3028/3546/3028 323/629/323 3029/3547/3029
f 3030/3548/3030 139/627/139 3029/3547/3029
f 3031/3549/3031 693/680/693 3032/3551/3032
f 3036/3557/3036 694/681/694 3032/3552/3032
f 3031/3550/3031 664/3312/664 3027/3545/3027
f 672/632/672 338/709/338 3033/3553/3033
f 3033/3553/3033 3030/3548/3030 672/632/672
f 3033/3553/3033 338/709/338 3034/3554/3034
f 3035/3555/3035 154/707/154 3034/3554/3034
f 3036/3556/3036 725/763/725 3037/3558/3037
f 3042/3565/3042 726/764/726 3037/3559/3037
f 3035/3555/3035 704/712/704 3038/3560/3038
f 3039/3561/3039 732/791/732 3040/3562/3040
f 3038/3560/3038 704/712/704 155/711/155
f 155/711/155 3040/3562/3040 3038/3560/3038
f 3039/3561/3039 734/792/734 170/793/170
f 170/793/170 3041/3563/3041 3039/3561/3039
f 170/794/170 371/874/371 3046/3570/3046
f 3046/3570/3046 3041/3564/3041 170/794/170
f 3042/3565/3042 756/845/756 3043/3566/3043
f 364/844/364 3045/3568/3045 3044/3567/3044
f 3044/3567/3044 757/847/757 364/844/364
f 3043/3566/3043 756/845/756 181/846/181
f 181/846/181 3045/3568/3045 3043/3566/3043
f 3046/3569/3046 371/871/371 3047/3571/3047
f 3050/3576/3050 767/872/767 3047/3572/3047
f 3048/3573/3048 382/927/382 757/847/757
f 757/847/757 3044/3567/3044 3048/3573/3048
f 789/930/789 382/927/382 3048/3573/3048
f 3048/3573/3048 3049/3574/3049 789/930/789
f 3050/3575/3050 388/953/388 3051/3577/3051
f 3056/3583/3056 823/1085/823 799/954/799
f 799/954/799 3051/3578/3051 3056/3583/3056
f 1286/1029/1286 789/930/789 3049/3574/3049
f 3049/3574/3049 3052/3579/3052 1286/1029/1286
f 3053/3580/3053 936/1031/936 3054/3581/3054
f 3052/3579/3052 816/1030/816 938/1033/938
f 938/1033/938 3055/3582/3055 3052/3579/3052
f 3056/3583/3056 1295/1092/1295 3057/3584/3057
f 3058/3585/3058 991/1099/991 3059/3586/3059
f 3003/3511/3003 249/239/249 1409/1462/1409
f 1409/1462/1409 3061/3589/3061 3003/3511/3003
f 1468/1556/1468 1467/1555/1467 543/318/543
f 3006/3515/3006 1468/1556/1468 543/318/543
f 3006/3515/3006 543/318/543 3009/3519/3009
f 3063/3593/3063 1562/1675/1562 3064/3594/3064
f 3063/3593/3063 1563/1676/1563 3065/3595/3065
f 3064/3594/3064 1562/1675/1562 1566/1679/1566
f 1566/1679/1566 3066/3596/3066 3064/3594/3064
f 1601/3394/1601 1600/3395/1600 3067/3597/3067
f 3067/3597/3067 3068/3598/3068 1601/3394/1601
f 3069/3600/3069 1601/1725/1601 3068/3599/3068
f 3069/3600/3069 1599/1722/1599 3070/3601/3070
f 3071/3603/3071 1565/1678/1565 3066/3596/3066
f 3072/3604/3072 1665/1789/1665 1668/1792/1668
f 1668/1792/1668 3073/3605/3073 3072/3604/3072
f 3071/3603/3071 1665/1789/1665 3072/3604/3072
f 3074/3606/3074 1603/1825/1603 3070/3602/3070
f 3074/3606/3074 1685/1824/1685 3075/3607/3075
f 3073/3605/3073 1668/1792/1668 1739/1879/1739
f 1739/1879/1739 3076/3608/3076 3073/3605/3073
f 1739/1879/1739 1400/1883/1400 3060/3588/3060
f 3060/3588/3060 3076/3608/3076 1739/1879/1739
f 3061/3590/3061 1409/3409/1409 1748/3408/1748
f 1748/3408/1748 3077/3609/3077 3061/3590/3061
f 3075/3607/3075 3077/3610/3077 1748/1898/1748
f 1748/1898/1748 1686/1828/1686 3075/3607/3075
f 1898/2025/1898 1899/2029/1899 1454/2027/1454
f 1898/2025/1898 1454/2027/1454 3062/3592/3062
f 3078/3611/3078 1898/2025/1898 3062/3592/3062
f 3079/3613/3079 1840/2051/1840 1842/2053/1842
f 1842/2053/1842 3080/3614/3080 3079/3613/3079
f 3078/3612/3078 1829/2023/1829 1896/2126/1896
f 1896/2126/1896 3081/3615/3081 3078/3612/3078
f 1966/2210/1966 1898/2130/1898 3081/3616/3081
f 3081/3616/3081 3085/3620/3085 1966/2210/1966
f 3084/3619/3084 1912/2154/1912 3083/3618/3083
f 1841/2052/1841 1836/2042/1836 1910/2152/1910
f 1841/2052/1841 1910/2152/1910 3082/3617/3082
f 3079/3613/3079 1841/2052/1841 3082/3617/3082
f 3082/3617/3082 3083/3618/3083 1912/2154/1912
f 1912/2154/1912 1911/2153/1911 3082/3617/3082
f 2036/2295/2036 1966/2213/1966 3085/3621/3085
f 3085/3621/3085 3088/3624/3088 2036/2295/2036
f 1913/2155/1913 1908/2150/1908 1980/2237/1980
f 1913/2155/1913 1980/2237/1980 3086/3622/3086
f 3084/3619/3084 1913/2155/1913 3086/3622/3086
f 1980/2237/1980 1978/2235/1978 1983/2240/1983
f 1980/2237/1980 1983/2240/1983 3087/3623/3087
f 3086/3622/3086 1980/2237/1980 3087/3623/3087
f 2105/2383/2105 2036/2298/2036 3088/3625/3088
f 3088/3625/3088 3091/3628/3091 2105/2383/2105
f 2050/2324/2050 2049/2323/2049 3089/3626/3089
f 3089/3626/3089 3090/3627/3090 2050/2324/2050
f 1983/2240/1983 1978/2235/1978 2044/2318/2044
f 2044/2318/2044 2045/2319/2045 2048/2322/2048
f 1983/2240/1983 2044/2318/2044 2048/2322/2048
f 1983/2240/1983 2048/2322/2048 3089/3626/3089
f 3087/3623/3087 1983/2240/1983 3089/3626/3089
f 3092/3630/3092 2050/2324/2050 3090/3627/3090
f 2119/2412/2119 3093/3631/3093 3092/3630/3092
f 3092/3630/3092 2118/2411/2118 2119/2412/2119
f 3093/3631/3093 2119/2412/2119 3094/3632/3094
f 3095/3633/3095 2121/2415/2121 3094/3632/3094
f 2120/2413/2120 2193/2500/2193 3099/3637/3099
f 3099/3637/3099 3095/3633/3095 2120/2413/2120
f 3096/3634/3096 2173/2470/2173 3097/3635/3097
f 2172/2469/2172 2175/2472/2175 3098/3636/3098
f 3098/3636/3098 3096/3634/3096 2172/2469/2172
f 3091/3629/3091 2103/3434/2103 2104/2382/2104
f 2104/2382/2104 3097/3635/3097 3091/3629/3091
f 3099/3638/3099 2193/2500/2193 3100/3639/3100
f 3104/3644/3104 2195/2502/2195 3100/3640/3100
f 3101/3641/3101 2246/2553/2246 3102/3642/3102
f 3101/3641/3101 2174/2471/2174 3098/3636/3098
f 2246/2553/2246 2249/2556/2249 3103/3643/3103
f 3103/3643/3103 3102/3642/3102 2246/2553/2246
f 3104/3645/3104 2268/3462/2268 3105/3646/3105
f 3106/3648/3106 2270/2590/2270 3105/3647/3105
f 3107/3650/3107 2321/2643/2321 3108/3651/3108
f 3107/3650/3107 2248/2555/2248 3103/3643/3103
f 2321/2643/2321 2324/2646/2324 3109/3652/3109
f 3109/3652/3109 3108/3651/3108 2321/2643/2321
f 2415/2687/2415 2270/2684/2270 3106/3649/3106
f 3106/3649/3106 3110/3653/3110 2415/2687/2415
f 3111/3655/3111 2391/2738/2391 3112/3656/3112
f 3111/3655/3111 2323/2645/2323 3109/3652/3109
f 2394/2741/2394 3114/3658/3114 3113/3657/3113
f 3113/3657/3113 2391/2738/2391 2394/2741/2394
f 3112/3656/3112 3113/3657/3113 2393/2740/2393
f 2393/2740/2393 2392/2739/2392 3112/3656/3112
f 3115/3659/3115 2415/2775/2415 3110/3654/3110
f 2414/2773/2414 2565/2906/2565 3121/3665/3121
f 3121/3665/3121 3115/3659/3115 2414/2773/2414
f 3116/3660/3116 2491/2844/2491 3117/3661/3117
f 3116/3660/3116 2393/2740/2393 3114/3658/3114
f 3118/3662/3118 2494/2847/2494 3119/3663/3119
f 3117/3661/3117 3120/3664/3120 2496/2848/2496
f 2496/2848/2496 2492/2845/2492 3117/3661/3117
f 3122/3666/3122 2574/2913/2574 3121/3665/3121
f 3123/3667/3123 2583/2920/2583 3124/3668/3124
f 3080/3614/3080 1842/2053/1842 1467/2055/1467
f 3080/3614/3080 1467/2055/1467 1468/2050/1468
f 3080/3614/3080 1468/2050/1468 3006/3516/3006
# 5062 faces

g
